,pSA_1.000000000000,pSA_1.072267222000,pSA_1.149756995000,pSA_1.232846739000,pSA_1.321941148000,pSA_1.417474163000,pSA_1.519911083000,pSA_1.629750835000,pSA_1.747528400000,pSA_1.873817423000,pSA_2.000000000000,pSA_2.009233003000,pSA_2.154434690000,pSA_2.310129700000,pSA_2.477076356000,pSA_2.656087783000,pSA_2.848035868000,pSA_3.000000000000,pSA_3.053855509000,pSA_3.274549163000,pSA_3.511191734000,pSA_3.764935807000,pSA_4.000000000000,pSA_4.037017259000,pSA_4.328761281000,pSA_4.641588834000,pSA_4.977023564000,pSA_5.000000000000,pSA_5.336699231000,pSA_5.722367659000,pSA_6.135907273000,pSA_6.579332247000,pSA_7.054802311000,pSA_7.500000000000,pSA_7.564633276000,pSA_8.111308308000,pSA_8.697490026000,pSA_9.326033469000,pSA_10.000000000000,EAS_0.050000000000,EAS_0.060000000000,EAS_0.070000000000,EAS_0.080000000000,EAS_0.090000000000,EAS_0.100000000000,EAS_0.107226722000,EAS_0.114975700000,EAS_0.123284674000,EAS_0.132194115000,EAS_0.141747416000,EAS_0.151991108000,EAS_0.162975084000,EAS_0.174752840000,EAS_0.187381742000,EAS_0.200923300000,EAS_0.215443469000,EAS_0.231012970000,EAS_0.247707636000,EAS_0.265608778000,EAS_0.284803587000,EAS_0.305385551000,EAS_0.327454916000,EAS_0.351119173000,EAS_0.376493581000,EAS_0.403701726000,EAS_0.432876128000,EAS_0.464158883000,EAS_0.497702356000,EAS_0.533669923000,EAS_0.572236766000,EAS_0.613590727000,EAS_0.657933225000,EAS_0.705480231000,EAS_0.756463328000,EAS_0.811130831000,EAS_0.869749003000,EAS_0.932603347000,EAS_1.000000000000,PGA,PGV,CAV,AI,Ds575,Ds595
stat_1,1.626928773797072,1.632590644006884,1.7290053639696357,1.7988512843640823,1.8334174207592588,1.7851162601890547,1.6818314117433035,1.6606041613769804,1.625102996299652,1.6227465757916248,1.6325249049557469,1.6225510872866045,1.6160958871913578,1.4944276636157467,1.4372438199715367,1.4031222592364312,1.2761690142567217,1.2629345943535315,1.2827912994223805,1.2503112385832116,1.2430969394467892,1.242126006268103,1.2782559950548285,1.3009121324497301,1.2728961811607324,1.1706242340834099,1.1138345647503665,1.1100900293475302,1.1188595687604383,1.1589730870093633,1.0952075723625252,1.0817236007035167,1.0201201678255802,0.9964555750839648,0.990837357607859,0.955652781661034,0.8757755928882313,0.7646397412905844,0.721862671767942,0.3120774917892974,0.48005100327320976,0.5175918068758115,0.68105694727486,0.638106028143079,0.49898742773161014,0.5584811654848393,0.7469081593691059,0.8493278013052127,0.8249514688771137,0.8824097204539945,0.9778143349874175,1.0423375769613048,1.142562112474466,1.1074082301030816,1.0727345416855105,1.0070598864631792,0.970203480553401,1.0770746831107383,1.0846802360842123,1.0795769948138065,1.149476094046224,1.2797717693796113,1.2044300068478053,1.268819816056746,1.4553357243397507,1.5954042923484788,1.6492053144938914,1.7615432536554525,1.8861451107849945,1.9400726274410676,1.8538620493099227,1.9239901663713985,2.13874409324274,2.216779587407688,2.216707210180553,2.194416545128392,2.0622358151428086,1.905149438681315,1.371974667146667,1.2912967136080453,1.8200261568881655,3.47442310954314,-0.12997289551263547,-0.20803179859396365
stat_10,-0.16246283319362603,-0.177086879133867,-0.1829649775332184,-0.14648794042869978,-0.15295498678039865,-0.15260071528793598,-0.19767152895566517,-0.18373848311769642,-0.16545021838174215,-0.03703072494737941,0.05266886843698802,0.05681734213385169,0.1157600606745365,0.17271576448839723,0.19302641687612002,0.1768621157028292,0.14749833477128968,0.10043432439889365,0.08184487195747414,0.05528641323176804,0.03190868948387522,-0.046620909750215433,-0.047414786991479406,-0.04309055421294715,-0.008789611559489938,-0.017806768436569195,0.011930253554246349,0.014817135737481228,0.05418943241528451,0.06864843345866678,0.08224389476040218,0.024465028451685463,-0.09407498839913346,-0.11880053178324057,-0.1261864937833039,-0.1534347331218842,-0.09413698134717406,-0.0119402297771129,0.05037576150296778,,,,0.052232432540108044,0.1269899748918937,0.013523516857391749,-0.02769948696692155,-0.13827654868863726,-0.29053338288068614,-0.3484640522773713,-0.25497856545500075,0.1045419240109971,0.2330808597910159,0.24582415804332927,0.24446802172480817,0.27015092609008784,0.22647041885575125,0.03493556190155735,-0.13528567552147813,-0.17650262737381128,-0.10231920512451377,-0.021082715049510578,0.03374377859599211,0.14301627613952292,0.2566471321825982,0.32259522019132697,0.37711216649682855,0.3114674180906257,0.14304621301612955,0.023098350478645932,-0.07424656571013775,-0.06434617259029549,-0.19019426082091478,-0.23306492511371035,-0.17503178328518645,-0.12020938598952562,-0.19732114827388075,-0.21542500505148648,-0.10641456267271764,-0.15779560351276548,-0.0387914773895221,-0.18198924630702873,-0.3223538965858015,-0.04616112354574545,-0.043367896037138705
stat_100,0.7380805806223066,0.8460132279581771,0.7669046455532486,0.6741876658060676,0.6381309875280428,0.6916657530469844,0.7518523165749887,0.7375203431240502,0.7239233984427552,0.7070447716901264,0.6642917090518449,0.6609386321008266,0.6301673888566472,0.562546928721993,0.4437302774136429,0.3337702000307645,0.376996354756662,0.43843079851791017,0.43302646166858855,0.4058909714645863,0.318687322713917,0.2726956227104727,0.26142667240543144,0.26012899036281495,0.24481026782193108,0.24482270166167597,0.27350604371297665,0.27269887270014664,0.27710491823446204,0.34734250703917363,0.3424030645969417,0.38082983122236563,0.3575025217535745,0.2669428305799541,0.26805904285695464,0.23039957148981124,0.18920256408605357,0.16842821206151995,0.10183113276804032,,,,0.17774428000697529,-0.030170423690401273,0.061538880712153535,0.09715234485650041,0.10160007634127294,0.11835780444374075,0.2562294133525982,0.31463570927080153,0.3030754457418625,0.3540322217129224,0.3389518201296375,0.30684788395848395,0.298226067390523,0.20747104551117343,0.1946977216769998,0.2903967928824103,0.29507503247438843,0.29389659641685656,0.4492272056637617,0.5502605436783906,0.41171702548320144,0.3283906183038375,0.5126059734379417,0.7020035972434451,0.7751489586629775,0.7471625751883926,0.7114241449962496,0.7880839544258107,0.8545310823990621,0.8053184032223375,0.6971783847492834,0.6396456698455595,0.7339711296375185,0.8882718229126484,0.980901989649068,0.8378808134526318,0.6235169003255543,0.5178704080119364,0.8177243493764658,1.3394616143523734,0.04829935840966878,0.309593716660118
stat_101,-0.9353722975107822,-1.0752435689481183,-1.1154224475216146,-1.0910958164652425,-1.0067368744841454,-0.8085709715917668,-0.7333142372740995,-0.6839416726138029,-0.523321564648056,-0.46331419916261773,-0.5390835113154123,-0.5433639017434033,-0.5679370036347765,-0.5461036094936902,-0.5451848983966138,-0.5166953731766587,-0.5013795706919085,-0.48434039084156727,-0.46587819856173013,-0.43592757428416207,-0.3739118706841314,-0.3431172392087964,-0.3463692409670951,-0.34957349844705776,-0.38474468336021067,-0.35880095791422245,-0.33586064354410383,-0.33442692415313796,-0.3291662932004958,-0.3850658049569061,-0.37873753865242576,-0.4231156664314375,-0.46372594589381305,-0.47014737814366014,-0.4663428000093051,-0.4236788470303561,-0.31913121985726517,-0.2843286855936254,-0.27267970038661776,0.001393939401862316,-0.09536986542897402,-0.17835399410535008,-0.13249058239081687,-0.10043739625218492,-0.16545376751046662,-0.2357033061491539,-0.30981758522336694,-0.3953070404143819,-0.45695767454520225,-0.44273804061032057,-0.4017962685145917,-0.4283286303804298,-0.3994050646805325,-0.3089479266147102,-0.30545840559803566,-0.32091113277453137,-0.2100517277365035,-0.12853156973301058,-0.2661285295338048,-0.4200074545040398,-0.49039628242254346,-0.4816799102945541,-0.46067063109887807,-0.4890531252964978,-0.5659979095630252,-0.6020736854325002,-0.6995450336448218,-0.4723139716406751,-0.2017222777334502,-0.32634915242006574,-0.6307324135372132,-0.7019584734498135,-0.9440141260375212,-1.2685060634217185,-1.2568385743315778,-1.1365320530836456,-1.1084497704345324,-1.1069849734652175,-0.7467041355281607,-0.6353778888969633,-1.1350321355221618,-1.9303567568263835,-0.14550904779630197,-0.26435851520897935
stat_102,0.043797252483838416,0.07319573811919917,0.07969998980343172,0.08023600684284662,0.1314509782399719,0.23329890920240756,0.24183681446312905,0.2110617403592257,0.16680526453168676,0.15503522672819392,0.15918134919122992,0.15933832615742036,0.14479757964590012,0.06391440438527604,0.046429676860730844,0.06818716313569381,0.03339062733891616,-0.008472952291888675,-0.009411689690772688,-0.03466635440586238,-0.08236566014631298,-0.11641193147137295,-0.1578302612753873,-0.1678278659071051,-0.19629875283591164,-0.18696647450994724,-0.19132368245204276,-0.19584739116474428,-0.25569828906616154,-0.2806163042806272,-0.2705810183709757,-0.2638704948156331,-0.29264405305524904,-0.27189240398220466,-0.2708521207546493,-0.33194172060047383,-0.23618535020018305,-0.20765594474245522,-0.19398966666545583,,,,,-0.09858603520275674,-0.11280073466472247,-0.19319866403385252,-0.2227877211489385,-0.21447129867784187,-0.26796311499537456,-0.3339376023002374,-0.4001572000259111,-0.3355938041897269,-0.22036956558787074,-0.2568912690826807,-0.2903597264718781,-0.32369229744790123,-0.3343552585082161,-0.2160562032579221,-0.1392666456362514,-0.18422191731409576,-0.19244350253745685,-0.19711089461484407,-0.09224716309846723,0.004651754274556782,-0.014267137154768064,-0.0002186626213398761,0.05654339952968324,0.04827024781879956,0.09125635965849915,0.1871950062940604,0.26738204149135736,0.31532500774393957,0.2641511583895043,0.19022931240809632,0.10369053289208423,0.10965259229507845,0.05670553780656561,0.006012913623721753,0.03963761583035014,0.004564773805845291,0.06719918498879035,0.14694626853679268,0.23874959163095513,0.0846946789423178
stat_103,2.152148940792331,2.1283868892176576,2.0763056925505543,1.86254281540157,1.7371156634933185,1.5646343773603886,1.3925065492283382,1.4031080607485549,1.4124268258423769,1.3542537743762397,1.2625165976801762,1.2557330181290656,1.1954089434350237,1.121908751701772,1.0320345224654768,0.9674799124427281,0.8315869859158957,0.7105225389470584,0.6675818789541285,0.6444831780662551,0.7415232519227951,0.763899939599322,0.7678653340731523,0.7809296759561217,0.9496065446803778,0.9599997474053079,1.07221921058744,1.0852094122858487,1.2118537824274218,1.2179559288436896,1.1563950106760559,0.9843840521356082,0.9597364858014293,0.9740278774326269,0.9703809821256422,0.9584022613263672,0.6931598679782383,,,,,,,,,,0.6073363131173867,0.9098097994391388,0.9158624409029271,0.941845801066035,1.1162388739832165,1.2695433405812402,1.3667167952437143,1.4542798523061715,1.339521188093197,1.0901562194112366,0.8972831231442256,0.6978316249305447,0.6167623603058093,0.6248674372835509,0.6483722594967917,0.6460048376887002,0.7474609645033263,0.8633902537581342,0.9762237475384161,1.0680613617035044,1.1097688382149964,1.1638479321889097,1.2985715366053114,1.3641154306194934,1.382983359812968,1.4356741020511001,1.6830704996675017,1.921139995931057,2.1344749021794724,2.4117560836547574,2.588334466664459,2.6268099346679974,1.6873063347873296,1.2789010745016176,1.5487021168838095,3.2501145451069635,-0.4791062157064894,-0.3817585426919366
stat_104,-0.03828890487076857,-0.09727374276257397,-0.15113917874481644,-0.24575398442766438,-0.3483188679813457,-0.36190158249387167,-0.32096112120336406,-0.294525956501171,-0.31759974569897637,-0.3223747384127241,-0.28586361173184316,-0.28371335338051434,-0.27113224086552323,-0.3719911210269326,-0.4417382020904888,-0.3971423409061469,-0.3620474167599564,-0.3538114258319148,-0.3662997041725188,-0.3462726886948411,-0.2986220633554238,-0.2133203509952489,-0.15460248001686883,-0.15580090000933056,-0.12346342361504087,-0.10974273542057214,-0.08558081423549536,-0.08158815636075073,-0.05746069285166437,-0.07365160217441928,-0.08607863622178769,-0.030261187484007652,0.0967933229558399,0.1564282008487223,0.15360623618046526,0.11022357725268878,0.07356057946972773,0.09206697510773905,0.09921503301091084,0.09259084551877383,0.028844406201915668,0.19057295340516917,0.1355685738025523,0.1052100354397019,0.1410932294052456,0.16159293720082074,0.15376184197184145,0.16058381152099926,0.25191461139422683,0.20183001546095936,0.007027836342360178,-0.12494748906230774,-0.1534084878198033,-0.012768590247400652,0.18556581224359422,0.19267746153864343,0.1678148031539675,0.06032482418878144,-0.04240963068309847,-0.1556843074728402,-0.26813470922195176,-0.23342909779404983,-0.19810982752276948,-0.26746811123360237,-0.2245795479051075,-0.20799894903820149,-0.15506652684284805,-0.09729258940927892,-0.14677197345553794,-0.20755366316137291,-0.24135528083939262,-0.23601108798449388,-0.17847957473254375,-0.08680926156718352,-0.010855534107547509,0.04690736092624907,0.17323983508333912,0.1498598386307389,-0.2255712850434041,-0.25811090533787046,0.07845249583915101,-0.1532754768712159,0.2430746078231108,0.3144185087787271
stat_105,0.015634370234164308,0.05495601137787994,0.10792781661885376,0.21211354530311197,0.2868002291900808,0.2385022192959887,0.24292320949338791,0.20648519331212387,0.11602390786013933,0.1136141788506566,0.0494508018717947,0.047389565260781794,0.02066640829911171,0.073308166667881,0.158970794500566,0.25665869017470144,0.202838121574274,0.1687849183850517,0.18744916435521372,0.277996228025093,0.27517683220056344,0.19652890820835728,0.18035366097103345,0.18812006889657576,0.20409828918017595,0.21064740650772432,0.2430140605315421,0.2431944088115208,0.2716287154556687,0.3373142437226214,0.3507155657475926,0.35809613601732965,0.35907910607600685,0.35137201796040607,0.3504753177971375,0.32940468495026914,0.2494886531625584,0.22925701923634587,0.20470628867559001,,,,,,0.1338880219075119,0.05442989784326339,0.15992837763305845,0.37319837566127934,0.663691074216379,0.6271258757683873,0.6143048767170088,0.5064463665503842,0.3523355854016354,0.2502093216953863,0.20164282485133853,0.1510688252326055,0.0731133736253231,0.004002499957398073,0.15064833145549716,0.3223496117141322,0.3459659833487328,0.2137170256288271,0.2724350904738159,0.4620835789332563,0.30093068947818935,0.1482149746553657,0.05923463640936383,0.007222390746171372,0.06077045123906752,0.07246111173775456,0.216614357693029,0.25854978865159944,0.29551624636409685,0.4122347002268415,0.2685805328411339,0.008682593250856165,-0.019491163625535705,-0.07427760455183195,0.03033142083699136,0.1508207465025993,-0.002707967389791659,0.08309254245467083,-0.22558071828471307,-0.20027572750779965
stat_106,-0.1206983805964016,-0.20168728117396278,-0.18547710842145956,-0.24634699319330583,-0.33379684043131425,-0.34719645113546954,-0.3373248245618221,-0.41734773294196265,-0.37360976173233373,-0.36598107492125814,-0.43384893086469445,-0.4345097982643744,-0.4167623765366705,-0.4528072335441854,-0.48627651671955874,-0.463254370571108,-0.4366367567731261,-0.39559787378351424,-0.37222932460031305,-0.33242993212637423,-0.29399778124118453,-0.18148858351045236,-0.18007521282154704,-0.17956482142121732,-0.19001521547967837,-0.08762475588833611,-0.01776712501578807,-0.018865780713774233,-0.02621964832682425,-0.061743447727837755,-0.16757465124511836,-0.18479652659963808,-0.224418319980743,-0.21394475627638007,-0.21599058807830032,-0.2049859206711758,-0.15017845283204645,-0.14841424303733328,-0.10181914839929207,,,,-0.007864661456061448,0.005792419912019776,-0.03474406757560431,-0.1030552359079559,-0.09718707562598645,-0.2793775273963275,-0.34678122547575807,-0.28695672559256125,-0.2135953550456343,-0.15051362796181908,-0.04368960543560912,0.032032610801799845,0.10064632810918334,0.24704982908194037,0.1125710648486242,-0.10611675348755306,-0.09477710195662263,-0.19410887023898804,-0.2847821774272199,-0.303482862470939,-0.5193465436281586,-0.6101849733213822,-0.5950776783335948,-0.4999705695284693,-0.3658668460571476,-0.3665776477093278,-0.2897782454186665,-0.2175149724106186,-0.13874538022605845,-0.1509851696267333,-0.29762661276408003,-0.339017115794762,-0.2700911918470285,-0.15714898488310208,-0.09877384364879233,-0.007897365915871464,-0.3225024289649911,-0.2978233534871725,-0.36611819370359927,-0.6289825698007431,-0.16006255995249963,-0.0868889050445542
stat_107,2.031630457371257,2.188847669379005,2.2767893754841215,2.3638539008784853,2.093482123886122,1.7687045094608795,1.5322508877326595,1.3230981005259494,1.148320093330359,0.9982711950254115,0.9158691551564639,0.9094326588112227,0.8416687032981334,0.8292965698440711,0.7611544883044534,0.69097336634776,0.6712253070776101,0.6750162631538751,0.6841884930216561,0.7127244602895237,0.7286756259521102,0.7095496257259046,0.6863307525523327,0.6799410605478226,0.6514946540855248,0.5954803325799666,0.5255576294291859,0.5214793419287623,0.48423712025297067,0.396842055761564,0.3445845934621293,0.3047722598539779,0.28139202621470044,0.3054814803562264,0.3122412123162845,0.3228019040634286,0.2712003006324383,0.2848985339195723,0.3192669895655073,,0.06686318583361787,-0.05704407829809537,-0.09544216709889862,-0.11171942156646848,-0.02610768662473612,-0.03681664916713647,-0.10801934942529508,-0.2187617050181265,-0.2366590090480586,-0.19778149802997438,-0.24731902972036454,-0.20034901018626208,-0.1784006060222938,-0.12677080919060688,0.005699974239814231,0.1575940862054388,0.2129581070127735,0.1828837165973285,0.15533028383710795,0.10944644505454482,0.05522961487969899,-0.0865884758804164,-0.17314154891905656,-0.12929245399577816,-0.028286504578831816,0.020116576640176364,0.09236242922637068,0.1849891283656855,0.324069340185171,0.4162613863373482,0.582386383897941,0.8676607198592128,1.2555208113517746,2.0384099382209477,2.654051269360446,2.463972710963231,2.25024461212195,2.186428667038363,1.873844117688476,1.4912258364511395,2.1146647373498593,4.117379321131454,0.08177690178963826,-0.06055795229753123
stat_108,-0.5608596288041946,-0.5842787523956386,-0.7019901452191778,-0.7569513119029028,-0.7920691316723569,-0.8041422898855377,-0.7405273084227794,-0.6893911444499423,-0.6526026498871534,-0.585875877663768,-0.5692579899909397,-0.5695771694244788,-0.515539150219091,-0.4920820218812045,-0.4936791107281005,-0.46523825443528505,-0.43613138364648507,-0.4356292097668239,-0.4264341304483241,-0.34306251852439174,-0.31428502599810243,-0.3673232701186117,-0.4014719193074146,-0.40276272673734487,-0.44691340582435296,-0.4896478597464195,-0.46523875305882106,-0.4661646609310346,-0.46479768329091603,-0.4782668982493791,-0.4673727587380422,-0.43626385648124233,-0.406689096101201,-0.373421254820137,-0.3675925600716533,-0.3484807280080339,-0.33996207164209075,-0.3139554469578181,-0.26495143369862906,-0.08144578526150427,-0.14876051029232976,-0.16701728693226411,-0.15525756282114453,-0.1445590481025257,-0.16001530180992668,-0.19864122825500072,-0.2609166109769753,-0.3799591645547495,-0.399840837962137,-0.38443750972822993,-0.3410371123230744,-0.3491041627653006,-0.43301504634856164,-0.4850861742194828,-0.4520496691892842,-0.47886829704838485,-0.5389656540502115,-0.4778230057609991,-0.3119386537907865,-0.18375386512868225,-0.1592568617775955,-0.37020462301647006,-0.5574291185333616,-0.49480252590632895,-0.4337536854738942,-0.436829599440283,-0.49930491604958327,-0.5291819313654156,-0.5394971749269791,-0.6693761280507905,-0.8732203100134744,-0.9178173923429478,-0.9771019584137758,-1.085829907914015,-1.0135875296686165,-0.7667021555542177,-0.6429788838128171,-0.604042836292094,-0.614287340444275,-0.4905864186594864,-0.8575582573256397,-1.3204005324138541,-0.41335135279263585,-0.389290001886864
stat_109,-0.5066152779430719,-0.47037293239211947,-0.4598415148901361,-0.42250324220765256,-0.3991804806007996,-0.48011082588215603,-0.5694348454642423,-0.5669842904652521,-0.49906101114678086,-0.46800439206374783,-0.4698537265405227,-0.472326218901464,-0.48187017829997353,-0.4564811694648166,-0.4430517736893941,-0.39681179085232077,-0.4036413053136403,-0.4307592922992361,-0.4464193379439123,-0.45617481307535307,-0.44214665778048445,-0.4506085702568228,-0.41128478168606775,-0.4161735135510278,-0.4421963887953276,-0.47273410819231326,-0.4313911529961564,-0.43304389945188915,-0.4095067445210301,-0.3784140664536645,-0.4485444784905331,-0.367118809325302,-0.28750650196199506,-0.2520523240201042,-0.243515530781088,-0.330145196644273,-0.35278473787201015,-0.34322001826831977,-0.21233625516508248,,,-0.13248560395816134,-0.1811794867718065,-0.15961906734160444,-0.23096759617650997,-0.32904092438449467,-0.28890352059207847,-0.22825416924564312,-0.24189952098660894,-0.34144625864497313,-0.36437943644689,-0.364516971644285,-0.35553996447848024,-0.45710077782566044,-0.4441698509124341,-0.49097444553821995,-0.40983097875104163,-0.26932639161246336,-0.2920528843502849,-0.24053289898377067,-0.2800806152441775,-0.3196163510249458,-0.27014217688113346,-0.28303824880931766,-0.47313409893798014,-0.5474676490962199,-0.5105189904267843,-0.5227059111422095,-0.5289167934838042,-0.5314665575558855,-0.5735201460401015,-0.668613927786227,-0.48429496484322165,-0.37045575353888444,-0.4689214142279233,-0.5807311127495826,-0.6962942207875203,-0.7343880657568995,-0.4983961244537109,-0.46639764473855233,-0.7530117459800959,-1.1950850293436284,-0.1928210896110888,-0.14881293544742039
stat_11,0.008176528710098666,0.012340141012905214,-0.10856998040594902,-0.20844456210335705,-0.24158763001456596,-0.31402990819779414,-0.45153437753836906,-0.5132795397236463,-0.5251192060778965,-0.5412300312319926,-0.5216852739885606,-0.5206329538558129,-0.4861601800936867,-0.5055650998630599,-0.5218861388915289,-0.47514924277714315,-0.3449778296655348,-0.3015188212360046,-0.3070739678334318,-0.30556202157016044,-0.330134860256773,-0.3087907711502143,-0.26028755914492796,-0.25054636735477415,-0.28187472009055287,-0.24534055988509856,-0.206304737474129,-0.20473553712679252,-0.19331483207611058,-0.0931335675585284,-0.02804361439234932,-0.04796181024769774,0.02450119400442799,0.07625034394130528,0.07544079557878614,0.043044498561164886,0.0017964664731873123,0.08746471412960685,0.12353049129620364,,-0.011371788882098822,0.030155456613367437,0.04278788312788024,0.19773311570203908,0.32737491564179483,0.3323941930143875,0.2911036497481732,0.2543258569818271,0.2614742731259419,0.2877425306169257,0.26940217873153555,0.326678372351009,0.2228116004318028,-0.01153437857967572,-0.015071249586655146,-0.10571668124987621,-0.1700433691302875,-0.1127238114861727,-0.10839355475174059,-0.16402292203870075,-0.14838692050265506,-0.007496312410080092,-0.08560307489233478,-0.3652098518862726,-0.48142864981025324,-0.5546445815527377,-0.5761657480145512,-0.5067497713653673,-0.5312570323891278,-0.6014346213786693,-0.6238499480070377,-0.5522913335693151,-0.3859647290298459,-0.2725111354386142,-0.11696180070812122,0.03416267222845111,0.12184954457368907,0.0628623763434857,-0.2250862857627196,-0.22539942272065858,-0.6400404295133066,-0.8877476777493127,-0.3090651983693782,-0.42471980163948186
stat_110,0.7137535556795497,0.831624731767216,0.8270175800112678,0.6987270596508167,0.7339480897435396,0.579091567081731,0.4741545534220725,0.4346629887056259,0.45809638425203975,0.33430512356302455,0.2782383720351442,0.2807052702164337,0.2768035114760301,0.27949257269543437,0.3471199357853539,0.4032572695160355,0.4608017149723102,0.49387810919803304,0.45446786783133747,0.36911241572954084,0.363085960170486,0.4288264983329538,0.4938039120373876,0.49400405654584273,0.5660835156925873,0.5440555427180355,0.5634259568632847,0.5663056699978527,0.5232031186185406,,,,,,,,,,,,,,,,,,,,,,,,,0.7566429652306088,0.734547847148952,0.7389749508115496,0.7112965004497662,0.6664731875838276,0.5226444286991061,0.407463893403246,0.5017529833507366,0.5047087926307654,0.4872722053875014,0.46732277012699747,0.3652388965255575,0.2813087501058444,0.33530890180236816,0.44194891835395045,0.49376577333678046,0.5481702186351184,0.5606061722692322,0.611541648580195,0.8153692733692578,0.9106671689581195,0.9423672454674735,1.0755193842666024,1.0614070348457496,0.8470042960022214,0.6353847768298279,0.6735314798771138,0.999969203467189,1.5980836299412917,-0.12243908873249855,0.09879782993070794
stat_111,-0.355565756458135,-0.5352344027048687,-0.5296505739962155,-0.3941186135175105,-0.3030963692521492,-0.23105591210215598,-0.3156372369858913,-0.3215707590462452,-0.3016235597471715,-0.3185694849357341,-0.4089705994261072,-0.4178318127672532,-0.4626381415177301,-0.46986817434577954,-0.5265718449950886,-0.5562412433349403,-0.604719991235183,-0.6032140289286718,-0.5714069428277865,-0.4584614962766283,-0.42343057917590304,-0.4257425427345188,-0.4600391871101018,-0.4767946254290477,-0.6265744008113748,-0.6115441972924037,-0.5975826326526156,-0.5957818506791966,-0.5831314001617774,-0.5549558331079756,-0.4654178335995151,-0.38061533108808326,-0.39347095917877334,-0.368291371865852,-0.3686443504906639,-0.39682961185235566,-0.38914449151172054,-0.34782399070043296,-0.2848056772257637,,,,0.1052257683002974,0.023688935391448895,-0.19299571048562697,-0.2445241531189799,-0.21074712986757466,-0.1366339274513433,-0.2185849491273916,-0.2943840056072357,-0.1523771728369685,-0.25363452047996166,-0.4459291932508944,-0.43688247937788527,-0.38019904947350075,-0.41678666958664673,-0.449253219212145,-0.33085326344042176,-0.2713301896499006,-0.26364445077476634,-0.37151934446105456,-0.5248470421369436,-0.5005178771030259,-0.43094915021862645,-0.3999294559502762,-0.3164507690806968,-0.3776484586608488,-0.4605790787898674,-0.3938666953972956,-0.4017048719863321,-0.39585480809809687,-0.32495062023058513,-0.2791194122570051,-0.40355003743298484,-0.5913977114028229,-0.7018708400013783,-0.585156200649322,-0.42840383292493217,-0.42353700608966693,-0.34558376522339945,-0.2708671422690259,-0.945036245026218,-0.012188868197082847,0.25533755796053365
stat_112,1.6693740619869673,1.648378128539203,1.5974267646856595,1.534048580680741,1.393769684049545,1.358650266223239,1.2361022530515176,1.111250978339854,1.1338180397647981,1.1460417065417363,1.0566748805024093,1.0481026687468529,0.9711534848537366,0.9786330622212891,0.9512749033491327,0.9517320317938234,0.9001244917390478,0.8734839378095585,0.8517778265589517,0.8098019555190041,0.8581202264591404,0.8297737533819303,0.8143815350275083,0.8140337243093378,0.7137138572499295,0.6974742845342128,0.6716827143468942,0.6709722862926084,0.6186991356394553,0.5548554758604632,0.5046779921498218,0.4796046928693583,0.275197717220499,0.2536286625783763,,,,,,,,,,,,,,,,0.18409706109087204,0.3345032967683136,0.32496768010655114,0.456952956402304,0.7286612563099648,0.735875687802335,0.6382129400438534,0.5869268205123199,0.6327625009256455,0.7177551099298619,0.8101160796055051,0.8629256748786432,0.8134087219460979,0.8571712998033075,0.9933347720652631,0.9668183709967044,0.950359631719768,0.9306015310138649,1.0681677989286749,1.2471530875691297,1.2445842841885075,1.1794075659413266,1.2732347335870153,1.5114174348672986,1.5469670765841115,1.5498050158629382,1.674899847089046,1.777351705548747,1.8326448620601354,1.5875716039153505,1.226341890344388,1.7301204918804294,3.4129958217830403,-0.1775453496064821,-0.2653747953630123
stat_113,0.06883011270676449,0.16101105265821164,0.25778380221485175,0.4422049136986948,0.5535718711043349,0.5491868760415958,0.4066857583892825,0.35791875673455004,0.4139162952099722,0.482480328091804,0.42359993551264535,0.4188232331411991,0.43674420052599155,0.523953023161534,0.5198286134673897,0.5787245784730287,0.7315891167456373,0.7693989733423148,0.7786008227014599,0.8047665260153108,0.7988906775098542,0.7366929905374117,0.6823778734456311,0.6729935063163205,0.583250038976663,0.5294550617746664,0.550941957557803,0.5492996532990425,0.49783444531559873,0.3995467078180896,0.45750209964256366,0.5889503254749345,0.6879076260537633,0.6976916213741389,0.6868297664293798,0.6069869945215424,0.5324934645626967,0.5146746448996511,0.5115998582023189,0.11803046287324978,0.10085202572903855,0.23152305059018305,0.2245386829664303,0.1355292152979951,0.2743334362653606,0.31345300135329185,0.3085008483872303,0.40922082651777386,0.6451139928945939,0.8616851851006088,0.8006042878058879,0.44810328344431394,0.40072065234354354,0.48820694678950166,0.48411721432849564,0.4855363736072477,0.6231807108009958,0.7756375316625655,0.8276304607040406,0.9683536002691069,1.1566771371131195,1.07253778696468,0.8388064897565378,0.7269383034305591,0.6632184633216676,0.6375280672052618,0.6204423388606559,0.6764612099520257,0.6100326940221765,0.4370651815982191,0.2985157086380449,0.4190119355385658,0.8072095515274866,0.8312046003885061,0.5769296120583491,0.31595656699946345,0.029310884101638488,-0.029119985117399452,0.17866937389809173,0.3155983876068449,0.4190201828421102,0.7476790652745275,-0.025444064611124913,0.07196576093156677
stat_114,0.2106992358849739,0.08253860590465785,-0.03173601372793051,-0.11797562800735024,-0.2412668303839827,-0.3019092178871838,-0.2634275158019821,-0.283034189125361,-0.3399351014909901,-0.32898130896008143,-0.3000543679871148,-0.29869308863365507,-0.2712448548909056,-0.2306634169767944,-0.2205877965850976,-0.18821193098615505,-0.1030623182110527,-0.07156392754680876,-0.06385921144495182,-0.05137427531017994,-0.011560973969609704,0.018563609990792002,0.0296675323242475,0.03270604001237282,0.043648141436395775,0.013259021211936894,-0.012414670035308226,-0.015596107920928935,0.00025992291671769735,-0.018845566330289897,-0.11705929498570752,-0.21893992455041034,-0.27672429550261785,-0.29959615233717607,-0.2904968347439906,-0.20118236259325784,-0.1659056339806472,-0.19693736438611215,-0.18413559328612406,,,,,-0.13111840984148332,-0.07445661923526208,-0.15515438711289767,-0.1875324607019119,-0.32435696134571057,-0.4040890047729946,-0.4326933884175681,-0.30104959871101716,-0.11106981658426812,-0.018035511803542355,-0.013739099290407545,0.009076881518183767,0.17451111854446605,0.20045850648136995,0.07032154282331603,0.030996088459864193,-0.027273234789226858,-0.10073217354631352,-0.16419267496943726,-0.23066154875047948,-0.30163514345798104,-0.3519786105016673,-0.4551693072745165,-0.5047426359078362,-0.4381534783884344,-0.45032532063599234,-0.45276761334392746,-0.3047076627171424,-0.3351985828392604,-0.47924238885235637,-0.40085691973006105,-0.213083190455204,-0.10318677971113283,0.0032696130052021215,0.18510560881808621,0.16838448427585948,-0.12230358675796486,-0.051714741654331195,0.09322431333690681,-0.16769725891794884,-0.16924485667771405
stat_115,-0.5097099630813429,-0.4802301517562025,-0.37972702177026146,-0.33299777443852197,-0.3015563954200212,-0.2791416643189652,-0.2208230227767462,-0.2170077735628435,-0.24719927291305038,-0.2687557930179991,-0.2962375177720141,-0.3011928253942802,-0.3816540181277016,-0.3974906071285854,-0.4027605302196343,-0.44024121013838563,-0.38577343078075454,-0.3556244863870221,-0.3477799639884922,-0.3179259303833212,-0.3059043002934823,-0.33359191324965004,-0.2658396198637125,-0.2545013063083096,-0.24453298730751807,-0.2407283966260563,-0.1705739424402887,-0.1676295368162835,-0.09656500351223092,-0.08151945467855337,-0.054401676086630844,-0.06641085951875156,-0.07269580320580439,-0.09152722072351108,-0.09278240029887003,-0.11854920617154238,-0.1498800868562136,-0.11484885494196886,-0.05626295146803688,,0.09241815831182577,0.03274536349148472,-0.02746962908915105,-0.038759148372015745,0.034195757380744,0.018951765467386986,0.01918690206377177,0.04929409684338522,0.12880251035214405,0.14015885051126029,0.18755813528488854,0.18993039088341582,0.12242376083894281,0.0880363621762299,0.043944299924661055,-0.10487132161115721,-0.18928369171956966,-0.2284776601032138,-0.3038158383738936,-0.2930756071270344,-0.3104827458227089,-0.5300086023684797,-0.6275043369885179,-0.6902761316648313,-0.695118158058781,-0.575531806025624,-0.41270026903663865,-0.45888335579343925,-0.49960257271374237,-0.4057179018843534,-0.26036526228491635,-0.25632413851305486,-0.4185726670401428,-0.4809656186482494,-0.4845764343052507,-0.580220750453445,-0.793217246771092,-0.8533447105549948,-0.25936931579409706,-0.1991346684516758,-0.7860516628835673,-1.1292138831185343,-0.4217825632633962,-0.3871713080968351
stat_116,-0.26130655141101944,-0.18121202394287014,-0.12439780938622699,-0.1750245165648475,-0.25226016813996677,-0.3394309291695929,-0.3429055179748963,-0.24031713983980674,-0.1574125069453917,-0.08433450418059459,-0.015485252471561168,-0.01712829851311335,-0.007956977611030064,-0.12715143288247183,-0.13789750823300692,-0.044584882275552,-0.004066723873985418,0.020023181793162315,0.0002496552764256877,-0.10654204363503919,-0.1235093445890443,-0.05161823945777733,0.045755639829799744,0.04934352713709007,0.043320694168973585,0.024371474650086326,-0.00665779471191681,-0.006089328000570642,,,,,,,,,,,,,,,,,,,,,,,,,,,0.03900732721996253,0.011709736969528407,-0.03857976920256412,-0.01981921663975864,-0.0608161315821837,-0.09144913657339153,-0.036152466433347616,0.13128817840913826,0.15661821064258602,-0.014105015198576109,-0.18112217915906986,-0.1799200398441005,0.14677500144067152,0.25129300593712217,0.01619309994094489,-0.1307796323312137,-0.26139523919755775,-0.2829096306816504,-0.24830619118178035,-0.2628379629386308,-0.11928950119102658,-0.03362440008825769,-0.19642883696263871,-0.260144730290399,-0.24359193864196615,-0.20834848016983554,-0.008411300391739436,-0.43222884337769407,0.3361318306720774,0.505304059102052
stat_117,0.8405575309899401,0.7198219396041181,0.739891052387331,0.5976811004483896,0.5605374864126238,0.3972096476662023,0.3343812566220969,0.30628359320578463,0.4743182147488207,0.5037316093327038,0.46851365704566456,0.4550415567446801,0.3451887798705604,0.28405157658440144,0.26467332815792244,0.21459625948376304,0.2283765089200364,0.25921556192642425,0.29832290340877354,0.3118261993685866,0.2683476116502784,0.19812376326059564,0.1833862951795641,0.18450697729782228,0.07038147006762621,0.16422805277622926,0.19975955237461482,0.20142958408695721,0.1136663049210785,0.10324948662843299,0.2097234005799024,0.2751216371184601,0.3192953615600444,0.39367783610219426,0.39825934252471007,0.467726175189652,0.38977970576214044,0.3042467346211603,0.2322760564509424,,0.025320550159700164,-0.08227230760006585,-0.21595646340408917,-0.10467437801968774,-0.020204988156028746,0.11630909808616881,0.3323639842918774,0.5149186113560946,0.5077340120319733,0.27851423381315693,0.17709458798012756,0.09409779430889338,-0.014176296229835121,0.020776721771383403,0.2901187248254174,0.24250274490915244,-0.0005055304120111448,-0.025205198490528036,0.07641374773868734,0.1814202193141761,0.32410840810670444,0.4006644190585688,0.33221478621685496,0.28847936412405073,0.18107321957693379,0.12003216603872596,0.19913230535638346,0.3446971989433466,0.524731290050036,0.4471153034177415,0.16620453170029834,0.23695648078528173,0.4754636258821608,0.730606135941211,0.8770804779633365,0.9275467988514527,0.9731469171018616,1.078623945755018,0.6194297009890893,0.445666676146287,0.2101580159851142,0.9435514818171039,-0.4137843458904825,-0.4795280250352878
stat_118,0.3165512674120683,0.30364916966452904,0.2107114738891703,0.10871704093483027,0.14280488442425576,0.1534752740706942,0.27240307523545476,0.33605607344087274,0.29828216484869824,0.3256668582448996,0.3826254805900938,0.38348625389440616,0.43028470554296155,0.4801055213143058,0.4691264051122155,0.517164399775391,0.47840074099635854,0.43751267751601036,0.40807432408147765,0.30100294572159286,0.240941722447272,0.1595651897836357,0.11297109924829099,0.11988203311403915,0.15204602316910873,0.20640531414843108,0.22948398790976415,0.22738220221781408,0.23088669661100145,0.17520497607199412,0.1345206736058039,0.19821283898282574,0.2239270131282336,0.22316268899794192,0.22344240852277605,0.24169128240921994,0.2636149475355489,0.30015028016629297,0.33647820420049235,,0.16456691086928263,0.12447429546757642,0.20665276504645116,0.1466499817241214,0.1717894596179575,0.15835301100948743,0.10159169136709441,0.04354348636768026,0.022128671854734928,0.1032231536106488,0.17525807625971476,0.12969819801552807,0.07446978256800568,0.13092155352458845,0.10844698882218765,0.002142572457027478,-0.029596125723479205,-0.07470527053435291,-0.0009694566141403147,0.07744860530374506,0.2187438404629393,0.32024498724128814,0.3895271061009956,0.5685271793847254,0.4896945564672725,0.5185303258377246,0.48398787400682547,0.3581309286854343,0.30829192161130936,0.25895339977767595,0.29211351569160654,0.19055235550858676,0.14863895080939762,0.08757208480143866,-0.04641783628455684,0.16193962883811533,0.4329420773144309,0.5847727150715104,0.3168487211411506,0.3758417582257399,0.04788735177799502,0.46034199423516853,-0.001555570436463036,-0.36535288036427277
stat_119,0.2478426013988658,0.279901061592202,0.19431115771663787,0.13848719212504848,0.08925638452128024,0.09964074197158262,0.11282444445578939,0.06141065001219689,-0.025061370342594817,-0.02200244136638825,0.0032316320376271066,0.0033075340776499516,-0.006021201466668581,0.032298831668115965,0.08871105315354305,0.1084147096051673,0.13132522758739237,0.12255678544473053,0.10312449735606637,0.04315171223454504,-0.0037083268430572413,-0.05692270633218221,-0.12242522082958524,-0.1356068465822012,-0.1679868759164293,-0.16515817999017718,-0.13407748342004697,-0.131210283506838,-0.07990989682393763,-0.012561278732811307,0.08552733241794551,0.12476048499332217,0.11094222233260677,0.1291283382832367,0.13137865277369398,0.1260422236574952,0.12567472790764503,0.10676904963113829,0.12045068033813726,0.023134642907526478,0.07555893370244432,0.06342418690779053,0.0016023308657990814,-0.006082259043608001,0.06398650480989028,0.05548056831269976,0.02168095350310978,0.022429853010903545,0.100770264356125,0.18056630304698185,0.21704557758269946,0.1647195872322997,0.12234483568956994,-0.017863746569561956,-0.19273747709862582,-0.32280569665510345,-0.328964752561639,-0.1243100590626572,0.015227274809226312,0.08002529192012654,0.06412852840813268,0.1717185563567433,0.3426063895377164,0.2454297079470802,0.08716717984546045,0.04401572690486922,0.038823038996089784,0.04698509053678105,0.08310251239531696,0.06384763073226489,0.031561259344036634,0.03354924505641377,0.14455374903985038,0.20319229373025968,0.21773189606185298,0.2707886287380672,0.23262196752619388,0.17586231042926356,-0.04895479282531831,-0.08309291118221795,0.07577767117105723,0.008917249079258211,0.2341910716733952,0.049161673973745025
stat_12,0.5785633785828032,0.6232708948634239,0.5765075521348145,0.5205567809226397,0.5396037605985282,0.45468376498451407,0.4115501596438813,0.43501940886978857,0.47978061903535285,0.46296188417444006,0.38638966071231723,0.3786745908089064,0.2356563687492314,0.11551662003284473,0.06258689899783143,0.08220400601613338,0.08010291528945823,0.09051149675731254,0.09025986213003881,0.05602914388924164,0.002272904772402132,-0.0016262446095978767,-0.0030884532702975713,-0.0032020760150101007,0.02449057017794049,0.0370678973509218,0.05805109602707142,0.06201631835896204,0.08990089944528466,0.09704259346658972,0.06940272984293767,0.05202132286303338,0.10206961694895157,0.13928718159355885,0.1355833493367078,0.10946155787382233,0.10965436274934179,0.117600040683751,0.057570005504586796,0.00036895916150624883,0.17689995976482686,0.15720780814303018,0.10214544061284553,-0.013687120100668488,-0.04639335967168869,0.09845440389916288,0.0922858244177258,0.032615537616041905,0.0921256084231041,0.15396348462950676,0.10701946040162293,0.12657004475303404,0.18240398801808774,0.19792456831577188,0.10908344003546011,-0.012315218619493373,-0.1124481165874204,-0.1594709851711481,-0.15187331474222412,-0.05613360118242887,0.018193560760030862,0.027402376865602325,0.039064633631248964,0.019995021622367493,-0.0313615393672161,-0.045937039731563774,0.039895943117958306,0.2600412704135919,0.4794289525143711,0.5702644162568313,0.44899524243364575,0.38683531741777244,0.4200315206023547,0.45594086880333734,0.4144299665821312,0.5037443070663233,0.5811054715375945,0.4798091511169631,0.48868134465673346,0.2523857320653709,0.24648069661408373,0.697956535507149,-0.30423823643248005,-0.3370859623745681
stat_120,1.4339645481488787,1.3964345293859288,1.3605051374970358,1.2518850102303187,1.1319185997170347,1.006650317744912,0.9545043161957396,0.9516030278080528,0.8634815563531537,0.828040181467481,0.8117346785500494,0.8087477563559803,0.7827396138316001,0.8104440179918591,0.8122360179787188,0.7489400795673845,0.7042228266567189,0.6452181880778417,0.6276382674487622,0.5656373907310146,0.5506541336665299,0.5315805651320022,0.5203133799060753,0.5221276780018268,0.5333421632329082,0.5414915093379631,0.5313703630885469,0.5300753337716999,0.541444976738302,0.5732528914603362,,,,,,,,,,,,,,,,,,,,,,,-0.37270020260768943,-0.4391835847257954,-0.41297064937275685,-0.372464794421618,-0.2478727770383069,-0.22989864220586706,-0.2713188390964563,-0.09909610243665341,0.04244387003068512,0.2218878625618346,0.4771256498747061,0.5990763729161154,0.6591729903954306,0.6318657435167586,0.6597854685765538,0.7231896840778442,0.7319840906230929,0.7023418658020818,0.8820134366094163,0.8101046762783672,0.8742387527161785,1.0066634287171574,1.0859475453601368,1.1339636276490423,1.2559292268546127,1.1939613591962883,1.3242788457110153,1.1003295147921008,0.9218017659050555,2.111350376400866,-0.5794655457195858,-0.4967417936179947
stat_121,-0.2887958229601141,-0.25476188853478154,-0.24000227212693223,-0.15313087749897605,-0.09962083665978852,-0.07325809322488863,-0.16716837236817558,-0.2310420611935728,-0.23252800887697841,-0.3057045091703222,-0.24054991652080704,-0.23580475351133412,-0.1828317598728513,-0.24221393558298243,-0.2763555895278448,-0.3212779641438842,-0.3286001543880388,-0.3571193276552529,-0.3633838447802543,-0.2875246329693629,,,,,,,,,,,,,,,,,,,,,,,,,,,,,,,,,,,,,,,,,-0.41298489007112543,-0.5109162924040885,-0.45158085082409,-0.5518838860158533,-0.5195317123603486,-0.29624504884302677,-0.17633468133550023,-0.2956212772461335,-0.4885260184936528,-0.4056721131217168,-0.2848452389140543,-0.0847033813467586,-0.08535724825668553,-0.15524975814665415,-0.3452464981325695,-0.36673161280062705,-0.2863467965331736,-0.32947806524449647,-0.313522133438805,-0.322150106631477,-0.40690616118348194,-0.7316841047475102,0.13910830431507795,0.05907989837619894
stat_122,-0.1850489822776591,-0.15758794355226668,-0.0767582955600339,-0.007571315274231096,0.040746625162926674,0.048838728198381136,0.031778568384817164,0.06727508058983521,0.0987864682944277,0.06161083372371312,0.041433964205442306,0.040430313623779975,0.0323194866053243,-0.03492344750047754,-0.08032709023682785,-0.07476719660506313,-0.10125612309567146,-0.12012466422772719,-0.12766594764662,-0.12858841140800362,-0.13591177846475042,-0.06446913904544409,-0.056042153667828845,-0.06632286103122068,-0.10916059792169318,-0.04529817243434799,-0.10822475928976799,-0.10915727335079681,-0.17834300852618026,,,,,,,,,,,,,,,,,,,,,,,,,-0.25674280106027797,-0.20364600833535398,-0.16718422772477656,-0.16705347338792703,-0.042058077286365673,-0.00799644443798263,-0.165363853941704,-0.270211684204298,-0.3514737967934297,-0.3288703120751252,-0.1954757941615219,-0.199563065499173,-0.10920091906730636,0.005632465139597636,0.0037351963264664733,-0.04357168757373787,-0.023214983648177406,0.053560141699217786,0.22567511449209424,0.1314659315657681,-0.0630572019871127,-0.22460229699886564,-0.2665120280696271,-0.39643969929924433,-0.2970258329428199,-0.155613432310121,-0.07407563397347483,-0.19108660503344305,-0.3472617866994135,0.1795327671250965,0.014071579931410972
stat_123,0.45536515419995893,0.45358911435029037,0.4380796492755288,0.39116742163615115,0.3584906329583817,0.29824217740464143,0.22445188284613574,0.16179331148365178,0.09855390998369395,0.001173475898754612,0.0003214385106452289,9.770560729527582e-05,0.033877389370097336,0.012773490799804936,-0.03950097262857594,-0.06605120545463077,-0.06214638754214425,-0.05686225219233696,-0.04481271961861146,-0.05545484627580211,-0.06542691316907613,0.04988372955362228,0.08129676803945286,0.07470293044699368,0.026016738481081745,-0.008859320526210432,0.00233945466905752,-0.00641052598264275,-0.04404941769339107,-0.09231305359400382,-0.08650520073185836,,,,,,,,,,,,,,,,,,,,,-0.2205922524968656,-0.19625005189714823,-0.2981795436401557,-0.23976497310607264,-0.1467533599362907,-0.10128961577813707,0.04617102300687679,0.06982008405083968,-0.13696683886734118,-0.3164938672144035,-0.40160965242613667,-0.29125239410991743,-0.3512749449593969,-0.339113306739197,-0.15697891707947023,-0.11729349805084192,-0.20973801442917198,-0.2931240905216608,-0.1478887461191988,0.02966572724400096,0.244055501825547,0.30521589074894817,0.3046133090167502,0.2363095190568187,0.2875441132771305,0.44735797857071063,0.5232651104212955,0.4236053596361457,0.29240186367178433,0.6046155102102526,1.0628242518362172,0.2673303785260595,0.1807644045663617
stat_124,-0.050175411173750566,-0.07820960127472036,-0.11732063257280988,-0.1296209448122321,-0.05479215951419397,-0.039563001824701356,-0.10242659278289051,-0.17193971651446757,-0.15723888178710071,-0.10648856453530904,-0.08354920448176323,-0.08531989324210826,-0.0780818493788929,-0.05420964011760451,-0.04466316864328243,-0.09918641349018645,-0.07772201553187728,-0.07426961843459076,-0.07653868941443433,-0.0781121443751499,-0.04197076196563663,-0.07091712108821062,-0.07345205677577026,-0.06212297158020847,-0.03585260804871915,-0.07863701301913306,-0.09185303815237521,-0.09691000302381496,-0.08444125909220307,-0.051835662840742217,-0.017000266880172508,-0.02399248943161196,-0.030680508839310512,-0.06783236015893344,-0.04139159430258663,-0.046163909401540526,-0.019966892017447033,-0.07852853251489444,-0.0905076251382695,,-0.07926185408309316,-0.013744339418638256,-0.001197622175794132,-0.03632043967568579,-0.006873913597138793,-0.042524089394387544,-0.1446077646667658,-0.13575833923278846,-0.18078529143556613,-0.18568279991866715,-0.14241312393340583,-0.09116895234861319,-0.07076501915637236,-0.09885875442986941,-0.15765820375895698,-0.19102368141467127,-0.2560627762378332,-0.35217995908266725,-0.24218812469814305,0.0276087455404451,0.11729494891837676,-0.05505544513976452,-0.23830209998439647,-0.299365158995824,-0.21754036633593737,-0.14247750622727498,-0.13345521516054792,-0.20241229808148195,-0.26015686756338696,-0.22688924450655898,-0.13671436059563738,-0.11099311133328625,-0.10928559112758215,-0.09049417309684764,-0.1260897596794692,-0.15624157233190397,-0.02389586346837066,0.1894373217849096,-0.05106676399670957,-0.14245067747128318,-0.29220218901480666,-0.4180503278725015,-0.27297487029987505,-0.2272495472965375
stat_125,0.2017875830286629,0.13629641438754797,0.12812923923392364,0.22032345875793952,0.2795098916111862,0.2612233695934498,0.29522552192877244,0.3092328919418945,0.40922890305139287,0.4205289970019704,0.4202253971852274,0.4242150505495945,0.5517675008735564,0.5633962641888237,0.5659389528209251,0.5874785261409999,0.575436954992021,0.5830602249763028,0.596898821997589,0.5802801633858528,0.5481063782467448,0.4886227243801104,0.48066061723826425,0.48464928720737693,0.5111831045708244,0.47230139604117594,0.41441690568867046,0.41074605656143515,0.3847460063445234,0.38480177762068335,0.3675737855447285,0.3567138809706295,0.3659716450926971,0.35156076016934157,0.34782056531249445,0.356142316456739,0.3621899537979396,0.3503635721195734,0.36303829552197936,,0.040404227050578605,0.011699326196890594,0.025389411939379897,0.06883829942513253,0.10288162637361893,0.12602408686568115,0.06041781162119972,-0.022507195330231624,-0.049722562765234346,0.012748226215982157,0.09712723355204834,0.15772393534351303,0.215969562202975,0.20163387401964622,0.1071923704442972,0.1128050870147959,0.26761583272356804,0.29925181551243346,0.30103410539789427,0.2954208132655364,0.3928893127724734,0.4625331618581321,0.47209220529154405,0.5380693873162253,0.6231482545120247,0.5795061015688693,0.5749817683387831,0.5302060373345537,0.5785414867833282,0.5426768127498797,0.38118646126163896,0.2663197281619337,0.3043966285985365,0.3676889204170527,0.36133074440571095,0.2708007259251489,0.31242634891485505,0.35340159245454056,0.12681251229714496,0.2515410028049417,0.7855384936073896,1.0132451379004328,0.5991744912973107,0.6331258994782093
stat_126,0.6083995076792221,0.5340326732282642,0.5528015896035506,0.5232635473375175,0.3925308743521519,0.21741108221443928,0.21875670985402682,0.35666393257511664,0.262688923663228,0.16110961980712524,0.0978931771020346,0.09891270548474962,0.10374145393030856,0.0061699308424981785,0.039182923739383924,0.04975278717817643,0.10891331776785215,0.0673143617086584,0.0869285861155477,0.18332261043311934,0.17413195047270272,0.16282189607003839,0.17969216670753285,0.19396313140924362,0.24843536746951733,0.2665414421479771,0.2742278545699889,0.2688397476266173,0.23382397131073876,0.18609665257902383,0.16101572116553473,0.17923418106121655,0.18366941983192578,,,,,,,,,,,,,,,,,-0.06082971078543304,-0.014159671399075553,0.029243965779669243,0.027492479991456435,0.04572620392169031,0.189009439401532,0.206304366759304,0.13823012769300952,0.07711435074395724,0.08155134693176078,0.2021797299892654,0.20631645715063246,0.06868515820966607,0.02218805182286736,-0.015002897040361778,-0.08902584078742615,-0.20514614344074178,-0.20146549549186513,-0.21471102128234826,-0.22553630227403232,0.07459574568398417,0.2376580176991118,0.2695820310306396,0.2747532160690136,0.4163664549172294,0.5197457254250275,0.4931501580966007,0.5027427871077446,0.5287931823818534,0.7514449301365125,0.5795667715199236,0.2770870807867659,1.1025648958465382,-0.30504099524909295,-0.5029956968906715
stat_127,-1.593901632247579,-1.5487082919538921,-1.5107401256354493,-1.4268474809805047,-1.4282780929711945,-1.4411288166694327,-1.2548849871203696,-1.175873139222309,-0.9723819023026267,-0.8719348731720103,-0.8418393877153973,-0.8404543878795223,-0.9447623905548665,-1.031481204470333,-1.0803817736273191,-1.100282376132801,-1.1507495942641541,-1.0785234080262334,-1.0647254484716504,-1.0595793626734893,-1.0184956230386655,-0.9175104930953886,-0.86899905406265,-0.8677219873808288,-0.7723696712524449,-0.7297425284464054,-0.7011808255275389,-0.6998765688070301,-0.6699188564513432,-0.5751068600963611,-0.4044878923322002,-0.28035872882055773,-0.31420707523006264,-0.35099826475767115,-0.35755699465981544,-0.33233351750740675,-0.26623997523346427,-0.223305237797405,-0.20263984615923983,-0.07694893416387474,0.004892095048658827,0.044931557613075074,0.012936603038060277,0.0361921659757302,-0.05614108931605302,-0.12151724037708603,-0.1541201335684721,-0.15576070076008597,-0.18536979626948433,-0.011189838328001118,0.038873530532160555,-0.10030791411994543,-0.4483187006715326,-0.5842658905984146,-0.5703316584588365,-0.6782838923797019,-0.71688686692407,-0.7021064096208167,-0.7465415774778902,-0.9095350492637818,-1.0366415921388505,-1.0684367148150231,-1.1577887573691734,-1.1467176833389638,-1.0733123488102543,-1.008683546993177,-0.8905800821050806,-0.7642828110463245,-0.8312900244806313,-1.1193027048228588,-1.2395069820677103,-1.272792735560375,-1.5251702645346221,-1.634343887080076,-1.5357534876322168,-1.302130959250001,-1.38906033024405,-1.6914501893074283,-1.3162605676396477,-0.9153073749634673,-1.4989964108198612,-2.6764104351920115,-0.0489805259207762,-0.16359692019960717
stat_128,-0.8326868205183581,-0.8210908003662516,-0.6829825054477661,-0.5739592621013123,-0.485871383432312,-0.4162303255359747,-0.2937269964642933,-0.136637194283883,-0.090540360077542,-0.15168760817589627,-0.20484458970221528,-0.21180949794981083,-0.2889248464163875,-0.3152322782582997,-0.24073885190497327,-0.1594029078463157,-0.1801867204803284,-0.1496635445074735,-0.1320757174246089,-0.17036958224673565,-0.20628282349354604,-0.20999290758655745,-0.2118942823357119,-0.19699608550610342,-0.08669024773435226,0.06513218126195672,0.16945258973685423,0.17545830667585166,0.19140330164847003,0.13292419606304814,0.08726444455737244,0.08580411086890082,0.10956398115219129,0.14234585556725068,0.1448424494881235,0.17203934538262,0.15807415941093828,0.11487576203695309,0.08955622610202661,,,,0.33725490474707864,0.25647529948295056,0.13700082734397048,0.12958985672818274,0.20131887108071536,0.3417714932346717,0.4308305223172197,0.3318464927921821,0.1681323333490132,0.16503457095033747,0.253377304173194,0.37451065644084597,0.41219607924019885,0.32714946698506603,0.0740702785647062,-0.09700165689604932,-0.07734556596691672,0.0020551680074282833,0.1260150745417363,0.1533496795759271,0.022737399531764468,-0.03593303045155329,-0.08328363979708883,-0.15190718441147025,-0.083711767362345,-0.013480788455714175,0.1252769019068811,0.10744469794728927,-0.00884848063841931,-0.11877868425054891,-0.3791905072590592,-0.4396434262883272,-0.432754272537671,-0.7715352729298426,-0.9840279399103462,-0.9364862799085376,-0.5025448563390507,-0.2500213237635886,0.05867413219291287,-0.5919916096175217,0.4192882204976379,0.568165685680885
stat_129,0.17557180170055642,0.2575676735703927,0.2693900780467328,0.18190558367658113,0.07530927758979628,0.06419944287723414,0.11586609600455293,0.2345240812423894,0.2458908853812361,0.31716911699061,0.3909000442563839,0.38508167835034873,0.39399539769440517,0.39280856747083664,0.38586635019779797,0.4337301833431032,0.42260299005978275,0.4546694803971397,0.4310173337160218,0.35242240501717126,0.36494471835477976,0.4095316233956544,0.47407970191509874,0.4769658338250888,0.4732244587208848,0.3926959930904591,0.3310704262857276,0.3363412116522445,0.35082176366410495,0.3646034187674561,0.377732069311651,0.3875674485155898,0.3738671150330898,0.45209791423937884,0.45488602981784987,0.44639869619648004,0.4063618330169898,,,,,,,,,,0.2996138516408838,0.41511401796798986,0.47574723635408844,0.35562721239898365,0.18208720091093883,0.2890376836984132,0.37683847486968197,0.37784161265676214,0.41084653946750266,0.5082649559991231,0.5208696452568417,0.5514112629878406,0.5175936236097568,0.5404541214636236,0.5638817571004723,0.5851280361337415,0.5453152513985907,0.5225253941035033,0.610131188547851,0.6287455404407236,0.703220354742169,0.7333360804911587,0.5970341433148991,0.5238136621842964,0.5453807031254647,0.5308424552718575,0.3998354560341811,0.21452012275555243,0.20301936869894477,0.4538239768539026,0.463904637838794,0.30978061852381744,0.08460478780004699,0.14790676774071798,0.9672457829496643,0.8476660861985377,0.7096015200401595,0.8655889373854193
stat_13,0.23833715432798186,0.24722946991916017,0.1671432325372655,0.1061700280199941,0.15749815993782854,0.18357866317234672,0.20009857313943782,0.19368822606251998,0.25555473557023806,0.3161553966046607,0.45106592429299835,0.457548837110844,0.4655514088415301,0.4574563535019858,0.4305449927509053,0.4721589143622625,0.5443320064295752,0.5195677482775116,0.48681977886726924,0.36487485939845743,0.25439971903061337,0.21445549825874888,0.12256259744756977,0.12247354862746553,0.11219140786255186,0.11640728227949432,0.05941940520483861,0.05684881798198396,0.0887899248505236,0.17246305317991226,0.25675996887721725,0.249501461085425,0.22355716698437128,0.1682856058708887,0.16699318529746904,0.1743307683703546,0.19721369226330585,0.22575079050976984,0.23585274465989475,0.005537981492374074,0.048979581922015784,-0.014222541759177202,-0.16351975746984188,0.04936353057765159,0.18798525513909278,0.13589782937533118,0.02533238472973649,0.04774728423284679,0.36495130831646255,0.45124783893738657,0.40329234272128167,0.37925999044336717,0.20927908877191861,-0.025580422079145505,-0.07467310525431789,-0.023740037771858354,-0.14916944551192327,-0.23536326627513557,-0.14377971810926396,0.08779618102169394,0.4256872553239357,0.6255799820079586,0.631189544347759,0.4967840833283256,0.4251586616357449,0.608207808044172,0.5972764651583006,0.5166606899702043,0.37051097312915837,0.20055746464126356,0.14821709781363385,0.20322399196662944,0.2686869689066466,0.3013550494800837,0.24733765962331644,0.2538162272002465,0.3776086919663065,0.31502707295548676,0.21122046973234035,0.29772487205212106,0.19651403273338855,0.5627684445871075,0.1120526185253014,-0.17142476825964806
stat_130,-0.5155906554887045,-0.5140774161201842,-0.6115786513738554,-0.6167819078689265,-0.5680856461530543,-0.5631995182958943,-0.5841203640257757,-0.6774706381320519,-0.6775478682980418,-0.7134088180733472,-0.6944651546838536,-0.6930268053482997,-0.6697473971345022,-0.6500048921280768,-0.6354206035074416,-0.7380451481181497,-0.7192269219294515,-0.7289821067793241,-0.7190240383590727,-0.6607296898851431,-0.6861263907535503,-0.6426283712947779,,,,,,,,,,,,,,,,,,,,,,,,,,,,,,,,,,,,,-0.5653527951798423,-0.5657254180769015,-0.5666570728757768,-0.5617129144784951,-0.7508771060468514,-0.7554248826137965,-0.6750719087498382,-0.666296912240455,-0.6856603220327475,-0.738811310786786,-0.7976565299329869,-0.5594967471016788,-0.5032642577408196,-0.6318343536135009,-0.6373578388141699,-0.6152215605284658,-0.6219087085504271,-0.6063890892052475,-0.5361711062760348,-0.5118967528215339,-0.6857562989036854,-0.5596542241595402,-0.8223767562561962,-1.6233058601817365,-0.01854563226536826,0.014042355173906486
stat_131,0.41725695524598594,0.4706168763971169,0.5485414584161629,0.5734767988976328,0.7386876280371718,0.7339723372337521,0.7879797532141395,0.8761393216038332,0.9234044097701603,0.889915392762655,0.9274409146446173,0.9445902587703094,0.9925227497409868,0.9459032644354088,1.0021019536189135,1.0683363597186417,1.1208025494384402,1.1065068612777977,1.0812147410425224,1.0538901255586417,1.1242791550537283,1.1733799243225822,1.1748843959343884,1.1652835223820748,1.1238206050198825,1.143004437563945,1.027385750352405,1.0256081402686683,0.9837487950279117,0.9939580682829579,0.9314339780183247,0.8569891385143491,0.8166964590996706,0.8100730096888316,0.8079161205521225,0.8261893435975645,0.8500659157520302,0.8428532026452914,0.7714355896742964,0.20717263069337644,0.3235665036501426,0.35329716367081576,0.3980152372755936,0.3602738671282323,0.327068077831646,0.3755923780670208,0.4809813690088505,0.5600894785096213,0.6235680211557272,0.5834958424089852,0.6472199577595961,0.8738905007218367,1.0529557217835332,1.0932538030974919,1.1868517420787523,1.385100327489725,1.2762568502419263,1.2316474842274756,1.2334431212391388,1.2216918241685557,1.2797805519169425,1.3338300303482171,1.3589434701003973,1.3186088013534647,1.2485014677264248,1.2687112430105096,1.3173216784087478,1.344483991332894,1.3261295176350458,1.260356263752546,1.1090524507510178,1.036181664323842,1.0168784870741248,0.947181376058696,0.7810675090920041,0.6968550070161483,0.6871116451204456,0.5204895486623381,0.5577063506055371,0.7393654206202945,1.4293458236462417,1.9400041056835613,0.6959144869092615,0.7522168303400724
stat_132,0.4149304713034028,0.38201020991741313,0.19375401014802937,-0.04342141818622001,-0.11095695148382419,-0.17594176935031344,-0.20652239996540692,-0.21648770261226227,-0.17706820883826838,-0.19995135720199933,-0.14445158742911224,-0.13752992901187572,-0.16560047971772845,-0.1423977038037094,-0.15627177668509343,-0.11170396655441847,-0.04641946508030668,-0.10438964099984988,-0.11298158252814204,-0.2002890417361654,-0.23329694595335,-0.15981576631180977,-0.16698971204353624,-0.1719767392140419,-0.12655946820714808,-0.15180439286760508,-0.1934295952004862,-0.1920316688036981,-0.21186657386269866,-0.15321550794419142,,,,,,,,,,,,,,,,,,,,,,,-0.04637904227714419,-0.19055327161266822,-0.16724186760248566,-0.14401176469505608,-0.17860313984980142,-0.1562008504862814,-0.09826495889471051,-0.10822708915872137,-0.1607485913892727,-0.11269699854071828,0.02311576835817027,-0.09364668434505541,-0.20517071291735356,-0.2194781997504967,-0.12220316167491144,0.0564502551618831,-0.0904229675936596,-0.2734043969101211,-0.17409054830974033,-0.2282447715878894,-0.1892976570357937,-0.10416382781616804,0.07496829668256794,0.4593036397785194,0.539324324912129,0.41332743598589217,0.36425195657440995,0.13486990778439684,0.46111051430127475,0.7704022732210519,-0.14117819064077747,0.03414750730446252
stat_133,,,,,,,,,,,,,,,,,,,,,,,,,,,,,,,,,,,,,,,,,,,,,,,,,,,,,,,,,,,,,,,,,,,,,,,,,,,,,,,,,,,,
stat_134,-0.8282665862992643,-0.7119947773817544,-0.6919852552282678,-0.6288856587244821,-0.45941844106084484,-0.3279417809374759,-0.3243400492131198,-0.33314748061061145,-0.3282241515578808,-0.2717041881771611,-0.2083098143620928,-0.20257876604334377,-0.13802827570034687,-0.1183301625035916,-0.08463519085213496,-0.010598828852083587,0.06344561493582332,-0.011411971763608756,-0.03712604890676825,-0.15802839584026063,-0.24218707490516422,-0.28129380809399573,-0.3305399374426071,-0.32784477079427465,-0.18580486817571262,-0.19361507496071798,-0.16910374332724526,-0.16383929280975187,-0.09827556775597551,-0.11711292675246333,-0.13694507855647484,-0.13681671417125987,-0.0520831411346086,-0.0065656814782916045,-0.004084429166184109,-0.03176055449723681,-0.08693047129179919,-0.12723803383945478,-0.14399577951366083,,-0.23525374491254916,-0.12423567383242289,-0.08459692130555567,-0.10103422081130295,-0.05742257469679001,0.016196737416126126,0.0416294043040428,0.07542748706874162,0.2568196156828333,0.24439506923217713,0.09968189764587228,-0.002155680499113752,-0.01202591735676931,-0.0047401102681556275,0.020145870592444715,0.043054300084933536,-0.06386514831593013,-0.3093640804568212,-0.41920378543944203,-0.2838866542013721,-0.0753531898443803,0.08578606884836162,0.14656028164656698,0.0968060794041146,0.09601786023879233,0.06358622900139274,-0.040868762503482405,-0.13957155948670508,-0.14276262827037536,-0.1559488712043229,-0.1969698670033599,-0.169309971275661,-0.27436723874778657,-0.4742248872842864,-0.6894532573510396,-0.7378771112348959,-0.6931545683309335,-0.7052705312877985,-0.37547146078693255,-0.24474005721948905,-0.19636643169466195,-0.4686138789325346,0.1846381624467529,0.13314218748060333
stat_135,0.3714341000103636,0.23706922640449513,0.1519574327051363,0.15676647200762206,0.09483546139077233,-0.014556226585435764,-0.0038925876544759256,0.06922232317329446,0.153657749587698,0.20183639129830577,0.11195281503896189,0.09951726325115759,0.02450532901422407,-0.042894468559683575,-0.04854628557093901,-0.02628640154204457,0.04822566451708967,0.09319500003770456,0.08648011085172362,0.07127963338519534,-0.008304016946241758,-0.10945812427778226,-0.18427514812277054,-0.19654007433905585,-0.27606862770825846,-0.3584459569860415,-0.42334314513774784,-0.42485740435557684,-0.4363076652607318,-0.4250335574903982,-0.39265107062883237,-0.36310859048932453,-0.32884552327489475,-0.30622998848487304,-0.30482216297763604,-0.3050408927224182,-0.31177993909297674,-0.28123016968545705,-0.22712764555754358,,,,,,-0.19997228933876127,-0.16311256112966036,-0.11387875430392609,-0.0770252671643429,-0.06782755474499558,-0.2082116517222426,-0.41591744773312145,-0.5216412143364677,-0.5230739415116946,-0.5832870502446068,-0.6971849920478458,-0.7611564963368617,-0.6020266141387108,-0.4475295676502678,-0.3985778738281928,-0.30470052241644213,-0.15140729861229854,0.05508147590623931,0.018431348697650982,-0.19537013781284807,-0.3695352965922755,-0.2989859280669594,-0.06594960580299691,0.0520144393689943,0.24974478377993237,0.18736459170411027,0.08819312461553894,0.07705231767883018,0.09322040225453905,0.19390934129755164,0.11358085890976134,0.006459445771153612,0.16041529722074754,0.5721286620653188,0.454319767358076,0.21565823921501126,0.6295030370228916,1.0126989559289843,0.024980334282439218,0.16998301463863771
stat_136,-0.34711098738193386,-0.34154805815989103,-0.29008304815090147,-0.227758938552378,-0.23424780629904174,-0.2152845660648312,-0.3035836341135494,-0.3678113006920687,-0.41631471572002876,-0.40413445140426657,-0.4168392361159602,-0.42208767839900285,-0.4887991601041643,-0.4952131993603362,-0.401871615811318,-0.41392197366217903,-0.43145971145107886,-0.41986949060486717,-0.4122436040877091,-0.3518655248283596,-0.3600563414243219,-0.3424144961486583,-0.34067595293160385,-0.3332402221314965,-0.3104815887096035,-0.28851325163739966,-0.30416558244081154,-0.30535665355008174,-0.3606077104809882,-0.3746682694992622,-0.37318111858794517,-0.3051151727653006,-0.2721848863492571,-0.23322401499162823,-0.21657130566836902,-0.1911071512776632,-0.24933651174420757,-0.2597069189673768,-0.2800030385573647,,,,,-0.00030273796899391654,-0.05981203258726456,-0.05997001367390389,0.004471260479694283,0.07433840286631237,0.1095021587360975,-0.014425873140102685,-0.18635161225307478,-0.24225241419925073,-0.26460913945851405,-0.3219452666544508,-0.29095803509904933,-0.3284569759461745,-0.3671930630640786,-0.25518443182170497,-0.2047412921733552,-0.31400814292568163,-0.390529489083273,-0.4466606482805542,-0.46277213140411394,-0.44275319424827037,-0.5419437438920218,-0.6780711312154537,-0.7224706100592064,-0.6300652674503631,-0.46448879716778674,-0.36520294384465274,-0.2820151680377258,-0.27677398637643136,-0.1584651737107647,-0.26692133387067435,-0.3493339117792779,-0.38846537826442734,-0.53575800992551,-0.41773118152716315,-0.16618489845728873,-0.313704831426334,-0.43693167828901025,-0.38430593676628827,-0.11067496618670378,-0.4530981077504745
stat_137,1.491569532371852,1.6017852204453047,1.7049615824766864,1.7408604947250557,1.6913081539113322,1.6544930271499723,1.6300819373067386,1.5813734081455695,1.496708307702111,1.4726568976479153,1.4705071891688914,1.4695776134020355,1.4766055134574554,1.4045760872785946,1.426385653130134,1.4710965569022976,1.4954677070524858,1.4353665530593216,1.41761479957113,1.3435825275959763,1.2813845963289483,1.2201228489841236,1.1646153284197303,1.1635980068321692,1.1816793175923597,1.1837571733341719,1.1531638409375873,1.1509104852168222,1.0815270078583987,1.06027345374943,1.0658433409214263,1.0901170363095911,1.0794232382705986,1.086088874114272,1.0872071968519614,1.0647141009686667,1.0018658898450907,0.9546613442121623,0.9068418489121924,,,,0.28987937505348904,0.23855059153936486,0.26006911714841857,0.266910073461018,0.2926761858544962,0.3167060596981394,0.4233066385501443,0.38494176254724316,0.3243370524534424,0.30613591030362974,0.3144537480101129,0.4044411778073115,0.49969036193874383,0.5767870967541021,0.6046822253581425,0.6726349858473774,0.764761336869095,0.8388496085753849,1.0014033694818485,1.1180866589226985,1.2182727760739795,1.3248186322953164,1.3937883479511195,1.3893822754582126,1.2432742804857373,1.1108445921507242,1.243394455268391,1.3431523065180524,1.4633816476019401,1.6490685657350501,1.7674952918430118,1.9340875846080758,2.1697080775543878,2.0359598903353873,1.700070679940907,1.3853248810405627,1.5940467553734434,1.5588970122449535,2.508064558021275,3.952797106890619,0.39662506001965725,0.699314038708863
stat_138,-0.5307532181029141,-0.5372537690803002,-0.49210466979874173,-0.5134555929154854,-0.3650712635268832,-0.3352868209650681,-0.3364767097478018,-0.30705225731250907,-0.20417958655001214,-0.10696505454278064,0.027160007698133103,0.029954431638049304,-0.06022270585371164,-0.12716311032342095,-0.09297045764868837,-0.19649688629427112,-0.2403810045054656,-0.1927840127637544,-0.21624398994212984,-0.31566707202322414,-0.31127600343955686,-0.20979517464084926,-0.11060402064070082,-0.09670305632171346,0.015296399971971162,0.008408116548105462,-0.023022719372614617,-0.025649991917753846,-0.09339368480610001,-0.12795308842735048,-0.14630677925594326,-0.012786934870055389,0.03167297729557738,0.04965107855887472,0.050550396882525786,0.019707087168585054,0.03257670741339292,-0.021874701649773863,-0.03724359930135845,-0.18954713565772818,-0.17763999776430425,-0.16297675777525125,-0.30128872755908453,-0.14192284979075173,0.02287883755995481,0.11142270838579556,0.16630957731948268,0.15697691787704626,0.2754818785882871,0.2764229553022225,0.06444249438317405,-0.07533383193454052,-0.13340683337164227,-0.17814184321773058,-0.18015524503149338,-0.035051483484567145,0.06323894903569362,-0.09078367955767679,-0.3123835110383653,-0.3852954187541093,-0.3288337550553399,-0.175973954217882,-0.2685949127326607,-0.1843464332095147,-0.0448331909936361,-0.052311679159528536,-0.03257050797892325,0.053024282550929676,0.1644732103772363,-0.06889802775766189,-0.22805872669863883,-0.36274210588952366,-0.3421951380854581,-0.2825080889557378,-0.42695215583693386,-0.4138644670982466,-0.40733641945749777,-0.3459789870892554,-0.42533910959714044,-0.26846551494706083,-0.3079264016063439,-0.7061261407581154,-0.09466209994644377,-0.008668492988959624
stat_139,-0.8922102794490607,-0.8758784436874372,-0.8986281701422767,-0.9497777050368273,-0.862814594129433,-0.7672329314387525,-0.5772017401340357,-0.41564084205841545,-0.28947743966751843,-0.17703288946621587,-0.14696286894767532,-0.1454577552745547,-0.133647476333862,-0.1509097480071023,-0.09619357554145556,-0.057324717845679746,-0.07710595411334273,-0.03338931771229469,-0.050004668073154034,-0.0980443472628234,-0.09258272886711362,-0.14780003574499884,-0.2261451917108019,-0.2330420494848026,-0.2624299318439451,-0.3143419804251149,-0.2702386633137575,-0.2638211061730658,-0.19687581243886287,-0.19846241014851193,-0.10344418397683915,-0.0782567074575491,-0.08542051018569015,-0.051321387617033844,-0.05166443143033623,-0.04611925189636284,-0.05497065491510887,-0.1036595897916114,-0.15458854798679972,,,,,0.1680787484790573,0.1221866744216884,0.12048877818334497,0.071952416555559,0.11725887301617072,0.20971172454033626,0.13968177344287983,0.047636975774349416,0.020264039240999315,-0.08895491750972773,-0.17677713119177235,-0.2301352640660882,-0.3466003007591144,-0.35193933947465333,-0.22140862024242894,-0.14166818626512653,-0.03511057612091556,0.01715065619795296,0.08837516385088966,0.04223596052540496,0.07224005201431721,0.15352681705572366,0.14598978581483826,0.15513855236445992,0.09155615807904874,0.03650971616266363,-0.09170981601462772,-0.318843505067,-0.6068578690041595,-0.965892339844101,-0.943231555100591,-0.9227277999238476,-0.945790467363863,-0.9340215851011627,-0.9171914595277569,-0.5761928950482761,-0.43530811607547176,0.15313154390476807,-0.6109122461423538,0.5084191841154397,0.7565893137007286
stat_14,0.18773315168643462,0.15889245710118377,0.037733191054753375,-0.17784619984730723,-0.2680449439252769,-0.19433161264829776,-0.11771075203717969,0.007415570823986379,-0.0039901601388704295,-0.0812561303554387,-0.12166262714349284,-0.12454202772336419,-0.1638062870477696,-0.15673548067291282,-0.2031248910239682,-0.22419802433355943,-0.26471952745469296,-0.2506512328193836,-0.21986431962675435,-0.0907623414969454,-0.06394914797991544,-0.125053095732822,-0.09277337224762883,-0.08853959849711592,-0.010906311861612769,0.05042562767948267,0.08119250876417547,0.0826306723500014,0.06536452103918214,0.027641207657412396,-0.009388782064030094,-0.07426614362797032,-0.019845518184997326,0.0158526894440306,0.014391416381654356,-0.05750908075188663,-0.04960184871117423,0.007204622553317845,-0.042389301779743135,,,-0.19826408799960843,-0.12330939432924672,-0.08874716116861261,-0.12835643829025004,0.25256685019213887,0.2269139665314775,0.04497838119049653,-0.06180121396067058,-0.0817989690753151,-0.08284608039509038,0.11965365031365624,0.2147628896383369,0.2735844320974045,0.28534366100491304,0.1398085368392551,-0.15755130355807628,-0.23471487065830318,-0.17106518722033703,-0.049088805130898756,-0.11596362646945584,-0.20757458818717966,-0.31614784916134736,-0.32867898504313453,-0.178575041560322,-0.15457108567336286,-0.24241311106562988,-0.22430478699570344,-0.0596352646816649,0.1588930851922743,0.1771601228661531,0.04582696777432147,-0.25981956566127284,-0.5437365830835933,-0.3374858926833367,0.1456635017238181,0.42702199352293946,0.3887123309287369,-0.13792912883000336,-0.09371086736125162,-0.056791659715616054,-0.16828310369193147,0.08794544675103359,-0.050343607573326794
stat_140,,,,,,,,,,,,,,,,,,,,,,,,,,,,,,,,,,,,,,,,,,,,,,,,,,,,,,,,,,,,,,,,,,,,,,,,,,,,,,,,,,,,
stat_141,,,,,,,,,,,,,,,,,,,,,,,,,,,,,,,,,,,,,,,,,,,,,,,,,,,,,,,,,,,,,,,,,,,,,,,,,,,,,,,,,,,,
stat_142,,,,,,,,,,,,,,,,,,,,,,,,,,,,,,,,,,,,,,,,,,,,,,,,,,,,,,,,,,,,,,,,,,,,,,,,,,,,,,,,,,,,
stat_15,-0.2714962681777185,-0.26240588235138834,-0.2652518345477442,-0.2511721553435459,-0.25944209933572704,-0.2755640882447751,-0.32860766663123037,-0.4540714996064832,-0.5508114691645708,-0.646536409271717,-0.6477154650572465,-0.6442234443327225,-0.5512937397445014,-0.4555946524797808,-0.43370302640106767,-0.40301973787971257,-0.33956467044822797,-0.325004224923117,-0.30960060036132225,-0.23480682727209934,-0.20985879335422103,-0.25546716776732076,-0.2582744853505678,-0.2581183791506906,-0.24607248752447486,-0.19804532911575418,-0.19646286773048108,-0.19871087074939012,-0.2369367790398083,-0.2915950941728505,-0.3383461246041566,-0.3246309080436946,-0.3495787073645951,-0.3408530480224539,-0.33932486603712664,-0.30959606329435824,-0.312097369923848,-0.3001749722467214,-0.2928102603352002,-0.05640439199909557,-0.12725696413176094,-0.14164995790270943,-0.18798857411843195,-0.18867378418451278,-0.17765451926195303,-0.2341815342031099,-0.2665497086403214,-0.3055638179437516,-0.35910631383893793,-0.385165508239374,-0.36439401877054767,-0.3668991397175383,-0.3369563595854969,-0.22854786428979235,-0.16069014422878422,-0.12928357256308018,-0.11006736547712559,-0.22344813966450044,-0.23827514785006848,-0.11968751641699492,-0.19044551852580846,-0.21494870510218203,-0.18735830264276634,-0.2839612838299438,-0.4246533501844731,-0.5190949289264215,-0.6315437254741242,-0.7542910363887012,-0.7918226778238826,-0.6601932154094331,-0.4927399997545083,-0.23348382261376285,-0.152343175622108,-0.20445926974389542,-0.30725630528831016,-0.401980339504471,-0.3948424586487732,-0.3516304022368412,-0.2779565967450223,-0.3280334806396823,-0.5112031432303563,-0.826481929304107,-0.18663134825777222,-0.1261491284184107
stat_16,-0.7454910594266095,-0.7401409936037102,-0.6557148649692702,-0.5522320706859094,-0.5979530226844049,-0.6010309488494504,-0.6093179565699591,-0.6528218956439015,-0.709492165560974,-0.7644999987163678,-0.8077065753885577,-0.8055690865901883,-0.7097641382695415,-0.6013865366572508,-0.5222653946421018,-0.4599296139475068,-0.3815394065528788,-0.3532381610752371,-0.33575774530977587,-0.3150804762606603,-0.3470208320412507,-0.3067994034413727,-0.2947075453952594,-0.29009574981853714,-0.23971282626499038,-0.18850565364890384,-0.19122028193507987,-0.19544387741419483,-0.2115110842599784,-0.3105093034339249,-0.3484183987536704,-0.3731350034455117,-0.40545852472554017,-0.43246413066697187,-0.43598480533268025,-0.4263037564704226,-0.3896832506094902,-0.3482583936617695,-0.327166060764032,0.01592507639706421,0.0330779948483226,-0.12483066516981584,-0.13705979255659223,-0.1300932452560933,-0.18814767805965113,-0.2961130292547775,-0.37153294514829704,-0.4354461589553165,-0.5055130464749342,-0.5167236004096184,-0.4691904851223802,-0.4050385436529867,-0.3073148008257713,-0.19138248768283264,-0.13641884902238186,-0.06901185132264097,-0.07133110011681716,-0.21604443568642956,-0.3173400751421918,-0.34206586138159073,-0.2958630201942504,-0.1933185357823872,-0.23573993462482867,-0.34954865987025385,-0.41064536015659403,-0.6228027977229557,-0.8668241660694086,-0.9217418422136275,-0.9059559426230693,-0.7761790898261482,-0.647444200869406,-0.6202439161368517,-0.5773756173569837,-0.43171435765306976,-0.4421137763813938,-0.7049929180554999,-0.872993662917079,-0.8458801359384627,-0.6029179293601573,-0.5724819285533612,-0.8078450372643823,-1.4458001367302662,-0.05015901181563724,-0.1251555495903387
stat_17,-0.3192820326359959,-0.28347475472114086,-0.26683910698930663,-0.2915276781414975,-0.3507386644338181,-0.3814326798260771,-0.4169526158192056,-0.3927868269705624,-0.40792468465269344,-0.4846000524921058,-0.5515626665391731,-0.5537698129005983,-0.5421493856503509,-0.44897920709465167,-0.35332671834824075,-0.3205029350123889,-0.31309696469597753,-0.3051443011397983,-0.3053813355826667,-0.30188576536583617,-0.2364519442860844,-0.21159845053089488,-0.17368021712639117,-0.16848140795439187,-0.13688186454167428,-0.1258025713709076,-0.18048157117852487,-0.1838728320409617,-0.23215438677702133,-0.25869343252434657,-0.2783976181015121,-0.303820772330653,-0.2901626849626828,-0.2701208839408548,-0.2585539471584264,-0.17375104292808177,-0.18642495670202575,-0.18811181557153325,-0.14165001443427233,-0.021396121040581244,-0.016021113131836726,-0.02855216463262504,0.0177270230979136,0.013124488359565695,0.025661152422116244,-0.06128680319065078,-0.10971538739276472,-0.12069975003273259,-0.20259074701255617,-0.30718474398016393,-0.296109424565971,-0.2634260622880212,-0.25676467729597147,-0.24203682652363123,-0.21342662579625102,-0.10712285675022824,0.040692530611639105,-0.03965255044942419,-0.14646270155888141,-0.17037870837205044,-0.22254319053069316,-0.1391182253065755,-0.04814391242376282,-0.02905252106042595,-0.07200869410227037,-0.39773357217707805,-0.7159594215620402,-0.6716565974342488,-0.5255986459094754,-0.3311961968636136,-0.26544935305213413,-0.42576817328410166,-0.5099251266349073,-0.4029921543707698,-0.19110179119155865,-0.16466606105540235,-0.3551179184188826,-0.5106891835644655,-0.3082461160993967,-0.43046658432939783,-0.49493876720364355,-0.9004670406706867,0.04928427983913365,-0.05080893774645735
stat_18,-0.5171202263742852,-0.4262410678906341,-0.31779467972314673,-0.25384634692265134,-0.20196397075004072,-0.18889640877343022,-0.25595363964809587,-0.25806183717669595,-0.20729503957702228,-0.1907353194504754,-0.04445886921763897,-0.03250391883273721,0.0755393871880819,0.08595401375303338,0.03154638277463432,-0.015290926047154985,-0.08351012927888275,-0.11869710877965246,-0.13448260218462849,-0.13548426502238967,-0.10365153588862443,-0.12284848717217595,-0.11348860953969579,-0.11011311791157898,-0.12208276434796912,-0.08196762192766961,-0.10417572864663159,-0.10364455669621399,-0.13494608711618786,-0.18363031554605103,-0.23023483174488177,-0.24028204720144117,-0.24557708698305103,-0.25805099073542215,-0.2559989675460944,-0.2798659418767631,-0.25299731496974304,-0.16039459142475285,-0.18238194583098746,,-0.12340390009900584,-0.11358193807482597,-0.09334061260461707,-0.10808140578647489,-0.09586076111891309,-0.13827767552378073,-0.21085649097307865,-0.2361573512614669,-0.3154199757580133,-0.3113380533814254,-0.3000794121740626,-0.28066507886875547,-0.23086296574889936,-0.1898573212519005,-0.16171678760524402,-0.079208490069878,-0.016124138218702552,-0.10171226724235215,-0.1651780386885724,-0.15349969852668266,-0.20917751872591936,-0.10669667328815176,0.06811849626255008,0.16470520058114077,0.25285790626376176,0.2395983607598696,0.13849791362282604,0.02666562968453251,-0.22483575554931362,-0.20483570447903446,-0.14899801485529138,-0.20267367453367197,-0.1843330145128564,-0.2101508907590594,-0.23519753861237297,-0.3623235522301966,-0.5909342757763942,-0.8282761004612698,-0.2898847185371094,-0.13001418728659875,-0.3909145877283079,-0.6478057601231231,-0.0489627822870372,-0.13170509884198503
stat_19,-0.5449866558554434,-0.5217122727258183,-0.4626397527014475,-0.448149999712999,-0.4671976878382109,-0.4513905618162665,-0.40979319660054475,-0.4181726001449652,-0.3692525473406694,-0.4387893472418388,-0.4980015554712116,-0.498519590650193,-0.4532557385550222,-0.3623027463157905,-0.289767421300469,-0.3112616698497192,-0.2837650721912229,-0.31009933763296055,-0.32306465233675813,-0.32667300309859904,-0.2976650602624924,-0.28591485482193474,-0.24084693173298258,-0.23361358650640018,-0.16234665916533206,-0.11778248816909057,-0.16672791491984734,-0.17028033297747153,-0.20388473386161304,-0.21645703046913453,-0.2406698309995123,-0.29895714691970005,-0.3104048899684535,-0.32039172110113107,-0.3177927874582947,-0.28302654696646534,-0.32259966212196284,-0.2650665373943602,-0.2559461851735355,0.03123493401791308,-0.13882602034231395,-0.09850487370517833,-0.08983878146333481,-0.08720404596127071,-0.10818306524971112,-0.22229854131912757,-0.317007200162966,-0.3483409059730813,-0.3704027274905342,-0.3394790461828002,-0.30557258616268745,-0.2534562781393485,-0.20405635985327003,-0.19780602329405644,-0.18383388085328634,-0.11384037721540775,0.0014264091703277129,-0.14822220242331824,-0.2665301302341471,-0.2753888464148967,-0.3074764855356278,-0.22923989493421812,-0.11242384612596121,-0.055587658946385,0.0003477300315776351,-0.18467440971024393,-0.5379887775133533,-0.6571138195269428,-0.5235553916921046,-0.32179616226629615,-0.2919934330244953,-0.43522505686058144,-0.5362317952807303,-0.5494631649629613,-0.39578057977767156,-0.3259054607952052,-0.5459061765731336,-0.7423842082280359,-0.4449303081804948,-0.4946567453790123,-0.6486411233726765,-1.0937819608163983,0.06989742978446827,-0.1498353414294603
stat_2,0.40048682050287193,0.31679594479557105,0.32614692168589715,0.4126581069906657,0.435443625175391,0.4636747634887586,0.4363740821021971,0.4475801735319249,0.5876235231663179,0.5877439539636197,0.5926695566396577,0.5996137683507201,0.5997064923483895,0.617797275732382,0.5723376461081531,0.5318658741514132,0.540025709533927,0.5147018256508487,0.49834194363968015,0.3914514053660739,0.30143152407864365,0.24898070944020936,0.2053262880916232,0.18818121285178183,0.12668968087498964,0.027654689178876073,0.03414379344438273,0.0362972572166357,0.05201938531074634,0.14776926689244615,0.22306963242676617,0.3380850233993389,0.38420970329131243,0.42761561135147924,0.4259911515757278,0.4564547714834086,0.5010061656316154,0.5478706033507409,0.5240033734298644,0.05711416166888818,0.2902471964229346,0.4647872803183664,0.33213900860031287,0.43317352063373227,0.5394112477781838,0.5603856652430513,0.712255588866974,0.7845020975690882,0.7170171903678233,0.7395137886014682,0.643127553698616,0.4074646272492249,0.21586778671968027,0.1449016620994416,0.13009777168591732,0.21772148578930078,0.35895583601314973,0.4268759423351633,0.5181822964751682,0.6243269820640275,0.6513826516454042,0.696032734375594,0.6973594565292167,0.6760025960070161,0.7118111217341063,0.7772606065354793,0.8678971588330594,0.7608185645611767,0.6634411263388247,0.6010602772666318,0.4990254827243879,0.4904229445636505,0.5672973406362928,0.571326929589193,0.548444730100459,0.33521802910110726,0.32187182849179746,0.4405175356248891,0.29370055050377014,0.40156200137540055,0.631063054845733,0.7846959280192664,0.2226540568709167,0.45737598735165713
stat_20,-0.21683830930584605,-0.20429857294081072,-0.22765827775851263,-0.17209105855618648,-0.22811278712948022,-0.26728882792357805,-0.16765262324037986,0.025020795078763102,0.11093901709384388,0.19952307026620938,0.24768689911845254,0.25152427196228144,0.2148451961308871,0.16908232919205576,0.1236749960787279,0.09269001409774695,0.03442402898645038,-0.009932069237423425,-0.02100787032332549,-0.05624799483487211,-0.07685055152782487,-0.0552411287173578,-0.08441270067393232,-0.08775921227698912,-0.07137184975835519,-0.028546134061267346,-0.008327078753456181,-0.008287696451218747,-0.01098781376018207,-0.10100957203680155,-0.1250810348215795,-0.10662235654318726,-0.08751851494435617,-0.11271658568573377,-0.11413813782841555,-0.13842130961846255,-0.17509922725925256,-0.12768354930752093,-0.18882317244687588,,-0.014338862961910833,-0.1246160258130396,-0.15037046811729787,-0.14901691565497704,-0.20240836849584856,-0.18883422703384276,-0.22032481849931898,-0.2642711703425867,-0.29212592477010774,-0.27378872695562023,-0.28321740562131836,-0.2751455181851388,-0.1912835233470429,-0.14855813625412984,-0.14223758734659556,-0.056412182820525736,-0.02731129010896208,-0.1408335898133427,-0.25842278631916615,-0.3051727554457078,-0.3353709848272772,-0.2440764366448029,-0.07596146092025419,0.06899934794270553,0.28774826448078417,0.39213641918714975,0.31811546602564644,0.3682662896392157,0.30322356169031306,0.25378463510872845,0.15103439631994509,-0.1975927764668108,-0.415407898782923,-0.36407691850301344,-0.2576381210956775,-0.15376445465432537,-0.24133384102019262,-0.3696816868157471,-0.17505613308860973,-0.03566065639741208,-0.3662102768730369,-0.45156199636737276,-0.14316823666251832,-0.29869390312937566
stat_21,-0.8407051551256881,-0.8423977603282338,-0.846082811312931,-0.8654529272964798,-0.9107861375284806,-0.9294122136157883,-0.9406059674324163,-0.9256054101480555,-0.8161480926570328,-0.7625485498234574,-0.7118042252433182,-0.705629887814438,-0.6210392985358572,-0.5582541784400837,-0.4917843748738258,-0.4711078396768592,-0.46931088061438464,-0.4574297915899101,-0.4486251731611343,-0.39774444126303915,-0.39585086660882735,-0.3456491486324442,-0.2700459131379923,-0.2591608441622859,-0.1582725197397729,-0.1300117522260996,-0.15496383299038408,-0.15934130971819588,-0.2233780977206337,-0.2999765449955945,-0.35054980847740874,-0.3912875096899385,-0.41687364851389486,-0.41051306124222015,-0.4031441973566872,-0.3909336281845048,-0.3383300151684474,-0.2664751086991238,-0.19222602984204087,,0.015398889374681653,-0.08674182697383771,-0.10304325377011535,-0.03721316803792307,-0.05708050278195413,-0.07396428144407094,-0.25238016458176704,-0.4048899811485922,-0.3771012812987625,-0.36669109342944517,-0.3885038534362273,-0.36980873074024684,-0.2953679028403316,-0.19166236245532883,-0.10194998766715824,0.026751087607194284,0.061536227648486014,-0.1650617546093736,-0.4179728157765026,-0.4875207376720806,-0.4424097081709151,-0.4337204436908824,-0.37963981543724024,-0.35802746933025575,-0.37586983020332115,-0.5155307123843471,-0.6953294591904943,-0.6498931752924978,-0.7194525718502777,-0.8476152577444063,-0.9202722631394831,-0.8931039099089007,-0.937229268747534,-1.0146424538862513,-0.9043270187918168,-0.7531310064519504,-0.7607774415260598,-0.9019602768956012,-0.8205789381142303,-0.7885809859777108,-0.9662106520463016,-1.7731371649721537,0.10983623162690273,-0.12444172163212747
stat_22,-0.16585093447618068,-0.350741805730039,-0.3483728311841814,-0.22429122111369051,-0.09836495481899246,0.08004490564033107,0.26276956718910094,0.3504040879171511,0.3682703703835435,0.41699999855403974,0.46801917708922663,0.47074043590285997,0.4556390040814688,0.4395361968762377,0.3799603430381269,0.30324990923061723,0.2363058950280949,0.18696312349856795,0.17673543401330993,0.18058575687648298,0.17121588115448746,0.11556037584278275,0.12393485070912512,0.11442846739270082,0.06791674482445975,0.11179918522308714,0.0884240019963911,0.08718176630055154,0.008410304423401238,-0.030173185253709593,-0.07349507755211913,-0.11118642752251073,-0.17180905474887748,-0.16713538331040775,-0.1597421641786945,-0.16605428917598425,-0.1056886329861572,-0.10660727817867001,-0.06883240872292877,,,,,-0.07280981477050497,-0.027846647314022494,-0.13155465295015967,-0.21267324769224688,-0.31656884925116463,-0.3233097220442304,-0.3384390003130753,-0.30295106857583615,-0.2317273421786433,-0.15981796557618325,-0.13275008514207978,-0.013306756519292686,0.13266123077543052,0.07580440958509556,0.025121972507151716,-0.04975671625842112,-0.1203607545052402,-0.14401875028054412,-0.07078811164149641,0.10960310011144256,0.22186628651221207,0.3868103399215002,0.4199007980106427,0.4213025775746184,0.5351423915344942,0.5426440155047925,0.5527764688911427,0.6231411879196718,0.4736652435984628,0.17287978727186631,-0.10154494863469415,-0.4077637502617698,-0.6198839424953497,-0.5524975571387588,-0.4331550254522228,-0.09791475662805997,0.12813551526456884,-0.1395250199707338,-0.1419453071272669,0.0893933243987462,-0.19095641279695885
stat_23,2.011143394206786,1.959276921194155,1.8289497810924393,1.6189246675002718,1.3828754918001225,1.161771321172618,1.0143877490800677,0.8583378031939469,0.6926919095076975,0.5460338349347066,0.5192088459083772,0.5192152885427201,0.5093914501685777,0.522723713960196,0.5184867224289011,0.5216278413254751,0.5368184812022476,0.5799218008205476,0.5829012552435681,0.5630269684259159,0.5335354592341276,0.5185347030827696,0.5052097652897006,0.5062966236006851,0.4901955729804838,0.4519595945034861,0.42273933902798955,0.4176172738353142,0.3966546267133825,0.3619701384090717,0.2881315755799638,0.2482552163711363,0.19716565791150212,0.1867027669171441,0.18941519857660008,0.23990390414938245,0.11623804106559914,0.14160714823160345,0.15844397983292244,,-0.06094539019094574,-0.1726619347547838,-0.15988213907439439,-0.1023151989436221,-0.1167025098114154,-0.14316709422565824,-0.19509006387150898,-0.26102361688839504,-0.32911068747099786,-0.29665443458674806,-0.25807959279700154,-0.19349615510085644,-0.10771120065401107,0.021397767458324383,0.16953680762949558,0.2173617486124921,0.2169647974900798,0.10060077854625799,0.010881582700618887,0.024399871238276544,0.0638853178724523,0.05418951932136102,-0.011964558578525296,-0.04507933589831866,-0.09100249791186657,-0.2247875045381718,-0.2880374260560807,-0.2731698367012065,-0.1680486301213365,0.04212264595176235,0.37326985807433066,0.5718136567545169,0.7761160947245139,1.1367579376815844,1.5731619342526475,1.9188674439429698,2.0675660707373242,2.1844677995978268,1.6047652559966543,1.2757674488358395,1.7489706296877983,3.4722765896752947,-0.04296713491936103,-0.1225401799927462
stat_24,-0.5607728776562299,-0.676636205234137,-0.6930086022897872,-0.5812225000143186,-0.452558191356429,-0.37060623125937986,-0.3951769598348443,-0.46827508951592733,-0.5937220605744613,-0.6387594607768642,-0.6291044481543041,-0.6252984105684469,-0.5382845188358435,-0.40938357865936514,-0.32831932647194134,-0.3263263820284638,-0.3292095578641456,-0.29699914834717,-0.2867424527793651,-0.2960931947156646,-0.24497639088254242,-0.2842854995353733,-0.28516865295395455,-0.28120289941951326,-0.2805981694350945,-0.2762193040998518,-0.2273329900823953,-0.23043834897707902,-0.2216803143106824,-0.18529502810115728,-0.212574635960241,-0.2303147929533619,-0.23415112848393357,-0.22285232750727035,-0.21561571126841006,-0.14862166889824177,-0.09058881272897577,0.007525817052594206,0.03666265602796617,,,0.239201400251569,0.30500087320001035,0.2388975293771927,0.1516575935273094,0.05486136337447047,-0.0756925218519385,-0.10734292792213872,-0.15042788475069055,-0.24094224309351556,-0.2879019891341141,-0.2496254528971765,-0.14278318980018537,-0.16772070943541717,-0.29653979915922685,-0.3043210740163523,-0.1385725093166482,-0.1583993712858373,-0.35130122433904754,-0.3755347037552301,-0.21584592544173806,-0.0897364213638688,-0.15435245343546294,-0.2499009181115121,-0.25470044679093373,-0.4831989310679595,-0.7124243331673925,-0.6999961879774731,-0.7070539483152194,-0.7842517988146431,-0.7298683565130399,-0.45560701722523594,-0.28304577309975276,-0.5107403142446101,-0.8650592218384217,-1.0837496589098647,-1.0096052904787751,-0.7183575200705105,-0.433260387679123,-0.43840339253392413,-0.9811726414081713,-1.4971356825686288,-0.4622824593393756,-0.2696017078888643
stat_25,-0.3902601324346765,-0.555370482335345,-0.665904914916088,-0.6686259723320618,-0.5776926385625443,-0.36745576812944253,-0.14538272393147192,0.08147460897188087,0.22236910315444128,0.3378140013954002,0.39428030355401894,0.397870207516997,0.44825295324538084,0.3912524038187745,0.3348941363214914,0.24945456221694273,0.17290530574804558,0.11875833392284932,0.11469375561790465,0.12420215699486147,0.1321587105951411,0.08061302592995573,0.08674158718359189,0.08270569097788627,0.022842958454733383,0.0008138588862456384,0.005211512184163571,0.002575260645681287,-0.031036060036778106,-0.04676485283038972,-0.07545657822195002,-0.11710633027176805,-0.13681229303135942,-0.11518513786531868,-0.11562667487288303,-0.13810561007166666,-0.1007748274573594,-0.0793493159083564,-0.08254455133269838,-0.013658697347475567,0.04492463000848281,-0.014827849220173562,-0.03379216175287054,-0.04874013698979085,-0.04523292731260843,-0.02309963470688129,-0.08295697431931093,-0.14739444981611058,-0.263670054004696,-0.3179517523047141,-0.30015025477276425,-0.24548961469350883,-0.16217049068316358,-0.150302133594958,-0.1435123002961085,-0.1131607214701256,0.019712581357042295,0.019879830990207258,-0.014520171310611705,0.05918567656608313,0.06299082291847244,0.0773161276039819,0.15329365719175844,0.3215426836085667,0.6337065233971169,0.8487449332985436,0.7720639730213975,0.7019536932426259,0.6272526351525877,0.5364406285992585,0.32662448308041747,-0.09754915991806913,-0.512049797220597,-0.844766021970417,-0.9817589263097616,-0.8714196993503813,-0.6456872073663542,-0.25219459856903975,-0.20784162888011243,0.0228436674882602,-0.394742636809132,-0.6406739276077175,-0.08518283493818417,-0.150037386653759
stat_26,-0.20779213475602673,-0.23650018162386768,-0.20357196940074776,-0.16848011570322544,-0.19712601433807278,-0.24850907248773704,-0.27420180840808767,-0.3758330133202572,-0.4670031893107771,-0.43340717060611234,-0.363334328603785,-0.35837226976446696,-0.2645115363662318,-0.2207252052370539,-0.17183722293701525,-0.19534478630904592,-0.16316750205985703,-0.1317834009807012,-0.10923708762628506,-0.027660341775679418,-0.01766497631519567,-0.12177073992352425,-0.18418716862806828,-0.1838177314341733,-0.1814147260802819,-0.195750281674109,-0.2191931048876078,-0.21954906693298096,-0.14969420147199863,-0.09772549145072451,-0.14114248783909744,-0.15393803031537143,-0.17697046507848127,-0.1754202018669234,-0.17364065074752175,-0.16624702424387983,-0.17010859844222528,-0.08577514723155806,,,,,,,,-0.08525600980387292,-0.1524148390266633,-0.12887510299643287,-0.156753992225346,-0.11837920324265605,-0.06281677946789437,-0.13234497915342439,-0.06654076418163583,-0.08159036749421242,-0.2822780723023099,-0.2127299019696799,0.002056672272979995,-0.024743297495264497,-0.11986872986976098,0.018766523592981418,0.23572354151244831,0.24329205228570874,0.13577355486443077,0.03876450975826861,-0.06514302288994095,-0.174516726484564,-0.22536959420659267,-0.29158802177548326,-0.5219801103149075,-0.6089894106917955,-0.4449674352403743,-0.33319347010627637,-0.36236657371266195,-0.28411691047778476,-0.17073672513053242,-0.30210058717046556,-0.42432147378217927,-0.37507218584872737,-0.1520205705410898,-0.24870686245308168,-0.40085693292240837,-0.6108539914496558,-0.3194787430650687,-0.1483824782397746
stat_27,-0.20959635747676422,-0.23973693107059457,-0.19441994447155253,-0.12615754391116543,-0.10982511253121281,-0.12651245401328473,-0.17720936239392235,-0.2977838393690764,-0.3753572862065635,-0.39934175751382445,-0.38343660476316743,-0.3781735462912267,-0.3148140797184263,-0.22562635868417452,-0.13075113140341035,-0.11111302305842252,-0.10007631902321802,-0.020259433908907224,0.00522119934786593,0.032223975038500684,0.017637015940470745,-0.041738621832429545,-0.10347734411916676,-0.13342829719602506,-0.1705863227320685,-0.20261655563814762,-0.1968848323671168,-0.19409937582239992,-0.16695064645593696,-0.1528399149701741,-0.15865042122393383,-0.16943894097952036,-0.18858004953547863,-0.14334885816178508,-0.10746665564793385,-0.10733883681521797,-0.09745132780348698,-0.08658143050908076,-0.08293190645566695,,-0.008286144121607785,-0.02434403457181525,-0.0446981171576486,-0.110792869521254,-0.05634984271451916,-0.022871197897984783,-0.06572820210321871,-0.12761632809685156,-0.15376886471170775,-0.2120473806644494,-0.19076876784933888,-0.18749320589778076,-0.12624044388980532,-0.1782642355589462,-0.2803414401748774,-0.2756695078831117,-0.08607468468964248,-0.026326534290787167,-0.05985278999575923,-0.04556862145618718,0.14532877755671417,0.17423697161485258,0.047537464201264513,-0.058032477296738445,-0.05759678197925782,-0.21181701898599417,-0.3536019080612387,-0.3711349040038403,-0.42095729092652895,-0.5200390387791509,-0.44072043897513397,-0.2585713956471685,-0.16514185889610278,-0.1971061053272401,-0.23747305807439395,-0.3595112605460053,-0.49163276446723114,-0.43836473504466555,0.052102275369506575,-0.07693746101439078,-0.32655022520409893,-0.36172437638803867,-0.39516094041535593,-0.21413945285533748
stat_28,-0.5729961203684014,-0.5225383815529234,-0.5657032231296991,-0.5536997190424774,-0.5391486548969215,-0.516482793139049,-0.48015368971838834,-0.3907431955867224,-0.3612761064481855,-0.3300997297645503,-0.30801776689206195,-0.3050781400709967,-0.28741669507994216,-0.27282623035837383,-0.24316938177661795,-0.2799373392713644,-0.3090145953898167,-0.31050116031756914,-0.30291991769297355,-0.2588893339524809,-0.24733269543569786,-0.2506155892969736,-0.25634175205896154,-0.2578306682763703,-0.2529638729855885,-0.23224344749121634,-0.28373048611435336,-0.2847299024044868,-0.3286898475425325,-0.39806413776708705,-0.3824541941735586,-0.3793194691947827,-0.38249800276428625,-0.3814597554632383,-0.37844590321661514,-0.3759955117875959,-0.351134452265087,-0.3318521831192762,-0.3060424273748937,0.012558290860099184,-0.058942370667387486,-0.14118298509886212,-0.15159263571413592,-0.11331793575805404,-0.16003673377492583,-0.23721175043664788,-0.29103895387391476,-0.35368456943354726,-0.448920597043996,-0.45815902124856916,-0.43237353733119455,-0.4370118408789489,-0.40104209671402735,-0.35035312745719255,-0.3504775102784436,-0.344380768676839,-0.19174066570055207,-0.14825918272576766,-0.17211711404077762,-0.17518784858304517,-0.244787282965021,-0.3198739164711358,-0.3233768697748565,-0.20554227223735555,-0.005033699522079684,0.012551806939777064,-0.2053976437770861,-0.31517682235990463,-0.2476423439645161,-0.237636148531693,-0.36323423300699753,-0.5719918201664222,-0.6140333451696423,-0.5846418766011142,-0.6603371520254356,-0.6240135359092042,-0.419628277918636,-0.3803697201748314,-0.6292459716095038,-0.5440328420130083,-0.7521362790833261,-1.2433536890522385,-0.047747215584087885,-0.18848350581849266
stat_29,-0.20853006081072814,-0.29375622713535837,-0.29827594556312126,-0.3086563015749657,-0.2837148257444515,-0.19074145442161264,0.006402495102753873,0.275412907854341,0.399828963880569,0.4521690221326357,0.5151215938314982,0.5169800849540538,0.5622922799252448,0.4964904790571851,0.41333420203048127,0.3333284363267186,0.2552304155855006,0.25238651005391705,0.201266952168425,0.1976119223333058,0.21218530690416007,0.17928862410826132,0.1594895199955448,0.16123537370829874,0.1300748478033595,0.08872869478075877,0.06647433994526683,0.06384369351180401,0.01753646048600156,0.0047226055457696035,-0.04921611460795835,-0.10237773009849606,-0.09428601748066848,-0.09810452378616046,-0.10070334976707397,-0.09187682796643595,-0.10983606695024137,-0.08303844298387496,-0.05362740920282935,,-0.023239818789190656,0.02533577764996259,0.021806739519739108,-0.05613024551392717,-0.0665417435565332,-0.04843386513576696,-0.06198995486557872,-0.16860577198704818,-0.26851344844853653,-0.28164761143122496,-0.27615607196308817,-0.2227962891428224,-0.19012723191948852,-0.15750412683828954,-0.1629575850634697,-0.1291207401836594,0.026292876304312738,0.04187307995231474,0.02053870251110142,0.11496982367740136,0.11645631275152017,0.099131690744178,0.21559882298391103,0.40343651262825236,0.6976776334727851,0.8988391501406866,0.8336959630869824,0.7206010842018366,0.6344729211928749,0.60799395608482,0.44973461211452037,-0.011888353607336555,-0.4043382707841127,-0.49713064667599216,-0.4792781547532656,-0.34662080152547187,-0.4054027235872858,-0.3235745636989956,-0.04577877074174491,0.17299384028649095,-0.2284062147832943,-0.2714271034629666,-0.18691203084271432,-0.1667462629551879
stat_3,1.1712147068316952,1.1424126077195376,1.1184630086724838,1.1273955355304148,1.1437185549804938,1.266595707793801,1.3290201830311574,1.310119463322128,1.3673533327783822,1.372409042875446,1.3628509619174336,1.3629082735180493,1.2915871590062442,1.2434277636749873,1.3038062894855749,1.299612365248436,1.3035608177798088,1.2833122837168298,1.2651605696531092,1.220121138424883,1.2055821275642862,1.1944713917317074,1.1931324786835966,1.1941852175637846,1.1827105900023573,1.1979463022464611,1.2766849128499957,1.2839785874704905,1.3670598695527971,1.4359286741245743,1.5140849471245565,1.5361054215318881,1.4645469983372117,1.4408877847197104,1.4440385606409962,1.447059413666092,1.3408206791851691,1.2951672241813743,1.25696224674466,0.3700132576029033,0.50663868042858,0.8816956299545734,0.9541279212484152,0.946461412032573,1.1078158907428244,1.2071808235078065,1.3213038985411982,1.4244615493758552,1.4893028363790963,1.6099534299261822,1.7526378911458715,1.7530531088401162,1.5169385858066176,1.458716341280663,1.4208275040789624,1.3069827592118288,1.1962321839205388,1.0883514635647706,1.076400710917466,1.1924456369337906,1.2859562257960238,1.368630534834866,1.4143310085566383,1.3866722358573906,1.387945998977437,1.3536825112374404,1.3107308374744862,1.447951398686926,1.4982375950049498,1.4484316526597656,1.4177158918876243,1.458394630499853,1.4872695037781858,1.3839135858799514,1.269409122712195,1.2545564963946483,1.2900333398054669,1.3388803361927117,1.1545164753357546,1.2200280499716991,1.25931880547973,2.5734720122492747,-0.16893311430565797,-0.3439019913408269
stat_30,0.028526571105369197,-0.025245754988897962,-0.027835682311377126,-0.06242576632665807,-0.1595591344568084,-0.26252452893192063,-0.2682915443572502,-0.33017137233233107,-0.38001747760675303,-0.38226912768080235,-0.3470313108483049,-0.3432096446009933,-0.2681168189215175,-0.16364177608640892,-0.04598957248446871,0.012191647594819843,0.06946373198442107,0.12194290356379997,0.13287676524895123,0.12608794853101418,0.07756198010794907,-0.014646118037422681,-0.059256154033249804,-0.06661432026511659,-0.10742330190912272,-0.15506896170427478,-0.16113084883866677,-0.15988307000261104,-0.15599380706777782,-0.176250834838061,-0.2185350379670329,-0.24430442672016453,-0.245895198356204,-0.21358789997488922,-0.20826551193680598,-0.17911003742294948,-0.16623658841745773,-0.1591892508391258,-0.12067530566821583,-0.024443195293847537,-0.06482883701254233,-0.15048184089089087,-0.2001249115159258,-0.12376747429500262,-0.0962186588607113,-0.17989182529113573,-0.19789641512199543,-0.1702055740402731,-0.19100529544475478,-0.29003662918624995,-0.32726373366079003,-0.26272556960148474,-0.17260963246961378,-0.19329093463566896,-0.2802482186274982,-0.2772169440694786,-0.11367864969287485,-0.013838428020374256,-0.04950216702451452,0.008684465969123733,0.24368273622112815,0.32316999938273316,0.2704744330331149,0.14704505255917985,0.02304050726785436,-0.16759879749796747,-0.2939696630546348,-0.3638426401178498,-0.5176730105040867,-0.5541989576559739,-0.43416740621153055,-0.41626994170868487,-0.44558659939590706,-0.26705629229755656,-0.08211098729456563,-0.13532832493720706,-0.15951337817985747,-0.1457039962632821,-0.002816680962886004,-0.10835611133684932,-0.425502924922626,-0.4565334902801893,-0.5279339836845285,-0.3538691137657992
stat_31,-0.24058891450925968,-0.14686334884887098,-0.008365286418093754,-0.0296699133357536,-0.04833864064002579,-0.02117863033302364,-0.03313478788903829,0.013122885682720445,0.0945048824552396,0.09098394462341705,0.030731457738488694,0.027723206014093574,-0.023248186781501378,0.006475610557847019,0.03319702007969743,0.01587006305438192,-0.06330712904401285,-0.06997891544141892,-0.06181881673341503,-0.055641539193141965,-0.09377838841286482,-0.07037177202130111,-0.06757688040227111,-0.06800451531190076,-0.09176853507078998,-0.09534613422092453,-0.14126352567341663,-0.14364871267018722,-0.12007877307741419,-0.136735006594154,-0.2003665745875838,-0.24029610437484958,-0.21965831551269915,-0.16272014921070965,-0.15723338622580982,-0.07342277013984111,0.03172970610531762,0.03454507645705061,0.06145323091904079,,,-0.1504755558261278,-0.049594903205789645,-0.009023935485601894,0.03345686890481145,-0.03262121490526003,0.00919172206874781,-0.06815046415491387,-0.2839683965722444,-0.37537935486408686,-0.40862960975780166,-0.4324565046702825,-0.30383646834232886,-0.2627380342214417,-0.23776074799900523,-0.13894269026499473,0.012190237118464776,-0.04545184771705469,-0.17439816493174937,-0.2844167638257416,-0.30533542313570705,-0.3136183210247435,-0.26911382919538196,-0.23170401662657417,-0.15575716655467156,-0.16793922179151954,-0.272353436419298,-0.08748919380567854,0.1972014319657516,0.21773457921437464,0.0926555297475064,0.020701364099829797,-0.07094084582398688,-0.16698243138602661,-0.0945764015375962,-0.021460600400450097,-0.21389451215236108,-0.4272297484042165,-0.053759636000519015,0.1057662184419079,-0.09732611546533398,-0.10747832378706726,-0.09341664193618267,-0.08206603555782464
stat_32,0.04936216879722358,-0.039138646937692055,-0.10378460739837861,-0.11388017803811744,-0.08512162698634518,-0.05869133428852883,-0.14067659721008982,-0.2616632704323282,-0.3207202461302984,-0.364044912110396,-0.36760618265015227,-0.3636954511659922,-0.33185383562323184,-0.3007497136278545,-0.33248718860228876,-0.31315645865245784,-0.22388325414599536,-0.18768586607344134,-0.17420201715707334,-0.18996079346660968,-0.1642334679247078,-0.13431486509860055,-0.15974468179644422,-0.16108043316422369,-0.1551431039385323,-0.13566647435887275,-0.12900157614262728,-0.12963398405827103,-0.12741407561534548,-0.1938997757094646,-0.3242659721214516,-0.3826188715372109,-0.41017481002300243,,,,,,,,,,,,,,,,,-0.5787480520357644,-0.42722742889681725,-0.289649520551754,-0.23266707953087423,-0.19411438609053536,-0.0997195371854886,0.02268380550482844,0.06967704849605727,-0.13229679065845493,-0.19352491956823362,-0.17751795478310592,-0.24030842497884372,-0.22559208633596256,-0.2178048698108684,-0.2940771573818458,-0.43841522854609044,-0.502040908046967,-0.45214425076673176,-0.4891758036416806,-0.4811298223562124,-0.3787387562796211,-0.23899327611236806,-0.05268546719011057,-0.04660790243555844,-0.15898428044294283,-0.19556745720262206,-0.16392934730580963,-0.0715639604313762,0.02822609875986629,-0.03634646040906817,-0.12223795832661402,-0.2685153751638305,-0.3208210286566071,-0.25273698799579764,-0.14884378635591422
stat_33,-0.24920411020218078,-0.32363044048172673,-0.4132022093471102,-0.4586754830482964,-0.45609177972191134,-0.4624613926456181,-0.47766925776953245,-0.5289118958155317,-0.5522903379568395,-0.5603915452792455,-0.5623204612675492,-0.56152310319337,-0.5049202408877418,-0.44193215828991217,-0.41528905665797056,-0.3982464947118218,-0.36477324280224377,-0.3620354441098324,-0.35284320056063856,-0.2780929984249226,-0.21039695044496298,-0.13547959061683787,-0.06246974228723718,-0.05205919539313309,-0.06213651226264407,-0.015231154185123282,-0.02246793426240115,-0.02300758433381814,-0.0941717934486185,-0.16272055911910863,-0.2405666272152988,-0.3163573017667942,-0.35460173761276315,-0.3711113546858385,-0.369844916796231,-0.3425044792564641,-0.3190674047967358,-0.2642417979431636,-0.2113151601001305,,-0.057729455048105845,-0.10660815448026148,-0.15709047086565567,-0.08425999390716925,-0.10125959405325913,-0.12449664648692702,-0.26679095205033043,-0.32348048304439136,-0.4076889064663741,-0.4137426909083649,-0.39196752955737185,-0.3066955034640465,-0.18347264907831443,-0.08870536441805427,0.04525126214170586,0.172920585439354,0.1760063908905644,-0.0017719536503448799,-0.20035392648077546,-0.2678995251300278,-0.2598487959648988,-0.36628355502774435,-0.42535322644569223,-0.4154349445999162,-0.40122875129880564,-0.47125423209226064,-0.504682236037395,-0.4553074167330061,-0.5738757543895342,-0.6561692743968467,-0.5589085092703339,-0.44944127632904085,-0.48502175111848644,-0.5357257093434621,-0.5842865400799466,-0.487809485882418,-0.2385589391431847,-0.11450988129575924,-0.12317373143673845,-0.3638599183343914,-0.4512609693570927,-0.7480319578353432,-0.17957597359713492,-0.10583945795368857
stat_34,0.06338118826809565,-0.003132098657150242,-0.04794830894493527,-0.051631760803748976,-0.00561133975380387,0.006366820767247158,0.017230026150604438,-0.02505066069786797,-0.09682578003654368,-0.14035550062155758,-0.1853688273947256,-0.1821802468351174,-0.194717146754527,-0.12669253281450246,-0.1112409088696418,-0.1075151747207015,-0.14239307923474576,-0.17150621213359757,-0.15628467823660297,-0.05840316120777803,-0.023349086759837837,0.053904386621042306,0.13508049559103366,0.1355880409654936,0.08902778243387667,0.06751373556205277,0.11174289997144086,0.10908561042982637,0.019044868020840756,0.10645787640487789,0.061134426417686724,,,,,,,,,,,,,,,,,,,,,0.21175090593327686,0.12947752289797385,0.006562224637972675,0.1557872172191029,0.2123893863475903,0.12921112336753107,0.09006373760371596,0.06354473560830527,0.033141588924833806,-0.02269103373467381,-0.19951370563221563,-0.3510792240501068,-0.2643655787861827,-0.15541679024237476,-0.23281842979680742,-0.2939714317565957,-0.18764755045133744,-0.1467721287667246,0.013257218557168793,0.14666070744913492,0.05958094931398332,-0.020024581913544726,0.018016153121037284,-0.057810060902277735,-0.16506626689538925,-0.036755041719229026,0.1367827248595751,-0.0977504345399146,-0.08594879210421644,-0.038532901013037094,-0.09568193750145873,-0.0010235903646070895,0.01271961048219539
stat_35,0.6087579185057156,0.3469236429525872,0.13189793500722452,-0.07174393081169472,-0.17765082098974744,-0.21318563637878382,-0.2052604816064098,-0.20083446117027806,-0.200379083354528,-0.251452392024049,-0.233972227758776,-0.23361213322361152,-0.24286978540118354,-0.24565855363964925,-0.2569126440796593,-0.23568927329855047,-0.24720577751773598,-0.18811835927785084,-0.16560661324583975,-0.06807047587411955,-0.008357616291416842,0.05935542960244877,0.11688243521878362,0.13251804260049233,0.24551046176571112,0.3960150381592991,0.4001262300254091,0.3957554395748578,0.33431761432486196,0.3295989345187193,0.365834099125956,0.3904652001927089,0.40300101969360885,0.40760215351994744,0.4194454644422528,0.4248509190262595,0.4371410537730381,,,,,,,,,,0.35748070996336534,0.30578281241097016,0.28499464745442343,0.3469042234750425,0.3555004252353634,0.3094005135135065,0.23498209277680673,0.2932427314675743,0.3911248101646616,0.3652883930573967,0.337988622559936,0.25353327101223777,0.08154769076948072,-0.03946561432819383,-0.15021252468407645,-0.21332103347576958,-0.19251650182229155,-0.23093298843383975,-0.2622387395405488,-0.2818049568517615,-0.17842547104701786,-0.11202125788957307,-0.3199185382740171,-0.36358897105022603,-0.28803744154440747,-0.23128963564664307,-0.4078708209274641,-0.5929064145445191,-0.44303652147084016,-0.07157990113292012,0.3128723364819058,0.7584281568816829,0.4822367470987298,0.1278828286707625,0.468388334158634,0.8940096714812782,-0.057409275996211644,0.02451937933400138
stat_36,0.08925311638037933,0.1454087232339941,0.15383216464513727,0.21340323501244607,0.2042019684812992,0.17130806555556294,0.1327072255362469,0.06131071425040805,0.04538802652994531,0.043961129302304766,-0.00027222150770510003,-0.0027637208909191925,-0.05370216512813039,-0.11540298667466335,-0.11490627901109397,-0.09776538676561061,-0.1436743928767462,-0.1164680029407356,-0.09740405353273632,-0.0580938064336378,0.013575386042558589,0.062487958551757275,0.09211567786297148,0.09059306154445368,0.13476071552785865,0.201388711861589,0.26786050232494113,0.2680917152284155,0.23746653185603148,0.16716804873914087,0.15993563747062023,0.08720014802564542,0.016105976292705364,-0.030033487764121906,-0.02788487321680289,-0.058189480584612596,-0.05370798545717753,0.016472340603562553,0.019348842522738954,,,-0.1339125273534718,-0.10807716630287813,-0.037616362959919394,-0.017033136480565775,0.010915453739793338,-0.049254058538457955,-0.07777996316172253,-0.06825694669201145,-0.05436050272864465,-0.004404705297973553,0.10965433567849421,0.24644736979284507,0.3574128394552575,0.5279074517065361,0.41829199182116494,0.2778028214511523,0.1081270060781662,0.05697995375769579,-0.06404849266751193,-0.13908555942366566,-0.20225612191846126,-0.24805044901884546,-0.2795217477115733,-0.4061652982445213,-0.3271021983061188,0.0002650350460568208,-0.04250949423422869,-0.12412986091722451,-0.07624879888507291,-0.0015537453213072367,0.13567364852546432,0.28157638124458345,0.23953033134867413,0.18017430331489565,0.1626305470447055,0.18857155032628245,0.12683854402257605,0.08597927441354414,0.08100081821776807,0.07450810520816391,0.08095797302599747,0.10220687441097781,0.10709619294751549
stat_37,-1.1090758661758195,-1.2661493822173713,-1.398562853114516,-1.5407077831503488,-1.6664443924570624,-1.570284792616379,-1.2708024470499748,-1.0658733895491104,-0.9252741014293258,-0.8160094088048128,-0.764617322077874,-0.761389782741729,-0.6915261295347266,-0.6277755752416946,-0.6024007849028574,-0.6054674687320338,-0.5841116794408464,-0.5522938211519487,-0.5207183079557277,-0.4596569551749579,-0.39910768731447094,-0.3182014800845833,-0.28619210468559136,-0.28554553840055247,-0.3014074968981561,-0.3303670839012448,-0.29380484877096735,-0.29128033221614374,-0.27051256080765596,-0.2887784673753176,-0.28372403091384824,-0.3290181986970712,-0.3620460106509951,-0.38993855683548795,-0.3994160525941617,-0.4425929612749167,-0.4401954703890653,-0.3719250764779158,-0.30512932704087453,-0.0019061759396788796,0.001316007261539941,-0.05956883345331797,-0.06121870781448985,-0.007912172951198462,-0.09063146220665184,-0.14709961113651948,-0.2649269867908833,-0.3108779644800867,-0.2850207897101819,-0.231591886768508,-0.09068614926361818,0.06443943389461892,0.1370388932114351,0.16456433135527615,0.3358987639896805,0.3460555468152526,0.18597802436463637,0.20696784371945465,0.17290807973097577,0.06153277906063413,-0.0073836908470192595,-0.15053721346161494,-0.34883060241819697,-0.334788015274838,-0.3171050795182001,-0.32438104020836755,-0.2999287676115359,-0.34156364064652334,-0.4349588289828917,-0.5489772695047173,-0.8245394448717924,-1.319427273954453,-1.9003128441712458,-2.1075852832808986,-1.7532951366627523,-1.4388032402487994,-1.3218941287873223,-1.0001865440798503,-1.0958330361481852,-0.8589422127817741,-1.536390850207033,-2.8509762320901126,-0.38766603661674964,-0.144989857321317
stat_38,0.0738623991257565,0.1309672350420883,0.10604908304014317,0.069840730740083,0.08963970168888802,0.12698781474653237,0.018827962048347573,-0.08180553621614672,-0.12841632608520812,-0.11869725965506801,-0.11277137173571172,-0.11239893930946132,-0.14622558508435085,-0.14977332879463842,-0.17817037158898075,-0.2039980738937431,-0.18445091659534624,-0.12738495596102262,-0.10521518175474673,-0.020075885576709803,0.06831739333186602,0.10923721869522429,0.1094796885438615,0.11118254375796677,0.14099482989563256,0.18635544244799668,0.1586635117208835,0.1581366242665116,0.1111972398032499,0.12837452270351588,0.12780828724212545,0.050032119815756226,-0.012887782650205008,-0.017854257692690584,-0.017799104741916517,-0.038886968178816525,-0.05655606424490554,-0.06580066791392068,-0.049855094768824285,,,,-0.07674553102041554,-0.07545121431183864,-0.06963296775854035,-0.07456071761628726,-0.12452366292800228,-0.09763348586074493,-0.05361123815896714,-0.10635263866790065,-0.018865618434400953,0.15095532374686055,0.21093570971336945,0.21637168623815775,0.364546014737132,0.308257358424403,0.10158793506723898,0.1355755072052811,0.1596350763165077,0.08526002170270425,0.014136095418829963,-0.18224709675805612,-0.3483627120384733,-0.3870077015750291,-0.2546426885258955,-0.23940754868388361,-0.17058480564404546,-0.10097642765006408,-0.07246710913955046,-0.12191634039819305,-0.13162683157788013,0.014502330005584077,0.13960570251763,0.019322836614383103,0.002448200159087085,0.05819771944409464,0.132710913863964,0.23374407701888922,0.035488167620052385,-0.03633471621011818,0.0719831761802117,0.13614705776261685,0.043464609517113395,-0.01921462209737447
stat_39,-0.3608549544968285,-0.3502609192442731,-0.30404090534038725,-0.34760654140579517,-0.39256129994907785,-0.39492279061379254,-0.4262321904087368,-0.4392034148259105,-0.4473929861990191,-0.4818821712815569,-0.4358524396341396,-0.42694124741644957,-0.3424511395776062,-0.34822026895309083,-0.3123474491182727,-0.3095809314666381,-0.28552411471661066,-0.2541159175285238,-0.23043107622743814,-0.17563995360501372,-0.15746132678667848,-0.1204428915812028,-0.09489482940921179,-0.08527567513871741,-0.04914005868111289,-0.07816964527864714,-0.1070295461752078,-0.11129702396386622,-0.14791557370454458,-0.20597877879307777,-0.24649062934320778,-0.2635914536482234,-0.28918100747203485,-0.31013864780925954,-0.302533512604288,-0.2946881801315789,-0.28802679844875684,-0.2723023020859555,-0.2643973117597262,-0.021873779141721523,-0.08976431848105544,-0.17378794629079555,-0.14881711029074737,-0.1708468546568101,-0.1489341194370944,-0.2022572969626791,-0.274830909300164,-0.2896667364913491,-0.30756664223017804,-0.24966143901332485,-0.2494518556684632,-0.2469567424993338,-0.20791023547806675,-0.11653823182249946,-0.019418147246992642,0.1263556835105427,0.20129437917334428,0.06358281910995575,-0.08194507218659872,-0.08880340003250857,-0.02186865141693784,-0.049284617069360374,-0.07636411774163106,-0.11204510077662343,-0.15003759802044891,-0.27918528140827265,-0.3826471605934081,-0.2853865028010576,-0.36785745944071296,-0.4166847249917093,-0.34419424181498576,-0.30986936290614836,-0.40097481023561776,-0.5027770357967979,-0.3671273505737521,-0.24880055119024969,-0.2692081842070738,-0.29931442288841115,-0.3823063995457671,-0.4037141284059176,-0.30206924874731234,-0.8356589120071353,0.21144448166417604,0.27736673769836945
stat_4,1.720886183554668,1.7191609184844754,1.6946214042387293,1.6476015492204805,1.6047436655344371,1.4323379447516347,1.3092212677684345,1.1756431671591066,1.1034788687988708,1.1379680036972342,1.1913474664663288,1.1924390143673187,1.2071507379612125,1.140505987570798,1.0071985253208189,1.0316264970264772,1.0003105924135296,0.9970790944393129,1.0042815906711013,1.012032064241941,0.9568910050392397,0.9486893654218849,0.8365237130668803,0.8427372004537392,1.0247002818425999,1.182417775095962,1.129663903258922,1.1273112622018666,1.1514680390006238,1.3183778145342702,1.3084003237851163,1.3091719903595165,1.3633217543129392,1.3846710583864494,1.3796128404155146,1.2636082579467969,1.120788892002225,0.93841118468516,0.8154626761891234,,,0.5217930527390598,0.5872346352570778,0.5419679560405941,0.5003979447543955,0.6902271014266552,0.9835353112752713,1.1550167725669274,1.3347935130884254,1.44473811230872,1.463254641156267,1.429335530962943,1.3241886426365157,1.0887406349859525,1.0471956807537468,1.2206704310862502,0.9983847807234663,0.7904542790210011,0.8333248966062,0.8974330226062597,1.0187111890359812,0.9643458141354297,0.9412547621905466,0.9380348449207287,0.9085461131902502,1.0581413737223209,1.177016494648257,1.1844415509243449,1.1220005954308208,1.1116468394455175,1.197182527156037,1.4642931397130148,1.6638513349949529,1.8568215999354998,2.01755484929347,1.9420094053453334,1.8856517211904116,1.9224502816040219,1.381444434819553,1.1897941713400062,1.1236424902613789,2.6315546972855532,-0.6165015488341758,-0.5593887538610747
stat_40,0.7196745149009761,0.6559759629900989,0.5808161990243773,0.49657688405824335,0.47755637130773787,0.49621157726151144,0.505718127726447,0.4869527745830986,0.4912846841892856,0.4636648570310592,0.41274306320378457,0.4056004490227419,0.3387206114173256,0.34781712659056,0.39778204250982574,0.4309094883681192,0.41004502638278767,0.36842564693495056,0.3552788857888873,0.3162658429246064,0.2985389432991155,0.282944371227707,0.2558161177039471,0.24748573228408446,0.15995250455045407,0.08649809984420039,0.08052489509170177,0.0788302906994183,0.063217926242102,0.0398379967948911,0.010395124084925293,-0.008607342783782628,-0.0055209740964416954,-0.03852284695032766,-0.04404677457074236,-0.07632721107146012,-0.0854355226428676,-0.05897414707771369,0.007456440468685079,-0.09166683851015418,-0.06829232562745073,-0.012134608310485124,-0.02619085276056044,9.692408047688371e-05,-0.1480751787482229,-0.21116761503546352,-0.2737447229276456,-0.31476531631531357,-0.26046859990140026,-0.11880454479175617,0.004339771149627932,0.051301183652413956,0.024315704323276125,-0.024428587484153788,-0.026255588102406472,-0.017066329029943348,0.05794032623486533,0.25382604408429305,0.3697861860889448,0.34782611860710955,0.28748061225479604,0.2525031008226206,0.3270805739383545,0.39889717318475953,0.3436187591792167,0.35051710074641773,0.37916827846312384,0.35756284271388583,0.2914699196477389,0.37872630402294216,0.4414845977637843,0.42961007406910373,0.44436045054993545,0.39615392830215435,0.4085588588226846,0.5714557379338573,0.6848503595995784,0.7692652029352126,0.5797335617841016,0.31507109005466943,0.49143634845155265,0.9702383922376716,-0.5586989283856112,-0.0684572273529613
stat_41,0.0501296535544031,0.0609016613352883,0.038121415859117914,0.007772233311797998,0.06556941693712114,0.09700003448199508,0.09752197510278704,0.11135264582668133,0.0726648086682807,0.017928194139340856,-0.048480510332474795,-0.05056781929773218,-0.0977670982380559,-0.037556330662420034,-0.03702530839558494,0.018055863550112704,-0.006714778863902015,-0.06760644235350144,-0.06161564895622252,-0.04297441173034198,-0.04087284801140662,-0.02526924113161372,-0.05517669544596415,-0.05463401004128929,-0.10434436156087706,-0.08234000426477388,-0.08357031522465116,-0.08186040957788705,-0.07182065186030849,-0.1913622661049412,-0.22485305065953684,-0.27353786301748817,,,,,,,,,,,,,,,,,,,-0.2628230969308329,-0.2368218981830108,-0.2883777216137264,-0.018387653588195024,0.06815400144147012,0.04077659236074629,-0.03029820029967795,0.02443734835734716,0.05689760406408357,0.07235933853612023,0.07814790627224907,-0.04490294409084303,-0.059398502454230444,-0.0832920066974249,-0.13073913092775025,-0.041223195315144796,-0.027731399861642133,-0.0663622828113206,-0.056046561474081144,0.014621964056612714,0.10495932123988957,0.1049652376666426,0.10034171930633391,0.07288771565015133,0.07006256326702644,0.11593763861441136,0.11808157716204323,0.11973991406462213,0.09555314030213564,-0.04981404720875889,0.2553854721609003,0.31399464238224456,0.21578166413423183,0.26905008515074014
stat_42,-0.11182331696277842,-0.07157618892102273,-0.018648335483067782,0.053942252406161725,0.06688118608142597,0.0830509977806234,0.09820360250154979,0.10936455833702144,0.07920360189725102,0.08198205333833185,0.07155064727055292,0.07111773283021136,0.0428176212498111,0.023654161334121755,0.03845302353133343,0.0468127963847539,0.013862970314901904,0.003952379946078721,0.003269478398871872,-0.0046109623093298765,-0.06805400218130735,-0.07466192056148792,-0.09055453855649463,-0.09285972529859028,-0.14036694078883744,-0.19121674802576152,-0.25101089743654575,-0.25343788093001146,-0.28782154645094116,-0.23318501001024355,-0.2024300439155414,-0.21604684859462064,-0.22838386230574384,-0.22148876576620172,-0.2184074653137553,-0.25025010330889635,-0.27856983411613023,-0.2590227139833758,-0.2511578838709849,-0.06386498108424468,0.014214536046073449,-0.029568146477140896,0.02144619279170943,-0.06511918294262854,-0.10753400030583656,-0.1897515373896836,-0.23725167506624487,-0.23463800603023918,-0.2773271839071757,-0.3222080280195003,-0.3074373490251076,-0.26640203367040893,-0.2737163666051395,-0.38648142155668114,-0.3950760858605922,-0.31216079567088073,-0.21716724039922547,-0.11354679722872135,-0.018687014453299983,-0.06044463756167715,-0.10755879853366625,-0.17979768336753818,-0.07995125967126444,-0.07473362138184511,-0.1225441583337297,-0.12873812616220537,0.011748616391617487,0.05968826444321708,0.0631950170784131,0.07446859925635853,0.09356456593218042,0.17027432951055352,0.1576818442934641,0.11606329740225302,0.02500393498576393,-0.07297790358244573,-0.182660682575837,-0.20445212771231153,-0.014821737989550577,-0.04204976944613295,0.013583420886408765,0.02118130123999779,0.37303759720870294,0.13100068726649114
stat_43,0.39633136682358366,0.24884229069233016,0.11608444286338264,-0.06021356229854743,-0.14690741189934825,-0.15260491140123525,-0.21315334233113298,-0.29201359602953125,-0.3078211688310886,-0.3362134444089051,-0.34521072975457345,-0.34397934337571523,-0.3538357638738607,-0.3381692433957984,-0.3361645377634769,-0.3602183389623129,-0.35798390329161184,-0.3184698625750293,-0.31157441512242495,-0.2681075167812903,-0.2475190083920954,-0.22031854837411832,-0.2305751058397658,-0.22708633607494969,-0.22172574346990678,-0.19542132560845407,-0.1875311978832443,-0.18552142078837758,-0.18161550502236445,-0.17086140516364837,-0.17967558416982995,-0.2236584541208065,-0.2689367965839384,-0.2806907752658356,-0.2808795290991348,-0.2888460437945147,-0.23774173189254547,-0.18122910706964018,-0.19021445700203532,0.01701267069775209,0.022439810283582533,-0.039295529227271996,-0.1860602782134013,-0.13525040729634688,-0.07500115454615014,-0.10440029706226325,-0.17661583130681296,-0.2821679764561317,-0.34816417453700643,-0.3197489245935728,-0.35166259555097845,-0.3407305804706714,-0.24722901080846107,-0.278654912579841,-0.29973226887472054,-0.2908643525582572,-0.30292502565622287,-0.204286228998751,-0.1684971308852461,-0.30008973795985333,-0.41906471476485213,-0.47238123126396786,-0.494254205352972,-0.48720715278416515,-0.48045632999012045,-0.5236190560555849,-0.5271708684591372,-0.5960243542617314,-0.6625340010564056,-0.6174802402069837,-0.517965065927269,-0.416044040572693,-0.4308461022132944,-0.43585350485254815,-0.23374191867829072,0.07442002418354869,0.3895203262265807,0.6013655573984784,0.23756849801154153,0.07474877716938771,0.5625020210601147,1.0232913881003667,0.39163284178865854,0.1432231250995431
stat_44,-0.6000404786089955,-0.5772012393258984,-0.5177969393137701,-0.49509008866870474,-0.47665092796069375,-0.494302195500667,-0.502442422914219,-0.5633530479989594,-0.602095050917406,-0.5952180385369574,-0.6297652760743474,-0.6314939213735885,-0.6205290213379728,-0.6173439478493566,-0.5685163756354875,-0.5113025185640063,-0.4434085117132616,-0.4197076520989699,-0.40776518548830115,-0.37962201064952644,-0.3662030255784962,-0.3737710339869573,-0.36100695272323885,-0.3558136517468658,-0.3429880360831004,-0.37514549124740487,-0.4253407764747671,-0.429317035770129,-0.4461551285672318,-0.42314875287851617,-0.40054574927165804,-0.36924121179077196,-0.3402454947539216,-0.32997373108751477,-0.3287523110243582,-0.30678119148261973,-0.29208883484116516,-0.2908716450858313,-0.27125183839016026,-0.09220528797597466,-0.13104436851477855,-0.12834948476029254,-0.17816754457928405,-0.17348790084720472,-0.19348379611389008,-0.17433932844818126,-0.18872657633698192,-0.13978688643805362,-0.12745193938944557,-0.17573995910467402,-0.14874988847301548,-0.21643183702125587,-0.2943553436800575,-0.3685699757377012,-0.3964511136603908,-0.2913292132918802,-0.21781839999377142,-0.27019567577643827,-0.19433218423626095,-0.09442565563666305,-0.08376272035770951,-0.1523322949160684,-0.27437164703027056,-0.37467336206479757,-0.4019271100211227,-0.4299181855834667,-0.5347110752613828,-0.6178888549688865,-0.5743436135564419,-0.5300283468712136,-0.5113643790005251,-0.4468247339982731,-0.42597272569430333,-0.45627396061528636,-0.4947138304386818,-0.4635394566564859,-0.46829618043063354,-0.6016343141413081,-0.6307687519479472,-0.6233779556716457,-0.43197070499867635,-1.1028457755366128,0.38692696733103205,0.24523586024787286
stat_45,-0.11580318890668913,-0.18169790295772542,-0.17520990782173887,-0.17717742397825287,-0.20842874589319813,-0.2269174845778909,-0.296254334748855,-0.3516709523278451,-0.3820656017987303,-0.3701262189200302,-0.3526227503849088,-0.3541000560108399,-0.39737846759969203,-0.41413132925629204,-0.36517279568614835,-0.35232575386535686,-0.3003930149971864,-0.29043315017362104,-0.283517314296735,-0.2587950060955161,-0.302595959733338,-0.2878285158779132,-0.3143878227087711,-0.32149391196528293,-0.2782304147956631,-0.3725096246902173,-0.39491612859065767,-0.3940237705968961,-0.3729363108838768,-0.3550441253361126,-0.2666175025253822,-0.2548463914425808,-0.20011435068077096,-0.17334898701454438,-0.09545904487174871,-0.09967118061146868,-0.07353755642692197,-0.06391402462599673,0.08692543464235244,,,0.15546618483261004,0.08584225140737098,-0.06228000813142303,0.1764626295251433,0.09670581380051874,0.09916670485500224,0.11267853291439063,0.09451762766961917,-0.04663678993982746,-0.14672812584818976,-0.17581813379838024,-0.2926851019739128,-0.4082570411141142,-0.44737471410858526,-0.3942375937512557,-0.3216003225672852,-0.3128512785988337,-0.20337379096466066,-0.1323555215678637,-0.171538968244055,-0.18670822378250018,-0.2399180032915126,-0.27050787153525324,-0.2977902639721508,-0.31680580687475995,-0.3374845376483708,-0.39293503552743014,-0.4060439268845943,-0.4740575395936682,-0.4702226496492418,-0.4176229038996033,-0.2854775000314895,-0.18572132100837133,-0.22577060265031365,-0.2540957054363294,-0.11999992201340531,0.035401617163114366,-0.21201096736311847,-0.2765263824006645,-0.2394408839879248,-0.4738061260351311,0.2522841385610433,0.13224423877045172
stat_46,-0.33908322794186696,-0.3303243692047189,-0.3943195023897661,-0.49009613478798913,-0.5121369022562887,-0.4788011367989834,-0.3558153187705098,-0.3037953051096524,-0.2437618816206022,-0.1270598939229238,-0.02460665423882449,-0.017345879445912673,-0.022599736929403487,-0.08632752558481742,-0.0820549513558356,-0.04639643578905978,-0.10439758211169209,-0.06817121743906185,-0.061673031143268074,-0.03374962390597325,0.021449780819635587,0.032514175605197364,0.013314942708604343,0.004563433204081034,-0.07601955121310192,-0.14348637919653082,-0.19980152942821397,-0.2039626149905728,-0.2613671061129037,-0.2936912750917506,-0.2916240030049198,-0.272857787004033,-0.2833781847948713,-0.28754022891063763,-0.2823520592797883,-0.26179636200138473,-0.26423887209474406,-0.24325381244824854,-0.22987265519374522,-0.051534689649654276,-0.1352525576455805,-0.08911690685425779,-0.15065618869705377,-0.11109141353054838,-0.15097957002837992,-0.18881699064500734,-0.18814780590361468,-0.14458451045839282,-0.1945737961095353,-0.20740906260274736,-0.20047459402305423,-0.3066888839219771,-0.32355513051266577,-0.32287735148699526,-0.29610434230540134,-0.21399022712763655,-0.003166202253934492,0.203275907778727,0.2908558299838792,0.14274626506850122,0.0690935881877832,0.12396981268105758,0.1496573869585039,0.2125003444292661,0.1604395343023636,0.15154126090158898,0.2667519477080827,0.3742806650900935,0.14699970957693603,-0.13458651079639575,-0.24881687340078176,-0.40469716656021065,-0.5915747895111613,-0.6346560105571472,-0.5084539383349092,-0.2682118516776005,-0.16413324007422453,-0.12479627602202477,-0.45861117338435886,-0.41807292572611815,-0.3079207964578266,-0.7798016965237128,0.2470535876862408,0.24826362144916253
stat_47,0.1037865561726279,0.22452775467735422,0.25004510417031733,0.21283614504446174,0.15299332829423706,0.1712181810704106,0.25369712204936684,0.25944628316310586,0.14788919794731067,0.10817156212518314,0.09121517496410014,0.08657145453131111,0.035724195749397475,0.006236003592710237,0.04205303026003128,0.048304588914425524,0.04377839738754532,0.0408348852122272,0.04336878690047692,0.0631443712406655,0.06025105684245395,0.07523472722440078,0.08899780094024062,0.08384806954111651,0.06726805953994877,-0.035794875593359886,-0.01915587018156069,-0.016402551192260934,0.02914916884937476,-0.03885538004935407,-0.07928259621116228,-0.1403808096511818,-0.11205131636580944,-0.1023048078531394,-0.10047456368316478,,,,,,,,,,,,,,0.013717906131381298,-0.1518950485505589,-0.16848374382359485,-0.03011495323883781,-0.014744384248760649,-0.03321847670666029,-0.14021612016650314,-0.07966475112949431,0.020686949832986797,0.0896522002606214,0.2158794975424957,0.19022496860333518,0.1210089685098336,0.10966650623626989,0.14406495395909008,0.09207711804072775,0.054046244235754874,0.008986619746912913,0.021464880588748056,0.0310884787768204,0.03668625923981984,0.089590839070687,0.23988690181278796,0.3012230871194143,-0.000522934664165453,-0.11713880035215118,0.10607880397684177,0.20616208089139829,0.18060748155465733,0.004517914248287094,0.19398502315150365,0.3243409393420076,-0.05534505157337112,0.114524975547431,-0.2331131116757834,-0.11755901230282098
stat_48,-1.33043698759745,-1.372457598033239,-1.3686109012226304,-1.386547116070737,-1.28136567830356,-1.176915294403499,-1.0966521575697477,-1.0477654286531946,-1.05739738875222,-1.0147060491829607,-0.944358810910349,-0.9361045711755531,-0.8086688217714515,-0.7913708085110149,-0.7780588977237938,-0.7843738576014945,-0.7894588624510576,-0.765944852197408,-0.7501688973474397,-0.6886824066719484,-0.6117692254902444,-0.5328517151206629,-0.5147208343657684,-0.5071568028014415,-0.4506201036283117,-0.4022502947930673,-0.3894361466539143,-0.38782517600287775,-0.3756839582565433,-0.39735851689737756,-0.4089195617390404,-0.45351209235216006,-0.4866750784927822,-0.5139299452399706,-0.514924096458302,-0.4755664075027324,-0.4446487141869381,-0.4377383041837921,-0.4317728508077954,-0.045099287764177785,-0.038342785467846044,-0.18556191969713076,-0.12317141914247037,-0.1061347629814587,-0.16473864490429133,-0.21092678280308338,-0.2437130308192647,-0.3052270372635749,-0.42389689567329836,-0.4657482699350647,-0.4429048282565944,-0.43757118155442,-0.3799215799093231,-0.33548572515568564,-0.34896913024864806,-0.3602200845990704,-0.28049448810135347,-0.2622716647173168,-0.4150029894229018,-0.5907700268009642,-0.6725249518556327,-0.6906025560022272,-0.7475599748094396,-0.791432570462854,-0.741515975413873,-0.5340733390816952,-0.5205633354991167,-0.8632132781337849,-1.122410898992445,-1.114024639418051,-0.9768044142160435,-0.9182289309411729,-1.0661562055708749,-1.4467108131805255,-1.6162880990996549,-1.570531334169744,-1.5640615898429804,-1.5153378633991932,-1.224888116654259,-1.0147121249691011,-1.3715700255359324,-2.5335932263282306,-0.17330133654221844,-0.12248066379480704
stat_49,0.5546764356314375,0.6018466228986312,0.674243461422277,0.6763001816492541,0.6014627635945596,0.5014272343119109,0.43464926163412676,0.3807305201803617,0.30962948878599567,0.2888570863333587,0.26713459534854994,0.26516686674205464,0.25950173242723523,0.2541167634393825,0.24653777326090226,0.22620635724562024,0.22741391791752533,0.19940575343450803,0.2054548091819399,0.19992267200719566,0.16206134108740536,0.138681751964944,0.09180673593184749,0.0891543119583387,0.05017262718096981,-0.004367011103914873,-0.050839811267699084,-0.05472927582811372,-0.0942271189892096,-0.07033094569986112,-0.088654614950632,-0.09509662501315296,-0.094014427394299,-0.08527366104406019,-0.0846678384570068,-0.07955616992486071,-0.03220495251881284,0.004136299207533671,-0.004442357147475062,0.02350279846051263,-0.0031522892508223177,-0.024472127898208403,-0.0512316269581286,-0.0722197119206177,-0.10836699582473508,-0.06534758191660274,-0.023445887110469625,-0.08642453760797117,-0.1935174701185082,-0.22414150086407242,-0.25721510879642356,-0.2824359511988718,-0.2195555896312876,-0.2616691912737682,-0.23957641768032112,-0.1759025787063571,-0.11728967942876076,-0.0056283311247167,0.12485963420368953,0.049886346945439086,-0.025541861868124394,-0.047438984451173186,0.04947228010260732,0.03808864424320362,-0.030819927604065687,-0.02928991990722829,0.03528104302321985,0.05808752102780354,0.05212709402067353,0.09010923731774463,0.14316415235003677,0.30921668546748643,0.45574214549527414,0.6518439481914823,0.7121121554708603,0.6727069537920315,0.6472914546021477,0.6347370767103341,0.46271766726840985,0.4141862204892005,0.7371610111668634,1.2600322613791362,0.4695355513176657,0.30952063337983926
stat_5,0.4495488386440217,0.4354520985121948,0.33351090152884505,0.3170361875324117,0.3727033518798833,0.43118786158068617,0.5381441159490399,0.575308659976045,0.5561210427953167,0.567621687700829,0.48239410433941204,0.47474126051568993,0.3796121609959018,0.290724487205035,0.18634919869737288,0.10979386184826737,0.13220755317063398,0.19770970686095174,0.22485683768053963,0.298885183755378,0.40085305712110975,0.5259986576914225,0.5314356247985494,0.5370702396350578,0.5551015083355119,0.48538224727449697,0.4431247804281485,0.43777733979992917,0.4502989939107053,0.41801896422669477,0.35459343820441896,0.3116670935694434,0.2675387730500947,0.27253949477211664,0.27668452759399115,0.26169813331818975,0.2805834142296308,0.353682711746692,0.14765761653110052,,,,0.17140225955934416,0.09420076712558181,0.01588431272924427,0.24087290429472363,0.20746864221439407,0.09966310749220796,0.07626222244132429,0.1631808355657958,0.18083390214728107,0.20701938204204773,0.31286150139071056,0.401485215565339,0.4707279799942068,0.530945225796427,0.5797962133865412,0.6564222758160615,0.6540827766896252,0.5076098365742873,0.46032881620665145,0.295910150858074,0.05686587338250903,-0.018713584854635753,0.19041902847441464,0.32139908466258216,0.38861966029239897,0.5710526309772407,0.7463737348722747,0.7176860629887569,0.72558530490661,0.59729515225451,0.3813617271385379,0.36043688861404977,0.3804331955841941,0.3773802270197352,0.46670187294800336,0.45293752084025024,0.288507770958132,0.3520486322837202,0.18259298770296062,0.6200322886585223,-0.1533361940353506,-0.3307263397382378
stat_50,-0.30162295299251757,-0.3586534793642005,-0.34043298992454246,-0.295901188656552,-0.27820410195889705,-0.2232747687408439,-0.1166910161326716,-0.07022226460587837,-0.028941169373991462,0.025767794950445927,0.06377873929222419,0.06572447462462348,0.040826664959227536,0.018617217250694006,-0.006401737298686561,-0.031356025354388965,-0.07364202008917069,-0.0948703907838162,-0.09299287727844509,-0.1011088978578319,-0.10114503407397363,-0.11556907150247259,-0.1446695101626045,-0.14991857923346402,-0.1718515680918519,-0.20172265692295258,-0.2323737556752526,-0.23174496986600232,-0.22232006292888387,-0.18024772299898797,-0.21496121109306193,-0.22414646366666396,-0.2197955617458643,-0.27320137481737694,-0.2786922516928822,-0.31754470467430645,-0.3239663905262013,-0.27664748542919254,-0.2629627017883384,-0.0601152131580965,0.05034750033309015,-0.05145749717107959,-0.07231192411654004,-0.11482531091877571,-0.1511344191194083,-0.17304663761069963,-0.1703089328613397,-0.1247603397183197,-0.23849677561259058,-0.3389178131367641,-0.3453531318806924,-0.31208278524404354,-0.23702778380414083,-0.33543955537937864,-0.36284259606021707,-0.2995863085475793,-0.21782493619254323,-0.06617024423312466,0.09948499286329217,0.03741224453986264,-0.02576144658976836,0.007551811934367005,0.15210115756557577,0.176094583143563,0.1469289491000237,0.14067647566055558,0.19963907136780584,0.20985805426125656,0.20827791068694818,0.07980713745188865,0.02808535683053667,-0.03199218650185439,-0.22716777741333022,-0.346199426860946,-0.35233471236452546,-0.42128516479740163,-0.4687855933604014,-0.27471898595413535,-0.2274037457328896,-0.08453841995029962,-0.30656084670229233,-0.511367911515755,0.18405358551615653,-0.00831556186201967
stat_51,-0.2962284478439602,-0.173013347998695,-0.08149966525127737,-0.011002157752869971,-0.009539460011862571,-0.027179837395110776,-0.05792937580402674,-0.10940575515603361,-0.15858412933511473,-0.1750504272811586,-0.20172792072568962,-0.20252048054223498,-0.2010081735578923,-0.19256830674589967,-0.1968562072875672,-0.21173471025934085,-0.18768708710288481,-0.1717257241949103,-0.17153021975543079,-0.1762550528068263,-0.19183850239443279,-0.20253194430664362,-0.24507630343447506,-0.25056814849696163,-0.28977511249283594,-0.3059824984522311,-0.3436339612808137,-0.343826492514116,-0.3699918138586163,-0.2839431587675055,-0.2611457399739254,-0.3012648514979798,-0.3039983799501343,-0.323131846722757,-0.3210225155939983,-0.29812075923128917,-0.27306252986877205,-0.21355600960111099,-0.21140838122962743,,0.02011032339217949,-0.061348952352539586,-0.12131669324507727,-0.06374719069756592,-0.019695897646787572,-0.029894151801672035,-0.07365387832005464,-0.12919597324329637,-0.2939550617468979,-0.3228994160460358,-0.32298321162848154,-0.29427786181240195,-0.25491165639587354,-0.34440475740188287,-0.3732342401505656,-0.33678007668244697,-0.2853847455783799,-0.1691641436436655,-0.05540666516429059,-0.05495868829361386,-0.11245528189089883,-0.18034136812741275,-0.20723731199384982,-0.19088811315816945,-0.1447880014409198,-0.13624371006613875,-0.19131993039265366,-0.33148271033413956,-0.3229260644828181,-0.2429136038776414,-0.2179792826829675,-0.0901711789198004,0.030211166290710665,0.06256089371527672,-0.007305445950442934,-0.03009616640944331,-0.20998174623091506,-0.41496347160755725,-0.26144580507081494,-0.29012123534653284,-0.1341357354947406,-0.3715833892951381,0.3874737754844694,0.23251178718442822
stat_52,-0.002055426075542808,0.00035991646049660157,0.004194317439489163,0.04620962814093085,0.07993240080132684,0.1936824175507541,0.22182956534737686,0.25143497322863245,0.2666515702783102,0.245491985233482,0.19150456441902292,0.18950978844154243,0.12358612172720311,0.11209578989178538,0.09451062265654686,0.08829683166031951,0.07971203364566533,0.07130460738971793,0.07639062166972664,0.04908344113282946,-0.013586706443211749,-0.015150691213869453,-0.04873604918411239,-0.0535777273207924,-0.13460759425798152,-0.19137227911243174,-0.24290016756460928,-0.2455674110111248,-0.2505965932021454,-0.20546190360063127,-0.1901727476937459,-0.20982940635942124,-0.1989542777515333,-0.23352507224819588,-0.22998353449370673,-0.1907759425318658,-0.14805484580528785,-0.14286504177989234,-0.14068689436087142,-0.04080465644035426,0.07544798062886304,0.018637906970127394,-0.03918549874736958,-0.03609184695283901,-0.03411051218739633,0.001089051606085591,-0.003385284353750055,-0.09290815966759255,-0.2791607452213174,-0.34475644732670513,-0.3216963290945701,-0.23438383524421907,-0.27303907349520545,-0.3689269611537219,-0.43244909261317155,-0.351195536283975,-0.21297311060050414,-0.11300840341284141,0.006034548408218543,-0.009796895759254716,-0.08975377465450766,-0.11480928285795206,-0.01017102131975837,0.0361929800247468,-0.008869459901884109,-0.046661395267621225,0.04301590447987233,0.16545971198773862,0.25856911358241014,0.28354025016788836,0.31400836327380394,0.3388458095045107,0.23284269870887864,0.07154681274034361,-0.061926442956315456,-0.041546251230511394,-0.04572862945888702,-0.07154052387480196,0.10692362799740804,0.09845046927079153,0.09591753151381062,0.20456186379850677,0.25738844429064694,0.1142298417567527
stat_53,-0.06918652010194754,-0.03253315837981028,0.008750277169835037,0.04464183669286735,0.08106572977663022,0.178912464938288,0.2354222964204785,0.234011515168717,0.23052232379629858,0.2284934801621997,0.17820023744539967,0.17595614670281345,0.12881674823636455,0.10887080556992469,0.11778950993816854,0.14035569582519344,0.10836254554115567,0.0837600341988319,0.07451812624833828,0.03573346223329927,-0.01807710163191431,-0.03553112775254728,-0.04180017997659525,-0.04827318505883779,-0.11033690635402574,-0.19017898465640007,-0.24427347171813846,-0.2462900544263064,-0.2172193187260166,-0.1811238975026378,-0.1662851371686754,-0.19332276669019005,-0.2077814535132993,-0.22791735402508417,-0.232312575703507,-0.21713849385397765,-0.1693039233314234,-0.15211661798222043,-0.16390584703557712,-0.04224809118012381,-0.05956953689651096,-0.12422885838353671,-0.13920163286194906,-0.1883105575367401,-0.16759226237749048,-0.06709706902340393,-0.018800237841711427,-0.0911078983985467,-0.23764737848264528,-0.24169193023137361,-0.19527263208102835,-0.18088713667492515,-0.16016308035535712,-0.2662391919441621,-0.3371922017432586,-0.2681020874771376,-0.17732152878755336,-0.08739616099517537,0.019714906363254455,0.07607065038397363,0.04051201620931046,-0.01912230981838594,0.08396628654838023,0.14686334612659419,0.13563295974567782,0.05886924704682658,0.09456964193693845,0.1576765213744416,0.2844166074623588,0.3064692589739169,0.27633940413941716,0.30324260163543176,0.19644183796223344,0.041102733013343704,0.06073719103789912,0.060520510375200225,-0.053719947681155976,-0.13418906749061077,0.04206096346457236,-0.040013737761740095,0.06037582404741351,0.07669221309898706,0.35782953757975366,0.1209088477837717
stat_54,0.009542885995898153,0.06226623292563837,0.09638767528644608,0.11038698250628606,0.16988956016098442,0.26570739554907846,0.25002110141702,0.2059827672989476,0.22158977279795455,0.20195512754767897,0.15382696568718485,0.15027772478944812,0.09497603684390853,0.06934969744874568,0.06481221142784516,0.06323053987781027,0.04455992243492413,0.03048348110727342,0.028021764528759426,0.02733129960670138,-0.02775936052616816,-0.04079039814713846,-0.045866423614179745,-0.05224388237244129,-0.09960584711481862,-0.16192502696085678,-0.2267415521852035,-0.23104476792772663,-0.21890612523904013,-0.20079111104602423,-0.1717888965302021,-0.16743361769019344,-0.18522319157476186,-0.20812977407654246,-0.21399445265807895,-0.19956314671754233,-0.1651582773470357,-0.14232513432799457,-0.13464098103498356,0.017469339822833975,-0.11347413943212839,-0.025291106182924794,-0.15658177137336324,-0.16516879241051413,-0.09753606520110028,-0.0873539877230736,-0.07613889838155963,-0.11303789246168285,-0.30094525412297024,-0.31435218652519703,-0.27727750777672533,-0.2685421062245802,-0.2301694298083006,-0.3181028576264243,-0.36938807848793104,-0.2945039553147118,-0.19496783136874743,-0.07813331876393671,0.040561194472417815,0.009936098821036733,-0.0563109368717902,-0.08200678741776174,0.008101069764759926,0.05033993010411132,-0.027597298817947705,-0.11647043498266843,-0.06755065770862194,0.05080128070921614,0.20022129016635948,0.18941892637193006,0.18304501120571656,0.24488304395776092,0.290354186965247,0.23968805299256396,0.1695473330435274,0.16945355242382396,0.09070742661716272,-0.0612568073525924,0.007316947922925761,0.09797530121850466,0.09432821629754018,0.15030383405409634,0.3684435026637361,0.05456107396030739
stat_55,0.16273669974593255,0.2516912337514463,0.18486276010078023,0.0011471084209983794,-0.10193866835649171,-0.1399804543419499,-0.240651380780628,-0.30642312769012153,-0.3528249944152255,-0.3672381333234297,-0.3645120838550059,-0.3622268566368224,-0.3533457034790956,-0.3329264654356007,-0.32998012238847785,-0.3274375824714459,-0.3113048499393744,-0.29888863907181606,-0.28006703649456033,-0.22489600593281678,-0.23540441353352373,-0.2524230720242689,-0.25749455168012203,-0.2563243778059142,-0.2579757966013522,-0.2662490638897857,-0.2368884127719686,-0.2349478110013732,-0.23311163535790028,-0.19604770818233844,-0.21833249406578722,-0.2638335251885436,-0.2911744535410447,-0.3142044662309991,-0.3096614832984159,-0.30306700374193346,-0.2750038980631118,-0.21930157493625652,-0.22590690326619794,-0.009594535792453812,0.06944400966697832,-0.07863684692924132,-0.13059242187833683,-0.07282492977672418,-0.03710179428133684,-0.06052950331186384,-0.13113758243455417,-0.20921202626173735,-0.29538690809779017,-0.2978813574305994,-0.33440738927969227,-0.32090834750247516,-0.23637060033704346,-0.27767789654964536,-0.30380132320128966,-0.2957982942440261,-0.2885804609813516,-0.19204942321903692,-0.16176013200555672,-0.28439667267909086,-0.44177690688009746,-0.4327154231421157,-0.3690818760684299,-0.3425356571581712,-0.3623308865675691,-0.46305219240461964,-0.5044331666540969,-0.5367535781653924,-0.5956718568650003,-0.5126565815538616,-0.44019775575578957,-0.4302920173434873,-0.37515145568185926,-0.33723330084897823,-0.16990007059859288,0.17337119961049877,0.3971591995334015,0.3524723588010707,0.08719473406604387,-0.02070800887031966,0.36118451406024094,0.6283795266559932,0.33650933119456955,0.1473079891211186
stat_56,-0.34423612493807476,-0.22499227380178755,-0.13363216857480656,-0.014074525539613322,0.03461960136051974,0.017056281918646877,-0.03282292360597633,-0.12204093802364419,-0.18118837738149549,-0.2173939914701092,-0.24452579701080798,-0.244054536261321,-0.2869510197584584,-0.29198046999029714,-0.2527706028140891,-0.2618172122746165,-0.24605969393553895,-0.22828747124185778,-0.21781117406374198,-0.17689219915078092,-0.1674416812813584,-0.13114422082033714,-0.17871311831564865,-0.19128380990614027,-0.2098802264626756,-0.2245776835349006,-0.2653257153723989,-0.26609709952096744,-0.2759963205173224,-0.139619341171616,-0.1609691524546386,-0.2153469876793688,-0.270938556895414,-0.27879342908534777,-0.2679326788559854,-0.24837042308078894,-0.2176242797758751,-0.16999365153974874,-0.13405652616390443,-0.009110953215995986,0.012365426188652238,-0.04514922782198846,-0.09071296377677811,-0.023691027317025756,-0.05911298161846842,-0.12470826187227722,-0.132479148591572,-0.18122192763269665,-0.2524809137376839,-0.31777425033815787,-0.30104852030372287,-0.2212016358707454,-0.18512650226599817,-0.2625774104447,-0.2704566462480987,-0.22771441319020208,-0.2186324621824928,-0.0799223826282782,0.08467476531401888,0.044038134405424596,-0.15348962563550303,-0.33646835419254356,-0.34772847433527654,-0.35596971963034435,-0.31160222493931045,-0.2618593048573752,-0.3288633628311261,-0.41535086038991986,-0.3652347582770118,-0.2826563525642704,-0.2513367313774918,-0.09464250262882054,0.13476536093923977,0.16062007516134325,-0.008664317194684404,-0.09987342817014827,-0.2948400174682161,-0.4817563294167044,-0.2988062890805424,-0.25765298877216064,-0.13484111564784118,-0.38797870518811595,0.4609706071616341,0.27766525954716414
stat_57,-0.8044681836260795,-0.77310798770993,-0.7376992831768843,-0.6883991796718772,-0.6270959356863627,-0.5564742952867924,-0.5043568446571776,-0.43588169908032076,-0.40801520499220956,-0.38343887589714565,-0.42066175775363396,-0.4253487502213175,-0.4714963270440439,-0.48457276355360707,-0.4741435651560559,-0.4603458863847365,-0.4587087389843004,-0.46489891468315536,-0.4486175913197939,-0.3895449017063664,-0.305790870723714,-0.2312384253441265,-0.24486901586615864,-0.2500142693920981,-0.3079472731836746,-0.2933703210100937,-0.37820797887145646,-0.3793594649826872,-0.3715828567443941,-0.344690753917425,-0.34640733835325077,-0.3466682338729416,-0.35836101260722175,-0.34662309518898415,-0.3441535671855046,-0.3128182854397971,-0.29065248120423826,-0.2933624156801851,-0.25993559040113723,-0.04623730655625528,-0.04883048992117822,-0.02155211833766017,-0.087617756142178,-0.07150338198914633,-0.06683198339180198,-0.10247666634513249,-0.05876302553869166,-0.07142726547528246,-0.21059617197712474,-0.26924775913530385,-0.24773337785220942,-0.2330154686199334,-0.24392195388802915,-0.32326411011391193,-0.35602053671129824,-0.29772941267014735,-0.23596993570348915,-0.12140804752321195,0.028856684098472103,0.060134905702892864,-0.13710086960732254,-0.3198043965913669,-0.3520493793320473,-0.3511617977891144,-0.392405411619951,-0.4914289882472165,-0.4823014359541356,-0.3746476807088682,-0.2601865657781892,-0.3521180635667374,-0.437129971523282,-0.4672637511997548,-0.5973464043952943,-0.6575860039876122,-0.6625649367396296,-0.7131051357073652,-0.8472142794279416,-0.832070149144348,-0.5997648284570067,-0.652061981367327,-0.5355552495580859,-1.2704096331747832,0.550524796128679,0.3072039679302965
stat_58,0.014174576369906093,-0.044226820815667756,-0.042447990444973986,0.02488359092199832,0.053400622187862415,0.21723722562424436,0.32795322814971595,0.36230021372515003,0.3758699295298464,0.340157295476647,0.3282296464998566,0.32402083326424985,0.27200209412062565,0.2738866277229297,0.24422749037420372,0.20115783134526477,0.19105142029255737,0.21395979808839388,0.2124897375421238,0.21362162820125952,0.16029744935466328,0.03377535920554446,-0.02030539852945181,-0.019278116875760098,-0.012785102440667998,-0.05069536216789189,-0.08741543429158695,-0.09091159502353129,-0.09825922649590303,-0.006080315682275744,-0.008027992452206131,-0.08928680123176087,-0.13324409410301014,-0.14820750568277835,-0.14890105767118442,,,,,,,,,,,,,,-0.07954088957248752,-0.10551763165602632,-0.03266374989215081,0.06176750624482954,-0.0033575773425174957,-0.21879066484225274,-0.3212239195449027,-0.23934865791632612,-0.11308229285693888,0.030328761591805555,0.16150116915934581,0.1271946816568378,0.10046385593154247,0.1608175051109651,0.2513381682599537,0.2505394412766589,0.23394940140782472,0.2536473479103275,0.2953298623639386,0.3836481994372599,0.4601658651179354,0.4390334158041132,0.5015590238091805,0.5502660727330181,0.2764884114188851,-0.04394172732443566,-0.0665843054612892,-0.12112487251731019,-0.15344823944236907,-0.07729966212781832,0.10229486109284464,0.24919806821578155,0.1285530887956245,0.19369979774246765,0.2533354002200531,0.16861552232571467
stat_59,-1.063341887184033,-1.1292419574336878,-1.0152624690355343,-0.961454465412439,-1.0311396619444806,-1.0950597542637783,-1.0690762850484639,-1.026033075449771,-1.0059211388699218,-0.9603570977765604,-0.8846914269461243,-0.8816920059331161,-0.8256686634006057,-0.7474233445437549,-0.74202622666783,-0.7446942385842396,-0.7757246456859296,-0.779216989732375,-0.7766757894499935,-0.7253963624913937,-0.6596993098623598,-0.5373127257765999,-0.48530385037721535,-0.4741097230213526,-0.39488865132879025,-0.34344107459590933,-0.30459241195849346,-0.30378613313700714,-0.312414379091327,-0.36151930208626765,-0.4127027108114699,-0.48671852625005074,-0.5325695391437155,-0.529537578605861,-0.5216159063782745,-0.505486411904358,-0.5224874310727712,-0.48693644850835466,-0.45832790573145876,-0.011676286859349107,-0.010072798114505574,0.004855766784567725,-0.08295092222636956,-0.18522792531338286,-0.37136571498111864,-0.38948748707983183,-0.3959765076209638,-0.4205963980255134,-0.5619524171983453,-0.7055450067559308,-0.6894464444753509,-0.5526421925167154,-0.40933514280779165,-0.309085201632228,-0.27915008417161535,-0.25374554174185804,-0.2428806395284221,-0.37125232540034614,-0.5890275355420729,-0.7130913169807233,-0.8043833512194828,-0.921311304284954,-0.9009522490739346,-0.7996959222834673,-0.7649199465628269,-0.8317009202412398,-0.8162123908638368,-0.76739752193771,-0.845913962547807,-0.8694123970266037,-0.9341912906138335,-1.2060162997283095,-1.3421311448345004,-1.21253626558167,-1.1260316508994033,-1.0248597144385097,-1.0210281842658981,-1.1867975081109912,-1.062194670068547,-0.9198120883507036,-1.2959964083613766,-2.2049496431616693,-0.21644599450460406,-0.19719437435692533
stat_6,-0.7319615750888188,-0.6889048485599204,-0.7552290595261698,-0.8290366271279136,-0.7653021517900567,-0.6242901137280977,-0.5481325237726004,-0.5168002324904313,-0.4883915167063435,-0.4164427251665747,-0.4152494150211892,-0.4130123474833826,-0.40978799853695425,-0.34865730823339314,-0.2971429821583014,-0.29290514175640875,-0.29164845846644344,-0.3185095661941163,-0.32992386744671837,-0.31403090666936023,-0.3046933546376881,-0.31561828747364523,-0.3070621772858604,-0.2964241458640789,-0.2885313792059965,-0.24991043160314275,-0.2320110180262647,-0.23175338823618427,-0.24047446884424645,-0.2485718930163718,-0.19879069920075434,-0.17369513842437104,-0.12494509811977328,-0.05403946236440552,-0.04869053688385677,0.03164042309615119,0.07209155772804184,0.05989790103311885,0.0858366976669101,0.08490923595625546,0.10666639563402602,0.028719185280447066,-0.007141440921065998,0.11645962868928103,0.20178568711366407,0.25325035592806205,0.2709507151009995,0.2469198952761863,0.2462388816095686,0.2007363433264372,0.08990493911487644,0.05173511816921798,0.05664778716962491,0.0346387922202882,-0.007294221067736846,-0.12442361556258663,-0.20642996243839398,-0.19610146791225921,-0.1708165913287421,-0.16986057676654623,-0.15167054541300637,-0.06901557797262392,-0.10664107366601998,-0.14104304231268291,-0.14985926341817093,-0.2131820067854865,-0.3370658854361389,-0.3205823656270542,-0.22961686098775347,-0.28146341693803617,-0.34162024291773785,-0.3144623531918112,-0.3904284577042297,-0.5894719122293265,-0.6755413951129413,-0.5932641857751211,-0.43011836686849025,-0.396489076548314,-0.7753792534757659,-0.5114445734098497,-0.37569768065896775,-1.1329616268175753,0.3783964923937402,0.3917198719975112
stat_60,-1.6117417654228499,-1.5379834964644437,-1.4452082939553463,-1.3751388542488907,-1.2858779163243674,-1.1469273741614192,-1.0858990055057793,-1.027979127869735,-1.0519329400741495,-1.0746317385497202,-1.0924097662257477,-1.0938009569555647,-1.0441919327547575,-0.9854608149582488,-0.9395109589626419,-0.8844549458656278,-0.8593101834447455,-0.834076629951082,-0.833473234544562,-0.791136020268435,-0.7445092692776291,-0.7487850693123225,-0.7017050706659705,-0.6934325858063416,-0.6505178306224623,-0.6305440382169709,-0.5951776102493062,-0.5945320835033396,-0.5273777568972213,-0.47846434525774234,-0.4826554197262194,-0.5759952563416398,-0.6050971823081486,-0.622482281379761,-0.6204375500019483,-0.5915382434152808,-0.5879839533465692,-0.5564546366873296,-0.4344404321564839,,0.01652669762760777,-0.07069612515818915,-0.14799271217057172,-0.12144401041802587,-0.17816823917066812,-0.1430743067491178,-0.21562686866739242,-0.30184597334385005,-0.449100918909276,-0.4762545603079708,-0.4896912633787952,-0.43046281540439696,-0.377891602961536,-0.4285447607559406,-0.49770059860344745,-0.48622645254089647,-0.43750724093477605,-0.3489526114588771,-0.442146296329205,-0.5881458403687078,-0.6632438477878452,-0.7027760563997517,-0.7518612827354766,-0.8050785250642132,-0.8411031209417273,-0.8570852552780404,-0.9376393256581109,-1.0771687969294845,-1.1846157483700936,-1.0403986503624842,-0.9258024351941804,-0.9903376373327291,-1.062286835821325,-1.2143798171886402,-1.3442963063485769,-1.554371719408154,-1.649692587496559,-1.7144884137860863,-1.3695607806421006,-1.1515755786435231,-1.2904916986190462,-2.6179703907090994,0.2745145994815587,0.19810144456144885
stat_61,-0.46416913236323165,-0.44479389794689655,-0.4487620519363933,-0.47489073132382376,-0.4937950346265075,-0.4990357348878763,-0.46472924427237633,-0.5282212187493995,-0.4719789288806243,-0.34778876051289387,-0.3207459101583463,-0.3253960549637516,-0.3270101263999128,-0.26513134947113914,-0.2834292268593419,-0.33004701071490683,-0.28079853396375204,-0.23263374833534015,-0.21987433720053332,-0.2146804977961018,-0.19685868040445895,-0.17687191394193963,-0.17299896733580708,-0.1572949769767838,-0.05319457207081716,0.02371651189652317,0.1875974763836626,0.19310894532369002,0.20043518881011538,0.14834414370290777,0.05672255079434719,-0.023102624516757066,-0.019081876585437,-0.010911011262179065,-0.009749578336786746,-0.040158810735993276,-0.04597426982602228,-0.04385122875041874,-0.06708058448973334,0.16096805103806267,0.2734530565157323,0.22864927834353047,0.09516651649494674,-0.14816787415762267,-0.24795879596329273,-0.15140770011445998,-0.1637886259413897,-0.14492428802867108,-0.08930238496590756,-0.21744667721964467,-0.2691759106922811,-0.06762190350673888,0.19067956666966177,0.4343130060217792,0.45286001588364017,0.17322521220133033,-0.053339810182620295,-0.1436201692609819,-0.14962624481917686,-0.1835515542529048,-0.31571377675348544,-0.4552982242402622,-0.5912340736183554,-0.5997729593467608,-0.5900990882542831,-0.4897124387479547,-0.41457323934184115,-0.4210420706183456,-0.398937855812384,-0.41346459549183345,-0.5027814540225549,-0.5857527743931451,-0.500095883877609,-0.5316490133237972,-0.5521192142272738,-0.5988485504239018,-0.5549473920070017,-0.5449151177555399,-0.5171027195232072,-0.3864737375391574,-0.8784775149366316,-1.274202589129144,-0.27564519626789064,-0.44055726650239985
stat_62,-0.3822970935114523,-0.3804755374848375,-0.44630377238089375,-0.45592552358314953,-0.45183987514708185,-0.426362421607715,-0.4086984324776845,-0.38951451005062016,-0.37469979761172684,-0.37105799761236896,-0.32231103109920156,-0.3144155672371948,-0.23160804978229355,-0.2078484650322181,-0.1883898715262827,-0.18295750157129675,-0.20787000108528336,-0.23386928847480418,-0.23350845611963167,-0.2387489165108589,-0.2374030746263816,-0.27354645791987303,-0.2686350362425573,-0.2674031443327773,-0.2774300512175155,-0.29061601995272285,-0.33114291138247054,-0.3293165360047833,-0.34763110845103184,-0.3812014313409158,-0.3964921515101568,-0.41743106452682893,-0.40756283299580764,-0.4015769667775502,-0.3975274020962963,-0.3763428272798394,-0.3682872251288105,-0.29771047245148463,-0.25470604857155354,,-0.028007541918490725,-0.059929003496160205,0.01737813836085265,-0.034124829244106654,-0.16212806438471297,-0.27399429025648325,-0.3887177835823879,-0.44065791979892466,-0.42413347815672836,-0.3528372463382734,-0.29216172304134636,-0.32287599349671997,-0.3758232706768868,-0.3875655958526281,-0.429858653147077,-0.3824205782048769,-0.3320290873956048,-0.3294376054571296,-0.3474349330031252,-0.32802786475532636,-0.2825878527646641,-0.2682582745168127,-0.16346927009264098,-0.16263892234759014,-0.19405511888927665,-0.2330288589576993,-0.3231707246853606,-0.38142094666155346,-0.509701829417098,-0.5419592436245346,-0.5808488342166122,-0.5993101117864355,-0.5652966722897101,-0.5502665452077304,-0.5997318896463841,-0.5979791983395344,-0.47715805250968873,-0.48334583656208185,-0.3561170180049697,-0.3274394057063171,-0.7293192306546451,-1.1151069511349347,-0.5078821489230414,-0.2697190484607323
stat_63,0.018808761695282665,-0.0006705916828211183,-0.05491950060443207,-0.06881650725861554,-0.09334282822850429,-0.0934853946345516,-0.09811117834145272,-0.0944954132022075,-0.12220799147637183,-0.09466181478778575,0.0032683114883093204,0.009147453446632295,0.03449214451774456,0.069800413099954,0.08561814658896896,0.14724655840839423,0.17965385843534756,0.24481249215496806,0.2629507810252699,0.24767998415956588,0.20924193805509106,0.26785955935379274,0.27918736955632945,0.28150381771728156,0.2911888365065683,0.20572136258085022,0.12295758751904036,0.11886076040691375,0.06620639515161551,0.012908460114060286,0.0013471803842564048,-0.0233234918255518,-0.016135529536046894,-0.02839098751595361,-0.032174336718337394,-0.040778539265740134,-0.007062528301723536,0.015292279449396763,0.047659322418191825,-0.011455376897580983,0.021478585880117394,-0.004589565759717658,-0.02124148866876724,0.026081464307335517,0.0006796900402652546,-0.014874584116535567,-0.027622460779129665,0.004685388392482171,0.0030796966711074195,-0.02256767506862311,0.0017838607790823832,-0.05902077353707489,-0.0910279065762171,-0.035039107020532256,0.03282823600837619,0.09198338970709645,0.17157540657958928,0.17386832611077846,0.14722352033892597,0.13143405007029638,0.18842396358565422,0.19727127394656985,0.10450565979589065,0.07988536912379526,0.0872895831062224,0.05617342678704597,0.017364802161028706,-0.0350441907964882,-0.1982892925234265,-0.26808135801942756,-0.2385793372688009,-0.16224167474408505,-0.15660859780698977,-0.07714833937108413,-0.13200917240340238,-0.2552359334923261,-0.1540273411003416,-0.020865723726984153,0.04791826314539495,-0.05098444544753002,-0.18292976348764226,-0.24643792879314572,-0.28581061593167484,-0.11269493837185786
stat_64,-0.6561909252776115,-0.561747098832548,-0.5334444816388393,-0.5597412762284201,-0.5820676559192621,-0.6046044475672886,-0.6027226414418745,-0.6926105553777951,-0.77486735993365,-0.7302637619137476,-0.6772854340175642,-0.6737166217505802,-0.6229135004474112,-0.5656659152166981,-0.5454952440593493,-0.4809090194132304,-0.4020499711065599,-0.35970770883465875,-0.3463868828603113,-0.3227121437485129,-0.3888518388983327,-0.44393632196158644,-0.46605163264904065,-0.46736766656463874,-0.5023442751004984,-0.5354921298408785,-0.504617973545817,-0.5033867104466162,-0.4838574678200795,-0.4762949784042183,-0.4279010281973912,-0.4145117358130263,-0.38952440419392265,-0.36539337095629965,-0.3654081494401155,-0.3328309525252076,-0.314087330803158,-0.2716463896898932,-0.24365304857501385,-0.08705578626858096,-0.15426888007137965,-0.15285342294806406,-0.10781992437872741,-0.14994818882423042,-0.15124102104896783,-0.1703177777571564,-0.2468659575965826,-0.28291121990891294,-0.28316852351805394,-0.31211944223725363,-0.31495901807286275,-0.34517852630721163,-0.44107166070802845,-0.49302875108224914,-0.46424463863702403,-0.4016855910385427,-0.361880433409259,-0.38019115556249955,-0.3738548244717703,-0.3248078331947125,-0.2893726511032923,-0.25672591101071796,-0.22340155455613356,-0.4035673460930491,-0.6165729057791831,-0.5576927604299419,-0.4733029249369423,-0.6275378468042317,-0.7658483212028693,-0.793878089170123,-0.7147731991749512,-0.7374462636299135,-0.8049507031541606,-0.6688815607563492,-0.5416457856714267,-0.5991097577323473,-0.7187943118314603,-0.8183160707240008,-0.7044809911056715,-0.6268558905560954,-0.9025666930993769,-1.6583803264751182,-0.28666299707186016,-0.011714227087816475
stat_65,-0.288462639269911,-0.276684721298347,-0.3058363715929453,-0.29316457984347666,-0.246970152091264,-0.2328783153909253,-0.2075990794972843,-0.17099983327345378,-0.13888130206946844,-0.1079892323310496,-0.1206562431900112,-0.12447337812226802,-0.15342328106441655,-0.15724741961176444,-0.17257002202889832,-0.18110063757934047,-0.12789052252437713,-0.11495008357551156,-0.09930155539943611,-0.10547724626636362,-0.14141556887284115,-0.1358108335337198,-0.12513395708523736,-0.12442553713730815,-0.14784462969312062,-0.16827865380795393,-0.17806688229433104,-0.17842416943562445,-0.17799128053715732,-0.19120335623092288,-0.19854347585437918,-0.18947416836399955,-0.17716292768577815,-0.16094648380660226,-0.16062877564830622,-0.14148203679274982,-0.10523730706062827,-0.0863434937851261,-0.07610827553785723,-0.02570670644885282,-0.023259879048358596,-0.02678487692098861,-0.05390268146176435,-0.08556369893112564,-0.1176470815200975,-0.12409369493000488,-0.19433635277334832,-0.23422057696822782,-0.2657548250065137,-0.278789994638147,-0.26898148030578684,-0.2360864723325786,-0.157260401609492,-0.05954448009521405,-0.05693395959474786,-0.1332373093251643,-0.17704219574717653,-0.18282541252574686,-0.2585512579226439,-0.2557014953450458,-0.11941426050435532,-0.07724410572641484,-0.21927674816648776,-0.31887672297610853,-0.3814414100675205,-0.34731954813147886,-0.253667872466555,-0.19275760092208677,-0.18737578914973405,-0.15167111326874155,-0.20381080829786433,-0.29198702243432506,-0.3242565401457658,-0.342688643355974,-0.4117049762658362,-0.361182805908206,-0.335990546061274,-0.30534617379417717,-0.14585170269475417,-0.19007105178691625,-0.45468380731269886,-0.621982594869743,-0.27993783436214537,-0.2659479119694927
stat_66,-0.30442250977179963,-0.24938707442067573,-0.2232474841660904,-0.1684005097076904,-0.15051700511500077,-0.19428039650946763,-0.2791843126976241,-0.2818260705213587,-0.27714762222751654,-0.2792561047073811,-0.2705942999997392,-0.2678026233181688,-0.2492389376916837,-0.28618303754836166,-0.3894807470471453,-0.4938092833691538,-0.527826530299458,-0.4773108890488912,-0.46682343574504054,-0.4722360700179562,-0.5466459131507891,-0.659857544141667,-0.7056567821175314,-0.7090131000623848,-0.7413830991577522,-0.7480563305822321,-0.7044592447836335,-0.7027153082171731,-0.6767417759321631,-0.615861241876602,-0.5299432044403453,-0.5045859035292968,-0.47573052105763797,-0.4403782527587147,-0.4336438979760877,-0.3856079463792009,-0.33261286423306297,-0.2792134410084488,-0.2488849601709973,0.02307436212227274,0.16202372198293316,0.08639483511813786,0.06490371201914018,0.011441144862343244,-0.016524095717275093,-0.04124540158479141,-0.1101116686279852,-0.14042194862267404,-0.17414813608702448,-0.23028838371847424,-0.3057381276926971,-0.41748078389355175,-0.5470891989065833,-0.6187959948303614,-0.7537647453715498,-0.9107838902381952,-0.9531733998307677,-0.9239079203429773,-0.8767927434702929,-0.7449102655373012,-0.4974361201252221,-0.5248132339568591,-0.7023749614467805,-0.7077724149678877,-0.5956052288821211,-0.4770226007968506,-0.3291897031132912,-0.4238866817649119,-0.5288332991598257,-0.4121276261082131,-0.452553795993419,-0.6162230315145614,-0.4833876301323112,-0.20515093769179388,-0.23914768113239,-0.35785076299574964,-0.40635308324880803,-0.5769565249466133,-0.18915743058362935,-0.23391488394608742,-0.879991212166108,-1.037942873918281,-0.7460302013826599,-0.5177735105320876
stat_67,-0.45860732626727285,-0.41015091765394657,-0.36318759048555804,-0.3011432416585429,-0.32024782532835927,-0.35256774650239886,-0.35398730910873255,-0.3623867743922127,-0.42980306589879247,-0.43183363026775484,-0.43327537487131335,-0.43359673771322726,-0.4556117736342969,-0.4127114685040536,-0.3712449539475732,-0.31273417873426884,-0.2671139597512593,-0.2385143506927913,-0.22336951456674542,-0.2122122731337443,-0.2753515325672673,-0.36355389602985977,-0.40165369036434884,-0.40669094181588133,-0.46651173074179975,-0.5192117725277856,-0.4970992827776609,-0.4955513296491367,-0.44571678334428344,-0.43627170143513094,-0.3685638526554431,-0.268488025158792,-0.2314343188606255,-0.2396812130826072,-0.23519132180433622,-0.2234388549708145,-0.20120075325534975,-0.17358591161158196,-0.17410323482412898,-0.10305548728521767,-0.15104498732503566,-0.1555872609803384,-0.21875152443247078,-0.16282098665941316,-0.09672122671322597,-0.08631496439464889,-0.14306384095733288,-0.13176715969599717,-0.15360304719256626,-0.13085944511462633,-0.09990668653081441,-0.2073028115460771,-0.3769048057124273,-0.44076373111862277,-0.4649789051394967,-0.5330091255043384,-0.46551330948281416,-0.37936149269124775,-0.3584266280852857,-0.2537623785636559,-0.1260114774486883,-0.112936137356979,-0.2437270409118394,-0.3627735651942085,-0.35301361005903226,-0.3515058943650413,-0.4381538195970784,-0.5460836033512715,-0.52702545261576,-0.5015897855387735,-0.4878201501740265,-0.48244985143167657,-0.48342028979731444,-0.45595067226631786,-0.3918710285901151,-0.4696204702393587,-0.5007833066431828,-0.6320711133241472,-0.3852573522492337,-0.41023047768045295,-0.7722066988128634,-1.1631921904038482,-0.5230072248572798,-0.24640106401380943
stat_68,0.4283603241302742,0.5016738896862002,0.5544909759322195,0.5573679671896873,0.4395489815702124,0.2945301373537059,0.14575519521036875,0.029322445068496898,-0.09105397940737919,-0.18524268164265106,-0.20476472161679807,-0.20776632775897586,-0.21702937178901816,-0.2009124858468502,-0.1754148725811456,-0.13255403099427396,-0.10525606496334815,-0.0858289858302854,-0.08112271557060961,-0.03693479204421177,-0.07809942165836217,-0.1620903805942221,-0.21329264574666407,-0.22596546530024186,-0.3108049638472985,-0.37092234816369063,-0.331672036723514,-0.3303337899326781,-0.31352829673768196,-0.2349789450260743,-0.12051219918387984,-0.038106460417764304,-0.003926168894300468,0.03357729580268541,0.03253139328973995,0.048424835039886614,0.059137863799722315,-0.018672004593202122,-0.012974725938414028,-0.06969986334020042,-0.14280536778046254,-0.17950705956521448,-0.19400547717293684,-0.02918499663338018,0.016927266956563252,0.031104346429352177,0.03366614450876638,0.019715917980707286,-0.03442887879410076,-0.0892741422428621,-0.07806941722521128,-0.10291105314118715,-0.2474649523419149,-0.3629672225717878,-0.38886693547817885,-0.42369370079737473,-0.33365922119085484,-0.2533121132365891,-0.17593430188600526,-0.05162598472886737,0.04265472577383842,0.024978579712847972,-0.1399579337090974,-0.29855975237722454,-0.321483126492411,-0.277662131522446,-0.27592752663313586,-0.38087994338241626,-0.3449662577639673,-0.17971265226628302,-0.08254960945205851,0.05899173940688496,0.24365505876727608,0.4064168521123711,0.5800602060390533,0.6227759090673443,0.47387187913457496,0.4265750191672158,0.2315613321880856,0.06753166330125955,-0.031770569505547984,0.27643569738277973,-0.35506096374502527,-0.25713715988185376
stat_69,-0.7885173444422647,-0.7744950474894772,-0.7408733243919605,-0.6577179676226658,-0.6581120447515191,-0.6824955949894274,-0.6748494897183381,-0.6756854908934018,-0.7561158943696058,-0.7799109942554345,-0.772393739381947,-0.7727389037365479,-0.7748577862453699,-0.7063272071582841,-0.6333967742840505,-0.5774702494251659,-0.561559568530613,-0.5399446969401684,-0.5376732536497326,-0.5143250993530989,-0.5378562497042986,-0.5998476227204884,-0.6224001319924191,-0.6203398404974042,-0.6790609460247461,-0.7340080353550265,-0.705353629472502,-0.7005478517567384,-0.6702290777818538,-0.6297173236884627,-0.5761608017243821,-0.512737723413569,-0.49208125564650745,-0.391533248817978,-0.3831158064817573,-0.3655783596257211,-0.3433112594100043,-0.31036815729040257,-0.32269178210936433,-0.06249228141562645,-0.2331016342561585,-0.1936684518806454,-0.20843227847390328,-0.16106409022011697,-0.2637492220432956,-0.22257360957034142,-0.2340311952037238,-0.28684777699401853,-0.37077701594344054,-0.36446466605803757,-0.3759528623084641,-0.4501886826168482,-0.5682854852311992,-0.6125174668464055,-0.6368653249924262,-0.7126007802906281,-0.6559203240793717,-0.5082286094473966,-0.5037516950101374,-0.5364139375310902,-0.4657445632606573,-0.3900380640531354,-0.43215724514719583,-0.504927402420114,-0.5229216334541575,-0.6331381721963624,-0.7951457556546229,-0.884077188252159,-0.8956833462213035,-0.8639008042104507,-0.7592407595032671,-0.6747498165684523,-0.7627566766970866,-0.8298663735938204,-0.8116896165012149,-0.8517850758833094,-0.8611009809011188,-0.9856460015916888,-0.7703919871419993,-0.7217644693787043,-1.1619426445238803,-1.985600638292008,-0.3081177347445506,-0.07373688973906461
stat_7,0.934405715981485,1.0075362794157459,1.018434786134839,0.9662607479977232,0.9770388315760681,1.0029892409066656,0.9891699853633189,1.0352229838849736,0.9900478502723987,0.908707412402337,0.9934056754442373,0.9994838666904963,1.0507681990402524,1.0165186978311862,0.9776305863852587,0.8569609144014311,0.7208896252439733,0.6588759487259782,0.6287860154544483,0.5402530865788462,0.4618467978882585,0.4660857732729612,0.44556007162354494,0.4526472862006899,0.514187155806173,0.5662552283426563,0.6124544171553233,0.6190317680836811,0.7472327283441368,0.8034502326487549,0.8861720574902437,0.8660524889818599,0.750993263380172,0.6777135605188436,0.6669404163073199,0.5146973199633228,0.3049180268275369,0.16334103360115876,0.06218124973640514,,-0.5368273108109676,-0.6419983298703825,-0.5451616537516045,-0.5444608450867264,-0.45791625030468247,-0.2847876558712592,-0.08464961758663675,0.1656489733489178,0.5077299168021391,0.7356852365843196,0.9440044720173921,0.990346193617883,0.8771042199152237,0.7511159648764776,0.60376063911031,0.4787596910760726,0.24779823827409483,0.11007646349706254,0.1005730580491494,0.1668654786349765,0.35726150844690574,0.5137575244235938,0.5570790213277121,0.7143878666615091,0.9002967727302499,0.9580530561413398,0.932541681358466,0.7438767838934139,0.709407600255365,0.956426570654533,1.0097884417400735,1.0722774836483837,1.1584084489571473,1.023101009643223,1.0294918349147986,1.1307564814135107,1.153957993400724,1.0841021327504146,0.8830882257740794,0.828983607581401,0.5516186139760639,1.6749604305978114,-0.5971306737802466,-0.9222463802504265
stat_70,-0.5216294892781127,-0.6022333426020081,-0.6860392115275128,-0.7624874241601877,-0.7951376067791264,-0.8237713620911464,-0.8716425943374889,-0.8702259938970403,-0.8191454512386371,-0.7304928154923341,-0.6680953346636325,-0.6675698670472032,-0.6318986728865121,-0.555837685003021,-0.5118716511012642,-0.4870566748253991,-0.45375544763902725,-0.4232298646122153,-0.4109946194243696,-0.3676849993190444,-0.31758221590229485,-0.2871306333254536,-0.25962560636096393,-0.2533814779838677,-0.22387958453786885,-0.22825586851710616,-0.2234352581563428,-0.2245887060747216,-0.25268371505169385,-0.2910866068231917,-0.29062456443475787,-0.29968036822358113,-0.29545933621903103,-0.3011316432921053,-0.2979050338871899,-0.26960217068726855,-0.23290820859043554,-0.20644878131990857,-0.17454621339385604,0.05394462626235885,0.03878533966404367,-0.0015004508547508525,-0.0712075972510512,-0.1400544900546511,-0.1550243835381643,-0.16596405083303148,-0.21526559797838615,-0.2840779889074121,-0.32950608875900494,-0.34427803417463726,-0.33085660646808374,-0.2950903406671735,-0.2264177085013593,-0.17242543542405456,-0.13988190899653952,-0.16868007487247524,-0.14689921565100567,-0.13776732997912103,-0.17042934635175436,-0.22844253745936088,-0.3172701107303974,-0.35464877144560014,-0.3936355673294829,-0.4097808184429728,-0.4214451194498343,-0.5490787279458561,-0.703244148451107,-0.8023957330996196,-0.8912860511025372,-1.0041755501246623,-1.088270454272339,-1.1437609413235947,-1.124928533866492,-1.03921282860828,-0.9513342655108664,-0.889235357954377,-0.7747681307449766,-0.7524680928422999,-0.4898989231051988,-0.446677896422151,-0.9938110351833621,-1.465960065482264,-0.5378271107369214,-0.3586830698336972
stat_71,0.3075824580207591,0.3490516747030279,0.4201374130898258,0.4880418123389373,0.558330147192158,0.6597592497471128,0.7123210432713926,0.8246664335079831,0.8952435507735933,0.915599135258555,0.8893605588378763,0.8862585897057895,0.8671870906937581,0.7875662727484944,0.721692877152572,0.6570697528829956,0.638330891332257,0.5825244351484528,0.5783127538012593,0.567627087763736,0.5628500298482174,0.5731034452884135,0.5360019122170624,0.5335922906485826,0.48971039414220896,0.41116422584141366,0.3504444256408682,0.3481815325250143,0.2550974127444931,0.2173686271285304,0.17828347565550215,0.2868970039262701,0.29722381037344864,0.23222313991889001,0.23373085786951048,0.20563568633344667,0.151126821407872,0.15164038537829777,0.16307076506884435,-0.05141965526365046,-0.07957591308029449,-0.11296895176813403,-0.19026392516971105,-0.17338395244381669,-0.07748357692311214,-0.0711648062082033,-0.02969387838656734,0.034819635779856126,0.1075241561366322,0.1916338511544268,0.1499654184066217,0.06299202678143843,0.017741248884328414,0.043224911351118014,0.17905790010336511,0.3027387508926432,0.3845650741539594,0.4121769115927765,0.4320450967191013,0.4585119377432659,0.4802232298802104,0.5481975237605812,0.6330700512829964,0.7336313747478695,0.7729995370306794,0.7895631808798101,0.8768231009132095,0.9568311899652646,1.0310049124230554,1.0007937710688444,0.7699725404163899,0.5824334008306196,0.6196656393616825,0.587172084652205,0.41515470073633415,0.2966764302240576,0.146920539746438,0.059819804230219105,0.4399075307967758,0.47422379229247447,0.5875384782052532,1.1466836805445715,-0.17605852232672423,-0.10951791406926585
stat_72,-0.6059328211023646,-0.5796282012018655,-0.5338118216340859,-0.4877981008252729,-0.4538556026561047,-0.40012075032958716,-0.33894934014586603,-0.30623213503415125,-0.35800384699340726,-0.392502683137723,-0.39732892067978154,-0.3993859444202235,-0.4018933219959082,-0.3792142284803798,-0.349755874472071,-0.3377696770119155,-0.313519580499006,-0.28401365585631966,-0.27083781885616215,-0.2383542056212472,-0.19851262687497886,-0.15324494707830524,-0.12157317574361054,-0.11165110063027446,-0.052629376275123436,-0.031384714563952816,0.013821451209883689,0.01586866491678222,0.03782625143484686,0.04355344897959703,0.039561984281043,0.03274858219600975,0.024125626500806064,0.02750293723130934,0.025828358177007883,0.016152197269555423,0.03690339012581529,0.06980139664804919,0.09608837131270535,-0.10469072144019184,-0.07697891517489826,-0.03497032556186425,0.02835531743097032,0.0949807775928356,0.11343192357363162,0.10929932966351735,0.07786260147063602,0.03678026115098787,0.0373484089772268,0.047546409342643106,0.07243859917194065,0.12647062033085746,0.1406493316144059,0.13192135676234704,0.07984280807189043,-0.0016626839523339709,-0.037973159577751735,-0.11157194609475284,-0.21823568123049858,-0.26457547905898227,-0.3085400069345676,-0.4070005307545126,-0.43475714888675365,-0.4144432095221963,-0.38163823891673543,-0.3775996590860956,-0.36492726778002643,-0.3604187346839641,-0.35841778345809616,-0.32172616667401394,-0.38115051314270953,-0.4169085857993825,-0.4233599435687945,-0.5141090056226071,-0.5819435735208385,-0.6002781638621107,-0.6963099818615532,-0.7491845502410005,-0.4756662782624962,-0.36483300102041244,-0.17091212399763747,-0.7128179398016692,0.2970034780819876,0.54480847910289
stat_73,-0.24257216741625462,-0.24677411650585443,-0.26005377239196886,-0.30953850735736677,-0.334490115029972,-0.3002680800386928,-0.25526617900611703,-0.2670950444932483,-0.24415039814536751,-0.1612147189449459,-0.11216282236872342,-0.11216978073549827,-0.15706461983605735,-0.11966226319754267,-0.08095049167426899,-0.09640288108166191,-0.15055795067860345,-0.1839205166541025,-0.1901805644367232,-0.1833429337193057,-0.1839198471509395,-0.17560774238138996,-0.1701108496140452,-0.1718667671820594,-0.1898118376996567,-0.20298917061084945,-0.19806197839238265,-0.1981310013537554,-0.17008773099837513,-0.09326599971673445,-0.006451286014885826,0.033444560628498085,0.04862500063982196,0.04714625554845573,0.04678257283062213,0.031147364568254534,0.023301041330199418,0.015480533704721496,0.03806739648619575,-0.05469563834218826,-0.009615294560698203,0.03570641633111787,-0.01056408990217763,-0.026188505880960302,0.009972831425512746,0.08430526419684627,0.10802795619086153,0.08398759717210327,0.06634296338167056,0.04437353489432578,0.04966465794644966,0.04792599913343358,-0.024607130014150394,-0.14358023169345568,-0.3133894400709111,-0.46128290719826465,-0.4753131389466257,-0.4153546310837791,-0.29312938980797376,-0.20284769393876945,-0.24108935842251905,-0.36582777940944383,-0.2430171862275744,-0.045227955333614275,-0.032737375105410665,-0.14208101758450456,-0.20401325560750228,-0.11586510000931902,-0.09161993445095314,-0.1563090957069468,-0.20135150986226513,-0.2407307862564794,-0.2767761581122191,-0.4026278215230953,-0.43689496059535804,-0.3875640773707274,-0.426022788404464,-0.45118389493726796,-0.2693351471753032,-0.21479052435600993,-0.21285271720803256,-0.6527533857032263,0.3092774880759812,0.2558969054538581
stat_74,-0.28635886513271674,-0.18300308278946434,-0.1430552236206769,-0.0929520759239795,-0.04884297208945412,-0.07569161208784687,-0.10225643605159716,-0.11569216649117071,-0.06165788341026406,0.013775235714887679,0.10635723147662011,0.11089593025478117,0.10968986487818667,0.12523035687720452,0.18852556739903406,0.17102458467786041,0.13993009968902415,0.15470306727910224,0.16846824822551953,0.22966763552290156,0.2811306222901931,0.2682510848747523,0.2321149680286445,0.23375819583760937,0.19756977500403353,0.06832314289870094,0.009929697664026646,0.006908925380309422,-0.002572281908114956,-0.0026022058407626737,0.035300625414006845,0.03087660886155913,0.03553811199468308,0.07010992927052309,0.07482192164279367,0.0941787723250398,0.11463840671744945,0.12402082350508455,0.10555089065992104,-0.07976016141662608,-0.00539014846570488,-0.040218018974528535,-0.04873318151996228,0.03776406475841411,0.0534287762504006,0.031995587058067106,-0.02659250780521426,-0.08313849115595552,-0.09369427677399438,-0.140138708800364,-0.1320992047761016,-0.09581155733694426,-0.11704024688588185,-0.12156583038183426,-0.1116571177923293,-0.1391798406398978,-0.04296322084760229,0.16361130951761635,0.2947353803870418,0.31358913015174866,0.2620902824140912,0.13879059120431686,0.11701763999114198,0.16839717026526166,0.13765074651776715,0.04901890581085382,0.10368367605390463,0.1330108577509602,0.01018374520946954,-0.13304047633717894,-0.25039120523620845,-0.24388717013209746,-0.1195251109791824,-0.08775392467278365,-0.1998441716660759,-0.28266106079982517,-0.3804702723728926,-0.5929646178604553,-0.18848153235686438,-0.060445809547882805,-0.39251962186338607,-0.44870752992491103,-0.20472808872310097,-0.19338587522049613
stat_75,0.15506686246257456,0.2628427949257344,0.26716501315823316,0.3286154885778542,0.34715500255306514,0.31783311728466135,0.2502545624536375,0.19364366548204842,0.12899537952191248,0.12060641312405135,0.18560730187258823,0.19217256510234884,0.2449713342581697,0.27444885647252787,0.24378266151828626,0.18964215386203778,0.1765216775547743,0.1011913428999775,0.09188678239933838,0.09871746670992618,0.09139814374998514,0.030143521707054748,-0.007270380875622432,-0.016446403708463325,-0.053999950189953766,0.022048604425543447,0.004493709929959694,0.0011629910058008352,-0.02132409595579343,-0.03286519353507886,-0.08194115606002202,-0.14219943612208782,-0.1878955291893725,-0.1884762623801163,-0.18388980263869684,-0.16107513252078773,-0.16477613268254024,-0.19422412971731284,-0.13870421508531333,,,,,,-0.12470335455119291,-0.24219555698822465,-0.22362095724571995,-0.2269398969217118,-0.2795959593123117,-0.2995842534629343,-0.268170556350699,-0.18346252947209749,-0.11281992692847814,-0.11336981074941167,-0.08319743906222506,-0.04730706562292267,-0.04227847539015471,-0.09288953803952497,-0.03722488870475758,0.010340611894261045,-0.0913434943966977,-0.049298819196635695,0.12121761273580321,0.13675837489213638,0.17736341012405846,0.2687625810453495,0.27600816557473723,0.19593420513738374,0.062185938175423144,0.09486719095219802,0.23218274189818844,0.33282258347000454,0.3972094266115552,0.5489552324192143,0.4889644299334496,0.2818727280545475,0.24320627564623484,0.010455256842162157,0.19288804286593542,0.17259465079269407,0.17244107317356563,0.426568239160135,0.029492478082742794,-0.054225722501119546
stat_76,-0.747735023892276,-0.7027073166871419,-0.7223534251231735,-0.6498564342370897,-0.537901912275149,-0.45764254112685626,-0.5005430932972854,-0.5301073487747945,-0.5032516202324309,-0.49027593487034715,-0.46940220276368455,-0.46825264757361856,-0.4286774281478931,-0.37652120831685687,-0.3158340713070047,-0.2908582815138389,-0.28548843296089327,-0.26546760996453295,-0.24466019278393178,-0.16029673198509292,-0.11163590569584757,-0.08001485657361719,-0.048212283382685996,-0.0450607462170735,-0.00964762100066251,-0.017605279160226913,-0.04825099428131631,-0.05030751844041362,-0.09444871416525594,-0.14719530184105153,-0.15357900892032617,-0.16806764315870992,-0.17404234519960882,-0.1807599220044294,-0.1810007549136442,-0.13476943889829557,-0.0845184727604725,-0.021054644415724078,0.024778422922810087,0.07472027080384074,0.05794161983238572,0.10449420132960141,0.10659472103926969,0.09520190339880212,-0.03031740801086504,-0.16114823741013698,-0.30268496183012267,-0.3326116862157515,-0.20416781196806572,-0.16142851681292347,-0.19893786320864154,-0.2499171286824498,-0.21739715664042678,-0.06398568309233715,0.08880868950383133,0.08680551584195,0.051847944495612606,-0.0013094006734385146,-0.07008012101691824,-0.11466003872504953,-0.1262440851329611,-0.1797004763883036,-0.16224461178191282,-0.10686612980806129,-0.22090987367393616,-0.345216198353114,-0.41043505569228667,-0.4245355972797763,-0.4681090485880323,-0.5993638145848722,-0.5856192305296117,-0.5091452590078386,-0.4305958784788756,-0.5161456640635449,-0.7054938449279419,-0.8273438711478012,-0.8704374207148788,-0.910409830803725,-0.5800490087581984,-0.4082189792274932,-0.5794727343756709,-1.1767630383741665,0.03409627831340888,0.12754190788964873
stat_77,0.7261272576908303,0.6843799518762074,0.6110837736734339,0.605162006788194,0.6767604886058836,0.7519438360313871,0.7516940632796812,0.7431917777574022,0.696817467085042,0.6507682966836745,0.608983682431504,0.6032582839964162,0.5184377333763406,0.49596567569962763,0.4851864015326476,0.44068112803790466,0.4059190532190299,0.3979595199323206,0.4021470749569831,0.41288560107382705,0.40340388801681154,0.4444062294665004,0.43703391152219145,0.4371030642719214,0.4553402179707877,0.45266333018482807,0.48161748837198975,0.4861298656396177,0.5347918871224288,0.5270109216598334,0.5401248664415763,0.4815524386173203,0.42092061340788384,0.3679675104736244,0.359995798369103,0.27100827937264216,0.259173726211673,0.251087314473027,0.277701225953869,0.1278129262944946,0.16301247420978413,-0.04670339527880206,-0.03445102022372238,-0.04044436498346792,-0.010553447655538409,-0.025085022054631527,0.015120053760752138,0.09959200340056172,0.19036999913382247,0.24529724713943463,0.30106944636168426,0.47073198719582193,0.6439416319864669,0.6227332750332498,0.5290047916935047,0.3857000559834434,0.1977825137990181,0.1698470740946484,0.18412546133561386,0.06560931585577276,-0.020407688621612,-0.057060348567256995,-0.08058173506642716,0.08631814689507412,0.21836680197226144,0.31460752364917194,0.4422392722309161,0.5557757605104556,0.6276798490560673,0.7116259869025056,0.7359805928649477,0.7948629092699948,0.7975195521276848,0.6848229866771557,0.6011347666175975,0.6768723384947878,0.7613908276647151,0.7799781866516549,0.6278685546579972,0.6856173580457671,0.7811819440675628,1.4870380538171126,0.20828676928882153,-0.01594149440729504
stat_78,0.020323061015183615,0.018677396225722967,-0.11816705862273066,-0.09431168326452513,-0.07190857120887827,0.006312062136771311,0.04157041519952664,0.05387254504981286,-0.02454282889959088,-0.03878813624405272,0.01215560290559152,0.016241104203376426,0.10268515814232686,0.04836296975693932,-0.07665795932345755,-0.14166400409501503,-0.1943644567569373,-0.15848653963774018,-0.1313683189964761,-0.03986759372031752,0.01440079394257053,0.01174451603450911,-0.0020538934720314025,-0.008467588953148298,-0.05147302691067622,-0.0687596109326899,-0.07384133360610519,-0.0747942281844022,-0.10733347786821747,-0.13352298215478475,-0.14069969837322505,-0.1224031777075232,-0.14148807836134353,-0.16146863153321078,-0.1619230802801477,-0.15854476701736245,-0.1448060470560778,-0.12296334212676945,-0.12666391308489697,-0.07060156356522894,-0.05885510523129335,-0.07192199392901309,-0.0861388691283078,-0.09900426726765368,-0.24529175857759677,-0.31459235584034984,-0.2950294093643735,-0.16626739507066401,-0.07874037036825397,-0.062375710066899306,-0.0769207382600361,-0.06674697539552109,-0.009912744634782257,0.02015916517016668,-0.030121377937421687,-0.09695003039044389,-0.02546939571495328,0.10719601609336851,0.20562593261633333,0.17315088166655732,0.04294119779846883,-0.10466084173143682,-0.06087769076029575,-0.014755995324914787,0.03701363808403614,0.12411835690161602,0.08538000933068766,-0.0820500794076578,-0.07077702210788624,0.038030471444162696,0.09901874763906698,0.10678024579137155,-0.08665424939186653,-0.20743338507018247,-0.23892544015594694,-0.1743518477072664,0.023833259833144455,-0.04242525357339777,-0.22221497968262474,-0.21761144153172424,-0.0417380508063686,-0.2950444500739639,0.0629975713261301,0.3828584331282903
stat_79,0.49133846943112386,0.49314738842042005,0.5008171760720519,0.591935444711649,0.57906676793212,0.47960924480182693,0.38269345654228676,0.4332482106590307,0.4383446539076944,0.5616369653975316,0.5918063864660679,0.587396187762789,0.5432710032053851,0.41875959031460064,0.4160251215991109,0.3718523741451407,0.24726737392466755,0.1995955384735082,0.1825296102927818,0.20749899462836904,0.2840410730719254,0.3578025446716695,0.4130285330267774,0.4123081398605715,0.4210840010054918,0.3815489003956483,0.4055305198045026,0.40656373428792003,0.4813633951940289,0.5390811495349754,0.4713320321480408,0.42038472692891643,0.3580220001551742,0.2401453990085584,0.22603681316265964,0.19209218610472564,0.20754430854816913,0.18712450871449174,0.1778821856861136,,,,0.2368586290768438,0.010730741739014558,0.12722030862180694,0.06074115094652593,-0.04998656429547116,-0.057891154420059134,0.0001048498577544968,0.27907536525783144,0.41475601958177377,0.43908658222539115,0.6575694240701174,0.6589143647206755,0.27789026083589163,0.25501260868593806,0.4480255481972194,0.4573625863270674,0.26350037081376265,0.12357310143932962,0.05090131250295794,-0.01830249227082656,0.1413244249453458,0.40775361296994006,0.4089619769718681,0.39848652800222556,0.6100486368021452,0.7925978051183508,0.6273952883638076,0.3860468700852882,0.32226385381276107,0.3135017175425664,0.515575044280541,0.7708420880490525,0.6492958328962011,0.41115259379417596,0.4416157330519024,0.5733303870692902,0.3918188559829937,0.5042113973946276,0.3115043992703774,0.8288207945805798,-0.15877073610504,-0.2337623550582655
stat_8,0.09864084703568927,0.0612520245362645,0.05867045430365782,0.07984553879037218,0.07714970236890557,0.07630858021072116,0.1071120061340073,0.20924790975828683,0.3011094691635761,0.33025412159692,0.31012468341816213,0.30767180522026943,0.20779841129407428,0.1473079476735576,0.10559183414768376,0.07356759652340314,0.05526383325264648,0.04857670151876507,0.044523780503126595,0.021516247808755388,0.03725079437555579,0.054759205911295204,0.0808305945072637,0.09226441497307983,0.12947972395786567,0.13560164725671295,0.178008449917299,0.18076668676699092,0.24517424801330656,0.28147431541922324,0.3086839227393337,0.31527669561736965,0.30141741880679007,0.3104790930993481,0.31405593665285153,0.31139327579103515,0.3291435902209678,0.35992347148520554,0.3315157583231427,-0.01735687462263169,0.14149782196248534,0.1374646992757911,0.1451719340561945,0.1558051304239091,0.2533910319410347,0.2746862123599664,0.20237129240037777,0.2811285122748692,0.4510621252546578,0.59056555637194,0.6577457378357294,0.5082150274389403,0.4120617484542903,0.41734242898354446,0.32721076304484226,0.24592905865375747,0.2563834023437884,0.20138592500468905,0.06939022769499287,0.057769864191964865,0.0629209468052729,0.07802819201626651,0.018436862826577874,0.05845700073934255,0.1117561837660145,0.1221358669899345,0.19749624113812492,0.3029461739357716,0.38741462150106526,0.28245726871441346,0.10817371346476701,0.037074488234005824,-0.03104395648847423,0.03839212542602211,0.16650510022908244,0.13274203930478168,0.08395240490194955,0.1381783385005658,0.02329683223993713,0.09738032467081942,0.05168464940812794,-0.023794004299087533,-0.3095802207431938,0.06276650421339122
stat_80,-0.6976833347056854,-0.7043028561289354,-0.6887875691562637,-0.6198384248364025,-0.5310682650743048,-0.4580335692489307,-0.4780305383857562,-0.4698895611911806,-0.41060470817664574,-0.34305458778580444,-0.3539752107267788,-0.35505272317016146,-0.3971837412264198,-0.43584234825268375,-0.4198375110002571,-0.4013194595069627,-0.4191418241628834,-0.4212995523181209,-0.4216030545141642,-0.3867734640776568,-0.3493399147719369,-0.28454003990653676,-0.2666957776032162,-0.26768447874842494,-0.26298939120302695,-0.2841227937033637,-0.3608006929129454,-0.3664583058990491,-0.3627165075505566,-0.311587397495604,-0.3140202342005999,-0.32775311211341773,-0.3521454319051364,-0.3584258441165848,-0.3512642102519129,-0.31787452028226704,-0.2788328385153057,-0.2463738163835817,-0.2819972224833317,-0.013526756359419155,-0.00858009226471793,-0.07110727379427625,-0.10427631229940863,-0.10542261195538345,-0.07804203045196827,-0.09403958920589282,-0.14913450136384926,-0.21291844958159295,-0.31360644987388736,-0.3788176276231413,-0.3524681603684844,-0.29447294225355986,-0.2656842131993201,-0.35617641364145713,-0.42334579334307787,-0.39004354549600345,-0.30152207609068593,-0.21484172277200553,-0.10519682917252525,-0.15863329908929902,-0.40543937199834773,-0.5145747768608675,-0.4480502444246937,-0.3612223361033919,-0.45481002846348334,-0.5801476086206027,-0.45680225245160905,-0.3020311461866501,-0.29882746850253,-0.4293147953722924,-0.5292330359827812,-0.4247907699035746,-0.39715152814238003,-0.42239560195222914,-0.5266258665505654,-0.6987909397323813,-0.793575069870022,-0.7111673742970945,-0.6410924217761576,-0.5659765183689758,-0.5856799785237818,-1.1254104777791636,0.4563186461813026,0.011323083636801096
stat_81,-0.17734212327803192,-0.10553827264644743,-0.027864343325832385,-0.04868450539498165,-0.04057018031713707,-0.06826752484017894,-0.08764060361464915,-0.1200903245197391,-0.2793239777418005,-0.3822131460260511,-0.3314390830823162,-0.3247450434420881,-0.1978273798311745,-0.17514056892831364,-0.22196105096865643,-0.1950324513656537,-0.17195073778458747,-0.14487580607215317,-0.11053268590861492,-0.009544963391104609,-0.02099296768648473,0.002392809214509468,-0.0352607856665886,-0.051034822847103874,-0.08635306794018942,-0.036026579837430565,-0.026410825708636777,-0.026723506986975478,-0.015365122691633521,-0.10157277105615858,-0.16504100095140356,-0.21941057210494025,-0.24044873031014205,-0.2327848127266234,-0.23045114855433493,-0.17067348794186474,-0.13413878838702445,-0.14436481776901885,-0.1866647963449265,,,,,,-0.18343144230685451,-0.15526066214900905,-0.10280204579787967,-0.17505808443213278,-0.4091309325153883,-0.3980057381633765,-0.33675613383660874,-0.2725126033664912,-0.14312306946544864,-0.033132055167683944,-0.01279376944403581,0.02431880923993402,0.04098053944397495,-0.05513981508367528,-0.06150446367164758,-0.046697732829954375,-0.10860150286394166,-0.07105454969007917,-0.04220756696356177,-0.07983684679098124,-0.1513351083306681,-0.2673868393187719,-0.2941881633786581,-0.40137813377646275,-0.4817820501342698,-0.31722861264111873,-0.18148893250534295,-0.07369842590734463,0.09020257686617454,0.28725357433639537,0.20417435832749292,-0.07436643636084929,-0.2891321228580742,-0.3681943551950271,-0.1928838597419984,-0.1910767421893097,-0.15534928537622833,-0.3524321749937737,0.20083682794742208,0.08289397013125316
stat_82,0.07588617424280747,0.019845031877162807,0.018976091461765952,0.023910641098447233,0.11342238231067563,0.14839433744879654,0.11875420349357568,0.12705135214404217,-0.10050429891253038,-0.24240052606956808,-0.17649051324256707,-0.16214139467838595,-0.03917965519498799,0.013448337408947556,-0.040440649503820335,-0.01294065531713705,0.06191550318589468,0.047381380732949785,0.01880450108692651,-0.019255931057673478,0.06155122353555587,0.057871734223494585,0.03896837122505515,0.04001100977074874,0.046826707018074266,0.16444393720941688,0.17205929411816936,0.1693969765393038,0.1663466013779542,0.16685180233124802,0.22658340955577136,0.28565903535456577,0.2675131343322763,0.24490101368000716,0.23167981537795188,0.09358553959859936,0.059852525309164115,0.030499334143123714,-0.007831879270473132,,-0.07050411913283079,-0.09347740833279618,-0.08611191180531169,0.012740168953853234,-0.00950882787562615,-0.047925763155250545,-0.02846427200223858,0.07796053547371747,0.23762057721009178,0.37895618594360253,0.39851686970633793,0.2751640732146689,0.18200749986268552,0.27007430648106895,0.3360374697742567,0.31126369856210084,0.1883125202850437,0.09386873378187295,0.11227655313951743,0.0760153239268991,0.03343478151672157,0.1977673495359799,0.24085333310434054,0.03729418285978584,0.08161151545252723,0.13940427165962896,0.05328981907783472,-0.09810483696867602,-0.21433775475977557,-0.09816084360951559,0.13403246581550185,0.19493325262022426,0.32016149810461375,0.3843363870095105,0.2830713483424516,0.19952517604274586,0.19538240745123564,0.31662269654855313,-0.07350889593503052,0.00689304066452935,0.32044370575156206,0.26633577142511083,0.14078987100582266,0.28388148083080034
stat_83,,,,,,,,,,,,,,,,,,,,,,,,,,,,,,,,,,,,,,,,,,,,,,,,,,,,,,,,,,,,,,,,,,,,,,,,,,,,,,,,,,,,
stat_84,-0.0999728707072492,-0.05464767075965694,-0.12037027222023658,-0.17951492990027304,-0.26449598321156026,-0.23717106617440853,-0.1563173663043455,-0.1046246959590007,-0.2103688770488121,-0.3649995702882008,-0.4093446641037771,-0.4039067370466589,-0.2977860639293807,-0.2305450494803229,-0.25961274398419343,-0.32700656513710563,-0.28220013798128146,-0.304197619246819,-0.3101607468587735,-0.32228708688325125,-0.2623276454742621,-0.17651513257499887,-0.1448020870278932,-0.15396984771295916,-0.19810035094415684,-0.17423964055724633,-0.09438806559328095,-0.09202428299585176,-0.08752415622760419,-0.14160669209285062,-0.1733684267199464,-0.1714786027894494,-0.14871358238395394,-0.16118097653832827,-0.163313392872438,-0.1603576822446981,-0.053121706209486114,-0.019661084494610438,-0.017368871964339047,,-0.16146878133284656,-0.04271857176304146,-0.07948260030158986,-0.04210851897599477,0.04041610054748549,-0.003918061977913128,-0.03791606627716945,-0.07964689780301065,-0.13871198570294885,-0.15812152671052568,-0.21961056528112335,-0.14731235225940764,-0.05840520071393609,0.011101161165844052,0.09858644389628815,0.021255955807702086,-0.03695781479401142,0.04905359602431578,0.008999627726759902,-0.16414655565223102,-0.2141554404664786,-0.18871026759783896,-0.2721643649344742,-0.3283946738295504,-0.32699372113789565,-0.14715090357865923,-0.14766222318649722,-0.3787620148929391,-0.31701854845198685,-0.048585948547431715,0.020693906251421517,-0.022081244994075353,-0.10052236911715831,-0.18485584134445884,0.01136770947328023,0.23010270830960475,0.21464071255654835,0.14556836855880806,-0.24920185005231596,-0.2864229567633153,0.37354034713483725,0.12873496286617367,0.315871373543391,0.38729566427096734
stat_85,-0.3655563325857458,-0.27583394334179206,-0.20545116782317477,-0.2763186694132112,-0.36248450110784247,-0.40903983003481076,-0.4833556578958713,-0.6148577485854887,-0.7071763333903405,-0.7760828796288259,-0.7835038219198152,-0.7821358737116187,-0.7797869641459864,-0.7279295201796605,-0.6099352044676426,-0.6094690568746084,-0.6185130521107987,-0.5926181795064193,-0.5896576948021351,-0.6569719771802809,-0.6338974921808002,-0.5320935398185052,-0.4692661123354382,-0.46632078843187347,-0.45799784380824804,-0.3602778052356623,-0.2921007601225771,-0.2871006405996824,-0.25100637132430087,-0.19052611547803455,-0.04398888748697176,0.028063442196004658,0.028334471517777376,0.052205096438802126,0.05378387307388808,0.08343560414020862,0.037035363264574586,-0.024180413216278018,-0.09877587576789006,-0.14925204254631472,-0.16428561908684708,-0.13369332202412113,-0.028364021109289712,-0.047508632200339455,-0.06572002123291135,-0.04524278018956235,0.06092066225955586,0.14542524401851725,0.19572090112659846,0.19664808208597126,0.16029448165409127,0.054740336051903815,-0.08158758114516977,-0.0654857475549507,0.009692106661527209,-0.06552395491984736,-0.2600870191549307,-0.27681418358982973,-0.3749229058852642,-0.6059312926446703,-0.6411058575240189,-0.5877532975882165,-0.5284683656683606,-0.5145120068994561,-0.5896958535279548,-0.6307350256114354,-0.7096339780372778,-0.8321731003147808,-0.8308985247836687,-0.7431089176032917,-0.6011126689452583,-0.38869421433970913,-0.27470056611600185,-0.2071531099325401,-0.06511508594811966,0.08475306598281462,-0.04587846292886036,-0.23144114936062385,-0.3974293373746703,-0.4503386651043845,-0.11118231536649145,-0.7399849720012015,0.15853736893987963,0.43982571627182504
stat_86,-0.363855458686666,-0.40345423097009153,-0.3795589266742318,-0.29875382658024047,-0.2846284498741107,-0.29666007663441346,-0.2733006618824626,-0.3392206663438223,-0.416955151412565,-0.4630444319532573,-0.5116422200696938,-0.5171846946100579,-0.6017810217954067,-0.5954314929735959,-0.5447761875247353,-0.5271747443688025,-0.5453803798905864,-0.5258331524277079,-0.5235412751694264,-0.49004663781268903,-0.44651160671468015,-0.45224209583811353,-0.4517788223377158,-0.44674581645646044,-0.41368005286371456,-0.369935803804921,-0.3142367238532331,-0.3100460122590596,-0.25639270467363257,-0.21392375402788905,-0.1912643413922667,-0.13979240923553268,-0.11843530785891011,-0.08559913303886268,-0.08091877177033156,-0.028389178214171355,0.07665199508036614,0.11968268136596563,0.11586163174567327,-0.18793834294611922,-0.16764619986286808,-0.07584723249798038,-0.015612577769398272,0.1475360121246414,0.19075300331119813,0.20214586948812943,0.15526471583936272,0.08703403991322034,0.05649185480898926,0.10309068141344499,0.05118158586002403,-0.05466056976927642,-0.13130284892408728,-0.10889264194422311,-0.04697089797620013,-0.05633575613519859,-0.17278771985590624,-0.2372067422568821,-0.23879073750327245,-0.19772532467352494,-0.2774272425460086,-0.39590368281588,-0.4965383654016243,-0.5464333933193383,-0.5984080759673025,-0.5811653748605852,-0.41581065903220293,-0.34416959586640034,-0.38490790457890833,-0.4517865035480555,-0.3158069501445131,-0.16132075488785222,-0.05829434083985096,0.058214820933032124,-0.11967194727454897,-0.4137136386202971,-0.3892699246334152,-0.42767556959998804,-0.4040827269360344,-0.3913821318417827,-0.13586418701784378,-0.8760094590146856,0.08600525257749153,0.5718212671399818
stat_87,0.5669735868292086,0.3620231876846733,0.16753070567652764,0.194641459304141,0.19489323280267173,0.04532537205376204,-0.05178712738152491,-0.22722686717041482,-0.3431670295092039,-0.3742173049993313,-0.4313050981884621,-0.43195945388915113,-0.3816662513657458,-0.2801582484855384,-0.23647438412854277,-0.29551128658562964,-0.32380150916063566,-0.3116098171594324,-0.3233731586114949,-0.32083609772325355,-0.3223635946736686,-0.27235132581533056,-0.2098036139905461,-0.20768757379854372,-0.19096501367819796,-0.07252032421964107,0.020682694998903146,0.028648687479808723,0.12812135774909816,0.2043602221935118,0.2428619453164553,0.32345167372718153,0.3345359599945984,0.335328936349082,0.3402668681175185,0.3485260178985575,0.33181054407429444,0.290787377215499,0.29203755670007214,0.08048301967607269,0.13057573255762464,0.19961302609569084,0.26215934825690224,0.24371662451351608,0.2603094595933743,0.2931462293306137,0.3274782042005236,0.36972227061621243,0.45902151559847104,0.5490516056668859,0.5497849833203587,0.45247990283285794,0.32209189017515916,0.2522191546044337,0.16890037760474336,0.008688830848880976,-0.10191726463404983,-0.10925104480876259,-0.14449765614892185,-0.18830388464271516,-0.2515989632090213,-0.3000504962231124,-0.2564051834834843,-0.2275077644484023,-0.21317786538171826,-0.39536651926590094,-0.6200851236100912,-0.6598411635221866,-0.539239777331109,-0.40239030671737874,-0.37974172591392036,-0.2202018660770648,0.06565226497508034,0.24114135989832647,0.14810245270888506,0.2522093478368111,0.573549233784245,0.8640626150803146,0.2523608184862987,0.05759443851076425,0.20565541858510644,0.5900553882971488,-0.1425017077981525,-0.15208878276001184
stat_88,-0.49483543032409105,-0.496163060080234,-0.44655647624769035,-0.34709407660970876,-0.35858243009822277,-0.3625701614653386,-0.37568936074410647,-0.5144008952375194,-0.533469117483821,-0.402297653268312,-0.38315412575480984,-0.3873892610295387,-0.3238437833493157,-0.2900071967109121,-0.35014354839100664,-0.3537769929484212,-0.24409455332947477,-0.22990929406850277,-0.26472503749408066,-0.3810539991242148,-0.5188602473414968,-0.5672159922883326,-0.5244518457303923,-0.5172596005305431,-0.4583897880661156,-0.4452011161002636,-0.41997077399084837,-0.41520997461313736,-0.3874796258927809,-0.4029763643973098,-0.34728842981351393,-0.20416452661788262,-0.06758473966573013,0.08459723760454989,0.09454097086264499,0.024837700223130654,0.008640850412254254,0.021698240275472513,0.02374917904907252,-0.018481213961333974,-0.022388745262463143,0.12840572275562276,0.06757605596018652,0.07699146824674799,0.055076948089281534,0.05130843474296274,0.0689216010322714,0.18441310187052223,0.3414010559572857,0.2205976132577685,-0.21403868011131771,-0.47653600815156605,-0.4247795654310863,-0.21139256774570342,-0.14835193691947646,-0.31524366310988966,-0.4025426783214827,-0.3474040335853111,-0.3540282004003204,-0.34338086621759,-0.22723678969971095,-0.16441360505114458,-0.2112474479147527,-0.3984148155077234,-0.4342568793194578,-0.2833691086668871,-0.3111039383950673,-0.406193170048172,-0.5547796851570161,-0.8196904852461863,-0.7059699332521636,-0.46750226123152655,-0.32397689508917094,-0.2805822686066352,-0.3484547476884406,-0.4550721463422069,-0.46362303248643427,-0.4391650690228555,-0.48691913819069393,-0.43175606433870667,-0.5457303827492456,-1.1328211423942138,-0.1752378640337576,-0.030174734551512015
stat_89,0.10302016056490367,0.1729835287086314,0.1976956403134371,0.15583116153709606,0.14872210560262233,0.1359281138244559,0.06221042906027637,0.00541048918677819,-0.004004703000946215,-0.10572871461005168,-0.24434392770202792,-0.25482671429036774,-0.3314182180677136,-0.32186068050002303,-0.32545262926772345,-0.30095870211351816,-0.3943080090173877,-0.4280043898718386,-0.43612942169409147,-0.4485721984981876,-0.4995827693939333,-0.5015782649100433,-0.4684025177046422,-0.4589975388195587,-0.37603223702240396,-0.3282609658376187,-0.29766387930206556,-0.29821636008490604,-0.337494977195014,-0.32299677583368225,-0.2815953062040525,-0.16820391089875852,-0.13038464163460803,-0.08730363375128726,-0.07933807376827115,-0.07840917356834284,-0.1389842208699041,-0.17699384878685354,-0.11173351514631155,,,0.21650571200055324,0.18094458722651918,0.023223369979260514,-0.09050312010877684,-0.14240945892456805,-0.07208574506005144,0.10959244414402063,0.10598910597535598,0.002615916882098425,-0.11147899827376158,-0.19591449223540766,-0.24121691182307933,-0.2932313892608684,-0.2640361954891961,-0.28504910918948156,-0.39164288564041955,-0.45295287090870606,-0.47468862698347625,-0.4730472879718879,-0.4352398549518958,-0.41778546523492216,-0.3957049876501105,-0.3691779102684225,-0.4129578523339874,-0.333237174572222,-0.333942914766282,-0.20619523461936926,-0.1092858717967529,-0.08527245438064653,0.03297254557747293,0.1730560729084488,0.3493290794739886,0.5229014473107385,0.36239186733060985,0.2048594604994826,0.2720527199429251,0.08087504828470961,0.014158253016551766,-0.19477736106514915,0.13494020420607516,-0.05540381418323635,0.14051716668677092,0.2869492333330358
stat_9,-0.7317126876945262,-0.679423874735109,-0.6311428086263644,-0.4712831689542655,-0.28908817044405405,-0.11182852327083621,-0.025798945481512764,0.10678192230575326,0.29673065693484507,0.4657909074075931,0.5903801937610625,0.5955787969038526,0.5895929613877886,0.5349496595893096,0.4892311731284925,0.4312569587497798,0.3542472796255112,0.3113472270038636,0.3122796422046776,0.2730075339283747,0.24569745067360674,0.255762578524766,0.27428487903518634,0.2780438615355013,0.29176001448640654,0.33386819062343165,0.4129191057743725,0.42213967696711385,0.49767612745251977,0.5799604913802187,0.6201397257685651,0.5018191104530072,0.41296563081912663,0.30836231467091846,0.30345856054264436,0.33179361715854666,0.2987316839987684,0.3519526285661845,0.31483423504283425,,,,,,0.22640190616165543,0.20596509238239566,0.4432157047396466,0.4054542224783578,0.4112356786248789,0.6529368061811046,0.9106052813117277,1.1298934379394001,1.118207931442994,0.9186409806332787,0.642906251179913,0.40077274666330176,0.26366235199992516,0.16587965545664263,0.18821235207220294,0.10265363785906088,0.08517774527435935,0.32710729229157365,0.48388097016996645,0.5302458772883792,0.5959814731807868,0.6882522971681702,0.8074214837365752,0.905399641263684,0.8514592725914253,0.6826536991319209,0.3701140162112049,0.16443393731983372,0.11263300292945069,-0.09816532860174758,-0.5660746726358018,-0.893006574081114,-0.9926420819577699,-1.007596093176459,-0.36579331146873045,-0.021355315717990504,0.02187019025176659,-0.3182401584960453,0.4696045372015133,0.42029177614812185
stat_90,0.6750943298814032,0.8284285409700229,0.7520560858409161,0.749093978815571,0.7267230437522318,0.8242000782321155,0.8798634142713004,0.9172236126010964,1.0118875355530785,1.0386920082336546,0.938648870041297,0.9299924630995953,0.8698949630398701,0.8083737769920081,0.7630205979197414,0.7690084144613485,0.7838172244982642,0.7118681839473073,0.6742663761731916,0.4806556873199051,0.3448839773022238,0.20545384234409853,0.08862379448031599,0.07765704913727171,0.03197221904436182,0.12092830897195621,0.10700314859132595,0.10590981212410713,0.08292593303807293,0.07092837967007937,0.1235695874130626,0.15824417766391774,0.17869094546910572,-0.14845762785493605,-0.14400891134448254,-0.08505865355460519,-0.03848349335794483,-0.01932982097139547,-0.01228645786413026,,,,,,-0.07036356128099013,-0.06253131342075395,-0.01339220776892972,0.07114460913614762,0.14703836968592374,0.393380369104635,0.2661993151437838,-0.009674408341037721,-0.04748425263756519,0.006189615627073514,0.12552433536093663,0.11766456674190534,-0.03219505188951156,-0.026880468950950472,0.14268338947873063,0.3025180028806062,0.5272324316888082,0.814687696971443,0.8101626254636373,0.8111722927416481,0.7582098000391847,0.8539830996575812,0.9231009577981031,1.014751613599015,1.1329935928493329,1.0478160745066905,0.9392684451147513,0.8634107111684678,0.8288058883305602,0.7785850333128409,0.6876363563348675,0.6548761855948662,0.6912460478557564,0.5467700468742902,0.744886131397941,0.5851942856383978,0.7242046988434717,1.4018082442010815,-0.14315153457962287,-0.0361367825917399
stat_91,0.04087657450998158,-0.11674670598581138,-0.13722536451428805,-0.12431839454920923,-0.0525594589692072,0.057407700163731326,0.16492608760348254,0.1787334778717502,0.22374435808157467,0.22188670553355413,0.23433990619136383,0.23309850094029216,0.26443004337718284,0.3316146963330274,0.3194269504022659,0.25910169202123645,0.23888428764692837,0.11417404328109733,0.05763061809458529,-0.009925796835332658,0.022935512713862544,-0.006758496896295529,-0.0901318544723083,-0.09938424163955029,-0.14345925983010038,-0.21214611726553503,-0.2597644428787264,-0.2587174256745895,-0.28839088130925583,-0.3124201364199745,-0.3286812414417288,-0.24843493375707196,-0.193164902888534,-0.1672696901225349,-0.1659660116084845,-0.15540703239509132,-0.0990083601938124,-0.036882558601191405,-0.0066120108005052435,0.024380369926029294,-0.01933309821853593,-0.024395968446612945,0.08926205065273878,-0.004795561480901224,-0.045864049713486045,-0.08337156804069311,-0.0671395644663355,-0.022839830302773687,-0.004307796145035332,-0.05982729616420886,-0.19029492968899583,-0.32248085324391024,-0.3499905106397013,-0.30947285645797307,-0.23717968027176622,-0.148145144530091,-0.12973790630179277,-0.08780470159170269,0.04140832095867658,0.09242605399030623,0.04210604296760746,0.13296381167056726,0.30770549410070486,0.4001720321109522,0.4820343154092011,0.5643226912353545,0.5322402378602058,0.44535498981174,0.47955549268125575,0.4163966118641201,0.28557977467310963,0.18103213009204547,0.1439198706254931,0.017833631303392484,-0.09370845269825366,-0.1448052279517624,-0.13658755403028494,0.04086754012785247,0.19665052377072587,0.15845937175197014,0.3976887311243124,0.2822901519048079,0.41608420022632947,0.5867495254896984
stat_92,0.219931760728208,0.26623535776315693,0.2630846725905503,0.22535774872364597,0.28630548851832716,0.3521210187583846,0.3128287538616997,0.2455826063759024,0.22898783528271482,0.27035169666163295,0.25951285120326345,0.2604595188029636,0.22020379684298294,0.2023587042098352,0.16751235661131345,0.21597810146912333,0.2581873481700735,0.2625736508449492,0.24561055023756534,0.13688198329986836,0.09775252694365226,0.08879950374514314,0.08279447448736914,0.08264190478199496,0.10030853746723914,0.1468814949992615,0.1662893479609559,0.1700985271513456,0.21809100958204047,0.2334694013557625,0.296836683338118,0.3603218743910519,0.37976024950153325,0.3036631943557986,0.2922595297511343,0.2361713398217247,0.23297868435402402,0.28485333693682613,0.34219707419961615,0.08807307542060787,-0.004982231340563158,0.12893929947412425,0.17396643086578256,0.2778536414824853,0.23555807581422752,0.19619234134950755,0.15040453598765952,0.205507871462469,0.38740438387576254,0.581318804623309,0.609352773316079,0.4676021794230048,0.4412292787603498,0.4151870544630423,0.3144307313935282,0.32907776608264694,0.26355242627027337,0.09535714342353155,0.04571255366258093,0.1265004912428208,0.26423392298993886,0.2869592489710354,0.31697437716974436,0.3719344380657851,0.4121088857179452,0.470618031711508,0.4265126503786833,0.363372228500468,0.43083222238648416,0.3755806997890011,0.24143741777819366,0.3264140035553216,0.45855031582488853,0.44201459908102386,0.35261644721404667,0.3213171369672702,0.26763867075667136,0.3327616370574244,0.2008573313130663,0.15324341066491798,0.43803020621355265,0.4665993452460492,0.49998383058173307,0.4148372244776042
stat_93,0.11873549405566028,0.09494857661168547,0.27408059912624966,0.3106076715259787,0.22107177100702355,0.11350078721966735,0.06887451354803453,0.04959301867117801,0.08980531419315538,0.12852406012741419,0.11734126367634261,0.12609801730101858,0.2658185463943953,0.33477896016053327,0.32604447784847496,0.43696283055091995,0.523417707429592,0.5808044080204928,0.5998227123999171,0.553118623485933,0.5047711527655675,0.5417833972958327,0.4201355113821136,0.4096481428172731,0.3888955857956523,0.2870504452820719,0.26210197238370486,0.26325636598443414,0.24408581184153372,0.23514150224985844,0.2612782010661485,0.1947547935349472,0.15212264177123164,0.10397232863021567,0.09539464430538182,-0.01673194537220332,0.021250052709145647,0.061590835480181974,0.05999196750311585,-0.03560739229319102,0.0974326703269265,0.14219261745171718,0.15397569883263412,0.08321090536654964,0.060321266748112126,-0.01047140926628244,-0.09999062303411209,-0.01966055818488849,0.0004561119035429738,-0.0680001002547203,-0.019625471155584533,0.1717204901137957,0.18299358437205498,0.16985488080888714,0.1400597332353993,0.20077673192790665,0.34506465063784086,0.5210510285046488,0.5983065627242801,0.4386122504696492,0.39737328365268937,0.48689341240369594,0.4958380343910722,0.4334948326103543,0.31844799491187836,0.27931910895346695,0.19207937150455615,0.10412700834529416,0.13159322392324818,0.05518876592855627,-0.026986299932374832,-0.017262770035023908,0.13832042185842122,0.25442828253110805,0.39435155853053877,0.24625511962968963,0.049673581186550034,0.10913950068863053,0.08347713222391939,0.241553145738035,0.1304189526467035,0.38190493437078493,-0.21375576924833198,-0.21507803782401627
stat_94,0.9243981471566685,0.9289617822069814,1.0008707333187246,1.042962454437635,1.0950441687825372,1.0494141548894982,1.08864250299905,1.1327973912758322,1.0603654790910437,1.0694702255996826,1.0046438279979648,1.0013874508601839,0.9884098460886137,0.91136512039312,0.9243441667885236,0.9445933524741685,0.877397350670267,0.7633827100763161,0.7182074134378343,0.5092931911643929,0.39592311156282517,0.36391842475860897,0.4130639602725996,0.428229689385375,0.47186394468215015,0.47276728353828434,0.35963329045038206,0.3539971188295408,0.3041836944561654,0.2909050305522713,0.35081791352316705,0.38308250201965327,0.5237372274992186,0.6023847374857964,0.6112103359513574,0.5770039020780027,0.5317367401045465,0.5250441240770455,0.420920295140438,,,0.12189305721005779,0.1202024517103427,0.20066374455157826,0.22188734510225339,0.3845313040630748,0.42627070135818906,0.5434243200758408,0.6281317512791189,0.5763225068578864,0.44431650023934716,0.27946372783350426,0.18061923766553034,0.2048997188832634,0.3217465543839618,0.4408959343500881,0.4262710115418399,0.29819122900453604,0.2718897723318066,0.3074640005255275,0.48003992141278506,0.8531254886671363,1.1015713441542487,1.0509622746126615,0.8737704705584018,0.8756230521678845,0.9546342248363459,1.097303399118063,1.101485798608932,1.0222102511618791,1.045056558771226,1.0310990272594571,1.0983869981721903,1.1705121710761939,1.0971224171619263,1.012259815908166,0.937946765095741,0.8605647725486589,0.9988541662528222,0.8595613538511412,0.9221298332377358,1.8534433142754319,-0.21431016979989156,-0.10490124012932624
stat_95,-0.09892055684019843,-0.10840608670890856,-0.02661139570293845,0.06177275953010056,0.16136329003873973,0.21112052427825806,0.26467237663274285,0.22214307695155677,0.214986795718632,0.13332947790198296,0.04532318339977098,0.04384675389021019,-0.008131671174992522,-0.017346862774768032,-0.0717440674382728,-0.007929503812052034,0.07408798948486194,0.11689334777732224,0.07842781425877912,-0.05554373131144922,-0.05882528463775862,-0.06245851624845564,-0.1002006907289364,-0.11500723375748015,-0.16328276654004284,-0.08687364421573834,0.009684568747707194,0.015166623120412184,0.06292089939110866,0.10960719589096654,0.16370683117783796,0.17545012653984676,0.10414779547343736,0.018240977426719297,0.011028420257761294,-0.05662342495513023,-0.01707516999803573,-0.01743275272253277,-0.02097839117563949,0.08375968486639311,0.12632472748041684,0.19471048809004887,0.06993430107723032,0.0430809730624257,0.017267947464156296,0.06733578139935206,0.04439793306087556,-0.054185106667061035,0.03050469698804506,0.30600395857281104,0.37463663813739995,0.22481401475654822,0.19610520373197723,0.23648724349470493,0.12149466566891091,-0.03658238341474771,-0.19235337502151476,-0.17696526318351297,0.0019328558268816543,0.047377686853603704,0.059698461745631835,0.18208510650548765,0.17415506057104926,0.094500873673915,-0.005451234250856463,0.07056724295411651,-0.03474924122466396,-0.15686865541406778,0.05852690825665123,0.24133302505477583,0.38043835877119614,0.3976046753361354,0.30188801416906047,0.25425292521067766,0.10427146560123995,-0.047063810247126754,0.009206029812809923,0.13807171334058418,0.09638102377219288,0.1303671430878001,0.3444761482195092,0.44719004006214125,0.3121217215131067,0.12809390622989028
stat_96,1.0637762347663038,1.106476210272189,1.294288263690929,1.4446871760878806,1.4524304896469424,1.298826283810324,1.1783725063396513,1.2110420703565947,1.2415586089980764,1.232584019153283,1.161806335649976,1.1581257725069125,1.1607305442869622,1.1258814923612224,1.0528468632901142,0.9301937463240504,0.8894186308614824,0.8514265339348929,0.8234912572089124,0.7621141636998445,0.7324559790785177,0.6401734888412542,0.5631319674542439,0.5540349454029514,0.5681471707855134,0.5873739524655148,0.6379647311100752,0.6431169390033223,0.7075603579574232,0.6343083217422465,0.6778079863931988,0.694513804406801,0.726889208847143,0.694026865887275,0.6941415780497693,0.6267106497258637,0.5588275036873067,0.5068254776805243,,,,,,,,0.203125149342892,0.2151991589028953,0.2600308059242175,0.39568133560253327,0.5699295231572599,0.5571551618532776,0.5959129437824107,0.6404229966647557,0.8480533566148453,0.6939025112846376,0.6159586519710588,0.6377147521858778,0.6639910381691365,0.7474814722437971,0.9274771044087244,1.0253394466723722,1.0661564395309993,1.0443122755553904,1.1169760919616347,1.2499168495435409,1.3213131502282944,1.3773501535319,1.4070824856393136,1.4675603808564508,1.461616132859435,1.4170418566310201,1.4156676564092585,1.5460625901599776,1.7178473397062466,1.7252964217008684,1.502346074323103,1.2850923639563065,1.387593632349779,1.0123002683974152,0.7782035956977449,1.5978286089752662,2.611436154002318,0.5570033508692211,0.5105996350158748
stat_97,0.14586154649871164,0.15362984751093164,0.16820510748060744,0.12553598746736053,0.09240185219891359,0.03666214504239805,0.07668534314245622,0.336764271331224,0.5642094162019027,0.4877683470875767,0.28048583554928413,0.2695306892909738,0.12977110094766403,0.13993908383524334,0.1736857440114998,0.3098482024853046,0.24249976042858096,0.20763395830761014,0.22214533432880793,0.24483673606685152,0.2381463713857723,0.13093208212013338,0.006475153518012861,-0.012426374385563004,-0.1659720783194855,-0.2581863071035887,-0.23924311521803654,-0.22934306795180373,-0.11542522738125295,-0.013652409999430095,0.15164691908863961,0.31859412035259854,0.4955200582636661,0.5473267677055216,0.5517843937732315,0.523625000920628,0.45078341246529235,0.39851220849619623,0.33924455018889443,,,,,,0.41851240616526647,0.5146038755493312,0.6892021613354692,0.9217078599232377,0.9387178130888937,0.7288391829431762,0.5354551519818878,0.27988033882484775,0.07852844269063712,-0.14187416439808181,-0.398284955486139,-0.43211213849846336,-0.2049866995299088,-0.03976383825541948,0.18680987174833943,0.3120697766109952,0.2916286966481023,0.25031841877027106,0.25199022527750015,0.2181378332328779,0.04236989149805788,-0.005493791276195829,0.07362922917732567,0.3547028838834982,0.6176278910351785,0.7042307236645708,0.3569886255537155,0.017333554443076625,0.03794828967175733,0.10411042919975173,0.2460369409223144,0.3691634656104226,0.4424943230141017,0.38315106801722965,0.08383429655102487,0.10204416231007733,-0.02047108658005871,0.26651537664833846,-0.06540577963616054,-0.3502610786435104
stat_98,0.9542634790216954,0.8983052733451737,0.9391645966551757,1.004493685172485,0.9207279611125092,0.8718135840530791,0.8647449048924069,0.9189871236674317,0.9259358633519003,0.7887685972101315,0.7650698836668113,0.7696213919088557,0.7236258309633018,0.6793671550586363,0.6505802778596704,0.6049142843318791,0.6306474313200425,0.6503294529208067,0.64635065213891,0.6908053145005191,0.6897146911836933,0.682094880616187,0.659138298547041,0.6648589633636937,0.7220012451432077,0.7319249708811948,0.7496356016868054,0.7449209766977352,0.7343706302668177,0.7755937500806475,0.8058446939700497,0.8909062554922408,0.9101000647084598,0.8942611181118871,0.8930754605982062,0.804713415497635,0.6675887933620839,0.6108254148697907,0.5857474584548001,0.08731510271296476,0.1372827413619293,0.3051616188684105,0.2362456615071618,0.3007950970624254,0.29512417690344106,0.28309709015348317,0.36875923388201004,0.6384022743962166,0.9059729253300992,0.9756045287068708,0.959826928305342,0.7980038960005663,0.7144222024286162,0.804878261744379,0.8395715182090784,0.826515405829105,0.8181148764605799,0.7830426188495724,0.6853828935760428,0.7317392384225534,0.8005802011721977,0.6849253942887051,0.5702093676299453,0.6565463161702592,0.7966096240811246,0.8468640441202197,0.8346154492115142,0.7919940186950287,0.9121152527433501,1.0449744606432274,0.8927440767523912,0.7502303336510725,0.8244975954271165,0.9672393682683039,1.1331178670008426,1.1661750661695383,1.1708444711725392,1.2332583076425025,0.8451031977920126,0.7593229217334484,1.0798720960684312,1.904252094055995,0.38877697565139163,0.23943221508982285
stat_99,-0.26019947332356497,-0.16797312231494796,0.020692120232287618,0.03967924765469475,-0.05645322228462434,-0.12612658658362497,-0.10226400370287,-0.08255103937838314,-0.0023057424302277865,0.06377755754808045,0.1142794965862095,0.10832539127892897,0.07780037781693018,-0.027497548330175467,-0.06386552575023186,-0.1050004183032765,-0.17433823855900665,-0.23427680940611323,-0.2400853035822762,-0.2444597527056595,-0.20432167535803022,-0.14857539386467564,-0.1489706930512745,-0.146258615812908,-0.05401109284332114,-0.03624565772566308,-0.09240028726014421,-0.0971544301668118,-0.13263934679951514,-0.1362311523676427,-0.14867687708355837,-0.1806090417787128,-0.1358106958450198,-0.2312622650042887,-0.23724705952595646,-0.1539590580630287,-0.09699306649024356,0.1221547523604335,,,,,,,,0.2869707916943535,0.05956973717655574,-0.22036025603139894,-0.4504717180510924,-0.38035207391013537,-0.36225590861768825,-0.2946729456758688,-0.19958382577187886,-0.1972979283134017,-0.17402180435169684,0.018340965287805117,-0.041482572013656634,-0.16514751468320363,-0.03263884436763891,-0.03102626511932042,-0.33534894877834753,-0.4290388317211397,-0.2961725761860077,-0.2197336880421183,-0.2101599033889118,0.060356392189127736,0.22353463248189923,0.13122434293233146,0.11045647589438344,0.043775054093878975,-0.1206376775223857,-0.26406045135308753,-0.12391895379016388,0.058528565376953334,0.21956873338796323,0.013329210983029168,-0.30521701476861396,-0.3458029039895984,-0.18530381570524665,-0.05329276874142033,-0.46574137120513537,-0.4823930940806128,-0.219126305912368,-0.35926594335086337
