,pSA_1.000000000000,pSA_1.072267222000,pSA_1.149756995000,pSA_1.232846739000,pSA_1.321941148000,pSA_1.417474163000,pSA_1.519911083000,pSA_1.629750835000,pSA_1.747528400000,pSA_1.873817423000,pSA_2.000000000000,pSA_2.009233003000,pSA_2.154434690000,pSA_2.310129700000,pSA_2.477076356000,pSA_2.656087783000,pSA_2.848035868000,pSA_3.000000000000,pSA_3.053855509000,pSA_3.274549163000,pSA_3.511191734000,pSA_3.764935807000,pSA_4.000000000000,pSA_4.037017259000,pSA_4.328761281000,pSA_4.641588834000,pSA_4.977023564000,pSA_5.000000000000,pSA_5.336699231000,pSA_5.722367659000,pSA_6.135907273000,pSA_6.579332247000,pSA_7.054802311000,pSA_7.500000000000,pSA_7.564633276000,pSA_8.111308308000,pSA_8.697490026000,pSA_9.326033469000,pSA_10.000000000000,EAS_0.050000000000,EAS_0.060000000000,EAS_0.070000000000,EAS_0.080000000000,EAS_0.090000000000,EAS_0.100000000000,EAS_0.107226722000,EAS_0.114975700000,EAS_0.123284674000,EAS_0.132194115000,EAS_0.141747416000,EAS_0.151991108000,EAS_0.162975084000,EAS_0.174752840000,EAS_0.187381742000,EAS_0.200923300000,EAS_0.215443469000,EAS_0.231012970000,EAS_0.247707636000,EAS_0.265608778000,EAS_0.284803587000,EAS_0.305385551000,EAS_0.327454916000,EAS_0.351119173000,EAS_0.376493581000,EAS_0.403701726000,EAS_0.432876128000,EAS_0.464158883000,EAS_0.497702356000,EAS_0.533669923000,EAS_0.572236766000,EAS_0.613590727000,EAS_0.657933225000,EAS_0.705480231000,EAS_0.756463328000,EAS_0.811130831000,EAS_0.869749003000,EAS_0.932603347000,EAS_1.000000000000,PGA,PGV,CAV,AI,Ds575,Ds595
stat_1,0.24503888022886527,0.24376278176903426,0.24213702078016955,0.24069427547777317,0.23964361553060115,0.23743069938773428,0.22791334649746697,0.2223350681891926,0.22003546868015528,0.21678068716421675,0.21347998697752177,0.21328706425272503,0.21241794722883908,0.21032350718203868,0.2054965899322077,0.19995946240029513,0.1942647548061498,0.19012604568505515,0.18801650613321882,0.18420380408611697,0.18273812132199452,0.18117631746437068,0.17959083570967957,0.1794936706283124,0.1746347710146004,0.16718840402534146,0.16195306255973105,0.16167672999097674,0.15953406555229352,0.15961403714948133,0.15783676576923622,0.15454465948623206,0.15197892272428695,0.14986723074355765,0.14979144970188665,0.14952389902626306,0.14734383544020582,0.14123730603361073,0.13829659576953723,0.1076255739796767,0.1044724104654839,0.10951843614778635,0.11678848962180548,0.11839728174570033,0.1307758346907492,0.14424213206191658,0.15396817919969735,0.16232207233862742,0.1718109407327941,0.17120695063899588,0.1731020725834456,0.17628932902667654,0.17683865674950414,0.17514381601890266,0.17512730300132107,0.18308422576591568,0.18983408905838264,0.19331429818605098,0.19959616601007138,0.20134711606879369,0.19734117961973396,0.19900786200378515,0.20459160370409507,0.21184730406348884,0.21990680350226785,0.2231654000835138,0.22669544370675918,0.2304475853273657,0.22905782773801803,0.22180178253556945,0.220180630509661,0.23070410531873706,0.24531064566691727,0.24385997737584345,0.24500667689879424,0.24822054881036412,0.25091432992411106,0.25094325276190355,0.22810472344444782,0.20006732698330934,0.16833038227226063,0.38318775545866074,0.20516153900351017,0.1676230442299704
stat_2,0.16806413620969315,0.16712811315435827,0.16609205839801458,0.16520884313183817,0.16468126080431772,0.16352765325969984,0.15717746454733306,0.15331742546145954,0.15177772804573264,0.14957839599829895,0.14732279393159092,0.1471948790394689,0.14674493789862367,0.14557356625084128,0.14233271769932898,0.13842652521567556,0.13444558804764536,0.13163460148603331,0.13020135707905287,0.12779823816816088,0.12688837799729158,0.12595268365724513,0.12502560317872732,0.12494219275133917,0.12125942939794823,0.12010623048757889,0.11615856070903141,0.1159458293895129,0.11417806189578582,0.11411303313268638,0.11273539755830295,0.11023937262412807,0.10841201124434957,0.10699025862264573,0.10694792903856358,0.10693641561157492,0.10574950728249063,0.10171943216063624,0.09995897464025531,0.08566639593002423,0.08208745483374841,0.08400739484773943,0.0895331735981663,0.09163936473220201,0.09756666786402532,0.10725956614937929,0.11281577204636974,0.11763354217941191,0.12355197708545745,0.12234140069652306,0.123546626520022,0.1261430894247292,0.1269424014330234,0.12554033330207034,0.12576235383183657,0.13209744626115497,0.13356789791947146,0.13718047314190096,0.14161770442447086,0.14215005230817332,0.13774608784604978,0.13822310070461602,0.1420443827378635,0.14705283601700023,0.15261576641034322,0.15458222567842886,0.15680727301302294,0.1591854400858024,0.15798724976596273,0.15280425685936916,0.15168524183057588,0.1589553183477185,0.16858667835813992,0.16703140295900074,0.16766028187283863,0.16990882025251156,0.17179490789264845,0.17185600997685896,0.1569548488769508,0.137820390371258,0.11675858765834884,0.2635335607246752,0.14877046399665375,0.11827020394503994
stat_3,0.1744064041419344,0.17343741003058064,0.17234827399511546,0.171425617599259,0.17087256329002654,0.16965917463185612,0.16304803519339597,0.1590320000054376,0.1574239308493255,0.15513600224609206,0.1527958809656562,0.15266333807694976,0.15219463157229657,0.1509682557974636,0.14760588275920952,0.14355705387954953,0.13942721909297284,0.13651381781888605,0.13502730113526948,0.13252938713551352,0.13158681448023626,0.13060726081391638,0.12962931801004932,0.12954453701810031,0.1257405039307826,0.12007525278473985,0.11612584282424017,0.1159133028717356,0.11415392520328681,0.11408866153328587,0.11271621273944685,0.11022580122768336,0.10840103227844544,0.10698780619289919,0.10694013538643739,0.10692828812689958,0.10574972915501953,0.1017114083352969,0.10405781388757693,0.0966443872051682,0.08541617427955821,0.08767021547155762,0.09343699402723421,0.09550992846076338,0.10128990189648324,0.10724151621288817,0.1128066398812522,0.11761520478849058,0.12353605352407693,0.12232715879506051,0.12353107423773789,0.1261218101134912,0.12691376566662527,0.12551340097267158,0.12572674262652792,0.13206070444673748,0.13841215878172233,0.14207347334461412,0.14668088071285454,0.14728338327349152,0.1428108938682718,0.143335104190622,0.14729168297470216,0.15248749160731592,0.15825878862981263,0.16030154295145865,0.16262199288486612,0.16509766669380027,0.1638469734123903,0.1584786803078751,0.15733790205673404,0.16489423440095993,0.1749163944062067,0.17331889458697727,0.17397665040548108,0.1763090648939635,0.17826011377409962,0.17831176853449887,0.16283392392942492,0.14296775624769104,0.12083862502962407,0.27316518154616476,0.15387824363548797,0.12256212492997745
stat_4,0.19049884143704982,0.18944689537221554,0.1882349440649902,0.1872132975654781,0.186590381902954,0.18521842692727924,0.1779608478064249,0.17357059979765507,0.17180137372595394,0.16929377601196932,0.1667373924235437,0.16659248733956233,0.16606680065591198,0.16470572248390092,0.16102136023378838,0.15661164882866468,0.15211726578662652,0.14893425532639937,0.14730957994841787,0.14455212392024147,0.1435035256977493,0.14241601689937664,0.14835414337373656,0.14826213377434633,0.1439959105511078,0.13759752507955683,0.13313607376112782,0.13289715075644196,0.13095601770060877,0.1309304471278503,0.1293943372030762,0.1265666476915054,0.1244464609280739,0.122746706548363,0.12268372926783201,0.1226021832146485,0.12112931228976954,0.11637297061701204,0.12070444962934027,,,0.10928203276667157,0.11653807349141913,0.10495578332693588,0.11598255557892757,0.12146169765018339,0.12840039782247065,0.1343595151296296,0.14147161500046218,0.1404158050709616,0.14188859144109164,0.14478516769830763,0.14554589550178945,0.143978679328485,0.14412545384050615,0.15117763658237784,0.15793365101699308,0.1617033665594201,0.15939801840474407,0.1601904507176037,0.15562912256158076,0.15631474709616483,0.16063336084610508,0.16629691389137394,0.17259903301183271,0.174868189866899,0.17741809243044643,0.1801474856822875,0.1787923513420791,0.1729529368245846,0.1717310399360191,0.1799899416842317,0.19099475912006672,0.18929846934024974,0.19002822093786545,0.19257398399576092,0.19469454702501876,0.19473130011367715,0.17777331649150613,0.15605644092015494,0.13131988127483432,0.29781670081195055,0.16652415690032074,0.133314370464005
stat_5,0.1679800125574292,0.16704484802595793,0.16600746077711862,0.16512375441664964,0.1645956082758733,0.16344270808256375,0.15709261551100373,0.1532312023509099,0.15169227812478367,0.14949321936631232,0.1472384003228434,0.14711059503602394,0.1466613508204941,0.14548582012618,0.14224920978366182,0.1383462504875168,0.13436341435768265,0.13155515208607085,0.13012298735757158,0.12772295736504602,0.12681556971813704,0.12587719992667304,0.12495490095232298,0.12487206960277596,0.12119271250715448,0.1157197724622381,0.11190557756705222,0.11169986307915766,0.10999102533818135,0.10991050854970284,0.10858193970737143,0.10618106995275674,0.10844560746292088,0.1070314069424404,0.10699326884200552,0.11664490242381648,0.12116199826515585,0.14118134592972872,0.15044161785799645,,,,0.13862026710924497,0.138938895300514,0.14046212101727035,0.1441847723169037,0.1284540181684048,0.12806085190706473,0.12360931252530129,0.12237897644149699,0.118966992025156,0.12146706984727138,0.12225957250169384,0.12091864665511244,0.12114915960282288,0.12728537030218914,0.13349970220850677,0.13710854741182837,0.14154052627443436,0.1420754024761104,0.1376686654447274,0.13814212180727378,0.14195871135546642,0.14696817226612746,0.15252695487564757,0.15448811991520553,0.15671755604929213,0.1590946111224984,0.15789564294256256,0.1527167393855552,0.15159947060330592,0.1588692618488639,0.16849955906959013,0.16694729403206718,0.16757766752701192,0.16982449044391565,0.17170888382523528,0.17176893187389594,0.15686641895956357,0.13774058064055122,0.11669467290941378,0.2633801960508807,0.1487056489524767,0.11821203360391902
stat_6,0.17441833269859086,0.17344823143446222,0.17235826397268827,0.17143686956441187,0.1708874762013869,0.16968063897239227,0.16307621191359453,0.15905744160636165,0.15745144464992075,0.15516314320712524,0.15282203636972544,0.15268961985430313,0.15222519746946098,0.15100633324157123,0.1476432598274072,0.14359378969918968,0.13946167946247584,0.13654896938575867,0.13506258497845097,0.13256921340408828,0.1316271224342319,0.13064950810279571,0.12969414822706923,0.1296099997787649,0.1258017937909587,0.12013429273571594,0.11619176588383678,0.11597890202033252,0.1142230704461229,0.11415809440563716,0.11279806170689628,0.11030724796884532,0.10849732401026697,0.10708409861742219,0.10704890640430302,0.1070464082853674,0.10589889893978328,0.10190587133590638,0.10429736979026547,0.0831496911249964,0.0858101708961287,0.08448110432001185,0.0899115406639175,0.09194317610908512,0.10155212122134326,0.10748493850115116,0.11299827511358625,0.11777180158134642,0.12367843457765729,0.12243653029558015,0.12361955269428505,0.12621000919364284,0.12699393900277986,0.12559071284857393,0.12580000648969636,0.13213234603464943,0.13849549808776462,0.1421656858238309,0.14675391315580993,0.1473515156040418,0.14286432257015635,0.14337911679920035,0.14733530266227107,0.15253272333576562,0.15830363414211604,0.16034340629127483,0.1626579702339285,0.16512938512238295,0.1638722963066283,0.15849967708023469,0.1573592523284238,0.1649195546936054,0.17493123572038616,0.17332175644603912,0.17397650324226185,0.17631020286897794,0.17826109122411987,0.17831135144431387,0.1628445192135712,0.14297809073708131,0.12080767125574063,0.2731284493814811,0.15395400023475422,0.12260533363973536
stat_7,0.16235762572797774,0.16145353895308823,0.16046367189596197,0.15961227957127858,0.1591004124705102,0.15798832586870168,0.1518675056765178,0.14814620234413245,0.1466662347923114,0.14454575334688724,0.14236468130597033,0.1422407715749878,0.14180224816083928,0.14066679123953613,0.13753655286211905,0.13376246481493437,0.12991123810931512,0.1271925702056211,0.1258071484238358,0.12348463317605299,0.12260470754492422,0.12169969254052064,0.12080876201293417,0.12072699443015547,0.11716207956836278,0.11186636462811363,0.108161606937413,0.10796224804763854,0.10629343254803912,0.10619963757811472,0.1049008236496019,0.10257483157724841,0.10089846943322478,0.09962173535663747,0.09958812367840332,0.09958168868623704,0.098479182760905,0.09475492325683584,0.1040787179140556,,0.1117787837215953,0.10246503203084191,0.09774942977038636,0.09549795784551855,0.10128567618750771,0.1002801950193655,0.105285205188737,0.10965599648983207,0.11508344880478125,0.11382520278901122,0.11488965824810109,0.11730943789210638,0.118105793626584,0.11682567551968247,0.11707949641364201,0.12304258075885338,0.1291086837350382,0.13265676749095645,0.13694629862864688,0.1374314503354914,0.133113063036395,0.1335596652500868,0.1372572109818506,0.1421024132380106,0.1474759546786134,0.14937663566458304,0.15152754512643082,0.15382445280399945,0.15268401966777226,0.14767563256625663,0.14657547847441443,0.15358834230613114,0.16288094967051464,0.1613875222750298,0.16199792053266376,0.16416850849576786,0.16599544655180007,0.16606561566764413,0.15164952862928543,0.1331705035983158,0.11313500709997307,0.25491611252202073,0.14404899189198314,0.11434246937295764
stat_8,0.1381929946931967,0.13743086995790613,0.13664761395305802,0.13592358123127002,0.13545306695484222,0.13448047501592403,0.12934035183699238,0.1262377172453489,0.1250246664852001,0.12324228366179364,0.12137600941268264,0.12126782736982958,0.12085476051604566,0.11983207063648484,0.11715249013100203,0.1139499174733679,0.11066948159639574,0.10832860524107302,0.10714121525948983,0.10512652843164594,0.10435189797711754,0.1035729896389363,0.10281877339204525,0.10274715945352636,0.09972457031890591,0.0952361308706613,0.09206331503357036,0.09189232970532374,0.09041643985463207,0.09027235873479823,0.08911655355550696,0.08714626369125501,0.08579200008463353,0.08480169901787046,0.08478387982629954,0.08478451543305511,0.08570851229691025,0.08251467612413199,0.0811399110397808,0.08277526813507122,0.07448397508420126,0.07346758886116266,0.07054232646759773,0.07239468402383109,0.07994035674983284,0.08774223654277903,0.09185900904621877,0.09341612928626786,0.09791949268593364,0.09663127263025964,0.09739085820365859,0.09940683252052832,0.10018918209225232,0.09919929318222905,0.09954646704080337,0.10466192240111853,0.10994881202162654,0.11312228751952874,0.11675930948243467,0.11708492235991236,0.11329110793331286,0.11368915719422279,0.11688320744881064,0.12102457462540764,0.12559225943660712,0.127267158005797,0.12912975859500958,0.1311039615447842,0.13026624602813455,0.12601557214684328,0.12495685930164732,0.1308435552514788,0.13871997585509277,0.13755622489583114,0.13810594634447976,0.13994018870101063,0.1415208719090145,0.14164257097833205,0.1291696658812284,0.11346626915420892,0.09808762846874995,0.21882579125463142,0.12328527444099771,0.09735489659743664
stat_9,0.18181606659239977,0.18080867445862592,0.17966132544337587,0.17869303359718516,0.17810891511704924,0.17682354236438685,0.16991287778226336,0.16572118294920957,0.16403727661995451,0.16164749371582732,0.15920758972446306,0.1590694559267945,0.15857558328706908,0.15728626170744436,0.1537752690070615,0.14956095990746554,0.14526085985786863,0.1422250177635247,0.1406752989350659,0.1380605803188674,0.13707413019383302,0.13604406225309518,0.1350104951049124,0.13492288519378606,0.13097946584771197,0.12509743780151658,0.12099617500107747,0.12077587905330409,0.1189635442204619,0.11891399567228865,0.11749642520151675,0.12024970414922148,0.12438895818977042,0.129929077810291,0.12985653581939033,0.13853549323211942,0.14732419678422304,0.15417688521439898,0.1507015531546399,,,,,,0.14065799717817193,0.155336589946309,0.15392669094751935,0.1510236925822823,0.14956692614812647,0.14035502586305862,0.13480715143302763,0.13148385935181472,0.13226858734047628,0.13080927435930992,0.13100159419235718,0.13755432539043252,0.14404696604694192,0.14775777438756832,0.15255653459569848,0.1532449672756838,0.14871647697959417,0.14930871803146087,0.15342906296954462,0.15884177044865677,0.1648562042062405,0.16700070051962398,0.1694289996074091,0.17202086951007292,0.17071788562246365,0.16513244894078327,0.16395810635722907,0.171841656241204,0.18231681176429804,0.18067215446520613,0.1813629606247321,0.1837936928776879,0.18582213505152329,0.18586558189665905,0.16971011064610028,0.14899107943446568,0.12564403725078477,0.2844825795181372,0.1597559285370536,0.12753723214650195
stat_10,0.1449798549984548,0.14417664448485154,0.14333675225862125,0.14257942611324056,0.1421010442960264,0.14109618645761945,0.13568521640767026,0.1324089686792306,0.1311222643589568,0.1292455701081979,0.12729094890035658,0.1271784186687507,0.12676042930611223,0.12570891796657616,0.12290305883128967,0.11953809384759627,0.11609667576711757,0.11364962844063377,0.11240676309160795,0.1103075044651188,0.10950404809436676,0.10869079523698714,0.10788953283639358,0.10781506759096118,0.10463804430279686,0.10257250019226498,0.09916448588855967,0.09898068796849764,0.09741093403127439,0.10001883076702296,0.0987638678565988,0.10631357185391081,0.12456171401951004,0.13016679052887292,0.1300960070289044,0.13001416812256467,0.1474200488677446,0.15417688521439898,0.1507015531546399,,,,0.1386589956956621,0.1274736209705182,0.14065799717817193,0.155336589946309,0.15402104325724456,0.14217739682401861,0.14984316910625553,0.14053963393586608,0.11909318803568403,0.11033854582054553,0.11114780205209801,0.10696001073157839,0.10727830854588585,0.1127738355289183,0.11536511270075327,0.11865484071102804,0.12248538882113517,0.12284975394920447,0.11889293528688133,0.11929865191248028,0.12263518736717052,0.12697459865969138,0.13176949893149315,0.1335055903285652,0.1354474583915895,0.13750941020562665,0.13658249311027967,0.1321146196432556,0.1310439073070625,0.13724739099144326,0.14551315812171026,0.14424378196677204,0.14480644002824514,0.1467360959464189,0.14838652042965916,0.14849381733292988,0.13549236391741795,0.11901124757532586,0.10228864155599444,0.22894146446443636,0.12919840469197705,0.10216257442337727
stat_11,0.19015874896360016,0.18911033530987179,0.18789517858706012,0.18687174873130713,0.18624577872016662,0.1848688777842201,0.1776149501374503,0.17322625580714862,0.17145547088110333,0.16894988309218917,0.16639850496287575,0.16625393704051258,0.16572841239640065,0.16436300327467043,0.16068890210179343,0.15629135182555107,0.15180410032879138,0.14863292128029712,0.14701464310356527,0.14426774069629567,0.1432381805117615,0.14215885999526715,0.1410701797850678,0.1409806395226325,0.1368896492284933,0.13077462361335862,0.126513704070484,0.12628488334065327,0.1307810257703838,0.13077270701470514,0.1292541807358013,0.12644048422507193,0.12432224461843487,0.12264505971452955,0.12258168338075338,0.12966415727411806,0.12804220406805422,0.13097284655131444,0.128415655579995,,0.12096199443297437,0.12985973793053102,0.11650366590086031,0.11092990157520363,0.12255835783057216,0.13503653815358715,0.135261285471429,0.1417862766600742,0.1413514956657426,0.1402828690242727,0.14176054266905058,0.1446470907004626,0.1453873736079094,0.14380027833158693,0.13697516176235427,0.14375547798301921,0.15037720578853359,0.1541215746702641,0.1591220987801483,0.15990503265842132,0.15532960942971782,0.15600561051755193,0.16030309101334536,0.16595598693592956,0.1722428242504048,0.1745008800932053,0.17705372597493008,0.17978081737844054,0.17842561400993875,0.17260323364983252,0.17139064440910673,0.17964078939615202,0.19063905133289494,0.18896275086089553,0.18969809072418675,0.19223717966170822,0.19435178707810222,0.19438596171688338,0.17743523334414477,0.15575279795182312,0.13109263786539846,0.29725919137111384,0.16624008899126447,0.13307257471393863
stat_12,0.14492796441199687,0.14412508729412996,0.14328477826255445,0.1425273254682045,0.1420491281824287,0.14104299836253598,0.13562974260350094,0.13235368689587057,0.13106577808496922,0.12918945361012107,0.12723553546324382,0.1271230755866904,0.12670621608646193,0.1256579717949384,0.12285458050430302,0.11949108235818988,0.11605055858309618,0.11360728413624126,0.11236475875637707,0.11026912115160983,0.10947072022566741,0.10866114699614925,0.10786257285805932,0.10779010199897052,0.1046186617061905,0.10247081232151067,0.09906504499833159,0.09888146689274485,0.09732163531291925,0.09988784463645338,0.09864345851706446,0.09645389095430469,0.10093606814909568,0.09965265544706148,0.099616527871849,0.10310388087188141,0.10195482989754492,0.09808073189058593,0.09999935249769504,0.10774218889683088,0.11187060084622306,0.09677055927518871,0.10316061998554493,0.09556868957128821,0.09758487519345875,0.1036143809438462,0.1088898605499654,0.11348226558133355,0.11511372356139798,0.1138636517165448,0.10795739693673664,0.11022618449467411,0.11102217599232053,0.10687076528787823,0.10717655795651208,0.11266952221218342,0.11534521399752823,0.11862897152013335,0.12245575333036988,0.12281577897100807,0.11885336368774464,0.11925520497921648,0.1225871427842516,0.12692505869573065,0.1317179843869991,0.1334511572503425,0.1353894272088095,0.13744982648606133,0.13652234899720883,0.1320568156804274,0.13098882065634956,0.13719101723813246,0.14545795488081384,0.14419102876537424,0.14475384030626712,0.14668287982204947,0.14833243803868862,0.1484392443357903,0.135443673570719,0.11896790248856386,0.10225032075391356,0.22885379365247915,0.12916510963333624,0.10213225465483858
stat_13,0.17449540750243162,0.173526012103249,0.17243764262675237,0.1715145442196556,0.17096057583596985,0.1697489200286345,0.16313598687624872,0.1591214283320766,0.15751637647165423,0.15522778813490223,0.1528866019830635,0.1527539166692729,0.15228410302129985,0.1510549325858148,0.14768986631343542,0.1436390569001392,0.13951068106454242,0.13659445564539538,0.1351067558104425,0.13260506735749597,0.13166013162032422,0.13067988317669657,0.12969832248017685,0.12961311486567356,0.12581069916841275,0.12014532260006547,0.1161987907850879,0.11598613789125822,0.11422561262287634,0.11416095672905635,0.11278680681422058,0.1102978022952694,0.10847830312964668,0.10706782188160352,0.10702077156220689,0.10701678166472278,0.10583222141589421,0.10180862365587935,0.1000816112964063,0.10183413442665853,0.08899298879687823,0.08753883123931819,0.08632237072801188,0.08839452742438703,0.09766595583434157,0.1073211806176302,0.11288149171603556,0.11770280191445168,0.12362084546191046,0.12240616355543256,0.12360136056389473,0.1261871311881843,0.12698079620194475,0.12558343722903198,0.12580024758417485,0.13213041690224214,0.1384776726316652,0.14213519397114222,0.14674721654755168,0.14735211728999828,0.14288620828657847,0.1434158013257271,0.14737683962919187,0.15257231123556267,0.15834695037371643,0.16039386314255494,0.1627170130642941,0.16519455698730365,0.16394591513142381,0.15857449286521644,0.15742772025760854,0.164984226070938,0.17501075464854685,0.17341026858516512,0.17406825151224395,0.17640198144129818,0.17835454034548023,0.17840721716061167,0.16291518347840445,0.14303989442853246,0.12090874749149189,0.27332003782608844,0.15392144993528137,0.12260669163587759
stat_14,0.19029695285312356,0.1892475694225585,0.18803358017579175,0.18701014750195075,0.18638390624843873,0.18500659348715723,0.17775024939626227,0.17336048216862887,0.1715901220338162,0.16908360343752318,0.16653005462644027,0.16638531130400463,0.1658589675297094,0.16449895894855088,0.1608219496438629,0.1564202710134594,0.1519300301838183,0.14875505992801732,0.14713486040933982,0.14438395662907774,0.14335207099612274,0.1494357285611084,0.14825855291755893,0.14816682246010204,0.1439073852641351,0.1375161613106954,0.13305831552200645,0.1328196861353592,0.13852166520996462,0.13853324079634471,0.14617050562789916,0.1430556157726278,0.14066475397513234,0.13872617253558736,0.13864029300385758,0.1493999694290811,0.14720048211267228,0.15405919885212563,0.1673236709348479,,,0.13007112247871822,0.13857304191063194,0.1389218012682958,0.15328967736375887,0.1552397184288541,0.15380594521488652,0.16217530048100767,0.15940857173317619,0.15859272780749545,0.16032191648860114,0.1634230790880921,0.15389971884810102,0.15226456892493676,0.1440437127729333,0.15108912513444675,0.15783455302999017,0.1615960844057295,0.16685060546017727,0.16002045108277155,0.1554488479194492,0.15612967670289665,0.16043365003370877,0.1660912477194824,0.17238389179704944,0.1746460422435221,0.17719315215838854,0.1799220500652181,0.17856908857309028,0.17274138397367947,0.17152455200478753,0.17977840419453212,0.1907818366060789,0.18910229284574073,0.18983689457109335,0.19237819478027035,0.19449515359930633,0.19453064196064698,0.17756985206773018,0.1558729121593641,0.13119674238610618,0.29749908972325523,0.16633379525092457,0.13315803077919666
stat_15,0.13546759996083338,0.13472312329362465,0.13396690646634463,0.1332552665276421,0.1327830753322209,0.13181638386472452,0.12678903177451012,0.12376247947835026,0.12258250038397829,0.12083966266715936,0.11900773902183061,0.11890100508291991,0.11848414200862127,0.11746659849802249,0.11483564641317615,0.1117003745214108,0.10848531557558368,0.10618638809792862,0.10501965106538493,0.10303133684048876,0.10227040430653132,0.10150305638118585,0.10074820944657659,0.10067766984727254,0.09773064917523913,0.09334697082869535,0.09023474609005891,0.09006711727936477,0.0886102709616109,0.08846178543519047,0.08731784259833554,0.0853972447426328,0.08408968390768118,0.08493940621846693,0.08491580092356546,0.08683618204854887,0.0858374488770858,0.08263964014127467,0.08126129052057086,0.07756672020979109,0.07442410071453177,0.06796801807303177,0.07065719281344716,0.0724845911307292,0.08004189858943693,0.08785243151836061,0.09198490417818544,0.09567167039112902,0.0980631573631182,0.09467079547455025,0.09537747240554033,0.09732815213247308,0.09811347200297175,0.09716910391091094,0.09753900525423675,0.10254921758785493,0.10771389303773242,0.11081987432572377,0.11438987705655186,0.11470717820433085,0.11100248187353155,0.11141485651528563,0.11455534764777367,0.1186190223481946,0.12309507732746176,0.12475586851458416,0.12658957320344394,0.12853342029227335,0.12774646669471615,0.12358579788262686,0.1225221735765219,0.1282739159507186,0.13599549493547194,0.13488672470298238,0.13543379779752612,0.13722892094837721,0.13878325317532542,0.13891471714511716,0.12663412490725498,0.11124422189178856,0.09646933859224374,0.21486901466586555,0.1207702493860092,0.09535396515395811
stat_16,0.14166459469134096,0.14088104102414262,0.14007278235629889,0.13933293163033317,0.13885887089406657,0.13787098465121317,0.13259830425966104,0.12941045833656412,0.12816568162254166,0.12633683874562654,0.12442918871639363,0.12431865401830951,0.12390197475561808,0.1228657631870138,0.12012144138894208,0.11683555156138306,0.1134801952353612,0.11108577803411938,0.10986885817399511,0.1078092851564103,0.10971389401775913,0.10890351285299205,0.10810270976029522,0.10803109662737939,0.10486989354382506,0.10015694548542849,0.09682441785632943,0.09664443647846974,0.09751506688431258,0.09740406246622642,0.09618954752876367,0.09407473698401987,0.09259442779413204,0.09150445992400369,0.091478740141923,0.09149590619698102,0.09049477870445317,0.0921618065078991,0.09062974157111452,0.08291448039846627,0.07949541031496964,0.07608594599810087,0.08095992131085598,0.08294053697120515,0.08893894765672063,0.09765976215255041,0.09693273459912777,0.10081659165560909,0.10569836386636842,0.10435748295588795,0.1052180390172058,0.1073936403388221,0.10818922442666058,0.10706347609902414,0.10471488067254837,0.11008915743514679,0.11560653993236072,0.11887977682322369,0.12270796477922302,0.12306890473137252,0.1161831855915836,0.11658942866197185,0.11985909391608864,0.12409520191126469,0.1287794991673972,0.130489509513835,0.132390104327868,0.13440897731076246,0.1335264022455256,0.12916206166678007,0.12808821856770192,0.1341330343144579,0.14220249973406868,0.1409812119159493,0.1415353198877458,0.14341921850650466,0.14503714692363345,0.14515404029746115,0.13241509486243042,0.11631639580760933,0.10026055710719516,0.22404991554711992,0.12628084944946005,0.09980047276040947
stat_17,0.14163582276279313,0.14085292651813322,0.14004379011003074,0.1393033061827483,0.13882790550448462,0.13783785566831314,0.13256428836202241,0.1293768211213364,0.12812861118778443,0.12629957659706198,0.12438780855110697,0.12427729425589738,0.12386094978547471,0.12282414410392865,0.12008221248058602,0.11679819936557441,0.11343585511835169,0.11375583139665942,0.11251147532500894,0.11041086473013646,0.11244127469572225,0.11161098036149163,0.11078665296389575,0.11071336202392627,0.10745390317117985,0.1026021997901265,0.10192036696397135,0.10173169496431657,0.10012743236966054,0.10001118426425491,0.09875725680886414,0.09656410345364466,0.09502212623739043,0.09385882140062997,0.0966430348541418,0.09664739588398427,0.09865470039125337,0.10195035157859239,0.10429796199928838,0.10194163635044515,0.11191284973258947,0.10249478666816153,0.10324998006407134,0.0957322644726295,0.1014918625989156,0.10745589882547688,0.10546400513237171,0.10644862833750648,0.11167537748320931,0.107134900573505,0.10806601278448338,0.11033362463401354,0.11114109645839024,0.10997576434693418,0.1102796559602628,0.11280518709970735,0.11845915917591403,0.12180688965660717,0.12574062470027708,0.12612588799173308,0.11899914364820667,0.11940683816032002,0.11981036355129097,0.12405377677977614,0.1287363352019642,0.13044410172440948,0.13234482575467837,0.13436348451193914,0.13348675138792432,0.12912546352468185,0.1280555962523526,0.1340992922914465,0.1421704890600806,0.14095441066301673,0.14151021800380145,0.14339298869743772,0.14501016849894902,0.14512667349680441,0.1323827291269058,0.11628627369707602,0.10024467520798346,0.22400376987478843,0.126240023944937,0.09977107632664658
stat_18,0.13845778143967946,0.13769472121416934,0.1369129548595314,0.1361873261403397,0.1357134253942227,0.1347353863585671,0.129588915641907,0.12648455662423794,0.1252716232737619,0.1234870285664535,0.12161646865159773,0.12150789470166577,0.12109185103769578,0.12006492001781054,0.11738088953011032,0.11417358623619608,0.11088756924588725,0.1085428049626501,0.10982481404888893,0.1077657049186718,0.10697856750011621,0.10618099983523474,0.10539540045618236,0.1053237056626483,0.10223076131099992,0.09999398299418344,0.09666761801809498,0.09648828705753454,0.09494853830455408,0.09481551140461772,0.09360885155769166,0.09153913787714513,0.09010119972298077,0.08904010519908621,0.08901069977182624,0.08902107156914792,0.09572043704675094,0.0983131885016297,0.10446287807042948,,0.11174901419264077,0.11828049180586064,0.1030817538016669,0.0999847405061111,0.10167209925745406,0.10385056304672023,0.1024090517436382,0.0980749508405288,0.10282337125371954,0.10152983870902355,0.10236208487818338,0.10448883207458637,0.10528994317342463,0.10422241457111107,0.10455631549439538,0.1099189799470716,0.11269465836526268,0.11591724156129206,0.11965562001342357,0.12000410443403234,0.11613458535963198,0.11654189725874625,0.11710494408627409,0.1212553758893579,0.12583156205656457,0.12751456174239253,0.12938071267431173,0.1313602053013292,0.13052995996537375,0.12627210608187378,0.1252051887454364,0.13109823787773342,0.13898923507083297,0.1378286910849443,0.1383801139622136,0.14021765297580804,0.1418024866443461,0.14192679622698243,0.12942092638550423,0.11368852028229776,0.09830078112524927,0.21929970405503327,0.12342036385754711,0.09749381591524492
stat_19,0.14876453421303093,0.14793915450431047,0.14706658747653303,0.14628917605420472,0.14580418531567077,0.14477595944884453,0.139208124153506,0.13583470279635437,0.13450506741536936,0.1325752613085727,0.13057128584699995,0.13045630489311008,0.13003538903818823,0.12896942787542207,0.12609577972122007,0.1226415514037554,0.11911117529936056,0.11660871224076884,0.11533488796821025,0.11319121635979014,0.11238072775554496,0.11155410886843309,0.11073212492553171,0.11065929271151985,0.11363881056713791,0.10850418695533966,0.10490976258941874,0.1047159354519335,0.10308798720426096,0.10298895426794007,0.10171857758336775,0.09947102016472952,0.10109148808252609,0.09983191381233891,0.0997895042542535,0.09979408319451905,0.10203546520310461,0.10187353092869035,0.10421413869772585,0.10763270270361519,0.11174901419264077,0.10947663769113204,0.10924119913352491,0.11109162051150336,0.10140809379218017,0.10737040571391043,0.1089559390453422,0.10988161738093939,0.11530739935907684,0.1140244615929061,0.11135677393320029,0.11368637151855109,0.11448595603120745,0.11326062882209055,0.1135347731349317,0.11932667767483623,0.1252458533171258,0.1217474663242689,0.12567715187236514,0.12605820569804277,0.12200722009376731,0.12241610368747548,0.1258272058265882,0.13027627571742506,0.1351972054290426,0.13696538896471927,0.13894897156584307,0.1410604556131294,0.1400859540725627,0.13550001784707924,0.13442424349257584,0.14080431086897172,0.14929525971862193,0.14797618008982308,0.14854864767665524,0.1505308719006872,0.15221973536167396,0.1523187813683868,0.13901354469883334,0.12209735630709846,0.10464418098365408,0.23459271608436605,0.1324603090505056,0.10482659905219101
stat_20,0.17461700929120985,0.17364674562631158,0.17255944732820463,0.17163789069746904,0.17108374755829686,0.1698690896957449,0.16325423481407922,0.15923684780130112,0.15762988660075247,0.15534053318847382,0.15299766433782538,0.15286482864606143,0.15239427533177902,0.15117053549385825,0.1478022808913379,0.14374853398364523,0.1396144363271558,0.1367002931033446,0.13521112742041164,0.13270890900582866,0.1317680844439412,0.13078547105409047,0.1298038356658439,0.12972081618051104,0.12592367364877174,0.12026507016882515,0.11630987153922488,0.11609691408990905,0.11904513359726815,0.11899129719329764,0.1175695341115644,0.12035413637742086,0.11835348841444167,0.11677758730540087,0.11671599988019978,0.12266307987997824,0.12820893558195526,0.14115038679390213,0.15052970338391664,,0.12096199443297437,0.12985973793053102,0.13837740702111836,0.12725849744561926,0.1405208945049344,0.14413464141681614,0.13542830548717377,0.1344166756070369,0.13469295141188098,0.13355155497230012,0.1349107891561432,0.13155193456648684,0.1323420250406359,0.13088980931123906,0.12591400275679446,0.13225464661954545,0.13859300709118327,0.14224383177267383,0.14685412892227284,0.14746229330230126,0.14299277825229678,0.14352347814411653,0.1474842770384576,0.15268712104826518,0.15846610028877486,0.1605173245895338,0.16283464631205433,0.1653137512083731,0.1640669517520512,0.15869105061926414,0.15754288872190914,0.1651044967258901,0.17513531743210511,0.17353448235096566,0.1741917224019247,0.176525980308228,0.17848062388871605,0.17853447152082738,0.1630380248888256,0.14314960489472595,0.12100264350472648,0.27353778662717715,0.1540076977170684,0.12268511328595481
stat_21,0.14169004386070572,0.14090593492740883,0.1400984873867983,0.13935941050328146,0.13888641754950154,0.13790052196629407,0.13262570473280721,0.1294379421273977,0.13456825799351507,0.13263848215589194,0.13063383447779425,0.13051881744113314,0.13009757203109462,0.1325821697814111,0.12962742986360773,0.12607340552195964,0.12244415574250402,0.11987231430254153,0.11856400610425658,0.11988674138161526,0.11902648552566383,0.11814963678743251,0.11727824092914024,0.1172025171414709,0.11375004907363956,0.10861718913344003,0.1050171490039122,0.10482300741236054,0.10647214849984847,0.10637659965441981,0.10506251966019844,0.10630171516063022,0.10456075888656119,0.10322527192704814,0.10317901676982918,0.12270397791205438,0.12820579363307585,0.13111105829498013,0.1672173978732828,,0.12124529144082673,0.1301524798254834,0.1386292425114694,0.13891544962456442,0.1532118213236945,0.13516059638481842,0.13542848599315147,0.13446508274909907,0.11920534876744358,0.11796427733514146,0.11908302137454782,0.11746047155345435,0.11827332324803137,0.11700198023292954,0.11364493894408713,0.11944448575847096,0.12536121978272446,0.1288371648801492,0.13299961006160613,0.133446295040051,0.1292268244883965,0.12585444598176596,0.12935825530607323,0.13392930744445491,0.13898995441710701,0.14080055500629343,0.13901705552977175,0.14112894236730494,0.1401531402628947,0.13556272693140597,0.12811503040807978,0.13416033935658006,0.1422313287381436,0.14100539713424404,0.14155803101919576,0.14344267575776878,0.14506128637864416,0.14517857132294976,0.1324433067103991,0.11634260891594973,0.1002751911051069,0.22409170226143788,0.12631186108417236,0.09982415137091433
stat_22,0.17455620817366227,0.1735855720731529,0.17249783743257766,0.17157602165266345,0.17102463090971531,0.16981477364944367,0.16320244673275527,0.1591845482458019,0.15757922231059687,0.15529042407861296,0.1529470144310937,0.15281433469747166,0.15234515659063208,0.1511208295572888,0.1477548265504921,0.14370354638596347,0.1395688751867102,0.13665895151137322,0.13517203193798857,0.1326737209643677,0.1317368680965806,0.13076082018178758,0.13512087305282583,0.13503286487597288,0.13109422878305985,0.13089588298300567,0.12662813870045087,0.12639890239987048,0.12452483380975324,0.12449243205240045,0.1230192767194726,0.12031602574237234,0.11831218975095155,0.11673199894834191,0.1166768715888673,0.12260830397884258,0.12818316592233675,0.14118623130751706,0.13822903219579843,,,,,0.1274364139679809,0.13070158790249395,0.144179706041734,0.13541644325892643,0.13436957773515812,0.13466000553321303,0.13351265188759623,0.13487656875678689,0.13766644843869258,0.13844607502621992,0.13692412308764781,0.1370957181019654,0.1438875040617726,0.1441774949760728,0.14788553262676443,0.14685004306036945,0.14744806774399008,0.14296417028857347,0.14348750540891766,0.14744172546947804,0.1526439832832309,0.1584188672829191,0.160465252186331,0.16278441112059075,0.16526152421949716,0.1640113777797206,0.1586350914156357,0.15748836423731402,0.16504980782337725,0.1750740922424891,0.17346609241540234,0.17412117221821435,0.17645667786936925,0.17841034243712256,0.17846306380056523,0.16297793162831067,0.14309724740984092,0.12093332098567099,0.27339924788505593,0.15400805906895404,0.12266902634101119
stat_23,0.13833949409948304,0.13757610524824757,0.13679498147133232,0.13607124205954935,0.1356010429050203,0.13462910920573173,0.1294854147747472,0.12638202839990947,0.12517246223247866,0.12338956328225449,0.12421796724497523,0.12410770466467401,0.1236924322099372,0.12561582741623975,0.12281390540670713,0.1194509161400508,0.11601197666754803,0.11356857569279123,0.11232667206049152,0.11311333259511876,0.11229396822895743,0.11146383926772895,0.11064808921586078,0.11057237294201683,0.11033210241340573,0.105350860153604,0.1018533306693045,0.10166474017180166,0.10006302049914223,0.09994549050808993,0.09869819904228086,0.09942249693285932,0.09781389348219721,0.099771954915595,0.09973227870687866,0.10702141648789847,0.12117451663334725,0.12317004207088213,0.12082342978385398,,0.12148164923131434,0.11851440992728533,0.1261535361492553,0.11835326859231537,0.11607861278252907,0.12784782062760017,0.1284454760814669,0.11770884782548824,0.11524353914870301,0.11031480303178172,0.1113097551778178,0.11027682456608269,0.11107841625594328,0.1099113461941051,0.11021123795615739,0.11585153264981929,0.1216338322755449,0.12167375995411873,0.1256010612423477,0.12598406394724965,0.1219335318375855,0.11921717911278565,0.12254870086805784,0.12688428538491445,0.13167582048963453,0.13340655104958563,0.13216565006130465,0.1341818154840859,0.1304247980567463,0.12616738262326643,0.1251008115413228,0.13099101867304944,0.1388733712212367,0.13770385734517002,0.13825186191081468,0.14008897127051717,0.1416724967997981,0.14179604143272578,0.12931594909658328,0.11359790181705344,0.09819870392301377,0.21908626305989126,0.12338751687805222,0.09744744160978326
stat_24,0.18176723019735302,0.18076024398599927,0.17961283528213812,0.17864451988823743,0.1780601867787294,0.17677587009877904,0.16986624164972763,0.16567537661553944,0.1639917730570515,0.16160244598776768,0.1591646024024237,0.15902650492447507,0.15853324736976826,0.15724587723297068,0.1537388464050316,0.14952554587761568,0.14522726318070536,0.142197828537804,0.140648392430113,0.13803699417239987,0.14324291406009917,0.14215390526249763,0.14105776411157167,0.14096821034206183,0.1368768331952017,0.13075795314642172,0.12649328514003763,0.12626450585954138,0.12440069710005407,0.12436904864457837,0.12290602363381237,0.12021376206453213,0.11820493470074427,0.1166274671791281,0.11656991400606433,0.12254618281380812,0.12804220406805422,0.1310648439788428,0.12851062844175415,,,0.12995150184250967,0.11665878492204704,0.11826154977795063,0.12263304153801097,0.1351123879741089,0.135261285471429,0.1342944641362192,0.13452769542005702,0.13339452139901128,0.13476941006032728,0.13755033386226254,0.1383165385031776,0.13679397261679285,0.1369534222084736,0.14373740620762515,0.15036324674362495,0.1541079906625601,0.15911638987642918,0.15991012716793893,0.1486911418373596,0.1492801943793982,0.1533934406958937,0.15880398951765787,0.16481706762175405,0.1669575975628986,0.16938350638388094,0.17197430838110794,0.17067016511095007,0.16508672577668762,0.16391289836907333,0.1717946053457407,0.1822681156956395,0.18062395265965075,0.1813151088746967,0.18374502097343015,0.18577277769542963,0.18581607671628456,0.16966299200320017,0.14894918804657642,0.12561240963936743,0.28440603893595,0.15971350416710606,0.12750227497956154
stat_25,0.13832296636702401,0.13756076044407362,0.13677791565878214,0.13605237125611858,0.13557899943892535,0.13460158350688897,0.12945766985640147,0.12635423222202705,0.12514094691510746,0.12335729058458848,0.12148877418413848,0.12138037477164779,0.12096527181796315,0.1199409859698818,0.1172601614362558,0.11405590547976724,0.11077300460067785,0.10843143338426423,0.10724206032279246,0.10522374649404825,0.10445409309680347,0.10607563611778904,0.10529489134645184,0.1052229229291647,0.10213025780177323,0.0975320246512276,0.09656634839483152,0.09638725802424249,0.09485077591630295,0.09472252215663021,0.09352360833017465,0.09389860295823821,0.09241034557000734,0.09385099250692881,0.09381949269045098,0.09382591391535174,0.09551623735062051,0.09818645939131998,0.10010550767220912,0.10785493690876269,0.0989763737754152,0.10277403772886437,0.09803456097315148,0.09568964303365128,0.09766766754804497,0.10369880455429233,0.10218499709525009,0.10336350388722444,0.10841105964419856,0.10416544427713718,0.10504730668202218,0.10440866503575721,0.10520101876466155,0.10412531943530878,0.10445291939641746,0.10719774939874857,0.11259448352274143,0.11581809040239854,0.11955194822878148,0.1171761799316421,0.11338536337091963,0.11379001968737236,0.11698659739792942,0.12113226731862864,0.12570382820177883,0.12738231689302654,0.12924566365858764,0.1312232297636935,0.13039070893218105,0.12613785048344142,0.12507502779075907,0.13096460070627125,0.1388500743484508,0.13769197927106935,0.1382437914225757,0.14007934176857412,0.14166192511125916,0.1417849589937366,0.12929002646917168,0.11357187052499533,0.09819898176367799,0.21906504672556215,0.123332517184964,0.0974126210085923
stat_26,0.1449708508379124,0.1441676581637225,0.14332798156024856,0.1462384289947305,0.14575519896032402,0.14873781205722886,0.1430060551614056,0.14364951927741015,0.1467798024284153,0.14465899057731932,0.14248264939814184,0.1423585787747188,0.1419183839829142,0.14563966313256266,0.14778079633207597,0.1497306047726296,0.14544776697928288,0.14241355811668255,0.14086134697037866,0.13824389598259385,0.13726072806620063,0.13622843203354804,0.1413570193295149,0.14126676077359826,0.13721033248369563,0.14536045919882662,0.15004697048312554,0.1497851794085634,0.15933010442460802,0.1594258322181267,0.15764838127194047,0.1543660890674691,0.15178540605600116,0.14969410389637122,0.149600415425508,0.1493024709548026,0.1471236299659198,0.15400257694835465,,,,,,,,0.15519397203175397,0.15373718143423373,0.16207828768134355,0.17158983207994272,0.17099532316205251,0.1729123029420792,0.17609417890819684,0.17664153456148923,0.17492865697432816,0.16235224166497306,0.15960197464429804,0.15071856309640827,0.1544281640118813,0.152759246305705,0.15344913662344753,0.1489104525721917,0.14950411457173188,0.1536270508306251,0.15902315146110343,0.15844710586155844,0.1546527162287506,0.15165217340374199,0.1539512810840004,0.15280605427447144,0.14779243605322145,0.1421355239938288,0.1446374082549485,0.15336351147417032,0.1479213217429818,0.14849216937671503,0.14672699647773077,0.14837738160546926,0.14848477324530407,0.13229694283796672,0.11621026628453741,0.10017733128394699,0.22384953093935725,0.12618548660341178,0.09971889738543074
stat_27,0.1383700854900753,0.13760694633881485,0.13682550115095096,0.13610086153607034,0.13562919922324618,0.13465345541775262,0.1295078537351203,0.12640409987703027,0.1251938744076797,0.12341046452357564,0.1215447996480874,0.12143635922451708,0.12102199540991251,0.11999674174556943,0.11731456467400696,0.11410913059292475,0.11083155400634438,0.10848845005120289,0.10729861738132289,0.1052797244090143,0.10692779075455619,0.10613415934795888,0.10535565774904929,0.1078378008240048,0.10737790356877462,0.10253409691833679,0.09912079917359129,0.09893692710303417,0.0973692061945652,0.09988784463645338,0.09864345851706446,0.09645389095430469,0.10097420801945968,0.10317601067496343,0.10708679433641184,0.10706785969266978,0.10586743081637774,0.10182997770788534,0.10417146198292217,,0.12148164923131434,0.10276476544888809,0.10325972922236487,0.0955757624105215,0.10137819930883772,0.10734528401260562,0.11292585959775546,0.11776865467511974,0.12370457850999039,0.11390317140849147,0.10795739693673664,0.11022618449467411,0.11102217599232053,0.10691535861191248,0.10723228108570863,0.11273591870417346,0.11838811964738606,0.1186850894937091,0.11962166241302946,0.11996313038586143,0.11344578096833757,0.11385003435125784,0.11704991278521709,0.12119028148251801,0.1257630432629028,0.1274429788968726,0.12930787333706698,0.13128450591645074,0.13044759237404785,0.12619073960863134,0.12512377256858473,0.13101470054056752,0.13890100209697145,0.13773690114296855,0.13828635804911238,0.14012352693829347,0.14170732102640787,0.14183107245675278,0.1293430470285203,0.11362099155929099,0.09822855520651626,0.21914585631367614,0.12339037915236721,0.0974564393692973
stat_28,0.1487748240136027,0.14794951348646937,0.1470766602773361,0.14629904263703591,0.14581364814329484,0.14478630282286134,0.13922161979846615,0.1358479626717937,0.13451918710669186,0.1325891227407308,0.13058523430619368,0.13047023740145475,0.13004946564733647,0.12898494422899986,0.12611136357669414,0.12265660580635714,0.11912728706665719,0.11662494045455515,0.11535071482701131,0.11320637398900571,0.11239577550958611,0.1115667534599752,0.11074599445311128,0.11067188009257364,0.10741480624135909,0.10257424614516449,0.09916883555989103,0.0989850316129435,0.09741977576589712,0.09730634767590762,0.09609120461513179,0.0939701903522412,0.09248507326082402,0.0913832838096554,0.09135831196440192,0.09397240966716239,0.0929507191161911,0.08949872283984805,0.08803174581108722,0.08036659682497609,0.07720470232091796,0.07375258091796305,0.07642928180329107,0.07831080563859495,0.08649102657069073,0.09493223852004748,0.09950590727049718,0.10352598336330229,0.10555551355711362,0.1042431423497803,0.10511671208816548,0.10730245113242537,0.10809504966948082,0.10696892586555173,0.10728290241356413,0.1127756226933219,0.11841578818103764,0.12175941854772321,0.1256893122620721,0.1260736230614276,0.12202301302858472,0.12243261428890093,0.12584393696591872,0.13029203564544775,0.1352137347225568,0.13698179594605617,0.13896385263898342,0.14107540758118517,0.1401006236835067,0.13551439028771442,0.13443749959504178,0.14081809434802642,0.1493064536006538,0.1479869666366837,0.14855991554985754,0.15054205679841676,0.15223093999295614,0.15232991095608647,0.1390199690213623,0.12210252834805008,0.10465077263217588,0.23460567693916112,0.13246122824990195,0.10482910862916485
stat_29,0.13835753391233643,0.13759522188592302,0.1368125514045901,0.13608668626882187,0.13561282273051256,0.13463440982794242,0.12948917874178914,0.12638542444028403,0.12517203461831675,0.12338808233281205,0.12151892198300435,0.1214104715487936,0.1209938122666883,0.11996818023227993,0.11728499649617247,0.11407985543479865,0.11079582429137085,0.11096867016461216,0.11243900335209246,0.11034022365677837,0.10953811641807627,0.10872556416031821,0.10792138219308947,0.1078470132672801,0.10742313864162674,0.10257555852693416,0.10189793483559786,0.10170919625383917,0.10010224889675441,0.09998248791511626,0.10504759459077746,0.10638132729689272,0.10464885911986511,0.10330241903203286,0.10326054957934067,0.10325670101917252,0.1282785089149056,0.12317004207088213,0.12859620531322172,,0.12124529144082673,0.1301524798254834,0.12636153765386635,0.11835326859231537,0.12270070582753259,0.12784782062760017,0.13549803448045222,0.11364731623162799,0.11930841141232422,0.11805963278999776,0.11916304723493544,0.11744866250003004,0.11111544520249948,0.10995119492030737,0.11025741063392468,0.11278017265003061,0.11843390663651703,0.11868919314405789,0.12252323281456726,0.12288671702652755,0.11892738182746102,0.11933241535163285,0.11700969745305419,0.12115691005755064,0.12572975782488768,0.12741116618404325,0.1292758200152857,0.1312553035430253,0.13042391180702223,0.12617022451712023,0.1251064584527273,0.13099692852018874,0.13888484498224357,0.13772754334744902,0.1382796337502599,0.14011567817308632,0.14169879464161955,0.1418221660153084,0.12932293944066403,0.11360094526270866,0.09822715493273512,0.21912745634163736,0.12334988283547392,0.09743059130058453
stat_30,0.13548528860216294,0.13474055232294754,0.13398466038453882,0.13327337884497595,0.13280157048667274,0.13183549711972925,0.12680812104609263,0.12378157927088719,0.12260184275019768,0.12085898029914628,0.11902685649702921,0.11892010658883616,0.11850345667567916,0.11748617382274144,0.11485490216978708,0.11171914362024671,0.10850366773413653,0.10620394487812362,0.1050370613582991,0.10304870685203424,0.10228751236424474,0.10152165887489252,0.10076714140475027,0.10069787277457921,0.09775237134293777,0.09336851733285373,0.090256835506097,0.0900891043479684,0.08863792041759885,0.08849216671825363,0.08735274084267645,0.0854354075121332,0.08412989212286189,0.08319724138325217,0.08317952856670356,0.08318882858468878,0.08409272503302777,0.08099701219835241,0.08143958210484836,0.07537491974631644,0.07228867236115338,0.07151903776650716,0.07418944575847479,0.07264889536232502,0.08022907719500993,0.08615994254843545,0.09014673275938,0.09164787772495286,0.09604187473618593,0.0947125329465827,0.09541284476611095,0.09735892796733484,0.09814228446424855,0.09719603712561588,0.09756142090526121,0.10257198536549247,0.10773787730349704,0.11084273093837332,0.11441115080356268,0.1147263469676752,0.11102103032213605,0.11143324223058315,0.11457495270622903,0.11863924640222497,0.1231158757650307,0.12477699547431448,0.12661055910415941,0.12855422332174415,0.1277670763336301,0.12360521855982795,0.12254094228768495,0.12829307552683158,0.13601461168927728,0.13490405650113377,0.1354505705728057,0.13724600933890413,0.1388007143651046,0.13893236900696213,0.12665237786644462,0.11126085996526071,0.09648050376201954,0.21489788680528488,0.12078796646293295,0.09536807503840224
stat_31,0.17452237787755667,0.17355269445079305,0.17246441965480513,0.1715414254025073,0.17098779345305967,0.16977411149608432,0.16316803491091497,0.15915096688903824,0.15754600785164224,0.15525719686566883,0.15291397903626314,0.1527812774233277,0.15231144777066163,0.15108633815207384,0.14772102035790496,0.1436710192223296,0.13953781740607338,0.1366228207426683,0.13513615197713102,0.1326357711595231,0.13712056048869553,0.1360898909805362,0.13505806449297875,0.1349702997521846,0.13102820586670225,0.12514688631455537,0.12104860090875154,0.12082810570403073,0.11901391041129691,0.12442943044527169,0.12296265013607957,0.12654315926351528,0.1244308951292736,0.12999364889329554,0.12992015706847615,0.13862883166708914,0.13678662219247925,0.15402317931810963,0.1505654199635684,,,0.13015653961530033,0.13862607873666297,0.13890931257776332,0.14055665587130017,0.15521298833166233,0.1438310923889262,0.15112932085585584,0.14964179384338647,0.14039993156344818,0.1418660247635313,0.13760728432455918,0.13837838500901795,0.1308599356424805,0.13105567755166145,0.13760694434821658,0.14410042216741664,0.1478106241694878,0.15260825485353618,0.15329699422353263,0.14291984826670376,0.14344731403408814,0.14740610711196908,0.1526068695699845,0.1583807579606484,0.16042759290849107,0.1627466621418985,0.1652244125065888,0.1639769865848817,0.15860398394161349,0.15745667947418598,0.16501637794079171,0.17503607673686356,0.1734365501600685,0.17409416127679816,0.17642842327966982,0.178381383533268,0.17843414289823206,0.1629406238024532,0.14306269021066428,0.12092477489723563,0.27335959906590895,0.15395013761619392,0.12262802530392054
stat_32,0.15736652779554855,0.1564906919027808,0.15554410964778634,0.15472057935479075,0.15422070027175547,0.1580407870467311,0.15716866864790446,0.1533076693504942,0.15176736105240668,0.1495678085778269,0.1473104104380436,0.14718243944371345,0.14673019325796946,0.14555276026272207,0.14768173047550465,0.14363140123618431,0.14527904467023442,0.14872487498708922,0.14710274838427637,0.1443531088913659,0.14331666646322522,0.14223861906834595,0.14114533265758117,0.14106089851685166,0.14384328453890902,0.14541066436511615,0.15007264547637525,0.1498107878870866,0.15937106705669052,0.1594758489243023,0.19344882943364458,0.18975104010515156,0.18669988749918218,,,,,,,,,,,,,,,,,0.20951845423080556,0.21192149161888627,0.21505633461059984,0.17669201769379259,0.17497078153370116,0.16237900608710587,0.15966006401989005,0.15778242037085438,0.15421916791798054,0.15922144412691205,0.16000163710128282,0.15542509438957253,0.15610129277030235,0.15345159893129612,0.15256715122986148,0.15834045245618372,0.1545590285581929,0.15678956889919402,0.15917032085003377,0.1579772439303242,0.15279686370080237,0.15167749581155215,0.158948071661468,0.1629368792348058,0.15645867243269387,0.15705311382786816,0.15915549157991615,0.1609318377161569,0.16101228767477394,0.1470102917989644,0.1291061518603416,0.10999933093166911,0.24743072625316942,0.13984015695252716,0.11086917732958747
stat_33,0.13546700790538985,0.1347219368336591,0.1339666647072471,0.13325603144806558,0.13278563165865953,0.131821963701589,0.1267974054326459,0.12377096542435122,0.12259463440120164,0.12085233751131745,0.11902393229695843,0.118917214486991,0.11850290031301654,0.12000754590965322,0.11732576075249121,0.11412021579388705,0.11606480371906891,0.11654749594559992,0.11527440350245954,0.11313106625347184,0.11231360408274882,0.11148422775678579,0.11066696611072963,0.11059331671614857,0.10733422773231288,0.10248740156607963,0.09908330882311107,0.09889965193319418,0.09734049342011503,0.09722316906848273,0.09866768449317201,0.09647930832394074,0.10097442023225284,0.09968706792271591,0.09965147543167553,0.10708050093791159,0.10589482807627655,0.11091017991884158,0.10892730046402022,,0.12115376376995296,0.10954819703990443,0.10316272838021176,0.09997512355129091,0.10566611582467049,0.11624374987666754,0.11296935127673988,0.11779173972527654,0.1151562333664536,0.11390413502195404,0.10798209400661764,0.11024881183910404,0.10801519989370163,0.10688948050662966,0.10719525604256529,0.11268714711055655,0.1183389144877405,0.12168755634052135,0.12561412407004824,0.12599732836953875,0.12194894512714513,0.12235577105619026,0.12260234978355243,0.12120228993225,0.12577518536509824,0.12745467474129898,0.12661132185087248,0.12855203282322217,0.12775982339498132,0.12359665808853491,0.12252954207898807,0.1282814080235146,0.13599837614251897,0.13488352928979663,0.13542851410729265,0.13722437365118456,0.13877909033299538,0.13891079453105679,0.12663871162726154,0.11125000825944306,0.09646222995307434,0.2148641534425238,0.12079349592596139,0.09536678249014445
stat_34,0.15733760390444446,0.15646213595839642,0.15551521200055438,0.15469150520929137,0.15419112841190438,0.15311224342930102,0.147195695736237,0.14360225672625984,0.14217723023742498,0.1401270292467851,0.1423968873360883,0.1422728911326918,0.14674554988886168,0.1510727585558123,0.1477062241302176,0.14365262209274846,0.15193628391005087,0.14876645892829388,0.14714399066264128,0.15170627296047914,0.15060160423188326,0.14944169034725063,0.14826924721761603,0.14817999388721773,0.1439183537943307,0.14550028705688103,0.16194260713905761,0.1616663264389411,0.17463924917032475,0.19544732549168833,0.19336754188536506,,,,,,,,,,,,,,,,,,,,,0.21497862964430653,0.2150223241356418,0.1914657425679704,0.17511276148621477,0.15975487275502573,0.15786166518422468,0.16162807037073382,0.16687735649869573,0.16780542270663093,0.1632297553133418,0.15614450784086972,0.16044587709674482,0.15258984793573863,0.15836677287374787,0.1604138091946729,0.15680635417473274,0.15385804721750998,0.1480321212797794,0.14317846062424108,0.1420890753200421,0.1488691870209077,0.15786398836077659,0.1564305531701182,0.15702565693774628,0.15912730227800245,0.16090311926133477,0.1609833513204618,0.146984483915506,0.1290828065631292,0.10998301742609104,0.2473898935911886,0.1398129559971983,0.11084842272044039
stat_35,0.19083379389740396,0.189779210600117,0.18856855411279666,0.18754986219399553,0.18692763784253966,0.18555924362894383,0.1874221884266515,0.1828011093741582,0.1809324476717976,0.17828549353035283,0.1755941783915849,0.17544095363176324,0.17486985054345944,0.17340454308528003,0.17927009954278159,0.1860043573071898,0.18069354826525755,0.17687279740316444,0.1749237928079706,0.17148564402284805,0.1701703793430514,0.16879144216489655,0.18008571111746696,0.17999637860249604,0.17514314066247466,0.18307782171512335,0.19820013215792676,0.19789141063263535,0.19560290163436017,0.19585682793022935,0.19376224423482724,0.1900609952009696,0.18703162880625554,0.18444974840832842,0.1842975759725784,0.1835278220593357,0.17990044877828015,,,,,,,,,,0.18371794127489818,0.19600189021103226,0.20928416013548035,0.20986872193748063,0.21223992419006174,0.21536700370476003,0.2154211349921566,0.2139334734987662,0.21374491660718797,0.19997313733530608,0.19032718854680622,0.19378707389402774,0.18701515301700125,0.18839205019984456,0.18405785865646557,0.18533129944338989,0.19049876804499208,0.19723652365232788,0.1920550744968916,0.18408793504415003,0.1867972364070786,0.18969758309954085,0.18829475342274596,0.18216598790606958,0.1808810508697087,0.18957737495684757,0.19134483988273915,0.18963449363076154,0.19036187239094782,0.19291043786808806,0.19503607942203086,0.195074617383911,0.17025632477451588,0.14947974664085914,0.1260180800830088,0.2853897393682988,0.16020598047123571,0.12792323153800747
stat_36,0.18237490513750268,0.1813623155366869,0.18021886568455092,0.1792549482161417,0.1786742118908455,0.17740088501406606,0.17048856465268586,0.16629289003992775,0.16461348496627604,0.16221962161130526,0.15977402558683346,0.159635322122914,0.15914143159602206,0.15785884871019795,0.15433536474343915,0.15010623402450446,0.14579793241760738,0.1427491059243451,0.14119347862291876,0.1385660099736038,0.13756467506518755,0.13653643010599512,0.13550409487134552,0.13541939733601202,0.13146789192974487,0.12557345049638646,0.12700920692756326,0.12677895433550157,0.12488616159595964,0.12483177789467675,0.12969345896323628,0.12686243835562913,0.12475370890087585,0.12306680890041014,0.12300132946243061,0.12298665205213932,0.1478212211200293,0.1542006737305262,0.1507310095198642,,,0.13007112247871822,0.12627842123712335,0.12742205141100607,0.1406837161518958,0.15535868478133663,0.15442785597095543,0.13479282386780994,0.141842144737048,0.14074791432467817,0.14219505394608356,0.1450862949177863,0.13878618458583175,0.13729281644646205,0.13749104656523678,0.1380591045892401,0.14456608564165957,0.14828455161090096,0.1530845020896692,0.15377178252340015,0.14924895826223172,0.14985193564777508,0.15399480540359828,0.1594214096453605,0.16545584913868516,0.1676134753652275,0.17003726852868023,0.1726332270537154,0.17132749810849485,0.16571530516385954,0.1645237770871659,0.17242333767317297,0.1829065901720025,0.1812282221650506,0.18191213810812706,0.18435054396483608,0.1863881860194016,0.186435298108915,0.17025632477451588,0.14947974664085914,0.1260180800830088,0.2853897393682988,0.16020598047123571,0.12792323153800747
stat_37,0.1527613876231831,0.1519123203604639,0.151003546932143,0.1502043038614353,0.14971361952828652,0.14866391253944763,0.14293208652547484,0.1394528795569646,0.13807724626055853,0.13609070623253117,0.13403484876710703,0.13391737403978135,0.13349332759205204,0.13240797277373828,0.12946085541892374,0.1259128020151225,0.12228635787831572,0.11972333376745001,0.11841768836341184,0.11622541626179793,0.11539876684979603,0.11455228005647704,0.11371489126874752,0.11363835107964679,0.11028897927845407,0.10531126391810318,0.10181831714484955,0.10162982619223676,0.1000425367875998,0.09994672729319966,0.09871592876811916,0.09653797390323904,0.09498429011761497,0.09384400197974024,0.0938204151796142,0.09381890442308,0.0927836141757908,0.0919121558195729,0.09036737057814137,0.0852817630842448,0.08515098793603944,0.07822966883098623,0.08067672038450971,0.08269822296630373,0.08868702929454196,0.09741124877844921,0.09934625354415205,0.10337240945286937,0.10842177560497535,0.10709522462821552,0.10803604016187013,0.11029056269802147,0.11107843896876068,0.10989018374852724,0.1101750397305731,0.11580997596784448,0.1215883107535664,0.1249986041853894,0.12903396323576394,0.12943895671328862,0.12529159608130985,0.1257028855081273,0.12919344986244632,0.13375966609805903,0.13881257558165122,0.1406139649769115,0.14264736238277115,0.1448116800847886,0.14378219851311969,0.13907076486183292,0.13799233749391931,0.1445625449868009,0.15328809511931182,0.151912043978741,0.15249442845589947,0.15453297541015135,0.15626177621028273,0.1563506742756206,0.14272807150836572,0.1253519388503442,0.1071100711049242,0.24052317842139534,0.1359361286171369,0.10765745324854743
stat_38,0.20012517021773016,0.19902858524558065,0.19773651810527612,0.19664677649315643,0.195966996207844,0.19447836251922876,0.18681872378944087,0.1822008600683161,0.18033413607057272,0.17769190396109738,0.17500651677872697,0.1748539774944822,0.17428674177307923,0.1728184640600447,0.16894235652303566,0.16432759031799454,0.1596113250590426,0.15626841137892158,0.15456095817690105,0.15164340842097643,0.15053919806822744,0.1578923597953679,0.15661173649176885,0.15651772092212848,0.15207961011245894,0.14538356742298555,0.14071997997155877,0.14047046998085158,0.13847630137127281,0.1384953916989123,0.13690198085190255,0.13394989921877376,0.13171454251808543,0.12991748480446666,0.12984655314172772,0.1492765540140016,0.17935279971789,0.1712617999892134,0.16699730468775018,,,,0.1383559181021393,0.1387268908382195,0.1530537315640287,0.16928307277046176,0.18322927830494343,0.16205316415997295,0.1495563528264789,0.14857976724368943,0.15016213455439187,0.15315495568675586,0.15386572836230494,0.15222038480839098,0.15231177754799274,0.15962608455325084,0.16646076147622954,0.17020092297581613,0.17574245101644284,0.16773894831675615,0.16316351611876947,0.16396354736352284,0.16849234974739688,0.17444051420746587,0.18105266455764757,0.18346220287061762,0.1861731451261804,0.18906471885046797,0.18766057942535824,0.181556540426457,0.1802845289869475,0.18896536483397638,0.20058869992809936,0.19888007172877156,0.19966985868335455,0.20233796499930748,0.20455710159452006,0.204583715772292,0.18666113357364184,0.16383005070277545,0.13765423572646165,0.31260110364044413,0.17381893678459467,0.13960700460089276
stat_39,0.1529191668720172,0.15206867689682305,0.15116133742718163,0.15036373768556546,0.14987379917254326,0.14882768106218816,0.14309751233053639,0.1396182210811298,0.13824486024416807,0.1362573047919993,0.13419974049447636,0.1340820850180395,0.13365734988607988,0.1325744202302485,0.12962006333374046,0.12606629466763053,0.12243874095986754,0.11986760601209777,0.11855971692337529,0.1163606486552712,0.11552056232698384,0.11466820586997659,0.11382499050790927,0.11374798806204417,0.11039116895090009,0.10540686528234325,0.10190932536516609,0.10172058008450019,0.10011883105958673,0.10000001431068509,0.09874812672727168,0.09655620740683386,0.09501706573022498,0.09385329902799311,0.09381979070126877,0.0938459870493427,0.09552952649600102,0.09194785160294983,0.09041873179334792,0.08558357533252396,0.07936645346621922,0.07836838595889603,0.08074395116333011,0.08033448228339887,0.08873490604290236,0.09744138171837213,0.10221147541806382,0.1033960816911491,0.1084159765183042,0.10713171650887741,0.10805867977906097,0.11032614135688504,0.1111334248804987,0.10996860878539172,0.11026955829807533,0.11591042329114687,0.12169468745989775,0.12511249179743977,0.12915462902700342,0.1295669922249784,0.12543284133151514,0.12585102862758682,0.12935350134056778,0.13392250646813625,0.13898269631267654,0.14079221942298292,0.1428235891546787,0.14498967892705145,0.1439601893200792,0.13924096860609556,0.13815625665070808,0.14472994601115696,0.15345590912650264,0.15207034488465895,0.15265081973179248,0.15469116097070623,0.15642268698668682,0.15651288894901538,0.14288194717064825,0.12548974702242466,0.1072187589150858,0.24078434428180567,0.1360552780008358,0.10776196835396094
stat_40,0.12785500105194156,0.1271583033554168,0.12647169501779462,0.1257960523669069,0.12532561762979888,0.12438501697332073,0.11966747140269209,0.11684509330865737,0.11575496823458328,0.11412041563757361,0.11238840220253869,0.11228610504954376,0.11186672496400042,0.11086706222271134,0.10837335865938331,0.10542407364432808,0.10239532374953744,0.10020965941417925,0.09910339624487137,0.09719722049360159,0.09646065978117,0.09572639017924842,0.09500950591981912,0.09494278017571316,0.09386499645051906,0.08966824320693172,0.08667734022569004,0.08651633269245212,0.0851101372692818,0.08495185105523761,0.0838442776799422,0.08201009850952441,0.08404317795751151,0.08310519479354413,0.08309061858135054,0.08308554848762405,0.08211310951664365,0.07906771518152945,0.07942300445246392,0.08243870219495332,0.07704533887684366,0.07155449588586764,0.06913663068091157,0.07091645463810103,0.07829452563248683,0.08414239809741986,0.08803576384789362,0.09153209191758394,0.0959412212338322,0.09462214324000223,0.09151761308482319,0.09336401128008819,0.09413689081231766,0.09326664706446555,0.09365361690352725,0.09846114066462772,0.10341756078610653,0.10448789945488224,0.10784190552735251,0.10813123450931733,0.10465962330199281,0.1050912187546086,0.10808194446723383,0.11192108262214105,0.11614089431913646,0.1177499400448927,0.11950456245472196,0.12135663132654034,0.12068891303832685,0.11677567920228243,0.11570907842568519,0.1210940322987257,0.12838091508279392,0.12740882739114454,0.12794521151745458,0.12963197378052838,0.13111044546079953,0.13126383168347616,0.11954649018314314,0.10503070296961683,0.09186481617422317,0.2036792381884451,0.11391114141736645,0.08985447648701543
stat_41,0.26949022214558854,0.26814160158052863,0.2663468786341824,0.26467636566481617,0.26333684350318726,0.2606043698679202,0.25008544118998716,0.24403671023844375,0.24153265103746438,0.23794774732454083,0.23430293036602853,0.23408477944441292,0.2329868440603552,0.2304452098724089,0.2250762278945804,0.21908737668674355,0.21287465390386126,0.20827685476079316,0.20593839314354206,0.20155640147388515,0.19986013743213893,0.1980428108440438,0.19616155928913212,0.19607348070092387,0.1910243347888927,0.1831458887704753,0.17760505041131588,0.17731225345279938,0.17506059525029055,0.1960598934210087,0.19396898221821118,0.19027817171308795,,,,,,,,,,,,,,,,,,,0.21246458633128246,0.2155735670110542,0.2156228188853859,0.1919012985747219,0.19184585313619323,0.2000525053652169,0.20639718144903654,0.20945652623229224,0.21626962252942888,0.21858537132092598,0.21527491194370432,0.21761536269481743,0.22380532762372446,0.2317820363937695,0.2406047342508655,0.2444376019874111,0.24848079983776028,0.252767636050052,0.2515514227603307,0.2437428349493588,0.24183956952900681,0.2532965853120525,0.26961033556116915,0.2685477534916217,0.269962645483222,0.27345004978281706,0.2764062517278198,0.2764638574868904,0.2505386430659636,0.21965458810350913,0.18576974334758123,0.422573209351068,0.2203921224165212,0.1818901531521211
stat_42,0.14151133165112414,0.14072935517492285,0.13991884277412275,0.139178284575004,0.13870303750082452,0.13771353606002992,0.13244160441681932,0.12925489732500806,0.1280062075202048,0.12617784861068068,0.124268470150693,0.124158120732189,0.12374303664486011,0.12270909900387873,0.11996996200697903,0.11668783572918941,0.11333025631222002,0.11094020430468068,0.10972514287800204,0.11031256668745944,0.10951346979663389,0.11150969317953617,0.11069547531862531,0.11062099015694825,0.1073613328935885,0.10252520410709474,0.09911975302975616,0.09893597655010529,0.09737092233702822,0.09994769445178499,0.10168628664912174,0.09943176358688571,0.09782952106210477,0.09661102075638653,0.09657781970925186,0.09976387380087248,0.10593821283795722,0.10195658971342034,0.10438903482038228,0.10763270270361519,0.12096199443297437,0.12985973793053102,0.1260698398599489,0.0960157016448191,0.10163338843684952,0.10750650349793936,0.11301631252493456,0.10985965976406377,0.11160697979047102,0.11033154304058368,0.11131994509816209,0.11365857541986703,0.11108116970297373,0.10692035272732427,0.1072329878182859,0.11272725150544799,0.11836766439038666,0.12171669260957094,0.12564118151155468,0.12286195381167286,0.11889929493483949,0.11643971819811472,0.1197011985461154,0.12393816271402705,0.12861750240766312,0.13032110925238397,0.13221880204060532,0.13423540743952375,0.13335587842699437,0.1289996438993903,0.12793387791041266,0.13397445728336077,0.14204160175190012,0.14082852072786567,0.1413852104104137,0.1432658650367954,0.1448808053194104,0.14499594385281409,0.13226070299790055,0.11617705160759166,0.10015058429004349,0.2237852890854884,0.12615738576868293,0.09969504311626513
stat_43,0.14147597908424608,0.1406942529993623,0.1398836688816343,0.1391430288242017,0.1386677828858748,0.13767793548034982,0.1324035373725895,0.12921724019603462,0.12796837223274077,0.12614035987566571,0.12423124830372312,0.12412093595112407,0.12370553771762169,0.12266973895227623,0.11993132917235587,0.1166507802738882,0.11329291824282807,0.11090107209948376,0.10968658247097156,0.10763096299104316,0.10684672491719022,0.10605502387149009,0.10527459557428058,0.10520373134897322,0.10211145531221938,0.09750919953499558,0.09426441605173067,0.09408946706286135,0.09258903410311128,0.09246081442057373,0.09128870251685677,0.08927869833523315,0.08788060088152365,0.08686585049736816,0.08684555976334515,0.08684349023243323,0.08584717033733698,0.08265336324155062,0.08771969197318114,0.08235570401379314,0.0851989870403544,0.08078891855446134,0.08047966270192547,0.08019771192159389,0.08617947874149473,0.0878678207309933,0.09199780339308589,0.0956820902892635,0.1003128506261212,0.09900277427621733,0.09979839836030978,0.10185899316982144,0.10264399599716349,0.10160697373500471,0.10194169677585478,0.10717361546472555,0.11257496445816464,0.11579856999037705,0.11953046743378631,0.11987058455963359,0.1159963851221286,0.1163992385234013,0.1196619089334311,0.12389881720301738,0.12857616027074328,0.13027904834221346,0.1321785860556304,0.1341951995882317,0.13331601541448676,0.12896138544035843,0.12789658706575724,0.1339359499027857,0.14200494159969945,0.14079314829217945,0.14134997327955767,0.1432301960394892,0.14484463055907154,0.14495961343672306,0.1322264266108005,0.11614663575920221,0.10012647489481512,0.22372778067145205,0.12613046921842752,0.09967146692454949
stat_44,0.13840816396280797,0.13764523718622407,0.13686321079240452,0.13613795475030738,0.13566482282793105,0.1346878840538704,0.12954232247352726,0.12643826364325886,0.1252252670755967,0.12344110185091926,0.12157146927065271,0.12146297237473394,0.12104669356324767,0.12002135908877296,0.11733696451075247,0.11413008631443725,0.11084548929073033,0.10850187014266148,0.10731161852660329,0.10529080582368279,0.10451968179519557,0.10374137678246588,0.10297390348623156,0.10290355557739034,0.09988788280851404,0.09540213852098851,0.09222557422027058,0.0920541985288099,0.09058030408717016,0.09044092937555534,0.08928814570091548,0.08732823977231671,0.08598346541607575,0.08501350440826329,0.08499428226818925,0.08501042265000915,0.08405086863695682,0.08096097044836985,0.07964303151597901,0.07355737433029147,0.07060355272963721,0.06671762338789129,0.070896230042828,0.07120200899439888,0.07854448675440961,0.08614342326612046,0.09011554296909462,0.09367031358376338,0.09816146633074192,0.09682923756552449,0.09756614714346823,0.09956400836314175,0.10034795821427621,0.0993603962877865,0.09971117886319561,0.10483083019165532,0.11010838745404931,0.113270739520487,0.11691867979218265,0.1172453316120365,0.11345516908211051,0.11386235642001016,0.11706247852979182,0.12121076294491459,0.12578571303723313,0.1274683547095088,0.12933302865594978,0.13131234667308347,0.1304804051629803,0.12622378910742277,0.12515851423469276,0.1310504091431646,0.13893881834483948,0.13777737553910094,0.13832834088157714,0.14016530027911758,0.14174936527526777,0.1418731674065428,0.12937424520377733,0.11364730984803083,0.0982599729652939,0.21921005452874393,0.12339698357549117,0.09746899431866653
stat_45,0.13840816396280797,0.13764523718622407,0.13686321079240452,0.13613795475030738,0.13566482282793105,0.1346878840538704,0.12954232247352726,0.12643826364325886,0.1252252670755967,0.12344110185091926,0.12157146927065271,0.12146297237473394,0.12104669356324767,0.12273319041276434,0.11999142939601727,0.11670880384145697,0.11334958667993146,0.11095858900016428,0.10974329195924169,0.10768662091669728,0.10690438056576702,0.10611240112263734,0.10532944882048292,0.10789775853023148,0.1047282561046022,0.10261437052582878,0.101944495695844,0.10175570851414233,0.10016454242002953,0.10301402386105747,0.10174169133588218,0.10270973089234704,0.10456421133791952,0.1032367340650032,0.11150014213775383,0.11149602850091435,0.11027970158447868,0.11092012057339704,0.12112728040879527,,,0.13000848667470846,0.13852380216975335,0.11823295288105617,0.1164028436788987,0.11626296301910537,0.11745045963851561,0.12252903316527966,0.12875068749047447,0.11796806178630861,0.11501957794888414,0.11370907779633926,0.11451075102700323,0.1100113292521592,0.11030373281589258,0.1128177525426881,0.11545475241248426,0.11873483193071038,0.11959016570074331,0.11993051069980758,0.11605381865092994,0.11645788489237473,0.1197207107865969,0.12395974003894705,0.1286398842664598,0.1303467671718786,0.12933302865594978,0.13131234667308347,0.1304804051629803,0.12622378910742277,0.12515851423469276,0.1310504091431646,0.13893881834483948,0.13777737553910094,0.13832834088157714,0.14016530027911758,0.14174936527526777,0.1418731674065428,0.12937424520377733,0.11364730984803083,0.0982599729652939,0.21921005452874393,0.12339698357549117,0.09746899431866653
stat_46,0.1415509950208278,0.14076888993965886,0.13995854271114302,0.1392176161174505,0.1387418365981647,0.13775122576695087,0.13247779619051975,0.1292906712760216,0.12804183698941327,0.12621312521851186,0.12430299873825094,0.12419259303209723,0.12377571087340569,0.12274029653637229,0.11999847914077523,0.11671569340194628,0.11335674944564718,0.11096584289812224,0.10975033378737857,0.107693407525625,0.10691084164962096,0.1061173403122956,0.10533543432922937,0.10526258696642929,0.10216962222556338,0.09757513202846556,0.09669255740790822,0.09651312694137315,0.09497748283840646,0.09485237764304068,0.09365640837852732,0.09159338483503614,0.09015864481028638,0.08910501994274231,0.08908161875171908,0.089101035286964,0.08812288774252468,0.08487857112075552,0.08558199600365816,0.07976756064494964,0.07918998082843608,0.07569518476217967,0.0762108665536318,0.07620888484329962,0.08417242523545398,0.09019409873151772,0.09442151188851525,0.09817541799697037,0.10291159134072239,0.10159012150880034,0.10241396101247349,0.10453196939078155,0.10532533564174867,0.10425103413991184,0.10458191447309398,0.10724316095188355,0.11263603448419315,0.11585991961452383,0.11959456510689899,0.1199370655651213,0.11606091829567618,0.11646525664953199,0.11972810952208537,0.12396689924305179,0.1286473340358972,0.13035420765493272,0.1322533542654451,0.13427218474907,0.133393857254903,0.129036652043847,0.12796987568875012,0.13401154988529626,0.14208144550583707,0.1408692102473333,0.14142620700862413,0.14330743757811712,0.14492297583673527,0.14503847094914846,0.13229838747059833,0.1162103251974539,0.10018241952983448,0.22385605749520415,0.12617814511185457,0.09971610014878275
stat_47,0.15770332889852623,0.1568246848658377,0.1558811697037813,0.15505984708108062,0.15456077716920075,0.15348730277240097,0.14757070272895312,0.14397481579000854,0.1425530555779379,0.14050058009057115,0.13838004514431518,0.13825907274815202,0.1378275987370974,0.13671745967790191,0.133673279320506,0.13000693009158104,0.12626678045417838,0.1236185050344844,0.12227048450416138,0.12000552445258558,0.11914111623963622,0.11826099422930687,0.11738776772671143,0.1173100881186205,0.12159740895712152,0.1254928707293292,0.12137374344898302,0.12115233975472713,0.13126338970122226,0.13887795888009136,0.14647962464445685,0.15471457668479638,0.15213396558781922,0.16440314237590187,0.1642880025776059,,,,,,,,,,,,,,0.18770859815431246,0.17136551383763474,0.1732697592990733,0.16373387289214825,0.1542477319001561,0.14429235558897932,0.13139149250198107,0.13796964632914224,0.13390728489279619,0.12895316013958955,0.13312104164770663,0.13357151794374028,0.1293527477041935,0.1297917878202095,0.13339946911429226,0.13810948198436362,0.14332946113358974,0.14519013563595842,0.14728157258144023,0.1495118677152346,0.1484316464110678,0.14356096141512564,0.1424589100775055,0.14924904172973977,0.1582491189462401,0.156797361469592,0.15738850889545322,0.15949533104047947,0.16127749195352625,0.16136092002797667,0.14734258066656178,0.1294035032392065,0.11024141811806078,0.2480043716103454,0.14008910098407962,0.11108991470293324
stat_48,0.14157850596485091,0.14079565738120164,0.13998657228350864,0.13924654993852728,0.13877233334772743,0.13778419016069599,0.13251265353893626,0.1293255277885661,0.12808066642708502,0.12625234022028103,0.1243457939896675,0.12423536125295828,0.1238192420650459,0.12278373543798564,0.12004145316574755,0.11675758446233729,0.11340468594090831,0.11101009808643962,0.10979422608743912,0.10773512493972526,0.10694752252379101,0.10615561452827686,0.10537400574035276,0.10530204562670878,0.10464091366562579,0.09991972028705488,0.0965982644030244,0.09641902641910279,0.0948918762947578,0.0947708888277469,0.09358003370481711,0.09151845652721871,0.0900835538965366,0.08902734390770231,0.0890026184784328,0.0890143379854702,0.08802266456984428,0.0847577867475479,0.08337584244972751,0.07218874819773093,0.07069091293523344,0.06984137847856932,0.07425455611625909,0.07614629047853469,0.08209387300957983,0.09007458961329769,0.09432160052751556,0.09808673928391445,0.10282710475100541,0.10151194638895858,0.1023387491545468,0.10445872448539857,0.10524725170399218,0.10416545506062752,0.10448534134427942,0.10984336113448377,0.1153681006191818,0.1159087346562072,0.11964209418598212,0.11998130413405617,0.11610635120246249,0.11651201856359351,0.11978036594599176,0.12401298061409005,0.12869438278406617,0.1304017493917827,0.13230144976444227,0.13431919438510434,0.1334358897414305,0.12907525414947496,0.12800374895802627,0.1340461409313336,0.14211307677657692,0.14089483756517976,0.14144973678685974,0.14333215164106033,0.14494857993068636,0.14506467357762323,0.13233044685974935,0.11624062160084137,0.10019832205609652,0.22390287062337677,0.1262176714643503,0.09974461082089614
stat_49,0.14148587471134144,0.14070403907197152,0.1398935594753196,0.13915313944437593,0.13867800653549658,0.13768824556449566,0.1324170996950974,0.12923084357667894,0.12798226582086128,0.12615419587200646,0.1242448485044411,0.12413452443504663,0.12371931753164452,0.12268258558251553,0.11994433020171842,0.1166636906184735,0.11330542431179522,0.11091525568513289,0.10970059754507189,0.10764635966818512,0.10686502822329534,0.10607311865894765,0.10529437897892778,0.10522389203545017,0.10213433789583733,0.09753757619201274,0.09429365155383311,0.09411856595048329,0.09261916459773638,0.0924947560276826,0.09132778325883757,0.08931696340188941,0.08792509393538366,0.08691458507692337,0.08689679058407307,0.08689893525206958,0.0880021104938062,0.08472916488407925,0.08332878149152884,0.07971694369772539,0.07647895268324269,0.0735447183023844,0.07620758598112247,0.07613204626866013,0.08204093854588122,0.09004098514237859,0.09429989243975345,0.09575349500205402,0.10037747277802272,0.0990492952242243,0.09983433686355582,0.10189391921105467,0.10267623564759827,0.10163637714808631,0.10197143709668893,0.10720375417546564,0.11260037477466808,0.11582137805971626,0.11955100191456373,0.11989123940135368,0.11601285094481288,0.11641404600476216,0.11967520665872593,0.12391266695117578,0.12859016891938402,0.13029286871914642,0.13219349985884526,0.13420997127740472,0.13333074962908087,0.12897535303187557,0.12790998187342112,0.13394959216412608,0.14201539335615296,0.14080304442681274,0.14135968652386394,0.14323995785791196,0.1448545690749357,0.14496962874346217,0.13223613857946626,0.1161553800228562,0.10013284482272952,0.2237435836160198,0.12613910143632853,0.09967861286322652
stat_50,0.1487748240136027,0.14794951348646937,0.1470766602773361,0.14629904263703591,0.14581364814329484,0.14478630282286134,0.13922161979846615,0.1358479626717937,0.13451918710669186,0.1325891227407308,0.13058523430619368,0.13047023740145475,0.13004946564733647,0.12898494422899986,0.12611136357669414,0.12265660580635714,0.11912728706665719,0.11662494045455515,0.11535071482701131,0.11320637398900571,0.11239577550958611,0.1115667534599752,0.11074599445311128,0.11067188009257364,0.10741480624135909,0.10257424614516449,0.09916883555989103,0.0989850316129435,0.09741977576589712,0.10000212884247814,0.10171975950591956,0.09946686255617074,0.0978682597659418,0.09976149978485631,0.09972159160302252,0.10327200366633289,0.10603332556649556,0.10624056217561482,0.1044053227941177,0.10785493690876269,0.11198690480264761,0.11851052575963682,0.11710348475733831,0.09578891857246238,0.10159986875813741,0.11168821598954465,0.11309531118929116,0.11365427532690327,0.11522789048015661,0.11037104875429123,0.11135597059049805,0.1136910200807759,0.11113226643352425,0.10696892586555173,0.10728290241356413,0.1127756226933219,0.11841578818103764,0.12175941854772321,0.1256893122620721,0.1260736230614276,0.12202301302858472,0.12243261428890093,0.12584393696591872,0.13029203564544775,0.1352137347225568,0.13698179594605617,0.13896385263898342,0.14107540758118517,0.1401006236835067,0.13551439028771442,0.13443749959504178,0.14081809434802642,0.1493064536006538,0.1479869666366837,0.14855991554985754,0.15054205679841676,0.15223093999295614,0.15232991095608647,0.1390199690213623,0.12210252834805008,0.10465077263217588,0.23460567693916112,0.13246122824990195,0.10482910862916485
stat_51,0.1451358573413322,0.1443312248461352,0.14349309393593287,0.1427362417957413,0.1422585839765917,0.14125528166727075,0.13584345680170745,0.13256586154781488,0.1312831743153785,0.12940571873813053,0.12745338302031745,0.12734066643673733,0.12692391710259696,0.12587427117617178,0.12306592242697532,0.11969724432061164,0.11918526447586879,0.11668017221644864,0.1154053907220915,0.11325958045024127,0.11559419970854595,0.11474039555087752,0.1138965762156609,0.11382106423890578,0.11046914149792858,0.10549238608528987,0.10199272233560469,0.10180380002484686,0.10020066993473414,0.10306056553530343,0.1017804612038743,0.10272848732433913,0.10106449819224658,0.09979096794423613,0.09975120863322312,0.10727399048273782,0.11047468435736743,0.11091108246596929,0.12080840735969518,,0.12096199443297437,0.10936317129774577,0.10303067461350697,0.10502682121375478,0.11606627148601316,0.11621625445792272,0.11765056275216804,0.11799178263628976,0.1152643687344704,0.11399767048518207,0.11504066041947618,0.11374903306830429,0.11455878556104501,0.110049158307835,0.11035422989551687,0.11599752263588214,0.12177062954095284,0.12518152438746497,0.12922340115748956,0.12963865363881902,0.12207955366117365,0.12249023604418499,0.12590562478820452,0.12714321157673208,0.13194339433457278,0.13368297237481455,0.13562325132671255,0.13768471114799102,0.1367539965468341,0.13227846228127785,0.13119967062270185,0.1374076675464509,0.1456763525923637,0.1443996501032285,0.14496038439269904,0.14689299236616143,0.1485462372484552,0.14865505994786152,0.13564731018794135,0.1191504250891984,0.10240019135594296,0.2292076302421812,0.12931871878495382,0.10226711031566721
stat_52,0.1355323671072662,0.13478682229529396,0.13403206475059107,0.1333214982052591,0.13285104507312143,0.13188732631198716,0.1268611222145178,0.12383417581663914,0.1226573880983433,0.12091464695303346,0.11908525145548926,0.11897845672719173,0.12117812137735758,0.12015169355401813,0.11746622738522637,0.11425664642239532,0.11097538217903352,0.10862843221738726,0.10743657935749026,0.10541360265921984,0.10464150991002232,0.10386199452383604,0.10805572641972098,0.10798398507773763,0.10481722243435243,0.10010289087805216,0.0967696954127889,0.0965898633378719,0.0950539468684249,0.09734105260569442,0.09612014416270775,0.09659640631550354,0.09505729816233636,0.096704008804873,0.09666713894620854,0.10322125808771816,0.1103785329540393,0.11099444670332734,0.10901984258701163,0.10785493690876269,0.10447803034115,0.10947663769113204,0.11671803215121405,0.118319599282648,0.10573285986817083,0.11630368818819524,0.11753990390808809,0.11360314739057556,0.11170289632407618,0.10717235109284348,0.10809879181707899,0.10732989212248563,0.1081292600499973,0.10432330371877756,0.1046590223645863,0.11003340876876457,0.11555331283581313,0.11883330925365726,0.1170467486426067,0.11737473589306657,0.11358325992416804,0.1139925146472029,0.11719918936641667,0.12134520574628914,0.12592396843546455,0.127608458323318,0.12947472308184846,0.12861797170409867,0.12782655154198463,0.12366082183826903,0.12259248590938361,0.12834612814250226,0.13606596940979881,0.13494938485988509,0.13549399805863732,0.1372908629174396,0.1388466679081928,0.13897893682957083,0.12670271931622923,0.11130713626389033,0.09651000346854943,0.21497612798423643,0.12084001483679159,0.0954083343736147
stat_53,0.14503755762379925,0.1442326676146966,0.14339450673577586,0.1426392572132714,0.14216473199889645,0.1411664915276524,0.135758261573633,0.1324810764577698,0.13119853993839747,0.12932220960167368,0.127370792376054,0.12725825816596892,0.12684252986154693,0.12579717919847708,0.12299025407078844,0.119622062363023,0.1161862427007804,0.11374023547479514,0.11249641082212067,0.11039912977565987,0.10959429955325534,0.10878276519802843,0.10798952822548745,0.10791537156187915,0.10474457967865178,0.10003306430786722,0.09670226826456035,0.09652242131751511,0.09498136202797162,0.09484786278683831,0.09365074151946035,0.09157077476309518,0.0901456250764403,0.08910254965322649,0.08907986783209972,0.09130742833421183,0.0927678192066642,0.08930866055351902,0.08781727748507272,0.07391459845500743,0.0725582818076496,0.07164044980225973,0.07618432305157712,0.07813866090193486,0.08630508188634439,0.09476951328037718,0.09933326806000974,0.10062323467297175,0.10293507894434696,0.10157624040958323,0.10238452284350222,0.10451872020746449,0.10532021565811829,0.10425216975582816,0.10459125384930774,0.10996598376192354,0.11549123009158509,0.11877936734352539,0.12260327945929193,0.12296306621476151,0.11899568626026696,0.11939620189778564,0.12273450117743477,0.1270682248302196,0.13186601389331742,0.13360196139942546,0.1355386356772388,0.1375979899581135,0.13666326532084627,0.13218837569081912,0.13111296920358845,0.13731912698536028,0.14557924832062016,0.1442951137174652,0.14485314220872073,0.14678519535134593,0.14843713298001432,0.14854491110726692,0.13555865565170033,0.11907334601527993,0.10230980412717648,0.2290211248895937,0.12929415992006182,0.10223051724702628
stat_54,0.14151133165112414,0.14072935517492285,0.13991884277412275,0.139178284575004,0.13870303750082452,0.13771353606002992,0.13244160441681932,0.12925489732500806,0.1280062075202048,0.12617784861068068,0.124268470150693,0.124158120732189,0.12374303664486011,0.12270909900387873,0.11996996200697903,0.11668783572918941,0.11333025631222002,0.11094020430468068,0.10972514287800204,0.1076704064993302,0.10688902772665496,0.10609574228965886,0.10531918572009019,0.10524779561616696,0.10215475327767992,0.09756181957464906,0.0943150205015757,0.09413989837174593,0.09263452582510234,0.09250309574355697,0.09133190680702336,0.08932037807315985,0.08792886586509573,0.08691185892183102,0.08689321294157311,0.08898490999070204,0.0879913008075652,0.08473161697974035,0.08546376666192379,0.07751618628570207,0.0791312790074958,0.07151316757449945,0.07421046273137173,0.07609956412086105,0.0840593889174813,0.09003263840026998,0.09427722763688445,0.09804781174134168,0.10037004295997938,0.09905428031136931,0.09984054277998045,0.10190080976222521,0.10268591287307079,0.10165297820557889,0.10199401912424627,0.10722945157311527,0.11262122311691596,0.1158456071832597,0.11957425518169806,0.11991646537701993,0.11603803739425093,0.11643971819811472,0.1197011985461154,0.12393816271402705,0.12861750240766312,0.13032110925238397,0.13221880204060532,0.13423540743952375,0.13335587842699437,0.1289996438993903,0.12793387791041266,0.13397445728336077,0.14204160175190012,0.14082852072786567,0.1413852104104137,0.1432658650367954,0.1448808053194104,0.14499594385281409,0.13226070299790055,0.11617705160759166,0.10015058429004349,0.2237852890854884,0.12615738576868293,0.09969504311626513
stat_55,0.14147770040424623,0.140695999692626,0.13988534940635103,0.1391445223833597,0.13866916483770111,0.13767784960486557,0.1324032617358115,0.1292167716111557,0.12796701701842592,0.12613895253585833,0.1242296538079541,0.12411934038622585,0.12370373962854592,0.122668217646837,0.11992957788767396,0.11664923059548084,0.11329084054106925,0.11090134661373095,0.10968688660926913,0.1076328212219763,0.10685202212689199,0.10866114699614925,0.10786257285805932,0.10779010199897052,0.1046186617061905,0.09990171438124677,0.09657932259778602,0.09640014160512336,0.09487087968215846,0.09720385939174106,0.09864345851706446,0.09645389095430469,0.09774613747536628,0.09652313791564113,0.09648959909097735,0.09648440288082719,0.09540658166424446,0.09181122408290496,0.09025147234999557,0.09683968277452398,0.10445153454858554,0.10244766577787093,0.10923187909150811,0.0883256818632635,0.0885437765046383,0.09727627268368005,0.10206347735095923,0.10626781019314753,0.11150022149329729,0.1102431330262505,0.10795739693673664,0.11022618449467411,0.10799633022792605,0.10414372593676835,0.10446549655404726,0.10982447040427627,0.11534521399752823,0.11862897152013335,0.12245575333036988,0.11987624263770791,0.11599822043634399,0.11639947413793189,0.11965952897534866,0.1238969859824088,0.1285741599737812,0.13027733082617082,0.1321765139444369,0.13419338249888388,0.13331452058327567,0.12896013117656696,0.12789620382782796,0.13393574907900563,0.14200508104452456,0.14079488658259082,0.14135183622743663,0.1432321564360031,0.14484658698484593,0.14496155405050934,0.13222960207581175,0.116149398819672,0.10012895893624064,0.2237334409920278,0.12613211757142723,0.09967328798964105
stat_56,0.1907198467396196,0.18966640915085664,0.18845514228180288,0.18743611725314543,0.1868128679086224,0.18544777827168968,0.17819380341130833,0.17380168617558167,0.17203645197622564,0.16952667753907283,0.16696978552441938,0.16682461770781187,0.1662988309445039,0.16493956750615926,0.16125153735562348,0.15683630425864248,0.1523400087927781,0.14915228152149856,0.147525129456688,0.14476161234101695,0.14371008252432452,0.14262184705687012,0.14152266555061205,0.1414373441157326,0.1373386823447998,0.13120273634776008,0.12692104180470865,0.12669110427675262,0.12480063960492338,0.12475123686484471,0.12326614170670272,0.12055289813445041,0.1185624400033477,0.11696484207183733,0.11690930639564026,0.11688383804498644,0.11555231773497315,0.11686842046984801,0.12122539225602147,0.10779108134934273,0.11191284973258947,0.11845628349608216,0.1034955628444745,0.10542559090820404,0.11645909665691294,0.12194425284354188,0.12281261444559913,0.1282999061782473,0.1349213552910618,0.13377738791399776,0.13511582322033935,0.13790673117562882,0.13870125342970963,0.13720328241545865,0.13739793267434525,0.14420648565466263,0.1508471930022787,0.1545965142497757,0.1596094677368336,0.16040469764518223,0.15584709352033657,0.15653921561123654,0.16086587494327897,0.16653379696527523,0.1728441064458494,0.17511753868278662,0.17766619169693124,0.18039778179400914,0.1790407038201749,0.17319202985238924,0.1719606556603289,0.1802262273403185,0.19123171790260346,0.18952271084026237,0.1902516981729635,0.19279798880555202,0.19492182820401197,0.1949598220512452,0.17798127857614354,0.15624096463317877,0.1314724978343485,0.2981743564425126,0.1666763836424776,0.13345192435682668
stat_57,0.1385293452193005,0.1377651608443151,0.1369848943734775,0.13626033899526255,0.13578819695767227,0.13481315613625716,0.12966772452119063,0.1265628731200633,0.12535357335860273,0.1235690213223947,0.12170147269944921,0.12159283019983923,0.12117812137735758,0.12015169355401813,0.11746622738522637,0.11425664642239532,0.11097538217903352,0.10862843221738726,0.10743657935749026,0.10541360265921984,0.10464150991002232,0.10386199452383604,0.10541340635696676,0.10534367633779877,0.10225385224149885,0.09765934427637085,0.09671977436741651,0.09654022974870996,0.09500923664964715,0.09487940999681539,0.09368322934859573,0.09162219105751966,0.09018823097140741,0.09389920244493416,0.09386509963307686,0.09388778634870128,0.09286684703217507,0.09492836370815728,0.1001063316142149,0.10785493690876269,0.1211733018105307,0.10963719772089209,0.10316646480952679,0.09571782544610156,0.09768067619022,0.10043972632861707,0.09941352999852272,0.1034288155479604,0.10845904917657227,0.10162082195055405,0.1024408639598274,0.1045559388636249,0.10535105353961563,0.1042821860603665,0.10460956313241668,0.10732934821947329,0.11272001534089844,0.11593958667673318,0.1170467486426067,0.11737473589306657,0.11358325992416804,0.1139925146472029,0.11719918936641667,0.12134520574628914,0.12592396843546455,0.127608458323318,0.12947472308184846,0.13145284861313275,0.1306175137179112,0.12635428544762312,0.12528206099623246,0.1311772475954226,0.13906671352704258,0.1378981135790362,0.138447021382871,0.14028642677490935,0.14187284135026768,0.14199800026754242,0.1294961599746948,0.11375736172364327,0.09834614852946336,0.21941801871273559,0.12349552910566242,0.09755280999147803
stat_58,0.14164470359067513,0.14086166733403438,0.14005252718251054,0.1393122001815514,0.13883706817420585,0.13784760382377284,0.13257346535864906,0.1293858000315839,0.12813753061975,0.1263084085124967,0.12439686825219946,0.12428635492795077,0.12386921126167583,0.12283281177253695,0.12307802491499178,0.1228194332196961,0.11928540002976103,0.12359364046353027,0.12224560115232325,0.11998137164599779,0.11911950936126374,0.1262537023299828,0.1299744060321742,0.12989218126697294,0.14421532859571273,0.1378219146020172,0.1333486038662326,0.13310920339064677,0.13889527399232637,0.1481850956193513,0.15814587636315192,0.16951826749915153,0.16673792840552262,0.16440824968143608,0.16428674028042334,,,,,,,,,,,,,,0.1877053851214655,0.18755283025760652,0.18965823655624545,0.17658563951325168,0.16441242731448663,0.15264725171272361,0.14434515153545052,0.15141103612775123,0.15815563840677196,0.14242530947128756,0.14191038748501375,0.13354701399352478,0.12932686466496748,0.12976546658402172,0.12601043995877573,0.13046524819938435,0.1319547402390649,0.13045345688329907,0.13235393364281503,0.13437350086155042,0.13349591477442094,0.12913404482401059,0.1280642349997927,0.13410836293646888,0.14218000360268243,0.1409627374666269,0.1415182877122828,0.14340121552232682,0.14501851443681313,0.14513498423403384,0.1323920188221171,0.11629463023658748,0.10024882226582162,0.2240158689892984,0.1262530361049626,0.0997802606963329
stat_59,0.21270343168614644,0.21154950683307905,0.21017061296111902,0.20899867024322075,0.2082369933058613,0.20659072696040195,0.19844100947668045,0.19355610325858336,0.19157581957216277,0.18876495255900755,0.18591159500568297,0.18574815634971922,0.1851109605339703,0.18349406485057596,0.17935729796599637,0.1744715253516937,0.1694858058993501,0.16592083257966375,0.16410110895642305,0.1609439240288094,0.1597389109078463,0.15847670278989578,0.15719261957212904,0.15710397569811813,0.152660494876333,0.14594931242064296,0.1412583353196356,0.14100761728956704,0.1389816325848315,0.13898270428089665,0.1373620794188942,0.1343882546940228,0.13216079051744717,0.13034415755114467,0.13027136987842475,0.13018805179416454,0.12859197619131407,0.12352481321626445,0.12123943435255316,0.10193699384300103,0.10490275467502184,0.10992527293843252,0.11705995717218885,0.1114874196392628,0.1164750197302091,0.12820380819978824,0.13582905233475343,0.14235162437860388,0.1500346063728111,0.1490551758631833,0.15061112767251594,0.15361085006235775,0.15435270648770552,0.1527369171378485,0.15287018612038383,0.16021679765032884,0.16705245893788823,0.1707882951630875,0.1763332204536477,0.17746262484852857,0.17297367726983828,0.1739835078728163,0.17881242337321596,0.18512013164505178,0.19214536541342053,0.19477484663881942,0.197694793377347,0.20080972387445986,0.19937971683306568,0.19292807342220986,0.19155630418871908,0.20075522995381267,0.21316134202562514,0.21144421619583634,0.21231064364478663,0.2151342191426378,0.21748922052507552,0.21751628156852182,0.19831834610444998,0.17403889616071092,0.146126366405392,0.3322544191162684,0.18298978640819968,0.1476590836765609
stat_60,0.14164290931386872,0.14086013601611752,0.14005069060320058,0.13930997274935905,0.1388340805095248,0.1378434701666571,0.13256899967290822,0.1293814222156671,0.12813303211089808,0.12630376528457826,0.12439228386729012,0.12428175979204281,0.12386571636438218,0.12282901293676224,0.12008699216448802,0.11680237709413108,0.11344135598030922,0.1110478483827527,0.10983127734943543,0.10777292451555726,0.10699023656747557,0.10877305957216886,0.10797353474901651,0.10790099827168036,0.10472844441092795,0.1026183913780565,0.09920990467713434,0.09902596483216607,0.1001479755615011,0.1000320133142759,0.09878168882734513,0.09659640631550354,0.10455349000693323,0.10707546993198094,0.10702801962207936,0.11149112568778127,0.11022936136529776,0.10599497420353828,0.13817348740931057,,0.1211733018105307,0.11828049180586064,0.12608979788012406,0.11826448304962561,0.1306436826773127,0.11143900461465678,0.1173834573857219,0.12251730167000892,0.12362815825574647,0.11795740177778044,0.10809879181707899,0.11035767507491612,0.11116202927828689,0.1099969298542405,0.10732527126952836,0.1128222509036022,0.11545442530281384,0.11873738727580445,0.12256462939567146,0.12001646487457941,0.11614206613566232,0.1165485809381611,0.11981570256059468,0.12405776791731639,0.12874114856287164,0.13044902225032134,0.13234957725946142,0.13436809793366564,0.13349115290644809,0.1291301836952179,0.12806037983497962,0.13410428600041296,0.14217699831373445,0.14096221756597696,0.14151863735887107,0.14340122058174007,0.14501836331203283,0.14513478887794107,0.13238805819484073,0.11629049586694669,0.10025105450087118,0.22401554228292547,0.12624047771294825,0.09977280594585262
stat_61,0.24461297791111955,0.24333958955508544,0.24171444176265006,0.24027298249546725,0.2392230355154641,0.23701202246797343,0.22750756343202666,0.22193696211949113,0.2196393393483609,0.21638919303518583,0.2130944387559673,0.2129018976397017,0.21203453754800605,0.20994464779469535,0.205126981558422,0.19960087078123234,0.19391227126429472,0.18978513604395494,0.18767961081502527,0.18387576509544246,0.18242003357216038,0.18086225580416065,0.17925605469067643,0.17915940442321518,0.17431248704220204,0.16688050528341253,0.16165992174797478,0.1613841909928163,0.15923828137519938,0.159333108147759,0.15755277588228375,0.15426454552886318,0.15169142467702518,0.14958805132602018,0.1494949312321855,0.14921884256622128,0.14704653117848843,0.14094938526949322,0.13804371035459825,0.09671337003839732,0.10428335446495303,0.1093415207989954,0.11659819060933917,0.1181946114486975,0.13054581921922517,0.1439621292895949,0.15366223543132154,0.1619907869572543,0.17147181835818212,0.1708937193574511,0.1728055176517562,0.17599599745738245,0.17654657009550634,0.17483278487938358,0.17481756495131018,0.18275613561738532,0.18949802823715678,0.19297188148222563,0.19926758728756747,0.20101149331713172,0.19699642591889302,0.19865464969319413,0.20422211891442774,0.21146827209319147,0.21951236379032177,0.22276218982321153,0.2262855489514094,0.230031595231252,0.22864248310779361,0.22140137617404432,0.2197860651747837,0.2302931479722539,0.2448787939745515,0.24343600654626546,0.24458310688517787,0.24779064069013462,0.2504789203691915,0.2505068306614211,0.22770052745652547,0.1997102043446319,0.16804692887586467,0.3825144202052827,0.2048497220203425,0.16734564832435794
stat_62,0.13289151449782144,0.13216266847937244,0.13143282388417152,0.1307347663425156,0.13026433361074444,0.12930895072091397,0.12439128430262979,0.12143624619004773,0.12029062545109248,0.1185857268129272,0.11678964116898435,0.11668434297395636,0.11626811296210258,0.11525601960364493,0.11267262795523014,0.10960080560912308,0.10645243199426282,0.10419026579916416,0.10304342191726329,0.10108233965999672,0.10032941450262774,0.10164383165960562,0.10088839038817154,0.10081987683171752,0.0978809671038035,0.09349914069640919,0.09232579512879653,0.09215408701537701,0.09281873269938268,0.09498047983705898,0.09376698319388808,0.09169266130454083,0.09026889380358455,0.10013262987141451,0.10009220966528301,0.10364311787604319,0.10642855592949783,0.106682693794844,0.10485087108984242,,0.11236323920935692,0.10267718724402981,0.09480522155716324,0.09647568368396603,0.10211476044136401,0.1122205023234699,0.11357611515992398,0.11411010629906883,0.11567248947958612,0.10170217694766526,0.10250429634254954,0.10462690729283838,0.105443910720617,0.10183234095567129,0.09981189324913836,0.10270684043390803,0.10787243457826527,0.11097133675318151,0.11454116091934342,0.11250300161236146,0.10887874758542167,0.10929952288321229,0.11239334773320543,0.1163779962108755,0.12076674862080825,0.12241085976107247,0.12421798279628717,0.12612819908651712,0.12538157603418867,0.12130195591126344,0.12023165816182635,0.12585680781440564,0.13342548564081938,0.13235760174450675,0.13289870611954022,0.13465784841193618,0.13618762873521711,0.1363281343942611,0.12424479950348545,0.1091527466250765,0.09492111982364004,0.21110908260539718,0.1184436933420128,0.09349118093265366
stat_63,0.14507284718715377,0.14426856600662558,0.14342978016654914,0.14267334461706563,0.14219611365889512,0.14119349973530185,0.13578232165779974,0.13250532212143631,0.13121917063659314,0.12934204248870956,0.12738629709410845,0.12727367737993137,0.12685727646005907,0.12581016114501029,0.12300536149219818,0.11963725538526104,0.11619454819403371,0.11374853018917523,0.11250425610855655,0.11040606193346808,0.10960842435027988,0.10879940929755032,0.10800524942361531,0.1079340218918748,0.10476238144067394,0.10004709234661621,0.09671960895543259,0.09653994364661814,0.09500882455422084,0.09488534422983069,0.09369275418508137,0.09163012338714414,0.09019626567395349,0.08914492660489239,0.08912514250361347,0.08914886278443165,0.08817946068695567,0.08493239158916216,0.08355498854764556,0.08017645108635356,0.07081611858469253,0.07001245848461238,0.07444731364010233,0.0762951925436701,0.08229506411490242,0.09027648374923689,0.09450623093715022,0.09824774179005963,0.10297355628391891,0.10162974405805397,0.10244676722423506,0.10456324822889293,0.10535767295154555,0.10428139936704789,0.10460949870303453,0.10997736581342331,0.11549824885055704,0.11878343471561918,0.12260512862881366,0.12296386110233286,0.1189972585644639,0.11940111939889751,0.1227387835667189,0.12708051926849717,0.13187939849849684,0.13361436213043912,0.13555201126167626,0.13761277178204592,0.13668536539081502,0.13221235923155675,0.13113897932092122,0.13734524035162587,0.14561170339440038,0.14433546501006211,0.14489624318007743,0.1468276375072992,0.14847977796455913,0.14858786281232628,0.13558581085874824,0.11909552998317609,0.10234982524352568,0.2290937496763266,0.12928131529325124,0.10223122401834962
stat_64,0.13296552116755023,0.1322348507316265,0.13150849244164753,0.1308132414326564,0.13034650550156984,0.1293980006481603,0.12448530709512796,0.12153155221417829,0.12038645422066484,0.11868267732090788,0.11688214611665146,0.11677677366679183,0.11636150443109787,0.11535090185980158,0.11276636081139664,0.10969157778166691,0.1065337869210543,0.10426894594147663,0.10312105308088347,0.10115824184888988,0.10040218703505155,0.09964567780122471,0.09889968619686168,0.09883231687964449,0.09595100700772637,0.09165619035310812,0.08859479358650382,0.08842974777778612,0.08698558547806096,0.08681872960475802,0.08567822443861636,0.08379855889244375,0.08253393434184546,0.08164624664070252,0.08163021539621115,0.08162986321256532,0.08066519855884635,0.07769345627988301,0.07793147810797997,0.07551707075173852,0.07050023680414384,0.06975737053987031,0.07422950910885637,0.07436000684750925,0.0768745614060458,0.08271191832661019,0.08650433586410261,0.08992568237335273,0.094232491150261,0.09287237799892131,0.09352211002910964,0.09541346691453653,0.0962142773479959,0.0953274231257369,0.09572941266929029,0.1006535195017382,0.10572681034675141,0.10878466732812335,0.11228263185100404,0.11258831407781456,0.10896014353577552,0.10938148928264423,0.11248165341694831,0.11647759841398915,0.12086906049465153,0.12251494938925717,0.12432119145513836,0.12622956729492482,0.12548603276133521,0.12139802283649907,0.120324724537451,0.12595047300188442,0.1335118574722911,0.13242849899186862,0.1329645393473644,0.13472610605423874,0.13625827935231494,0.1364005505748053,0.1243308172884543,0.10923415385470772,0.09496829714812961,0.21124128699738753,0.11854005289075144,0.09356230557315325
stat_65,0.1356024069803537,0.13485647454085156,0.13410224563463669,0.1333915142609362,0.13292060624520807,0.1319563277254188,0.12692916855723102,0.12390173750397286,0.12272547121512185,0.12098221993615335,0.11915182980092821,0.11904493924488573,0.11862976521815673,0.1176112453566755,0.11497892214634448,0.11184074717840271,0.10862838784374759,0.10632576819240179,0.105157326965231,0.10316684200272386,0.102405151284162,0.10163791373062651,0.1008834492666788,0.10081525009577982,0.09787723662167737,0.0934968032948981,0.09037887755067996,0.09021072243493372,0.08875399425484198,0.08860639070339488,0.08746458174647447,0.08554680612497237,0.08425140008758362,0.0851306992096301,0.08511219177560583,0.08512481538197465,0.08414574276240358,0.08104754858366872,0.07970845643628813,0.07054237258500358,0.06733751813393327,0.06816354823736628,0.07102204748087937,0.07121755049779577,0.07861075388139901,0.08624061954917359,0.09022851167730313,0.09380917382031312,0.09830096782579038,0.09483638618403001,0.09551668185538863,0.09745671373210339,0.09824735492306862,0.09730816948909736,0.097684560216056,0.1027044369313098,0.10786845974554411,0.11096627931220962,0.11453434092250926,0.11485109833729963,0.11114418082068839,0.11155846555079531,0.11470616288573823,0.11876836866012304,0.12324848806969006,0.1249114220114777,0.1267467030592066,0.12868926635737352,0.12789916806082946,0.12373098417630195,0.12266010179375239,0.1284155356872278,0.13613805589287178,0.13502072197021367,0.13556531704022115,0.1373631855033242,0.13892014490626695,0.13905309520483836,0.12677011303126617,0.11136708289752784,0.09656385095765127,0.2150989096092826,0.12088242971315828,0.09544869966567228
stat_66,0.14179495950889703,0.14101027549623218,0.14020341239903658,0.13946406866276875,0.13899043423756438,0.13800379630615803,0.1327300582417764,0.12954134956466273,0.128297441789741,0.12646788204864703,0.12455829817048114,0.12444760944943326,0.12403208931937454,0.12299436663190039,0.1202489113312267,0.11696037653478192,0.11360204179322647,0.1112047115075906,0.10998615326299285,0.10792402785997646,0.10713906401252886,0.1063442736885467,0.10556158001133216,0.1054911169928314,0.10240801476902824,0.09781431708248302,0.0945541473289419,0.09437819030907312,0.09286430094252496,0.09501930380887533,0.09381183249087988,0.09174319690589097,0.09032239336613929,0.09158201406209765,0.0915511290818217,0.09158931736639736,0.09058530962167634,0.08725930542846988,0.09078005969772764,0.10783397811882789,0.08614369919606761,0.08167759617605479,0.08370279602074453,0.08323200261208594,0.08913681737684594,0.09269488103134516,0.09705981884015784,0.10094276691772747,0.10578991202282356,0.1017580728657121,0.10255225254622682,0.10466762834740026,0.10548130391143164,0.10187695444919821,0.10223638979274814,0.10749115698032274,0.11288649721910544,0.11610198767121298,0.11983662350040974,0.1201800440364834,0.11630179080576693,0.11671104427956779,0.1199862487406835,0.1242269463341058,0.12891526016273636,0.13062721334681895,0.13252970608401776,0.13454811066525177,0.13366675762939223,0.12929643192824067,0.12821827952178766,0.13426658738747174,0.14233902234278506,0.1411119555780407,0.14166465364361297,0.14355074630038855,0.14517100095525654,0.14528915989963806,0.13254396462274287,0.11643198557003977,0.10035452334114084,0.22427279178528137,0.12637951898461794,0.09988655541083599
stat_67,0.15322922710716913,0.15237452813901609,0.15147402110468705,0.1506794444092203,0.15019501235432822,0.14915635009560288,0.14342706973391664,0.1399462290861773,0.13858168531202938,0.13659453221476484,0.13453795430489865,0.13441995306163065,0.13399648518009535,0.13290854573367186,0.12994875651260604,0.12638891670006486,0.12276199903241729,0.12018626396962077,0.11887485853178498,0.11667062488484456,0.11583416623848533,0.11498459795231857,0.11414215890554161,0.11406463171523636,0.11072428446066053,0.10573744948843755,0.10221935051416292,0.10202927274170179,0.1004200249977287,0.10031726161568644,0.10205331105007667,0.10299296490073918,0.101335920835354,0.10745194524278716,0.10740634300445256,0.10738751547875908,0.12162064220538661,0.11683893287662779,0.11468077791270612,0.1030062797497853,0.11329464754114361,0.11061923660919903,0.10984251560244994,0.10546843791065168,0.11079302830442467,0.12194781494976115,0.12893656441719087,0.11813875712668885,0.12407619817926425,0.11427489169741271,0.11528390707103389,0.11398140197638022,0.11142350444436812,0.11025509671838798,0.11057961383099527,0.116252400175481,0.12205273955468718,0.125463375704327,0.12950689595640918,0.12991199781163906,0.12575943364008804,0.1261808381204693,0.12969694011516864,0.13426890236990313,0.1393366494662354,0.1411536582463545,0.14319195714533386,0.14535670311733942,0.1443220976081837,0.13958204048402245,0.13847999886594656,0.14506180837831778,0.15378697292772228,0.15237580985927843,0.1529476422728356,0.154996000856606,0.1567344290921804,0.15682900960480053,0.1432070274796111,0.1257870260746612,0.1074369324189335,0.24132494325752654,0.13635149160741006,0.10799972778943571
stat_68,0.14907088696185325,0.14824068226289325,0.14737529794830181,0.1466023276489356,0.14612487138059777,0.1451096597572601,0.1395478186324411,0.1361728775182188,0.13485292093542378,0.13292374968445242,0.13092056574770952,0.1308052834000581,0.13038641887260355,0.1293208853487977,0.12643895952616185,0.12297685568088153,0.11944658649984378,0.11693562053471085,0.11565807803673295,0.11350703214434818,0.11268878991840266,0.11186065461129197,0.11103988903416218,0.11096389241636317,0.10771371593383136,0.10286353036195646,0.0994354515664689,0.09925032314461599,0.09767267099859636,0.10328682103191915,0.10911214196480888,0.11085027299246317,0.10904773028309489,0.10771504656771012,0.10767359502310694,0.10768408283389622,0.10645849783655231,0.11110243590615529,0.10909388773401903,0.1030062797497853,0.09920077841933017,0.09728608735550005,0.09824162912515452,0.09577797828795968,0.10584701708215617,0.11645995307154848,0.11363428820651807,0.11850565969314761,0.12440086039817673,0.12299917912053375,0.12413256206916752,0.12194210338331378,0.11476177560415682,0.10720820149738024,0.10754931358785189,0.11307750086435728,0.11874592317050323,0.1220951655290949,0.12602907874227803,0.12640694263436164,0.12234430326692033,0.12275692881703588,0.1261866025327233,0.13063896390585447,0.13556872146357796,0.13734625043182613,0.13933174544005789,0.1414408797949975,0.1404588934542273,0.135849732517053,0.1347564731407808,0.14114503952381122,0.14962793382174672,0.14827436765745752,0.14883603903910525,0.15082654626359782,0.15252243060156875,0.1526256136055364,0.1393375435311947,0.12239483726567407,0.10484481025048269,0.23510979179759384,0.13278082970746827,0.10507728678906149
stat_69,0.1580149673973249,0.15713161434368728,0.1561953618050909,0.155377562222348,0.15488555340815446,0.15382143105468896,0.14790599687611158,0.1443080076840527,0.14289553262844623,0.14084373441560383,0.1387244068299495,0.13860312207856493,0.1381732925621411,0.13706251105260955,0.13401217356046843,0.1303382861482436,0.12659912405728524,0.12394634091624383,0.12259466797395552,0.12032527508334549,0.11946385663968077,0.11858871212871773,0.11771906952124263,0.11763999490325538,0.11419715649179527,0.10906426237882155,0.10543771536424529,0.10524174838047605,0.10359165534518752,0.10349268440654966,0.10219918844552292,0.10315350329385704,0.10150513879743063,0.10387771062127961,0.10384364667343941,0.1038870682688532,0.10277230923355572,0.10269186355680655,0.10092486200525064,0.10931282551218506,0.10552469090260977,0.11061436735772828,0.10357675109283805,0.10044533960376976,0.09859999306376521,0.10834777844604462,0.10985720903082208,0.11441156920464626,0.12000743001147274,0.11445327629572631,0.11544190029411706,0.11411874269955909,0.11496266151480225,0.11375187889884641,0.11407022255450894,0.11991291400660005,0.12584954953603703,0.1293290273085034,0.13349625430146322,0.13393527498423927,0.1296932173783983,0.13013311315664114,0.13375504482860973,0.13846749929722205,0.14369599322118154,0.14556408542132854,0.14765832385057273,0.14988662297657576,0.14879925717565004,0.14390597621799464,0.1427866335269798,0.14958568697085306,0.15858310662692054,0.15710137177621045,0.15768225759807256,0.15979796642524816,0.16158723030123961,0.1616749789395423,0.14767344536858412,0.12970706312403082,0.11045232003900564,0.2485395957450621,0.14041058591630634,0.11134235081461452
stat_70,0.1529170113748222,0.15206691590735702,0.15115962984556647,0.150360272850301,0.14986905827502825,0.1488203992216453,0.14309018749429808,0.13960997158858945,0.13823652284161572,0.13624899373753885,0.13419137890030988,0.13407369027339305,0.1336493805933423,0.13256578381294803,0.12961515067011625,0.12606201421516175,0.12243305364805383,0.1198629934097649,0.11855516017410447,0.11635642200920579,0.11552329042388186,0.11467413375675914,0.11383359210973384,0.11375797961885624,0.11040596726469543,0.10542709945133569,0.10192919209879876,0.10174043874464504,0.10015046675934083,0.10004748339782882,0.09880974165009945,0.09663737566277618,0.09510036457622821,0.09395814012782538,0.09392838365518286,0.09395161684789413,0.09295238954374876,0.08951689605616879,0.08807021944698125,0.08864203617248467,0.08324293619301268,0.0765667305382818,0.08128816622875779,0.0784613688977001,0.08657273386816028,0.09498893928482591,0.09953094301328362,0.10351696154629811,0.10854136623241216,0.1072164355957061,0.10813477438076088,0.1103794754463804,0.11117500450971513,0.10999738267112916,0.1102881049691519,0.1159286009618652,0.12170485241440751,0.12511679201797965,0.12915406622135422,0.12956308201296468,0.1254251944728988,0.12584431353824804,0.12934537757785,0.13391613636395963,0.13897607285848082,0.1407826042642279,0.14281406244106937,0.14497966944674914,0.14395224052517525,0.13923442487393003,0.13814919956618882,0.14472346696981986,0.15345074115399807,0.15206989037142116,0.15265163376216473,0.15469266974187418,0.15642417128128625,0.15651470174131712,0.14287722086971077,0.12548504076114977,0.10722793331729497,0.24079310486529049,0.13603449911730706,0.10774895189697045
stat_71,0.1579540378242286,0.1570714779016335,0.15613434967278914,0.15531670159531624,0.15482368616049447,0.15375782787305772,0.14784244414071684,0.14424500663180032,0.1428323210274163,0.14078072004086895,0.13866273955372502,0.13854150824732897,0.13811115779164482,0.13699679641763912,0.1339475490888748,0.13027600727914823,0.12653920749123002,0.12388786311887127,0.12253694596241038,0.1202685839889642,0.11940716683830865,0.11853151216601558,0.11766211193379537,0.11758440536491005,0.11414708329613144,0.10900795453813619,0.10879411342849853,0.10859247025125941,0.1149056971067844,0.11484215339961815,0.11818695870833215,0.12104262815556567,0.12497331354015821,0.13066936191626563,0.1305932603735707,0.13046604492955272,0.12880859304825115,0.12367967679897053,0.1292005019944342,0.10822998517094987,0.12148164923131434,0.13038947549978705,0.127199313763933,0.11163234140383256,0.12327968740422014,0.12838386311579392,0.13607917455871227,0.142672190753296,0.15040593079605838,0.14096440433820312,0.13557998577002128,0.13211967349191278,0.12763137165740432,0.1262532018871455,0.11772002097417975,0.11985316161535499,0.1257946185791084,0.12926705417636083,0.133431810791514,0.13387194257712998,0.12963270223796444,0.1300721834721498,0.1336911912745112,0.1384005630222279,0.14362629970054638,0.14549332302534634,0.14759100598153216,0.14981962385085484,0.1487320827416566,0.14384241217713664,0.1427246190102159,0.149521789696108,0.15851911058187848,0.15704252246008563,0.1576249213584964,0.1597385702113488,0.16152664710625686,0.1616138347976015,0.14761120616470474,0.12965066631370875,0.11041283958244363,0.24843981479019456,0.1403514817848153,0.1112949057119391
stat_72,0.1330121406162272,0.13228067590817771,0.13155546148511674,0.13086092321353732,0.1303955079382388,0.12944932614680585,0.12453782349854398,0.12158371436944071,0.12044215871069726,0.11873850573460376,0.11694104682394627,0.1168356278822249,0.11642124191245336,0.11541091150884654,0.11282525680866819,0.10974907367065465,0.1065965389368505,0.1043304497299596,0.10318187859514912,0.10121812074817708,0.10046138530860997,0.09970495638096606,0.09896087341525042,0.09889322562186312,0.09601862510644758,0.09172719455294759,0.08866046517526463,0.08849507411584835,0.08704820518904377,0.08688197768474813,0.08573998406003822,0.08385710223459046,0.08260061133621842,0.08173155256244016,0.08171611340583662,0.08172889678007011,0.0807695738487584,0.07781419639826566,0.07652114037602628,0.075693828787877,0.06645696051224492,0.06563725028242304,0.06959463134549099,0.06994658130683584,0.07557768954444608,0.08288575482097686,0.08665232176776255,0.09006254420515176,0.09434354813581378,0.0929393920067975,0.09357293095535481,0.09546317947438678,0.09627067919609354,0.09538613051683678,0.09579494444649331,0.10072780662258314,0.10580218941202171,0.10885524650822033,0.11235163713118673,0.11265617306555542,0.10902442843801403,0.1094458496452386,0.11254917672989499,0.11653995667600392,0.12093295236195034,0.122580032535718,0.12438644920499932,0.1262938373302636,0.12554570586967725,0.1214538359022605,0.12037586501736261,0.12600305850629578,0.13356275869346598,0.13247347926257322,0.13300765888597244,0.13477062087648892,0.13630388940603166,0.13644678633506005,0.12438067659325243,0.10928000152482896,0.09499779498017492,0.2113191730256561,0.11859119286399453,0.09360191680872769
stat_73,0.19053520131219365,0.18948367188690526,0.18827123773832974,0.1872484075259712,0.18662341428097748,0.18524820138007692,0.17798819505434427,0.17359536978784723,0.17182551616994893,0.16931727777490657,0.1667602401099172,0.1666152633649041,0.16608795993270553,0.16471767381242378,0.16103554101093231,0.15662950151287347,0.15213160147503968,0.14895133523190177,0.14732888485747828,0.14457337554340352,0.1435383259081219,0.14246204064752183,0.14136861390329067,0.14128278121031887,0.137192746455676,0.13106606255852232,0.12679812357664078,0.1265685363164621,0.12470595420387864,0.12469546874913817,0.12324059664797059,0.12056164649407561,0.11855097029408883,0.1170126342580697,0.11695955932584799,0.11691294971715013,0.11558688140191752,0.11112047543835216,0.11451609004940173,0.09722306741907139,0.08950055895174475,0.09214292023214699,0.09816502129965694,0.10013337830619308,0.1106218215558098,0.11646069948292619,0.12285722266505626,0.12833665088608892,0.13498056043717027,0.13376244433113266,0.13512015010289258,0.1378767391085089,0.13864178311562184,0.13710466622441003,0.13726930939849027,0.1440611433315459,0.1506928919805994,0.15443470487157798,0.15943941356028385,0.16022018806565635,0.15564830545793534,0.15633301279181588,0.16064583222446263,0.16631347283311318,0.17261247604466484,0.17488003296759133,0.17743921766288312,0.18017083134485348,0.17881807482105028,0.17297960605047538,0.17175704401119787,0.18001890463654815,0.19102890566823555,0.18933856565804819,0.19007053437848948,0.1926161242819964,0.19473695696955523,0.19477399017488076,0.17780347113299624,0.1560817725238541,0.1313587215019149,0.2978889241997377,0.16652791522230495,0.13332339860287853
stat_74,0.163123304402071,0.16221131543517073,0.16123262721435394,0.16038715487733837,0.15988156501818307,0.15878067435369633,0.15265846247954865,0.14893334552655418,0.14746720928373583,0.14534435371864673,0.14315935223148502,0.14303454252322434,0.1425948617458452,0.1414494284228458,0.1383017846064691,0.1345100275922865,0.1306545805464966,0.12792107920528226,0.1265272820496633,0.12418788338322097,0.123303747741723,0.12239914184244675,0.12150015623404409,0.12142102465897142,0.1178792227682458,0.11257880435606973,0.10884554633690832,0.1086437585452991,0.10695030761890224,0.10686952936754039,0.10554601999156148,0.10320883693339061,0.10155349126778654,0.10036821040502612,0.1003371118179935,0.1003639435999625,0.09926532180611791,0.0955578016848661,0.0939326930602349,0.08369353555434883,0.07759130940199786,0.07887608185730911,0.08165716279339985,0.08344081538517256,0.09214022493156154,0.10121020902008854,0.106212011427356,0.11058383920272818,0.11597069742026446,0.1145038887686569,0.11549627869183024,0.11789553184910513,0.11873967188339021,0.11746825754754275,0.117773369559915,0.12378215693079418,0.12986399538839266,0.13339682117917848,0.1376944447847462,0.1381763508932194,0.1338469143414569,0.13430961879192935,0.138039122920625,0.14289730376249377,0.1482946420933008,0.15021799603955951,0.15238203109791187,0.1546830139773014,0.15354009751738074,0.14849049157191208,0.14735578988939538,0.15438824286918895,0.1636897408147876,0.1621523077240633,0.1627499644178614,0.16493449691303938,0.16677626388784877,0.16685506560962213,0.15242061099293586,0.13386696281253763,0.1136843568541214,0.25623413894943226,0.14467469436278618,0.1148734015682756
stat_75,0.1680714330378158,0.1671356449621521,0.16609963717135412,0.165215952859668,0.16468743267189065,0.16353126186957181,0.1571862777799495,0.15332481805687714,0.15178400704282038,0.14958459863358659,0.1473270641967427,0.14719911515015227,0.14674735050476984,0.14557388915054867,0.1423339473044825,0.13842701369390373,0.13444156019136877,0.1316365343268498,0.1302043764700992,0.12780326412933637,0.12690370451623167,0.12596866431071194,0.12504796318182337,0.12496419593847573,0.1258276076219167,0.12017287591669115,0.11621730495973137,0.11600443356425817,0.11899751026746155,0.11894809460164278,0.11753573956063261,0.11494896595732611,0.11304659105442455,0.11675569751117192,0.11670349431439395,0.12259215898471787,0.12817770136572146,0.13124275260098392,0.1384419468038467,,,,,,0.13090341518772827,0.13531240533114855,0.13542248248263297,0.13436053803801493,0.1346971815276711,0.12757308070284382,0.12884197933449376,0.13152410745695603,0.13230764425588856,0.1308461884321349,0.1258218520189894,0.13216587671719818,0.13851029807490306,0.13720005916673453,0.14163054193803354,0.14216227097923845,0.1377492183130793,0.13822490653038874,0.14203853338924358,0.14705200898886114,0.15261609986764904,0.1545822999231043,0.1568091665695126,0.15918935733336761,0.15799450055960632,0.15281197043938896,0.15169335378105445,0.15896488658462216,0.16859213041750212,0.16704078928836613,0.16767058857609948,0.1699189733781597,0.17180516536321722,0.17186655220437275,0.15696058508409647,0.13782507852982773,0.11677245891402335,0.2635559648841004,0.1487637037612842,0.11826737396849747
stat_76,0.18215503713339998,0.1811447599032238,0.18000028760136091,0.17903505580777276,0.17845201128542318,0.17717056307789886,0.17026210157518268,0.16606969965998142,0.1643859692283038,0.1619939130796556,0.15955086680729003,0.15941234287215916,0.15891687640876567,0.1576291789439733,0.15411661813406852,0.14989104861565022,0.1455838490785417,0.14254795831266448,0.14099560942561792,0.13837774117672264,0.1374007223486925,0.136377740400202,0.13535616430306605,0.1352719795315339,0.13133555689871193,0.12547148517325818,0.12136500578710253,0.12114362354509699,0.11932517878844598,0.11928893539406756,0.11787694791764326,0.11529581190589522,0.11340012751883359,0.11194195717723752,0.11190049943369909,0.11191247634022176,0.11075231432086743,0.10661238976436588,0.10485586324587157,0.08645046695498963,0.08659767568508234,0.08854053599889533,0.09086329683187941,0.09261382388564206,0.1020921902477456,0.1121174030973733,0.11797505453602403,0.12300336678909403,0.12921847666783412,0.1279446863791901,0.1291876651653336,0.13185089861808613,0.1326396386469182,0.13117472217160414,0.1313823762057255,0.1379472352674584,0.14442042667815916,0.14812308866935825,0.15290874587673262,0.1535900002853729,0.14904757216498246,0.14964256147723975,0.15376733561020367,0.15919106342235884,0.16522039571667715,0.16736759830806291,0.16979516022374438,0.17239105324085668,0.17108819351163967,0.16548722500045615,0.16430403530481946,0.17219538716384858,0.18267327121176857,0.18101306519281726,0.1817004719612685,0.18413491220099454,0.1861691281346927,0.1862153993908909,0.17004308965004034,0.1492890119205715,0.12588536675414358,0.2850537738211707,0.16001571717609853,0.1277633908721718
stat_77,0.1486639670458835,0.14783878215455507,0.14696582664475755,0.14618930846267217,0.14570610111431317,0.14468075730318897,0.1391158596852807,0.13574309075550636,0.13441277131177368,0.13248391124314335,0.13048155202777187,0.13036672961243864,0.12994676492937854,0.12888055161720197,0.1260093536338444,0.1225557457666589,0.11902644884616766,0.11652701680108377,0.1152544249664892,0.11311352170736717,0.1123040400415429,0.1114753117636247,0.11066237703791224,0.11058737536990491,0.1073275946361608,0.10249043817521798,0.09908446746007134,0.09890077388183796,0.09733764540274113,0.09722506833477469,0.09601086346713539,0.09388909411483884,0.09238870893226028,0.09128768944036644,0.09126545507117494,0.09380448694222769,0.0954952793579106,0.09191205705449522,0.09038613531987606,0.09720218610414069,0.08915910289396707,0.08421761037399579,0.0832668291362443,0.08273352957681829,0.08870915875419247,0.09740971899318045,0.10217973037093978,0.1033554632683892,0.10545622431177659,0.10414206986309536,0.10503428013218714,0.10722429801704884,0.10801638695720224,0.10688603422497328,0.10719620989160754,0.11269071255283505,0.11833316619559016,0.12168309360967468,0.12560621541310057,0.1259881728229667,0.1219306976180855,0.12233491524315217,0.12574156426877697,0.13018823852639808,0.135107076327262,0.13687117234996687,0.1388555680654826,0.1409651761551239,0.13998735329852935,0.13540359376157135,0.13433170032001687,0.14070943678022557,0.1491938138884545,0.14787188894767123,0.14844316856792197,0.15042430358672368,0.15211166477167767,0.15220972535818167,0.13891940123722102,0.12201447496252309,0.10456048745277964,0.23441032896154748,0.13241649382720266,0.10477796773238134
stat_78,0.22736262156752984,0.22614882258160776,0.22466146226801578,0.22337698434051256,0.2224983813942491,0.22061757609404958,0.21185182966608668,0.20665298601669657,0.20452402514207077,0.2015136551230281,0.19846129817405606,0.1982848100113459,0.19754919437244584,0.1957450312172955,0.19129897562333445,0.1861102986313491,0.18079992671474027,0.17697612695829623,0.17502545670760083,0.17158100261285622,0.1702610430236671,0.16887505433216665,0.16745858419685117,0.16736933289652503,0.16272573855055286,0.1556761270661478,0.15072194225446423,0.15045870078073775,0.14836350695920997,0.14838543312925123,0.14667595520710777,0.14355545711156278,0.1411688827711933,0.13923123755059255,0.13914755744409277,0.13904671556221168,0.13728502093304648,0.14148721921969054,0.13855494791904616,0.10801427253264817,0.11215972067798081,0.11867020111534718,0.12646338725790154,0.12757126201554173,0.13096914496164797,0.14443660977091885,0.14433671935383657,0.15157342353731237,0.15998062548576383,0.1591324448912884,0.16083754604355172,0.16392859889510666,0.16461473318748335,0.16296793141901342,0.16305172026207132,0.17070987543132368,0.17754843123233355,0.18120145564492393,0.18708266950507726,0.18846978197100905,0.1841496133557012,0.1854327257221959,0.19060518649346073,0.19734436504003353,0.20484279751478215,0.2077453239476154,0.21091609114006168,0.2143114564274613,0.21287883151940623,0.2060482108982926,0.20457215281812594,0.21437332770829592,0.2277585378669179,0.22611754014830185,0.22709640107566084,0.2300986921445456,0.23260886193210015,0.23263612182108934,0.21185644136916024,0.1858786397602963,0.15611450447559325,0.35526784097621733,0.1932999526958453,0.1568477166377346
stat_79,0.15725655625926402,0.15638113237591225,0.1554334320813451,0.15461122897112897,0.15411281053759449,0.15303709025548468,0.14712250290184223,0.14352903190333202,0.14210316109259305,0.14005353631944542,0.1379396090436611,0.13781921902177752,0.13738990041177243,0.13628553279101624,0.13325191284058857,0.12959489367189844,0.12586342890575555,0.12322630180027354,0.12188340488866524,0.11963168469956774,0.11877685617667917,0.11790311281896267,0.11704350806712335,0.11696472083851654,0.11350808537451662,0.10837385148115858,0.10478170305087975,0.10458806742009752,0.10295858730105421,0.1028552150492335,0.10158868890860946,0.09933522201239324,0.09772106544131509,0.09649981615687571,0.09647019101208298,0.09959509579548968,0.1019619840673113,0.11083657949878815,0.11433735882470179,,,,0.10914159903122979,0.10509100649997832,0.11047649831529643,0.11619292766046761,0.10892605450855186,0.10968534466743042,0.1114900197477314,0.11021977954384744,0.11122592544762351,0.11356795593926088,0.11436294718515987,0.1131348751223147,0.11340619325257502,0.11919771959211022,0.12512577598713476,0.12861074132744346,0.1327644562297863,0.13320447389080226,0.12897011598956268,0.12939278190335005,0.1329813913922955,0.13767716408345665,0.14288273083352213,0.14472862584998247,0.14681369586716891,0.14903877282669412,0.14795189780769008,0.1430996190849308,0.14201434312355524,0.14879331430185364,0.15778264616626483,0.156345481367581,0.15693936381929688,0.15903959598131734,0.16081401379831228,0.16089300979148724,0.1469081997783491,0.12901547848699374,0.10990766600350482,0.24723094478649338,0.13979003772304738,0.11081590606519172
stat_80,0.15280093180335053,0.15195125957156833,0.1510433039438329,0.15024549363965545,0.14975572136257767,0.14870755277463657,0.14297595244838893,0.1394976591514554,0.13812209338769593,0.13613553394582004,0.1340794740682946,0.1339619584534966,0.1335377639417311,0.1324551037331334,0.12950530158000578,0.12595339764504654,0.1223267671301987,0.11976147723485218,0.11845463767470302,0.11626092740297111,0.11542958737280058,0.11458047440589385,0.11374041776383423,0.11366517404427515,0.11031614497432952,0.10533596416037556,0.10184124825801079,0.10165267228071935,0.10006212615936004,0.09995505275332814,0.09871985242770935,0.0965412711073223,0.09498739844673312,0.09383509959309723,0.09380715952854646,0.09380607925111505,0.09276841252892382,0.08929734115493716,0.08780522475680616,0.08243398330025438,0.0819803114021941,0.07811368322505628,0.07822076651287731,0.08023410476434954,0.08627857891489925,0.09474233246256335,0.09932514484157223,0.10335586022271782,0.10840523768853678,0.10709828368290314,0.10803930882518634,0.11029400500065256,0.11108605448204598,0.10990928984694938,0.11019826101756537,0.11583554967017377,0.12161674409083521,0.12502682376185045,0.1290642361008933,0.12947234571264013,0.12532903307278148,0.12574164325274667,0.12923640283687507,0.1338032568331372,0.1388604522093253,0.14066481826794894,0.1426955795539167,0.14486016682865732,0.14383013733173183,0.13911593326050742,0.13803639716279822,0.14460661289683893,0.15333174714270256,0.15195130546955293,0.1525322716904922,0.1545710597938547,0.15630073903570918,0.15639011639759812,0.1427694550094485,0.1253897222887502,0.10713530062674341,0.24058902178230007,0.13597351105751668,0.10768842823259314
stat_81,0.18185145760464833,0.18084338601791647,0.17969671908238552,0.1787307025602191,0.17814787128402101,0.1768645557901592,0.16995420171513623,0.16576373132237193,0.1640794344751556,0.16168961153174738,0.1592491470844493,0.15911099192104294,0.15861749646346848,0.15732884622762466,0.15381760950576606,0.14959961975908956,0.14529914227253282,0.1422621491836191,0.14071211681571577,0.1380975225306098,0.13711055095164346,0.14224049490188287,0.14114575492128362,0.14815280926084853,0.1438934513298294,0.13750074418356584,0.14076362519580912,0.14051409057714875,0.13851537975851608,0.13853151537497674,0.1369381999318006,0.1339895881758791,0.13174355665720724,0.12996063383695636,0.12988539256285914,0.14942994522008587,0.14725050292398545,0.17144027589786306,0.16721548292478955,,,,,,0.1532148114762127,0.16941865678981,0.15385550545177262,0.16220558886135944,0.14959436764018927,0.1486090326421189,0.15020208514874628,0.15318972168669598,0.15389927659647934,0.15225914435496604,0.15235613692881086,0.1510789114178948,0.15783102104591018,0.1615945039895015,0.15921639343971006,0.1532895766640397,0.14875750985109606,0.1493484612060284,0.153470844238394,0.1588841750883664,0.16490243499599216,0.167046752980083,0.16947484440885063,0.1720664017490969,0.17076253821652929,0.1651741714288801,0.16399954968119868,0.1718828141653489,0.1823569998761045,0.18070701723367555,0.1813961285018386,0.1838264254389455,0.18585564141531438,0.18589938331239522,0.16974773599222415,0.14902558489361822,0.1256628525139087,0.284536510741673,0.1597988608362597,0.12756998175211454
stat_82,0.27091214168968464,0.26956039165239276,0.26777324603329017,0.2660915818692962,0.2647284703350366,0.26195059915152513,0.25137163038476723,0.24531621693012715,0.2427979323425119,0.23920176524394077,0.23553520944822934,0.2353149219261705,0.23419562498590743,0.2315992546313286,0.2262023649750359,0.22019097822172187,0.2139431461876138,0.20930889250962745,0.20695380841297956,0.20252641123366086,0.20080441292287515,0.19896926865992667,0.19717224462152794,0.19708965771791126,0.1920415831639694,0.18414916465859624,0.17858889195590427,0.1782947148222754,0.17601917569070902,0.17615700822922467,0.1741960380971016,0.17071758691643876,0.16794936991722115,0.16567456338705233,0.16556734039967402,0.16508159087641078,0.16243126407971128,0.1555457851378031,0.15200890762661848,,0.12260880044353716,0.13214739741925957,0.14023940362971576,0.14006194020382118,0.14172106799087575,0.15649959978690642,0.16803643678245855,0.17794689984689424,0.18907040974832434,0.18881070755377727,0.19085701607993405,0.1940079818498453,0.1944276829207316,0.19283716794997688,0.19283699557922082,0.20104993684315794,0.20734655996005905,0.21037834418599477,0.21710773542292514,0.21945919935783767,0.21623129386326917,0.21863974897302169,0.22488645389446396,0.23291678395011325,0.24178141082366772,0.2456631133443108,0.24975827893013794,0.2540780705085561,0.25290572545921375,0.24506383590881062,0.2431304952266936,0.25461747616555097,0.2710409624525464,0.2700250057502256,0.2714567967424518,0.274959058443418,0.27793716137343094,0.27801014418040443,0.25189609466279544,0.22085352438995964,0.1870110592960017,0.4252204914183283,0.22113005818579537,0.18262888953455975
stat_83,,,,,,,,,,,,,,,,,,,,,,,,,,,,,,,,,,,,,,,,,,,,,,,,,,,,,,,,,,,,,,,,,,,,,,,,,,,,,,,,,,,,
stat_84,0.2742020966330752,0.2728451729342668,0.27108696741230714,0.2693784143420217,0.2679508704104045,0.26507671494841456,0.2544249128489472,0.24836844633491392,0.24586423569731422,0.24224515183955148,0.2385235667537235,0.23829746402420882,0.23711284042272965,0.23439297586706975,0.22890560474972207,0.22285107435902035,0.21653152982686522,0.2118032826290238,0.20940650029031613,0.20484215251859078,0.20303966242667307,0.20114540784656254,0.19932080074985223,0.19923956409938712,0.1942221488457012,0.1863218862934514,0.18070849535218758,0.1804115383556596,0.1780580732710753,0.17812337812577317,0.1760711917057192,0.17257708541682446,0.16984119971296927,0.16762934855048103,0.16752274329059888,0.16707067962242544,0.16428392651442514,0.15726119294334692,0.15356873850163913,,0.12472832413020987,0.13514536996028756,0.12971351038959616,0.12983570769006886,0.14289457327323893,0.15783327058117222,0.16966481229160915,0.1798330044728135,0.19108127074313513,0.19071174603245095,0.19263815531389478,0.19569569416149937,0.1961946502956326,0.19479376330696285,0.19495017480194915,0.20317390524073567,0.20932070616516305,0.2122557971807158,0.21900042397536862,0.22145583380565498,0.21847560382945255,0.22108838834843436,0.2274816013435801,0.2356327208411667,0.2445898774463599,0.24862969429568987,0.2528332356302182,0.2572436845976461,0.2562109533923869,0.24829422060051384,0.24622478568061426,0.25776449490966696,0.2743864875096379,0.27348009874844453,0.2749551038235053,0.27849027040604246,0.2815238689516095,0.28164336078063135,0.25500942706699925,0.22360831598002184,0.19005833033887995,0.43156835833211155,0.22263064555091483,0.18420148612843307
stat_85,0.21661665296266489,0.2154503374896815,0.21410855561148004,0.2129103690722106,0.21209291214243495,0.21035597039835838,0.2021213789383567,0.1972247648109957,0.1952547028719517,0.1924194754643071,0.18949851799114822,0.1893287929608923,0.1886327116490011,0.1868884192867719,0.1826549448884191,0.17771368660132036,0.1726216151653159,0.1689459336835755,0.1670774521782885,0.1637793677707067,0.16248194388120343,0.16115638395984633,0.15991232003042252,0.15982460748368316,0.1553931309204494,0.14864591415304457,0.14390139142836117,0.14364586620350026,0.14153151819155244,0.14142905784474266,0.13970736773415793,0.13673048608007385,0.13454637872492864,0.13283926674241564,0.13279055843858262,0.1326897127081591,0.13100632625907369,0.12583802435355948,0.12335434110403228,0.09539451291129342,0.10153712427233239,0.10650817863605587,0.11266858622932013,0.10729587682111302,0.1182189884871234,0.13019407822417747,0.1381009599971276,0.1448375597292594,0.15270435027177828,0.15147144261999598,0.1528607823685372,0.15573004221551723,0.15657681411444177,0.1551955048726542,0.15551619781324863,0.16289181168541222,0.16963106883330067,0.17330965321313602,0.17880805961007953,0.18003804862225714,0.17577563950499406,0.17698672378226712,0.1819946462815565,0.188464969177838,0.19559731220356108,0.1983899731777351,0.20142692741552556,0.20462708538186306,0.20333559800086318,0.19677259764828248,0.19525663369907323,0.20453233224236322,0.2171510038903991,0.21550959329497227,0.21640788314042306,0.21928124015179154,0.22170317282500604,0.22178219400114152,0.20207063803309078,0.17737243664677038,0.14958707593626777,0.33963269642919025,0.18510634302637943,0.1497191843074154
stat_86,0.2712252262052254,0.2698716413583253,0.2680880446827488,0.2664060685370111,0.265041108805689,0.26226090874340996,0.25167806972436313,0.24562179178838267,0.24310541704327931,0.23950762939517342,0.23583603066419137,0.23561528906091744,0.2344927552898737,0.23188873898541182,0.22648424714774956,0.2204672845302338,0.21421136232915045,0.2095682424219797,0.20720924353256076,0.20277097736146685,0.20104171411305233,0.19920192895477926,0.19730244088489382,0.19722002464322114,0.19217144492717841,0.18427585777472977,0.17871187884199402,0.17841741377917308,0.17613604414824183,0.17627027685875604,0.1743045411781878,0.17082485608084835,0.1680583030017003,0.16578777337515072,0.1656813547766818,0.16530221741911152,0.16255254786746634,0.15566492426122772,0.15212138697810818,0.10394597045505417,0.11406833532009246,0.12103236903246622,0.12826390969021895,0.12874429210824004,0.1418201906465032,0.15660920564618602,0.16815787778448002,0.1781754614435492,0.18919618249957343,0.1889234500845591,0.19096190994651915,0.19410824794652407,0.19453380775774903,0.19295222144174293,0.19296191456034087,0.20117879981265596,0.2074739440448511,0.21050393893070002,0.2173286420834254,0.21968802546224783,0.21647647989956645,0.21890003637565705,0.22516198821489533,0.23320484366326288,0.2420786811989844,0.2459725132624728,0.2500751930842484,0.25440007557701316,0.2532354697977268,0.24538167894158136,0.24343663712356356,0.25493024207961473,0.27136521419181386,0.2703453890514373,0.2717766536074895,0.2752835113877102,0.2782672075381115,0.2783439913282932,0.25220155128531135,0.22112659444523133,0.18726304542696248,0.42578598220444913,0.22131237613589635,0.18280616596622326
stat_87,0.23005970875618412,0.2288368521401561,0.22737186528750875,0.22606738566471074,0.2251528418219799,0.2232151997923523,0.21439542523469352,0.20918172781882,0.20706255893048206,0.2040340802286563,0.20093312689909024,0.20075248960173953,0.19998526132967515,0.19808452333002294,0.19357742677554565,0.18835299486982304,0.18296673011058373,0.17906841971141724,0.1770847577241279,0.1735506040155412,0.1721726222735656,0.17074200249248062,0.16930594886606104,0.16921849785861137,0.16458174559790464,0.15749656457894176,0.1525323123020541,0.1522657988761286,0.15011567611548413,0.1500891979348732,0.1483246465812596,0.1452047728230886,0.14285387684063688,0.14098343437813463,0.1409257296051076,0.1407965272159397,0.13887788260131856,0.133320921882829,0.13063741418364205,0.10386558751830632,0.10101490797239703,0.10550729088306571,0.11184950042350529,0.1129243112026703,0.12444085439946229,0.13712430825187902,0.1458337949050827,0.1533203320910402,0.16187753848426864,0.1608551337629763,0.16244327495151034,0.16544560560201013,0.1661891339829259,0.16467541903339938,0.16487562939349595,0.17252971940818038,0.17931945662050566,0.18293495897963885,0.18882986710898114,0.19028697155124166,0.18610828927814416,0.18751861701715955,0.19281133465351533,0.19966386336985498,0.20723252954986326,0.2102369256653549,0.21350000125328103,0.21694561709535154,0.2156017482974048,0.2086926093801687,0.20711856593061045,0.21698054511489426,0.23050485662430137,0.22890742850080437,0.22990722981421186,0.2329463479159072,0.23550133510334798,0.23556147233867045,0.21443449717150223,0.18816733172634453,0.1584467934954066,0.3602706683056055,0.19479812748880695,0.158292788058438
stat_88,0.3038382150452554,0.30242416635377345,0.30039561810332077,0.2983508721805457,0.2964849496503362,0.29281096845969096,0.2807905951258034,0.2741390108777013,0.2713250070315723,0.2672769513803971,0.26314163985996847,0.26288445707644903,0.2613715053908113,0.2580348978785375,0.25187774868969537,0.2452981799336635,0.23838957535005187,0.23312379753380053,0.23045516552309242,0.22517541454562406,0.22311262591276607,0.22088820024098096,0.218591200886152,0.2185210793009497,0.21331802576651074,0.20496976811421622,0.19904134561207057,0.19873201398107251,0.196475708850012,0.19677056612462204,0.19469378525023004,0.1910603875538183,0.18805027595107793,0.18555429187102288,0.1854548799759179,0.18468470685627825,0.18109446346023514,0.17305731704121646,0.1687697821091301,0.10965543686384722,0.12287152219626857,0.13188268366429326,0.14021140935358337,0.14010895200723697,0.1543862949089373,0.1707070429432122,0.18477338416421824,0.19711397750563575,0.21050581841052543,0.21095010289228505,0.21328234582549666,0.21630797275330504,0.21633090296792865,0.21483650083339026,0.21462261132233645,0.22298693332233563,0.22833796179291768,0.230570791034381,0.23803259851607061,0.2412644174497907,0.23935546728688262,0.24287415644807916,0.24993588211525,0.2589161123484811,0.26879708046104805,0.27356122636260916,0.2784463447207193,0.2835821445233186,0.2828049111234895,0.2743333865505738,0.271991512179397,0.2846773801652184,0.3036114166869393,0.3034924466792783,0.3053981262218326,0.309233402888403,0.3125576979059095,0.31268439937264736,0.2819105381202803,0.24699509244987508,0.21126158739148132,0.4791684538401467,0.23978971674260985,0.20078749449205657
stat_89,0.2712252262052254,0.2698716413583253,0.2680880446827488,0.2664060685370111,0.265041108805689,0.26226090874340996,0.25167806972436313,0.24562179178838267,0.24310541704327931,0.23950762939517342,0.23583603066419137,0.23561528906091744,0.2344927552898737,0.23188873898541182,0.22648424714774956,0.2204672845302338,0.21421136232915045,0.2095682424219797,0.20720924353256076,0.20277097736146685,0.20104171411305233,0.19920192895477926,0.19730244088489382,0.19722002464322114,0.19217144492717841,0.18427585777472977,0.17871187884199402,0.17841741377917308,0.17613604414824183,0.17627027685875604,0.1743045411781878,0.17082485608084835,0.1680583030017003,0.16578777337515072,0.1656813547766818,0.16530221741911152,0.16255254786746634,0.15566492426122772,0.15212138697810818,,,0.1311007990922364,0.13942915695589392,0.13947614403243053,0.1418201906465032,0.15660920564618602,0.16815787778448002,0.1781754614435492,0.18919618249957343,0.1889234500845591,0.19096190994651915,0.19410824794652407,0.19453380775774903,0.19295222144174293,0.19296191456034087,0.20117879981265596,0.2074739440448511,0.21050393893070002,0.2173286420834254,0.21968802546224783,0.21647647989956645,0.21890003637565705,0.22516198821489533,0.23320484366326288,0.2420786811989844,0.2459725132624728,0.2500751930842484,0.25440007557701316,0.2532354697977268,0.24538167894158136,0.24343663712356356,0.25493024207961473,0.27136521419181386,0.2703453890514373,0.2717766536074895,0.2752835113877102,0.2782672075381115,0.2783439913282932,0.25220155128531135,0.22112659444523133,0.18726304542696248,0.42578598220444913,0.22131237613589635,0.18280616596622326
stat_90,0.244847936810717,0.24357313761115706,0.24194598677927662,0.2405033831494263,0.2394531744153811,0.23724104304740198,0.22772730721978063,0.2221507562410923,0.21984768962407386,0.21659433022156208,0.21329673169480137,0.21310404697502863,0.21224101923240682,0.21015032457931482,0.20533590933163398,0.19980574036141258,0.1941087987897356,0.18997633367719644,0.18786875259693808,0.18406903088657522,0.18261804127770973,0.1810649276373455,0.19578735209908255,0.19570309067026964,0.19064832537650125,0.18277444877614676,0.17724201214773252,0.176949959775329,0.17472394289567403,0.1749032848616664,0.17299007063354632,0.16952121547168025,0.16673103235317355,0.18466386885277752,0.18452941690238414,0.18375259916039732,0.1801905529883274,0.17219263031390386,0.1679096242020811,,,,,,0.15374415500435612,0.1700265234375622,0.18397489932709957,0.19621842494358732,0.20953124370234383,0.18755661989270492,0.18967670255941596,0.19287749807701218,0.19325284927328612,0.1915612595517275,0.19147218692420434,0.19967081014246815,0.2060267828151497,0.20910148959756858,0.19948436127976196,0.2012253240180146,0.19720292567435524,0.19885533756781704,0.20442985624778687,0.21168599888862402,0.21973641732634877,0.22298056181887316,0.22650646867304716,0.23025075927305383,0.2288581369719731,0.22160941003648865,0.2199968464321175,0.23051492822368733,0.24511398431065293,0.2436673536993341,0.2448148861562193,0.2480257225338382,0.25071635129716785,0.2507436067450369,0.22791948794870615,0.1999022960420399,0.1681876448708006,0.38285927050885393,0.20503331945286823,0.16750536291475107
stat_91,0.24869695888121846,0.2474106228881782,0.24581546005890828,0.24434945086813,0.24324247351786463,0.2409462798200954,0.2313524855570406,0.22576553082090664,0.22347673240359653,0.22019657537820123,0.21683625714056814,0.21663738327660645,0.21571311231747942,0.2135001338650994,0.20858674118989737,0.20299885803549547,0.19721329842641405,0.19297320391557352,0.1908182648147842,0.186874735838355,0.18533092641824528,0.1837162448115624,0.1821745073296223,0.18208727271447014,0.1772553499827213,0.16978900544147185,0.1645279338361371,0.16424738965144187,0.16199375115075304,0.16200444141757936,0.16011495691903,0.15681144164561803,0.15427735243016208,0.15223571126775562,0.15214684108429907,0.1518057092495869,0.1496060334115254,0.1434448881269255,0.1403524550369499,0.10863952314767615,0.12260035142732595,0.13212487928576058,0.11935761132252805,0.12010356672739948,0.13241683979873342,0.14607538356327424,0.15604709061881164,0.16455372398338977,0.17429052322248312,0.17354705759503886,0.1753030238691614,0.1783786634505956,0.17903555650510858,0.17753319364134293,0.17771530983946981,0.1856666265386134,0.1922879318917405,0.19567972621774948,0.20190756436607843,0.20375472234423667,0.19997320593941578,0.2018315307805848,0.2075765016799095,0.21497531886867136,0.22313636365273015,0.22654405270288736,0.23018195860380028,0.23401642774925357,0.23275475442792054,0.22540075031659423,0.22364317370257356,0.2342361254903714,0.2490427613701026,0.24766601001692365,0.24884652344187888,0.25210153935098384,0.2548564251501816,0.2549320424855439,0.23158772672127498,0.20315520480028648,0.1715589472373949,0.3900559114200838,0.20704343563691574,0.16950285662558542
stat_92,0.2268736657799953,0.22566332339929035,0.22416912799903752,0.22287887251803015,0.2220019799971763,0.22011842374991544,0.21135675525791262,0.20615244607431932,0.20401935984390482,0.2010113504210012,0.19796202541457497,0.19778632467364302,0.197063345222684,0.19525496669889006,0.19082761646153049,0.1856541666312428,0.18034433291768306,0.17653535865134637,0.17459087606062965,0.17117099158782792,0.16987027891687284,0.16848795610100867,0.1671028636391254,0.16701428711013244,0.16237150287881572,0.15532207002695175,0.15041678733504626,0.15015430481949257,0.14809282918753458,0.14815090185849022,0.14647196117282205,0.14336937933552832,0.14097241860038415,0.13904736333312726,0.1389892905134906,0.13881435334774733,0.13700174121223038,0.13151615554986115,0.1289571306603703,0.10786751719683942,0.11229889961372497,0.11031957451024568,0.10974201892186501,0.11145048448904338,0.12304870236903195,0.13556290258427017,0.14405280526200126,0.1513318045396482,0.1598108906683263,0.15893544873638646,0.16066464109696152,0.16374823980701436,0.16440123272757928,0.16270811900776902,0.16274618746532865,0.1703541288606245,0.17720749005737763,0.18086756901392498,0.18671791222334286,0.18809504051763215,0.18373919233612793,0.18499052681494155,0.19013856431112353,0.1968703261913956,0.2043466943951418,0.2072219822962678,0.21039855274437047,0.21377769178936498,0.21233608651268362,0.205524999715414,0.2040702399859662,0.2138678730935516,0.2272380500576738,0.225613764199843,0.2265962869412603,0.2295957239345266,0.23209640152525085,0.2321169066121009,0.21137546687953093,0.18544761964742323,0.15571794011851328,0.35437127250121603,0.19301303332128905,0.15656727932874603
stat_93,0.26982463254313105,0.2684765242443002,0.26667727794774776,0.26500100518428965,0.26365337185873183,0.2608976203738439,0.25033670218504406,0.24428128911697192,0.24175643980068665,0.2381664892520587,0.23451808710299643,0.23429964172438764,0.2331992736856546,0.23063918875385953,0.22527178773858586,0.21927725679822455,0.21305496078309302,0.20845233235422966,0.20611117037823806,0.2017275893836175,0.20003403117946303,0.198218162746332,0.19636605616172154,0.19628418586792618,0.1912318271615869,0.18334921168835658,0.1778179436032486,0.17752522265116272,0.1753110831740122,0.17548726042386487,0.17357919977705086,0.1701295076964772,0.1673668737461432,0.1650936136696994,0.16500889179536418,0.18412046774036417,0.1805148304171426,0.17243916050371622,0.16817778271954528,0.10863504614345854,0.12192219990842332,0.13103665895151176,0.13949988318221163,0.13963226685045305,0.15394069481416325,0.1702187927484506,0.18425761075130717,0.19657108842465834,0.18848891557407665,0.18823128418469331,0.19030670575367822,0.1934676024743928,0.19383304893371758,0.19216496166263558,0.1920710804407493,0.20026288741659765,0.20659223352629422,0.2096444376157757,0.21642730833969998,0.2187472602168448,0.21544706129890068,0.2177925127356615,0.22398783527325758,0.2319763700614001,0.24080911622159018,0.2446404778541213,0.24870301894047167,0.2529966576829741,0.25178308186672765,0.2439728274951428,0.24208546146380014,0.2535545031475437,0.2699242393921632,0.2688920983890546,0.27031644001069094,0.27380571907913104,0.27676441300458876,0.2768216871588565,0.2508508400761586,0.21992362820997188,0.18603479165447015,0.42314522277718364,0.22057114345333353,0.18206948459410308
stat_94,0.21219093482766915,0.21104047021713274,0.2096551000415155,0.20847838565652876,0.20771882138228853,0.2060646561980263,0.1979085228647165,0.193019755747489,0.19102765545181766,0.1882197419417615,0.18537130406326724,0.18520869136310103,0.1845795979976825,0.1829712969531423,0.1788512019038658,0.1739789850459214,0.16899218278214687,0.165443715816556,0.16363045962562664,0.16049755773203433,0.1593101097588304,0.15805480636378014,0.15680543283729334,0.15671681457445247,0.15227148595465892,0.14556937896731806,0.14091103280667652,0.14066114306094044,0.13867455150918706,0.13869643268498583,0.13710733424255522,0.13415798061220308,0.14075788714570225,0.1388307053195942,0.1387709545712247,0.1386060301110367,0.13678576640838092,0.13127961021525986,0.1385193526176887,,,0.11894219531642039,0.1267184941769384,0.11861482472427275,0.13096042969656932,0.13534616619781928,0.1438400348846957,0.15111484746711498,0.15956873143922815,0.15870404769909005,0.15039182402447845,0.1533792088528342,0.1540867923775994,0.15243878653988874,0.1525202090304622,0.1598332704232715,0.16667476084758956,0.17042089055012033,0.17593194741968848,0.17704760202757752,0.17252485829745245,0.17350335100907502,0.17830579021383702,0.1846075076541543,0.19161213179789388,0.19421674051863985,0.1971286560584945,0.20023169289157697,0.19879157151253615,0.19236094807052906,0.19101888316343713,0.20021183074298904,0.21261264914157252,0.2109172329214514,0.21178675048652332,0.21460662225920982,0.2169519797055929,0.21697238201967228,0.19782260918138753,0.17359536180043092,0.14571831294746737,0.3313324376292352,0.18269308817448898,0.14736945488294972
stat_95,0.26975925402195106,0.2684109924200947,0.26661225093675783,0.26493711373200646,0.2635913524349175,0.2608386895509474,0.2502809292779935,0.24422637549762274,0.2417021354664557,0.23811311241368027,0.23446565307051928,0.23424730240222644,0.23314780154151207,0.2305900173082326,0.2252232133098097,0.2192291101443436,0.21300792412031205,0.2084066380277203,0.2060661745271967,0.2016837822545002,0.19999035274996482,0.19817523872151782,0.19632357430553113,0.19624124150679995,0.19118740229847536,0.18330416708793715,0.17776508201172786,0.1774723666277992,0.17525953254147586,0.17543538343851717,0.17352332289113484,0.17006527937597432,0.1672898962520049,0.16501296609114494,0.16493141125830563,0.1644679677889803,0.18037638379352938,0.17227454211133447,0.16799315507913434,0.1086097275510269,0.1218425782759554,0.13087767440373732,0.13935083842366613,0.13950614233900874,0.15381245109317318,0.1700983390237668,0.1841447309118542,0.17735498374426947,0.18840967879911555,0.18814998830126345,0.19023971587616553,0.19341116142528866,0.19378201543710152,0.1921118947573362,0.19201622137744265,0.20021747984986155,0.2065522026036549,0.20960833080190355,0.21639123343878544,0.21870900240168792,0.2154043973463531,0.2177473274713392,0.2239409351953369,0.23192761989861396,0.24075884848928966,0.24458886197799265,0.24864929734293453,0.25294121962883975,0.2517257538422859,0.24391598741663195,0.2420297811175507,0.2534969094872724,0.2698604575667403,0.2688236854842877,0.27024613244221507,0.2737350641084998,0.27669310766362787,0.2767501012699354,0.2507926995913776,0.21987339472884646,0.18597975939580097,0.42303030265561076,0.22054553924934442,0.18204060557097207
stat_96,0.20022345067203803,0.19912619742215107,0.1978317192006719,0.19674132669901087,0.19606215082058598,0.1945708640848956,0.18690570229306422,0.18228343201343344,0.18040922686040445,0.1777650603065958,0.17507888429520765,0.17492637788501061,0.17436106953291144,0.17289502293067988,0.1690201035897613,0.16440085957533745,0.15968127146398373,0.15633904096813056,0.15463107455375413,0.15171618303850018,0.1506134650150884,0.1494553272786694,0.14830739557834607,0.14821954555593536,0.143955182543192,0.1375602719001178,0.14093012637711724,0.14068018807766694,0.1386947364070534,0.14815090185849022,0.14647196117282205,0.1545333497580852,0.15195314985028296,0.16442405501925297,0.16431716241875877,0.16384664468918841,0.16117848952494607,0.17179755471399655,,,,,,,,0.16972367913760114,0.16688132987230955,0.17673278841343862,0.1877458484508377,0.17118250937742843,0.17309603066768403,0.16374823980701436,0.16440123272757928,0.1524595469278565,0.1525400941529773,0.15115112145699616,0.15790906110768313,0.16167858781171973,0.16690533970195973,0.16783084199922396,0.163247162646619,0.16404170148096006,0.16856963989285612,0.1745210107184947,0.1811382472550259,0.18354331376068123,0.186253539268835,0.18914467380843036,0.18773487770625233,0.1816277869986383,0.18036418003663465,0.18905184581624696,0.20068150443748373,0.19897338117643362,0.19976361127302855,0.20243302920253764,0.20465248289366647,0.20467754566853194,0.18675720571838694,0.1639134295570898,0.13769975645600124,0.3127266763071612,0.1739308387013643,0.13969368446955371
stat_97,0.24510149160966835,0.24382550077972992,0.2421986980966904,0.24075485405314556,0.2397026837989882,0.23748730509933857,0.22796636818286348,0.22238655892095718,0.2200828892386348,0.2168269887966801,0.21352554162616735,0.21333256341004384,0.21246713894197375,0.21037159666646038,0.20555087249362128,0.20001558691329382,0.19431261217551057,0.19017650828964122,0.18806624861995722,0.1842589715055952,0.18280339934397027,0.18124710624317683,0.17966957216151236,0.17958074322366094,0.1747340008085231,0.16729497456282544,0.162091417514575,0.16181490342473545,0.1596777697601839,0.15977712928454485,0.15800077169991408,0.15473104562012216,0.15216430321860164,0.15009055894440787,0.1500215101900574,0.1497559992747197,0.1615729315585473,0.17259208682471633,0.16832194747137091,,,,,,0.15407187548006437,0.17036032047113295,0.16726568912305817,0.16256338991663571,0.17206502843900748,0.1714071973871254,0.1732986406041534,0.17645816053792468,0.1770055758121756,0.17529519230322202,0.17527353828450412,0.18319686701030266,0.18993382508628537,0.19339855788879423,0.19966550087279536,0.20141202826887392,0.1973980631451065,0.199059502882339,0.20464067501485525,0.21190546615056347,0.21996398121745706,0.223215792914628,0.22674706846012593,0.23049621144246296,0.22910667169589466,0.2218502297884046,0.22023222704087703,0.23075838584397557,0.24537106805488013,0.24392424305193158,0.24507282491626736,0.24828697015035328,0.25098114147154754,0.25100987932382746,0.22815938529712382,0.20011416643890048,0.16837664747259176,0.38328663279493597,0.20519617801725193,0.16765615029938602
stat_98,0.21235188206320993,0.21119994622330002,0.2098155981578725,0.2086393077253811,0.2078806207468391,0.20622782546263144,0.19806906418860307,0.19317821178266834,0.19118631109461212,0.1883772161993289,0.18552656007328816,0.18536378726904496,0.18473435160163992,0.18312460400628727,0.17900116460471602,0.1741253093308713,0.16913426976627724,0.16557978894220265,0.16376494600487412,0.16062807371215718,0.15943538472975316,0.15818121218910025,0.15693015647300493,0.15684146156951212,0.1523908194437479,0.14568459037820874,0.14102338849823637,0.1407732068017503,0.13878125222386312,0.13880297678069303,0.1372105754553149,0.13425738586387645,0.1320111400991386,0.130212047014976,0.13015757696232144,0.13004159540151203,0.12845549134368164,0.12340333447127737,0.12110093123943264,0.10790685852981241,0.10484575062600693,0.10279443859721399,0.10954195800365865,0.10538236811511936,0.11637169912848822,0.12811958778508775,0.13570781251125472,0.14221234442430966,0.14992102572974347,0.1489098140877601,0.15049532545107444,0.15348349845236234,0.15419566623878775,0.15254890681045283,0.1526374701773031,0.15995521602577106,0.16680014890423417,0.1705509858484002,0.17606571198478715,0.17718090173229603,0.17266190048021007,0.17364409591426522,0.17845506897263827,0.18476266667741417,0.19177242977426615,0.19438065372487354,0.19729481423434453,0.200399408408713,0.1989594064661348,0.19252159315973308,0.19117576599067473,0.2003741323898576,0.21277951413725799,0.21107659135792742,0.2119441811520361,0.21476700841715787,0.21711498736710064,0.21713640384625466,0.19798041430018556,0.17373639461384383,0.1458267093024261,0.33159504126273703,0.18282062130206575,0.14748011600358454
stat_99,0.24510797276388935,0.2438320727245569,0.24220480296059144,0.24076065698277288,0.23970816471750653,0.23749220367192073,0.22797036452906103,0.22239010829665357,0.22008599836866355,0.21682983444976,0.2135283643057555,0.21333538879610112,0.21247026396558386,0.2103747074327013,0.20555465547408724,0.20001951435799112,0.19431652166810745,0.19018071735218883,0.18807043887786018,0.18426395636482332,0.1828090262844395,0.1812528380773967,0.17967590366797195,0.17958733862964116,0.17474133195662447,0.1673026384916563,0.16210415525244493,0.16182764439816685,0.15968938747763722,0.15978724777392975,0.1580152348914004,0.1547512689232991,0.16653307350808055,0.16424610791946845,0.16413662139113783,0.16371663807075745,0.1610843820330853,0.17144797218449132,,,,,,,,0.16943312125994345,0.16680150976102742,0.1766066201424938,0.18755128994166587,0.18734313137548653,0.17332070234007663,0.17647401446237124,0.17701679017062477,0.17530811575534702,0.17528741874215087,0.18320532980005508,0.18994117369940308,0.19340472759215666,0.19967107696114844,0.20141771421386526,0.19740343218415965,0.19906406269008367,0.20464475254511594,0.211909530740804,0.219968006259664,0.22321887654179262,0.22675023382908616,0.23049926592737183,0.22910935697219015,0.22185312601348256,0.2202357151823034,0.23076246055311425,0.24537645099897146,0.24393078027533313,0.24507990439177466,0.24829397339311474,0.25098803014216686,0.2510165265099956,0.22816387401288546,0.20011761038935996,0.1683794765452787,0.3832928315510325,0.2051993118512295,0.1676592552741858
stat_100,0.17442469894463955,0.1734548441562431,0.17236417543104676,0.1714422595754141,0.1708920730530957,0.16968208581912733,0.16306982127030034,0.15905069442562195,0.1574404992036579,0.15515185728711495,0.15281101308162165,0.15267860257576138,0.1522132940069693,0.1509917539808199,0.14762968509615532,0.14357795794773176,0.13944556490053597,0.1365341076288375,0.13504785990347237,0.13255461667981894,0.13161429619058032,0.13063809592331482,0.12968052554185353,0.12959704085989363,0.12578687774592145,0.12011709153495555,0.11616707829455356,0.11595436778146256,0.1142012687321786,0.11897475960271783,0.11756840373185994,0.12674324365917444,0.12462180406707325,0.1387988310634087,0.13872193712768066,0.14946682910608394,0.1472672017493848,0.14116460807750558,0.1382252723136066,,,,0.1386262130052894,0.13891257691788841,0.13070442014857084,0.14416709111716658,0.1538857943229812,0.1622582209042866,0.1595137676010109,0.1406168344053447,0.14208684977793376,0.13156993789822816,0.13234744607708768,0.1255707672267607,0.1257755762570116,0.13211435466289417,0.13847758748048686,0.14214847566340247,0.14673854340849046,0.14733529595367398,0.1428483014568422,0.14336339356675093,0.147317568257294,0.15251511914433794,0.15828859821435073,0.16032720340025913,0.16264450432851227,0.1651171316873913,0.16386000798263736,0.1584888370909664,0.15735288097526567,0.16491343578623852,0.17493388256123163,0.17332892819768259,0.1739847615769974,0.17631813782491843,0.1782688155861881,0.1783187868300967,0.16285214564382472,0.14298392990488934,0.12081562772740861,0.2731433851234338,0.15395557087687678,0.1226085130190773
stat_101,0.18190500250127725,0.18089654187864185,0.17974993523327162,0.1787823789034731,0.17819958255568022,0.17691659466937795,0.17000527877741844,0.1658123136358194,0.16412784227817626,0.16173751134487377,0.15929625222375907,0.15915805203315303,0.15866433576520253,0.15737813299359796,0.15386742502466827,0.14964923069975547,0.14534560161173107,0.14231593351996102,0.1407675908754631,0.13815696355104745,0.1371841346277059,0.13617102476700818,0.13514650360876923,0.13506280448602953,0.13113117279565228,0.12525835291782536,0.12116876326257695,0.1209478377306955,0.11915529570586494,0.11914091691527359,0.11775068297536218,0.11518400396151102,0.11327926307791354,0.11184412935453741,0.11180373893354864,0.11177501535019167,0.11555799672337547,0.11109806541993406,0.10916329351360866,0.0969761622009053,0.10459639850088047,0.0972451037889781,0.0983877775629153,0.09592523933496631,0.10592897838244222,0.11647220773775734,0.12284974302112403,0.12286440436567375,0.12911754294440753,0.1278199897096615,0.12907732903138208,0.1317320101331447,0.13249863504451143,0.1310058818640296,0.13118189851389897,0.13772770439035883,0.14421520654482442,0.1479151682341962,0.15270171671364585,0.15337001484712165,0.14882069158595293,0.14940690658671868,0.1535198446544737,0.1589369454072998,0.16495582071735185,0.1670993517999586,0.1695250595986465,0.17211730291135974,0.17081337930132534,0.1652230582831397,0.16404764847921025,0.1719344704872148,0.18241048200629337,0.18075883359485548,0.1814477926474527,0.1838803198133095,0.18591028099900464,0.18595422428818542,0.1697990700410825,0.14907114960854764,0.1256991283784663,0.2846221900048099,0.1598430793828427,0.1276068913993317
stat_102,0.19015988952400095,0.18911099442642545,0.18789560289405324,0.18687291370017753,0.18624857713153842,0.18487442532238635,0.17762098618560587,0.17323141077180393,0.17145949463857713,0.16895384689679105,0.16640265062978551,0.16625813947961784,0.1657337656787531,0.16437261180462842,0.16069917201279998,0.15629908787641855,0.15180860133451232,0.14864489303431164,0.14702669671798987,0.14428506592210183,0.14326498104584726,0.1421894739734943,0.14110672356423387,0.1410181126629258,0.1369356969633535,0.13083198575545293,0.1265812606856529,0.12635213276042798,0.12449790444906683,0.1308867969247133,0.13704655797234844,0.15437110188818234,0.15181084662190078,0.1497406166402506,0.14964341648926488,0.16352915424379558,0.17948377305925206,0.17141446593476928,0.16720854333739124,,,,,0.13893335431815312,0.15320867124620113,0.16939706666889212,0.1833385642257802,0.1764003095912709,0.1716317676477357,0.17101957085242844,0.17291462662161758,0.15330240135225415,0.14550924847508995,0.13689806373390015,0.1370481641847946,0.14382146233177057,0.15043624594431387,0.1541734408037753,0.15916815422668473,0.15994540882004618,0.15535301247446015,0.15602129640323614,0.16031097739434008,0.1659668954114397,0.1722558406965776,0.1745116307993285,0.17706078417748636,0.1797866912971751,0.17842844085478754,0.1726045658110978,0.17139417889031391,0.17964558449743265,0.19064165039477007,0.18896012407349855,0.1896940215228925,0.19223351913190365,0.19434806045132746,0.19438169465349509,0.17743832084827774,0.15575609300539583,0.13107816318155296,0.29724134440989547,0.16626963284313895,0.13308947970827437
stat_103,0.24511955701243146,0.24384358016975702,0.24221974861038237,0.2407762123140394,0.23972275732846485,0.23750579094445304,0.22798790867570345,0.22241140721808836,0.22011009148698105,0.2168552220105915,0.2135529959322953,0.21335984329066318,0.2124845524700568,0.21038453130173826,0.20555514854900386,0.2000147209798827,0.1943118299344772,0.19017240493399934,0.18806166269065186,0.1842439822456785,0.1827836634630907,0.18121976186875513,0.17960453089652662,0.17950763560484645,0.17465540157289494,0.16721560671232533,0.1619828187937554,0.16170652229461036,0.15954481848403199,0.1596348067188813,0.1578503657303591,0.1694706026783946,0.166676135766161,0.16438701235326728,0.16426499492298371,0.18346167361805368,0.17980817221276554,,,,,,,,,,0.18362941179425976,0.19593417194693807,0.18768286319723207,0.18748963503259267,0.18961276937469315,0.17629473007549076,0.17684861349343756,0.17514756626238556,0.1751529810997053,0.18310397624340086,0.1898397845337787,0.1933101185433123,0.1996177170235699,0.20137323503302035,0.1973726961763839,0.19904835979546096,0.20463423651877213,0.21190018438475602,0.21996489983074208,0.2232299073144096,0.22676420992382806,0.2305231328818814,0.2291411963042541,0.221884340835531,0.22025998609824757,0.23078250572180006,0.24539405403784764,0.2439487868359514,0.2450969008741995,0.24831142139693402,0.25100709487413064,0.2510383322456771,0.22818194609333659,0.20013606474881246,0.168425483398595,0.38337476569836043,0.20516859377023036,0.16764508076750007
stat_104,0.18178472802797252,0.1807767085630689,0.17962758254798875,0.17866026836867333,0.17807944295963643,0.17679903644257944,0.16988837600058243,0.16569398783986572,0.16400768111393388,0.16161760395940653,0.1591786948510428,0.15904075828033631,0.1585493233707279,0.15726593953970835,0.15375703144346536,0.14953893385345807,0.14523741126989234,0.14220468052527074,0.14065582091737494,0.13804595338331718,0.13706093517016577,0.13603356066273734,0.1350202952523064,0.13493224387658187,0.1309826912738708,0.12509589590616582,0.12099061413095608,0.12077020845851387,0.11896617236081262,0.11891746362784547,0.11751268749271908,0.11492124917351575,0.11300596840842829,0.11151727975245146,0.1114775726400897,0.11144349797606552,0.11019706377294117,0.10597202041534942,0.10413737212611689,0.09695783232507532,0.08918852760482275,0.08778453466562561,0.09355421715872914,0.09561707068593811,0.10137737668049117,0.11145712924694645,0.11737556351532999,0.12248687325795338,0.1287389426002132,0.12753517022021596,0.12882182971658684,0.13151162786147805,0.13228608124507665,0.13082122754142783,0.1310021727924917,0.13756359195877238,0.14407055996469184,0.14779189582515018,0.15257478460540955,0.15325739711003167,0.14871366563410465,0.14929606446299132,0.15341216162761684,0.15882486071662857,0.16484178371923247,0.16697977490903163,0.16940381720363554,0.17199326318078867,0.17068180305425185,0.16509498479224904,0.16392711105577198,0.17181359634492335,0.18228458524411295,0.1806316030217153,0.18132032877469376,0.1837513303311597,0.18577863469385753,0.18581997080319806,0.16968091806304922,0.14896523570238193,0.12558215731347622,0.2843737640297188,0.15980229267796064,0.12755488262144885
stat_105,0.2003382035545224,0.19924005523959198,0.19794798197234764,0.19685799943228913,0.19617851964707866,0.19468708117223216,0.18702205375167877,0.18240039172652892,0.1805276964927371,0.1778833516790314,0.17519510380162917,0.17504239418049516,0.1744714438390231,0.17300174657148723,0.16911971204088314,0.1644955482547884,0.15977302627196485,0.15642687941705827,0.15471747677710215,0.15179399670816376,0.1506892550269983,0.1495259870764599,0.14836413283519428,0.14827173629489293,0.14400551385597823,0.1376059411392242,0.13314035879503752,0.13290144805870982,0.13097507966754732,0.13096226493395124,0.12944509281080893,0.12662919322616442,0.12451189239046935,0.1301037502620735,0.1300458928919963,0.14954876304906095,0.14736086545554442,0.1541913725572466,0.15076617474996482,,,,,,0.1407195383160839,0.15535535597478808,0.15396533896471998,0.1623303882871092,0.14979018260715746,0.14049210216261585,0.14196095613843068,0.14484586526450835,0.1455879616149607,0.14400599641923828,0.14413501822337849,0.15119318349009067,0.1579534132844187,0.16172397891858065,0.16696866987699022,0.1679007746752849,0.16332318688353067,0.16412842134070046,0.16866280837264136,0.1746189134779268,0.18124265434541414,0.18365762877214462,0.18637118004335648,0.18926866838985104,0.18786347317279473,0.18175152374000947,0.18048181892204956,0.18917084793750463,0.20080286655982252,0.1990913356609779,0.1998803042885482,0.20255173719516334,0.20477374851350125,0.20480095831916714,0.1868723066086959,0.1640172811977,0.13779989758408476,0.3129489863871248,0.17399817588527014,0.13975887659351977
stat_106,0.20033608130247918,0.19923882180149002,0.19794758330227843,0.19685645467123597,0.19617384420827724,0.19467767096216473,0.1870126298688206,0.1823931955570827,0.18052132224658005,0.17787723697108865,0.17518868343193478,0.1750358482966969,0.17446245058689186,0.17298965609627642,0.16910997136936157,0.1644896145045782,0.15976943599402965,0.15642507727477778,0.1547186100308996,0.1517961487878195,0.15069882237665252,0.15803431517051464,0.1567515868039205,0.15665746654068194,0.15221624528777836,0.14551722759689142,0.14083878587472776,0.14058909553962295,0.13858743277262736,0.1386062254555098,0.14624514733887173,0.14313656964360733,0.14073525651797855,0.14989515923782884,0.14979301563162992,0.14950836191650785,0.1610613199954831,0.17168316205675424,0.16740665377088815,,,,0.13890817900908659,0.13911969093474566,0.15335254873325804,0.16960857476311733,0.16676102398745052,0.1622873874605916,0.17180008265658492,0.15867022132418987,0.16040902931424572,0.1635022071627424,0.1539762244729934,0.1523345893614375,0.15243517602989068,0.15976466316177543,0.16659647979413023,0.1703365282284844,0.17588138639932632,0.16789040640658437,0.16331574282273884,0.1641236156539809,0.16865278248175453,0.17460736690044124,0.1812281580224618,0.18364382956693448,0.18635889512581238,0.18925878871054014,0.18786012391464307,0.18175100654915535,0.18047799403807913,0.18916402398867146,0.20079938014871068,0.19909708246992522,0.19988860348664422,0.20255914998536514,0.20478145567362646,0.2048099847003454,0.18686724285993841,0.16401206625742729,0.1378311752379853,0.3129893446335564,0.173939656157948,0.13972522947838187
stat_107,0.18184615465787507,0.18083770212620645,0.17969039686708788,0.17872333114324163,0.17814204930737562,0.17686124871785455,0.16995131945233694,0.16575795143925445,0.16407290847309672,0.16168296248568528,0.15924281379758412,0.1591047377969017,0.15861210001841317,0.1573267446900876,0.15381815625435805,0.14960065833566258,0.14529817561998312,0.1422642866083878,0.14071686116782078,0.1381062343544338,0.13712285306066443,0.13610930844725894,0.1350871170020011,0.135002335707703,0.13105897368420144,0.12517435386616796,0.12107665956536877,0.12085598482387454,0.12448073944595972,0.124465768716931,0.1230111892126017,0.1203112547444805,0.11829584694222882,0.11672975058668268,0.11668441293832672,0.11662872761557881,0.1211062874724855,0.1163628015459927,0.11426164393464394,,0.10476025292668575,0.10268075680208183,0.1031077691652019,0.09992480339074816,0.11038971390970198,0.12146715809272958,0.12838456379558338,0.1280297644041749,0.13467238001532675,0.13349727460518304,0.13487389717764292,0.13766169511182286,0.13842302602929993,0.13688190136818976,0.1310878095667517,0.13764177863561664,0.1441445994980096,0.1478586257370987,0.15264557963098674,0.1533136044328713,0.14877188272846842,0.14935668355058,0.1534730799018972,0.1588880235122092,0.16490521606602943,0.167044932496782,0.1694704071731124,0.1720611540574473,0.17075366716719653,0.165164313886705,0.16399204717109553,0.17187844391177223,0.1823504018231591,0.18069603174233875,0.18138405784529296,0.1838161467925331,0.1858450368822175,0.18588795224781376,0.1697434976073015,0.14902202294268954,0.1256416847114899,0.2845032081651461,0.1598266492076746,0.12758395811234163
stat_108,0.1629860531827471,0.1620752479833824,0.16109489846004757,0.16024809840210053,0.1597421239098764,0.1586406193386961,0.1525200666667538,0.1487958178590994,0.14732895073492847,0.14520674964983118,0.14302414606791247,0.1428995085258804,0.1424597612388348,0.14131674173278103,0.13817202844487456,0.13438238351425488,0.13052963536174095,0.12779951851067034,0.12640764839840984,0.12407155785058847,0.12318886994556917,0.12228786005448199,0.12139055460963522,0.1213096941052884,0.11776635734990737,0.112467496573882,0.10874013719493741,0.10853865560746515,0.10685597968210668,0.11054447752588682,0.10919056266638782,0.10677133695740529,0.10504786048413345,0.10784455068597656,0.10780316624517598,0.10782038052707256,0.10661554203194434,0.10693005309136201,0.10973571582660245,0.09292522580374384,0.09907576260157923,0.09250558523511268,0.09470262355021158,0.09649543432759905,0.1065374907525666,0.11252575666051155,0.11381952958574566,0.11866673345920824,0.12455555269920959,0.11847142402953122,0.11953063041281613,0.12201828473616042,0.1228560084404566,0.11737539154632001,0.11766613421162765,0.12366740122388463,0.1297484569507755,0.1332830308857274,0.13758029499065713,0.13805790266659043,0.13372697881707682,0.1341858629342353,0.13790889951271887,0.14276273009684534,0.1481566580020042,0.15007587138736941,0.15223715554452558,0.15453751098765295,0.1533923766182383,0.14834901062304653,0.14721890864408724,0.15424779385120274,0.16354552549076562,0.16201353243737865,0.16261276136544925,0.16479565477927308,0.16663488431967738,0.16671218716128108,0.15228439157328633,0.1337446747458756,0.11358246313230655,0.25599485399959504,0.1445744232398153,0.11478443443715872
stat_109,0.1688375791234929,0.16789425992191323,0.1668683684788781,0.16598899688150107,0.16546575557406473,0.1643200137596333,0.15796629387549788,0.15410045493208188,0.15257438611176086,0.1503721009538863,0.14811337946138003,0.14798454141613718,0.14753098324086858,0.1463474839003977,0.14308994973895278,0.1391657715414994,0.1351792434471956,0.13235437125341962,0.13091338261382807,0.1284923461912756,0.12757906681663553,0.12664345911409966,0.13046540928072123,0.13038074614856365,0.1265997259217674,0.12092243429375917,0.12188528377223909,0.1216619974735702,0.11982955667662952,0.11980685505803888,0.1470103812955114,0.15551383746844116,0.15294570881540445,0.15088402782287827,0.15078545594855133,0.16514989443007042,0.1623357870096674,0.1553464772462231,0.1688449711559639,,,0.13169673207598018,0.14002268905193743,0.14015464124661237,0.15452826761197044,0.15640483216540635,0.1680155293226833,0.17807685291621633,0.17290689984774926,0.1722049160981651,0.1740489293102751,0.16421642872390135,0.1331279546185111,0.13166771675108002,0.1319100624791243,0.13294285067054085,0.1393168491803296,0.14296282488373538,0.14234803343813074,0.142878974192432,0.1384677513945296,0.138963153769807,0.14281398450231378,0.14783696468643168,0.1534246053526339,0.15541330338776507,0.1576533289352974,0.16003864806302343,0.1588381733769949,0.15361601413149684,0.15246247658069567,0.15975401419986748,0.16939846116093177,0.16780596558582633,0.16842453725227485,0.1706871496694169,0.17258772692586466,0.17265722812148057,0.157727541606423,0.13851651787805097,0.11732167373944993,0.2648681344078197,0.14938118575172893,0.11879358563761609
stat_110,0.30222668117878976,0.30081511428760105,0.2987891076873251,0.2967610303305962,0.29492344090518,0.2912965622514965,0.27933478835043346,0.2727017360702586,0.26989467015702207,0.2658650429148509,0.2617538910688556,0.26149890938623765,0.2599919564500243,0.2567020492971595,0.2505671924427322,0.24399495099359458,0.23712057944351078,0.2318962038762623,0.22924548134749195,0.22400233979715797,0.22195511743427082,0.21973828659648395,0.21742251021407946,0.2173322799680471,0.21211003321439859,0.20375628289085554,0.19775782664271505,0.19744965701016406,0.19518027297533644,,,,,,,,,,,,,,,,,,,,,,,,,0.21350987317190273,0.2132927267459281,0.22174898545676056,0.22719533080148666,0.22949597654204154,0.23698913227898558,0.2401845792448196,0.23818644905684044,0.2416444604110033,0.24864889530474943,0.2575760780690688,0.2674264485125875,0.27215200905490966,0.27699195698993545,0.2821047683414184,0.28128984743819674,0.2728501269948876,0.2705448049868819,0.283184145942495,0.3020025203838091,0.30183270235795967,0.30371490240018756,0.3075342720023497,0.3108381017244146,0.3109550655311171,0.2804235289222795,0.2456931061668533,0.2099734845444962,0.4763649533196776,0.2389830646737528,0.19996262539272827
stat_111,0.27406193470102475,0.2727040398587772,0.2709513033921043,0.2692471118526411,0.267824916298558,0.26496083593222997,0.2543231551937183,0.2482726468423918,0.24577338620994682,0.24215845125427113,0.23843830212558548,0.23821229893923646,0.23701332415949353,0.23429764826352134,0.22879709887638486,0.22272818283026216,0.21641094469979344,0.21168483239431132,0.20928939832226598,0.20471355405843913,0.20289547565334098,0.2009885165707694,0.19902258472548343,0.1989237826981854,0.1938878296163299,0.18597071428976225,0.1802783915878691,0.17998168426128752,0.17763622179364613,0.1776798358418656,0.17563442630698892,0.17209540567276613,0.16933912737469095,0.16709862790096036,0.1669909568110415,0.16656791768573265,0.16361005392050748,0.1565293266069095,0.1528548258048168,,,,0.140503523833939,0.12929644316661118,0.14236417116107467,0.1572655305075982,0.1690774066946222,0.17936195294001697,0.1905307043375044,0.19018406288734643,0.1921411643038145,0.19525920840164285,0.1957590101430142,0.19436147286385633,0.1945048042340243,0.2028167679062053,0.20901004086676633,0.21197892583138325,0.2188634336326168,0.22132427046242245,0.21834597298310346,0.22096785209721057,0.2273611063520712,0.2355090408174627,0.2444777218723566,0.24853256307157343,0.2527316074362071,0.2571536683060473,0.25612138197716594,0.24820174318744545,0.24612821515230962,0.25765952608465953,0.2742598319253021,0.27333725431125344,0.27480552726498586,0.27834066919427425,0.2813745893177366,0.28149624497715825,0.25489864206806706,0.2235177958582918,0.18996960544584635,0.4313750018680304,0.22257532557721524,0.18413891484378542
stat_112,0.24516302862560657,0.2438870962454863,0.2422593682992992,0.24081443214628745,0.23976090562262142,0.2375430457919709,0.22801874814550205,0.22243746303238532,0.22013271752446437,0.21687579054494244,0.21357350420856472,0.2133804666031695,0.21250682088012388,0.21040996162053924,0.20558072836107125,0.2000379039385943,0.19433431029191353,0.190196145574301,0.18808561316577793,0.18427061865162062,0.18280757792143923,0.18124443493704825,0.17966280655073172,0.17956572569611806,0.1908870781009751,0.18299567362906313,0.1774052418234492,0.17711301050149594,0.17490894801962617,0.17506895184507665,0.17316776195041253,0.1696837343891685,0.18748051124475368,0.18495559974220466,,,,,,,,,,,,,,,,0.2103486302667298,0.18984314503595562,0.19305310214709487,0.19341579008211138,0.19175036099212484,0.19164156462598314,0.1998981281174448,0.20625798566202322,0.1933818474963741,0.19966056680089003,0.2014145447600892,0.19740965611246675,0.19907944110068232,0.2046626506491502,0.21192826250178992,0.219995277716756,0.22325602577039805,0.22678871854037547,0.23054745656407055,0.2291583057409925,0.2219011390376057,0.2202832114425848,0.23081198344838957,0.24543041009857836,0.24398707297960884,0.24513726573837757,0.2483518814306625,0.25104647661727164,0.25107505077433123,0.22821356673751841,0.20016076724282145,0.16842051058591315,0.38338322696917043,0.20522790106447966,0.16768799848581448
stat_113,0.22635596599661043,0.22514874156851325,0.22365687330110773,0.22236874276878438,0.2214928521322578,0.21961197295568036,0.21086815577303494,0.20567477421575192,0.20354559146984494,0.20054387613067973,0.19750139810223127,0.19732610131705278,0.1965977196265442,0.1947934023848855,0.19036971238240538,0.18520263559284075,0.17990567864523538,0.17610765566360695,0.17416807599348655,0.170750847781914,0.16945521710642938,0.1680731064965435,0.16665704598632453,0.16656142117886966,0.16192646822706655,0.154891321838678,0.1499701669329274,0.14970855376396858,0.1476477014968353,0.1477045249800836,0.14604314642074442,0.14294605692351045,0.14055463722480416,0.13863541684501843,0.13855559082274027,0.1383817769101555,0.13656091680879903,0.13106632165122825,0.1285554331290049,0.09256467458189649,0.09846793902830366,0.1025043527753673,0.10927982959903629,0.11108365425077675,0.12268345060604427,0.1351259672819152,0.14360045652715955,0.15086358977599984,0.15931599260048113,0.1584780743307547,0.16021295000851118,0.16330069265078176,0.16393434098626747,0.1622361609282822,0.16227206201645916,0.16989181797915595,0.1767387948654141,0.18039823028213806,0.18627771395046125,0.18765129365079786,0.18329423677458198,0.1845449829457297,0.18967703112510742,0.19639186823223276,0.2038568992199067,0.20673120510691093,0.2099005942075917,0.21327987621513134,0.21184198574111995,0.20504840802746885,0.2035977790767878,0.2133736907621082,0.22671630333386625,0.22510007068747362,0.22608202096388355,0.2290740777251668,0.2315687415973341,0.23158909740680805,0.2108882711796279,0.18501854904327533,0.15538493961797298,0.35357496800082794,0.19261895691994407,0.15622326868776623
stat_114,0.18173322321831156,0.18072602911429736,0.17957763390240866,0.1786098407930091,0.17802725516691184,0.17674433764067193,0.16983547732237045,0.1656434772036416,0.16395808816434176,0.1615687709606536,0.15913027368726945,0.1589922999852548,0.1584995743425148,0.15721699222069382,0.15371064394223818,0.1494961042560432,0.1451971025559734,0.14867409765665326,0.14705272338721315,0.1443060284788721,0.15050271161267065,0.14934149701566563,0.1481736903618006,0.1480815314074802,0.14381974015707247,0.13742755750822602,0.13297118537784175,0.13273268405105978,0.13080768118053332,0.13080507782703832,0.12929081473041693,0.12647094166888143,0.13173090962321904,0.1299423850557606,0.1298745410199976,0.12975774762739387,0.12814667427269033,0.13112977332452713,0.12858962827073786,,,,,0.12745973123050347,0.12272220266335816,0.13519664354910713,0.13537804777607704,0.14189453283356826,0.14959159590600607,0.1486011246248418,0.14179762896910245,0.14469129199463773,0.14542859826930812,0.14383343099024068,0.1439583619311209,0.15100457985827243,0.1577589401046009,0.16152644747225484,0.16677407864242558,0.16770310202475017,0.15537700473305102,0.15604985305765934,0.15336591591031098,0.15877624597867682,0.16478965135564455,0.1669271578869104,0.16934896892126272,0.17193914176392708,0.1706320715591277,0.1650486562795546,0.1638791409837251,0.1717617327110187,0.18223195907772155,0.18058510752449403,0.18127524585974905,0.18370503574269892,0.18573193813488578,0.18577404391105862,0.16963065708297595,0.14892051872837744,0.1255681082064995,0.28432034188515176,0.15972626412084692,0.12750058216567556
stat_115,0.19046828968650506,0.1894168056289435,0.18820425508203092,0.18718228693719802,0.18655877032905463,0.18518615947605266,0.1779287910028922,0.17353652600300898,0.17177873610939892,0.16927115553874728,0.16672982695040117,0.166584934322509,0.166058277822581,0.16469109969328513,0.16100968442199576,0.15660191060783413,0.15213118938482884,0.1489517695416137,0.14733051232924022,0.14457654013567472,0.14354149585186884,0.14246960113769308,0.14138876730644606,0.1413024874996587,0.1372430093467634,0.13113197020741213,0.12685977070212204,0.1266298448424501,0.1311424855022808,0.13118563906714278,0.1296908401795853,0.12687014275081812,0.12479217629146994,0.13000334392599885,0.12994091144875125,0.12982721754244092,0.13656091680879903,0.13106632165122825,0.1285554331290049,,0.10443491180110837,0.1025043527753673,0.10927982959903629,0.11108365425077675,0.12268345060604427,0.1351259672819152,0.14360045652715955,0.14196579133295492,0.14966286223559036,0.1407786067825663,0.14218839343185227,0.1450640854786488,0.1457928306805894,0.14416567974214436,0.13733202807955783,0.14413191251766336,0.150753039688251,0.15446583893466917,0.1594581656965226,0.16023287494845326,0.15565542601873597,0.15633697037772543,0.1606483983194462,0.16628684567558738,0.17258679439303112,0.1748525412871811,0.177408974195273,0.1801393814130576,0.17876799096143858,0.17292985350994391,0.171697310818902,0.17995757462113834,0.19096223419412256,0.18926893871271955,0.1899998754981941,0.19254470005157642,0.19466457030083426,0.19470095338448382,0.17774147869970972,0.15602753276842712,0.1313007305513389,0.2977652939541269,0.16650224020578205,0.13329301594535745
stat_116,0.3028656156263487,0.30145274359751956,0.2994262686259419,0.29739219784929144,0.29554432635805844,0.2919004194922984,0.2799165687898161,0.27327630196093067,0.2704668033853305,0.26643011281021595,0.2623092779668586,0.2620534362903092,0.26053698217356236,0.2572294970015546,0.2510787119071896,0.24449593947268702,0.2376081561960747,0.232365759457408,0.2297082761818305,0.22444471791892923,0.2223814730707313,0.2201601754398672,0.21785368037134456,0.21776330386449097,0.21253751849747593,0.2041816675258134,0.19818470427721976,0.19787608433798087,,,,,,,,,,,,,,,,,,,,,,,,,,,0.21373494090649311,0.22218359808441582,0.22760252866847402,0.2298900631176228,0.23737675448410733,0.24058633928556603,0.23862888446074348,0.24211583732763975,0.24914477766048448,0.2580925286601297,0.26796234263770824,0.2727102806841515,0.2775674331759561,0.28269666623713124,0.28189599328266424,0.27344248561869644,0.27112249741553074,0.2837803008366461,0.3026424361278195,0.30248947953973737,0.3043798691948468,0.308205870830357,0.3115180297146621,0.3116389858236982,0.2810159984585519,0.24621278341436054,0.21047991937934427,0.47747373628521644,0.23931269629249674,0.20029587218499478
stat_117,0.30280873463263597,0.30139612750726075,0.29936951204853696,0.297335714095221,0.2954883399002575,0.29184530981719176,0.2798630561350905,0.2732233925614761,0.2704139698608162,0.2663778179638083,0.26225784574964706,0.2620020781646795,0.2604863264887725,0.2571802019905805,0.2510308066875344,0.24444907037063854,0.2375625499191673,0.23232571809977268,0.22966878170187732,0.22440681251650432,0.22234444076725857,0.22011902470517763,0.21781356333734656,0.21772321140448556,0.212500962605002,0.20414419634141645,0.19813937555570035,0.19783081633172034,0.19558836060180756,0.19584427712321376,0.1937991020954439,0.19014096180902362,0.18713366572387907,0.1846054457715641,0.18449784234306052,0.18380107384020938,0.18024440874513736,0.17218775665010688,0.1679676299815903,,0.12172490608792132,0.13077678570501214,0.13925962476029563,0.13947211303143892,0.15380145840036938,0.1700371100557523,0.1840340515903248,0.19627381167233293,0.20950215324148486,0.209981632703712,0.21232908126467873,0.2154115410329447,0.21541716102597594,0.21392657866945256,0.21368789955703762,0.22214501383450175,0.22756691632275475,0.2298524819846254,0.2373379554620285,0.24055053437204205,0.2385905762693497,0.2420753802936755,0.24909806555559857,0.2580439041263041,0.2679119339483139,0.2726579425216896,0.27751369911953955,0.28264166998700735,0.28183991375358486,0.2733880514551497,0.2710695139824973,0.2837256715843823,0.30258469420379086,0.30243175706991776,0.30432199732159365,0.3081472261039889,0.31145855216765583,0.3115791200263695,0.28096212798532977,0.2461651946510676,0.21043709070829866,0.4773763326294285,0.23928016685304634,0.20026386239633795
stat_118,0.2687669583358769,0.2674226316440836,0.26562689508572424,0.26395867215883667,0.2626220588763402,0.25988586733794183,0.24936312054278342,0.24332489760687184,0.24080651339695916,0.23722918190000578,0.23359568479080667,0.23337839003926136,0.2322752489334089,0.22974122993404597,0.22439490493763156,0.218413512079593,0.21222008677033458,0.20765468018810698,0.20533593716142684,0.2009785392572815,0.19931703009226254,0.19753523657098807,0.19567122562317815,0.19557573195324945,0.1905376056606111,0.18268238865132283,0.17712479782195625,0.17683297907147197,0.1746229133669405,0.17484328664474558,0.1729762091176212,0.16951601373079275,0.1667356186151289,0.16449374053835245,0.16439492045693077,0.16396322577299696,0.1613319351376641,0.15453014726898284,0.15124906382288147,,0.12136879240050724,0.13038466443238167,0.1388860006417528,0.12796692104751217,0.14113412437293107,0.15566072208149273,0.1670265851578074,0.17684555453336553,0.18782428741380197,0.18755064591814116,0.18965636827351248,0.1928451099029546,0.19317549013638916,0.1914452891945952,0.19134268386811376,0.1995645565394016,0.2059013440152222,0.20896224251040327,0.21576094358550782,0.2180342160048797,0.21467845750894263,0.21699065098304623,0.2231263486921205,0.23107567191345404,0.23988227887104951,0.24368876946969106,0.24772245931939493,0.25200769882327173,0.2507847067919101,0.24300194812115514,0.2411307334645898,0.25256245862453425,0.2688646352129192,0.26782186749792514,0.2692373106310574,0.2727139870516939,0.2756599508199855,0.27571398565908223,0.24986713100689661,0.21906039574406652,0.1852722102785421,0.4214120867159265,0.21992836203527202,0.1814580558869007
stat_119,0.24468782719411034,0.24341444862046266,0.24178880044261694,0.2403463214730802,0.23929475737100972,0.2370811319729554,0.22757350926586262,0.22200177653779096,0.2197005458985283,0.21644939972016503,0.21315356889506826,0.2129609357583261,0.2120896199995662,0.21000183408395084,0.20518967660041504,0.19966149330450833,0.19397239592680493,0.18985183012839338,0.18775400948943777,0.18395634275492437,0.1825189129315368,0.18098520169203264,0.17939634520768052,0.17929974248270494,0.17446310121337116,0.1670434489455361,0.16183259267295785,0.16155660328957255,0.15941874334081707,0.15955458363496783,0.15781091124638005,0.15454150606598777,0.15196897307811827,0.14990608299581784,0.14982452696242182,0.14955914009627455,0.1474441615847251,0.14143527607710704,0.15064060350355787,0.10792622077868858,0.1212689471502586,0.11856452304845648,0.12635640904516313,0.12742718029427172,0.14062586237113975,0.14441431603082114,0.15406029896040682,0.16234872163210676,0.17183948706061417,0.17119088916514777,0.1730926217759436,0.1762556917362463,0.17676993444892322,0.17501996728256589,0.17499820421845189,0.18292612980726192,0.1896481409429308,0.19310777906837248,0.19938741477398045,0.2011086824674746,0.19707819580321115,0.19873095683705452,0.20428324558680253,0.2115306615061258,0.21957803478307938,0.22282242579782505,0.22634336741208594,0.23009448276789804,0.22870686412068303,0.2214647995294091,0.21985132739995483,0.23036083754278047,0.24495256803337015,0.24351334215716142,0.24466208632771727,0.24787016350999908,0.2505592309667823,0.2505874133899288,0.22776798725319888,0.1997687955055365,0.16810709465400753,0.38264241055738835,0.20488850670905767,0.16738392863894155
stat_120,0.3021904657392376,0.30077954726485867,0.29875514204323844,0.2967268855453007,0.29488759570742096,0.2912586148919858,0.2792994135932659,0.272669297571371,0.26986373761693117,0.26583507283185714,0.2617240243981618,0.2614689670252895,0.2599605453309501,0.25667594578664943,0.25055554941092995,0.24399227983041924,0.23712580152123727,0.2319158164241114,0.2292807607689314,0.22405032079957432,0.22203328609136302,0.21986240101032997,0.21755860095104415,0.21746871562947928,0.21226603293984095,0.20394820872950845,0.19797873265066485,0.19767037751635855,0.19542273348472872,0.19577170459203314,,,,,,,,,,,,,,,,,,,,,,,0.2153364795389312,0.21375074077782297,0.21351690919985553,0.22193827958776297,0.22733317379964357,0.22960872060253837,0.23708852301073427,0.24024388330685445,0.2382265913168971,0.24167527416251963,0.24864914947496206,0.2575691796089708,0.26741093211326805,0.2721240466342539,0.2769569032165793,0.2820704490625415,0.2812610041674027,0.2728237100486828,0.2705151190523319,0.2831502105038034,0.3019672880845642,0.30180277446678805,0.30368607031104755,0.30750446152954963,0.31080846139205354,0.3109269198908569,0.28039015241983023,0.24566414036560758,0.20998106813846956,0.47635173137068776,0.23893019853728592,0.1999215940842883
stat_121,0.30218213699632696,0.30077143627298886,0.29874668520225084,0.29671813486163423,0.29487842460795305,0.2912487727591371,0.27928920690726833,0.2726590436685673,0.26985326365734946,0.2658245292709139,0.2617136125113402,0.26145856492730807,0.2599500575505227,0.25666563735378006,0.25054574123193124,0.24398289998476674,0.23711692653549418,0.23190693180182634,0.2292729610573108,0.22404366393577954,,,,,,,,,,,,,,,,,,,,,,,,,,,,,,,,,,,,,,,,,0.23821938051000127,0.2416670248052493,0.2486396502772177,0.2575590502524165,0.2674003432068631,0.2721128545211408,0.27694545232826845,0.28205910815070206,0.2812496557358833,0.2728131679412874,0.27050507289318404,0.28314001113533516,0.3019577121218832,0.30179501270914977,0.3036789762826886,0.30749703821643365,0.31080077104806536,0.31091906217314186,0.2803806436417964,0.24565524987536785,0.2099765638627302,0.4763376690708846,0.23892189387223575,0.1999143293893098
stat_122,0.30218213699632696,0.30077143627298886,0.29874668520225084,0.29671813486163423,0.29487842460795305,0.2912487727591371,0.27928920690726833,0.2726590436685673,0.26985326365734946,0.2658245292709139,0.2617136125113402,0.26145856492730807,0.2599500575505227,0.25666563735378006,0.25054574123193124,0.24398289998476674,0.23711692653549418,0.23190693180182634,0.2292729610573108,0.22404366393577954,0.22202797434617727,0.21985802587215178,0.21755995169511275,0.21747008647956742,0.21227312938785872,0.20395165704423682,0.19798340190248045,0.1976750745045385,0.19542475563070383,,,,,,,,,,,,,,,,,,,,,,,,,0.21375328109408315,0.21352190607926683,0.22194150527931794,0.22733879752778455,0.22960855699946164,0.23708322657611275,0.24023785082338037,0.23821938051000127,0.2416670248052493,0.2486396502772177,0.2575590502524165,0.2674003432068631,0.2721128545211408,0.27694545232826845,0.28205910815070206,0.2812496557358833,0.2728131679412874,0.27050507289318404,0.28314001113533516,0.3019577121218832,0.30179501270914977,0.3036789762826886,0.30749703821643365,0.31080077104806536,0.31091906217314186,0.2803806436417964,0.24565524987536785,0.2099765638627302,0.4763376690708846,0.23892189387223575,0.1999143293893098
stat_123,0.2686766536728144,0.2673323508676718,0.2655360652858876,0.26386882852706145,0.26253436549602255,0.2598015688919627,0.2492814192545134,0.2432433162873605,0.24072473733888425,0.23714817748628877,0.23351620210950266,0.2332990734388065,0.23219800625634038,0.22966768176143626,0.22432350928141115,0.2183434450843204,0.21215168093798376,0.2075860294329775,0.2052682053038766,0.20091441754310413,0.1992539874780033,0.19747509839503885,0.19561327046008692,0.1955176535554977,0.19047404504086332,0.18261526380999413,0.19798340190248045,0.1976750745045385,0.19542475563070383,0.1957842220626712,0.19376854532585816,,,,,,,,,,,,,,,,,,,,,0.21537267238641256,0.21534898193900304,0.21375328109408315,0.21352190607926683,0.1994987350954897,0.2058453997698051,0.20891451818449164,0.21571178099966165,0.217980442211928,0.21461723259582202,0.21692352576424273,0.22305860920038753,0.23100493339868883,0.2398086760921811,0.24361101751048886,0.24764153784139947,0.25192385483073626,0.25069661726907383,0.24291531734476401,0.2410477039598279,0.25247795445158416,0.2687736922103883,0.26772670453830855,0.26914062516191917,0.27261648257830257,0.2755610104521236,0.2756138571632431,0.2497829842059092,0.218986391098283,0.18518851042277998,0.4212380426080555,0.21989419724907042,0.18141858417461645
stat_124,0.2686766536728144,0.2673323508676718,0.2655360652858876,0.26386882852706145,0.26253436549602255,0.2598015688919627,0.2492814192545134,0.2432433162873605,0.24072473733888425,0.23714817748628877,0.23351620210950266,0.2332990734388065,0.23219800625634038,0.22966768176143626,0.22432350928141115,0.2183434450843204,0.21215168093798376,0.2075860294329775,0.2052682053038766,0.20091441754310413,0.1992539874780033,0.19747509839503885,0.19561327046008692,0.1955176535554977,0.19047404504086332,0.18261526380999413,0.17705366634281003,0.17676189775219892,0.1745533613951036,0.17477367733429322,0.17291170548947266,0.16944341370288998,0.166655375717468,0.16439913576244064,0.18382423920072324,0.18307745707052045,0.17950221129835942,0.17146937063032544,0.16728454075686564,,0.12125887312233423,0.1302278285153491,0.13871811396174535,0.1389937160571072,0.15327314808858772,0.16944990508914418,0.18336157502394054,0.19556344645323004,0.20878096497664259,0.1874682236275529,0.1895842033398314,0.19278449055133998,0.19311097309551772,0.1913769483218383,0.19127085733341626,0.1994987350954897,0.2058453997698051,0.20891451818449164,0.21571178099966165,0.217980442211928,0.21461723259582202,0.21692352576424273,0.22305860920038753,0.23100493339868883,0.2398086760921811,0.24361101751048886,0.24764153784139947,0.25192385483073626,0.25069661726907383,0.24291531734476401,0.2410477039598279,0.25247795445158416,0.2687736922103883,0.26772670453830855,0.26914062516191917,0.27261648257830257,0.2755610104521236,0.2756138571632431,0.2497829842059092,0.218986391098283,0.18518851042277998,0.4212380426080555,0.21989419724907042,0.18141858417461645
stat_125,0.30218213699632696,0.30077143627298886,0.29874668520225084,0.29671813486163423,0.29487842460795305,0.2912487727591371,0.27928920690726833,0.2726590436685673,0.26985326365734946,0.2658245292709139,0.2617136125113402,0.26145856492730807,0.2599500575505227,0.25666563735378006,0.25054574123193124,0.24398289998476674,0.23711692653549418,0.23190693180182634,0.2292729610573108,0.22404366393577954,0.22202797434617727,0.21985802587215178,0.21755995169511275,0.21747008647956742,0.21227312938785872,0.20395165704423682,0.19798340190248045,0.1976750745045385,0.19542475563070383,0.1957842220626712,0.19376854532585816,0.1901029261426361,0.1870599094523442,0.18458315588685698,0.18446133689875857,0.18369118140619478,0.18015454262022848,0.1721669668962646,0.16810757932587161,,0.12298430467706833,0.13147293172837507,0.1399109799790775,0.1396821109332776,0.15391724759025155,0.17001809756975372,0.18395342132705744,0.19616300305188494,0.20945937966874176,0.2098980899936423,0.21228283726035355,0.21537267238641256,0.21534898193900304,0.21375328109408315,0.21352190607926683,0.22194150527931794,0.22733879752778455,0.22960855699946164,0.23708322657611275,0.24023785082338037,0.23821938051000127,0.2416670248052493,0.2486396502772177,0.2575590502524165,0.2674003432068631,0.2721128545211408,0.27694545232826845,0.28205910815070206,0.2812496557358833,0.2728131679412874,0.27050507289318404,0.28314001113533516,0.3019577121218832,0.30179501270914977,0.3036789762826886,0.30749703821643365,0.31080077104806536,0.31091906217314186,0.2803806436417964,0.24565524987536785,0.2099765638627302,0.4763376690708846,0.23892189387223575,0.1999143293893098
stat_126,0.30218213699632696,0.30077143627298886,0.29874668520225084,0.29671813486163423,0.29487842460795305,0.2912487727591371,0.27928920690726833,0.2726590436685673,0.26985326365734946,0.2658245292709139,0.2617136125113402,0.26145856492730807,0.2599500575505227,0.25666563735378006,0.25054574123193124,0.24398289998476674,0.23711692653549418,0.23190693180182634,0.2292729610573108,0.22404366393577954,0.22202797434617727,0.21985802587215178,0.21755995169511275,0.21747008647956742,0.21227312938785872,0.20395165704423682,0.19798340190248045,0.1976750745045385,0.19542475563070383,0.1957842220626712,0.19376854532585816,0.1901029261426361,0.1870599094523442,,,,,,,,,,,,,,,,,0.2098980899936423,0.21228283726035355,0.21537267238641256,0.21534898193900304,0.21375328109408315,0.21352190607926683,0.22194150527931794,0.22733879752778455,0.22960855699946164,0.23708322657611275,0.24023785082338037,0.23821938051000127,0.2416670248052493,0.2486396502772177,0.2575590502524165,0.2674003432068631,0.2721128545211408,0.27694545232826845,0.28205910815070206,0.2812496557358833,0.2728131679412874,0.27050507289318404,0.28314001113533516,0.3019577121218832,0.30179501270914977,0.3036789762826886,0.30749703821643365,0.31080077104806536,0.31091906217314186,0.2803806436417964,0.24565524987536785,0.2099765638627302,0.4763376690708846,0.23892189387223575,0.1999143293893098
stat_127,0.3110670805278401,0.3096513582121239,0.30768876386801713,0.30557050947018566,0.30353051374753365,0.29959542436806413,0.28740473908139813,0.28076560575823134,0.2779853134291078,0.27388652014866327,0.2696275079784829,0.26935652412980055,0.2676498517741799,0.26400607610545024,0.2576184781945254,0.2509318538457702,0.24387556146291303,0.23839999002607848,0.23563872468173847,0.2300159224856391,0.22774800635341572,0.22536133407862918,0.2230664410718356,0.2229740850569453,0.21784109337864418,0.20948179873529485,0.20333936640477895,0.20302554635084694,0.20063549058409483,0.20072345129573974,0.19846833222847948,0.1947809044933713,0.19186634987511095,0.18947847010271343,0.18938078890435397,0.1884867727348611,0.18462433230567576,0.17618626406890336,0.17158578171469285,0.1109934701122604,0.12487419878922458,0.13525411285798125,0.14317980450135065,0.14206382528269668,0.1563665629339632,0.17297059174741555,0.1877242124872518,0.20057544200020944,0.2144431948688955,0.21472748364156133,0.21678572545711702,0.21962592762343106,0.21979103069202655,0.218770263480352,0.21886780708414452,0.22732784404810866,0.23230479282174582,0.23430908508726633,0.24174964648709993,0.24524471833676736,0.24396615189365636,0.24799806730484397,0.2553805687813409,0.2646202628234138,0.27472443221835685,0.27989087728224843,0.28503764578376334,0.2904252918876988,0.290009250969313,0.28140455550837623,0.27874053998653314,0.2915204765490789,0.3109347693350268,0.3111599731254312,0.31319244361452625,0.31708971694725774,0.3205367706113995,0.32077588528996365,0.288703983416804,0.252993055278761,0.21830579473184206,0.4935196229798134,0.24271041004821717,0.20399309680741243
stat_128,0.24908770782676426,0.24780021272629504,0.24620396936928898,0.24473463204352916,0.24362277316048722,0.2413181686249461,0.23171027753334722,0.22611738765996858,0.22382626198901023,0.2205414542901546,0.21717534411350004,0.21697602124771578,0.21603622706859596,0.21381511675007014,0.20888139709683676,0.20327585958208919,0.19748258258329035,0.19323530282728718,0.19107683362812014,0.18711294371313836,0.18555346159941882,0.18392466061593585,0.18235528282454447,0.18225609526715073,0.17741149725870275,0.1699262741343525,0.1646060233345626,0.16432536033040218,0.16209483458849644,0.16209178062037805,0.16021757146985588,0.15689983702361474,0.1543823631779594,0.15235076324014973,0.15228199562182723,0.16539246167507654,0.1805148304171426,0.17243916050371622,0.16817778271954528,,,,0.13949988318221163,0.13963226685045305,0.15394069481416325,0.1702187927484506,0.18425761075130717,0.178247648652968,0.17444462318741946,0.17366380774374976,0.175401290517948,0.1784901274038719,0.17913274748652194,0.1776445141889158,0.17780204114681972,0.1858149733417896,0.192449859608972,0.19584944900506124,0.20211080991435632,0.20397545461010785,0.20021706969725522,0.20209842414274976,0.20785379299750567,0.2152636589928475,0.2234473219138647,0.2268777120275919,0.2305243674574505,0.23437938843693007,0.23312267786950258,0.22575921867518872,0.22399513905644136,0.2346013048687246,0.2494337533794328,0.24806355479792527,0.24924816784678958,0.25250760465702715,0.2552672612784594,0.2553444219776923,0.2319502509140523,0.20347308424673816,0.1718498694337582,0.39070715008885853,0.20727234833391217,0.16972260872159184
stat_129,0.30340738192688727,0.30199423607670034,0.29996617469023745,0.29792546852012675,0.2960664320199646,0.29240398276800383,0.2803988311006344,0.2737522508201005,0.2709399130850572,0.2668966988255784,0.26276776825104436,0.2625111665117649,0.2609856120533334,0.25766149723386156,0.251497053251881,0.24490634295619013,0.23800805462099964,0.23275378647411618,0.2300904884922965,0.22480917806581013,0.22273710271906452,0.2205029908043348,0.21819509175064417,0.21810508108624835,0.2128832631791955,0.20451920899726134,0.19850944987035815,0.19820062469815564,0.19595353064220836,0.19622508661583854,0.19416331580523313,0.19048775002062157,0.18748051124475368,0.18495559974220466,0.1848479564430728,0.18412046774036417,0.1805148304171426,,,,,,,,,,0.18425761075130717,0.19657108842465834,0.2098678265036489,0.2103486302667298,0.21269075066722848,0.21577874897027782,0.21579403626579285,0.21430220542822526,0.21407201933833814,0.22252713621100811,0.2279260007071304,0.2301941884067993,0.23768159929780544,0.24091265824023717,0.23898975752465848,0.2425029805061766,0.24954843004746463,0.25851274342114644,0.2683985679570312,0.27316623694931025,0.2780391515753365,0.2831837946073395,0.2823970251662136,0.273934605454695,0.271602617182152,0.2842759196859722,0.30318017191505925,0.3030500831866005,0.30495039455475914,0.30878115431512076,0.31209986717008076,0.31222397803068624,0.2815114168928202,0.24664517873784716,0.21092140871145526,0.4784223648925494,0.23956775994793547,0.20056252277852468
stat_130,0.30650287263773696,0.3050863265519477,0.3030768084598086,0.3010067434621071,0.29908392946084417,0.29532331061773015,0.2832354398553189,0.27658028305028565,0.2737739901125165,0.26970518024489104,0.2655254559131522,0.26526357548356694,0.26367467741738265,0.2602364078026548,0.25398612680975435,0.24735262793133445,0.2403894910876151,0.2350513157338177,0.23235027719747445,0.22694350954001435,0.2248000463624479,0.22250985622558203,,,,,,,,,,,,,,,,,,,,,,,,,,,,,,,,,,,,,0.23942243125704285,0.24275442887376772,0.24106264694149565,0.24476279159570608,0.2519351024137211,0.2610078152644673,0.2709835542638391,0.27589534296005686,0.28086950704708846,0.28610471885874084,0.28544120145317875,0.27691595385876183,0.2744688071246088,0.2871996776267934,0.30630758809912556,0.3062944522558693,0.30824125158981197,0.3121013980674217,0.3154688355298549,0.3156311663239228,0.2844129081153504,0.24920294968769327,0.21372897068251884,0.4842896097579874,0.24095876031476118,0.20203263235794441
stat_131,0.2746256881312671,0.27326948672719364,0.27151585388800253,0.26980187598489225,0.26836135729526905,0.2654679285050082,0.25480611157897615,0.24875206999690805,0.2462504034830964,0.2426285361308502,0.23889924083127254,0.2386722354348864,0.237458651869126,0.23471806791635155,0.2292017124455768,0.22312704658764831,0.21680037956825482,0.2120604443779075,0.2096586243401686,0.20505952114188114,0.20323064713658998,0.20131291144857327,0.19947753934209234,0.19937890667992678,0.1943530744375692,0.18643778855085572,0.18074351113898957,0.18044660070383853,0.17812545013805242,0.1781470644625814,0.17611364465709523,0.17261348925402323,0.16991567925015127,0.16771329565693804,0.16763120084214056,0.16713460173373518,0.16431274032266033,0.15723327636859347,0.1535911756268716,0.10443458083174303,0.114658201607521,0.12220689739309787,0.1295671674158281,0.129674778719006,0.1428907880894599,0.15778805622488085,0.1696691189194012,0.17987461586080344,0.1911814531007921,0.19077258053775792,0.19265375951876157,0.1957093030599422,0.19619062171626217,0.19484218266209927,0.19497421087645964,0.2032735028781223,0.2094190191795317,0.2123564605896045,0.21912037364040984,0.22160246887434656,0.2186737547629552,0.22133221637473555,0.22774317320738408,0.23590782126786325,0.24489232534461355,0.24897374754987894,0.2531942738379913,0.25763778865054193,0.25663131170515957,0.24870902558725816,0.24661820636128604,0.25816113109625494,0.2748142101123654,0.27393685585148253,0.27542207846691213,0.278959964267841,0.2820009919011444,0.2821282900529445,0.25540481878727533,0.22395679055969323,0.1905052285867234,0.4324502641344206,0.22277178182949203,0.18436839525189466
stat_132,0.30340738192688727,0.30199423607670034,0.29996617469023745,0.29792546852012675,0.2960664320199646,0.29240398276800383,0.2803988311006344,0.2737522508201005,0.2709399130850572,0.2668966988255784,0.26276776825104436,0.2625111665117649,0.2609856120533334,0.25766149723386156,0.251497053251881,0.24490634295619013,0.23800805462099964,0.23275378647411618,0.2300904884922965,0.22480917806581013,0.22273710271906452,0.2205029908043348,0.21819509175064417,0.21810508108624835,0.2128832631791955,0.20451920899726134,0.19850944987035815,0.19820062469815564,0.19595353064220836,0.19622508661583854,,,,,,,,,,,,,,,,,,,,,,,0.21579403626579285,0.21430220542822526,0.21407201933833814,0.22252713621100811,0.2279260007071304,0.2301941884067993,0.23768159929780544,0.24091265824023717,0.23898975752465848,0.2425029805061766,0.24954843004746463,0.25851274342114644,0.2683985679570312,0.27316623694931025,0.2780391515753365,0.2831837946073395,0.2823970251662136,0.273934605454695,0.271602617182152,0.2842759196859722,0.30318017191505925,0.3030500831866005,0.30495039455475914,0.30878115431512076,0.31209986717008076,0.31222397803068624,0.2815114168928202,0.24664517873784716,0.21092140871145526,0.4784223648925494,0.23956775994793547,0.20056252277852468
stat_133,,,,,,,,,,,,,,,,,,,,,,,,,,,,,,,,,,,,,,,,,,,,,,,,,,,,,,,,,,,,,,,,,,,,,,,,,,,,,,,,,,,,
stat_134,0.3158241287561609,0.3144120506683105,0.3125070105615861,0.31033604060302117,0.3081629719560572,0.30403167947748694,0.29174202386123727,0.28513267730386843,0.28238715862531066,0.2782605688847548,0.27391707383865466,0.2736359903379301,0.2717955285526437,0.26792011204485044,0.26138456615459194,0.2546478331163263,0.24749591545422042,0.24187111085203172,0.2390449034642009,0.23318272849930524,0.23077666606653913,0.22828351411734557,0.22593945443243396,0.22584552985484357,0.22079513306149084,0.21246978757322638,0.20625319263299105,0.2059368936926144,0.20340880559026275,0.20337704559461928,0.2009565929708793,0.19722321658789907,0.194333464677734,0.19199459740916336,0.1918439853990268,0.1909992213745315,0.18687411020628086,0.17819179655609796,0.17330485486057273,,0.1263679807955204,0.1375961367787609,0.1449149178644261,0.14337964122682267,0.15750158849629736,0.17432115043131918,0.1895166852817133,0.20278555465434345,0.21684340974305857,0.2171158485831557,0.219023109134679,0.2217305735260575,0.22202684329200756,0.22133068253352708,0.22170517344080465,0.2301363505786299,0.23479087625915243,0.23660392202800007,0.24405904459843394,0.24773128282078516,0.24691919380754448,0.25132349991850667,0.25893534200773705,0.26835209565165097,0.27858772320799363,0.2840391699697227,0.2893768024897149,0.29493197949380306,0.29480421359962394,0.2861231948233124,0.28321174226008655,0.29602642619825553,0.31576377815040507,0.3162685425747105,0.3183983965350035,0.3223314847664914,0.32586494792105414,0.3261932432117369,0.29318094960353097,0.25695029767718897,0.22327211988328396,0.5034007751897208,0.24438801187521575,0.20593611925518754
stat_135,0.3158241287561609,0.3144120506683105,0.3125070105615861,0.31033604060302117,0.3081629719560572,0.30403167947748694,0.29174202386123727,0.28513267730386843,0.28238715862531066,0.2782605688847548,0.27391707383865466,0.2736359903379301,0.2717955285526437,0.26792011204485044,0.26138456615459194,0.2546478331163263,0.24749591545422042,0.24187111085203172,0.2390449034642009,0.23318272849930524,0.23077666606653913,0.22828351411734557,0.22593945443243396,0.22584552985484357,0.22079513306149084,0.21246978757322638,0.20625319263299105,0.2059368936926144,0.20340880559026275,0.20337704559461928,0.2009565929708793,0.19722321658789907,0.194333464677734,0.19199459740916336,0.1918439853990268,0.1909992213745315,0.18687411020628086,0.17819179655609796,0.17330485486057273,,,,,,0.15750158849629736,0.17432115043131918,0.1895166852817133,0.20278555465434345,0.21684340974305857,0.2171158485831557,0.219023109134679,0.2217305735260575,0.22202684329200756,0.22133068253352708,0.22170517344080465,0.2301363505786299,0.23479087625915243,0.23660392202800007,0.24405904459843394,0.24773128282078516,0.24691919380754448,0.25132349991850667,0.25893534200773705,0.26835209565165097,0.27858772320799363,0.2840391699697227,0.2893768024897149,0.29493197949380306,0.29480421359962394,0.2861231948233124,0.28321174226008655,0.29602642619825553,0.31576377815040507,0.3162685425747105,0.3183983965350035,0.3223314847664914,0.32586494792105414,0.3261932432117369,0.29318094960353097,0.25695029767718897,0.22327211988328396,0.5034007751897208,0.24438801187521575,0.20593611925518754
stat_136,0.3158241287561609,0.3144120506683105,0.3125070105615861,0.31033604060302117,0.3081629719560572,0.30403167947748694,0.29174202386123727,0.28513267730386843,0.28238715862531066,0.2782605688847548,0.27391707383865466,0.2736359903379301,0.2717955285526437,0.26792011204485044,0.26138456615459194,0.2546478331163263,0.24749591545422042,0.24187111085203172,0.2390449034642009,0.23318272849930524,0.23077666606653913,0.22828351411734557,0.22593945443243396,0.22584552985484357,0.22079513306149084,0.21246978757322638,0.20625319263299105,0.2059368936926144,0.20340880559026275,0.20337704559461928,0.2009565929708793,0.19722321658789907,0.194333464677734,0.19199459740916336,0.1918439853990268,0.1909992213745315,0.18687411020628086,0.17819179655609796,0.17330485486057273,,,,,0.14337964122682267,0.15750158849629736,0.17432115043131918,0.1895166852817133,0.20278555465434345,0.21684340974305857,0.2171158485831557,0.219023109134679,0.2217305735260575,0.22202684329200756,0.22133068253352708,0.22170517344080465,0.2301363505786299,0.23479087625915243,0.23660392202800007,0.24405904459843394,0.24773128282078516,0.24691919380754448,0.25132349991850667,0.25893534200773705,0.26835209565165097,0.27858772320799363,0.2840391699697227,0.2893768024897149,0.29493197949380306,0.29480421359962394,0.2861231948233124,0.28321174226008655,0.29602642619825553,0.31576377815040507,0.3162685425747105,0.3183983965350035,0.3223314847664914,0.32586494792105414,0.3261932432117369,0.29318094960353097,0.25695029767718897,0.22327211988328396,0.5034007751897208,0.24438801187521575,0.20593611925518754
stat_137,0.3158241287561609,0.3144120506683105,0.3125070105615861,0.31033604060302117,0.3081629719560572,0.30403167947748694,0.29174202386123727,0.28513267730386843,0.28238715862531066,0.2782605688847548,0.27391707383865466,0.2736359903379301,0.2717955285526437,0.26792011204485044,0.26138456615459194,0.2546478331163263,0.24749591545422042,0.24187111085203172,0.2390449034642009,0.23318272849930524,0.23077666606653913,0.22828351411734557,0.22593945443243396,0.22584552985484357,0.22079513306149084,0.21246978757322638,0.20625319263299105,0.2059368936926144,0.20340880559026275,0.20337704559461928,0.2009565929708793,0.19722321658789907,0.194333464677734,0.19199459740916336,0.1918439853990268,0.1909992213745315,0.18687411020628086,0.17819179655609796,0.17330485486057273,,,,0.1449149178644261,0.14337964122682267,0.15750158849629736,0.17432115043131918,0.1895166852817133,0.20278555465434345,0.21684340974305857,0.2171158485831557,0.219023109134679,0.2217305735260575,0.22202684329200756,0.22133068253352708,0.22170517344080465,0.2301363505786299,0.23479087625915243,0.23660392202800007,0.24405904459843394,0.24773128282078516,0.24691919380754448,0.25132349991850667,0.25893534200773705,0.26835209565165097,0.27858772320799363,0.2840391699697227,0.2893768024897149,0.29493197949380306,0.29480421359962394,0.2861231948233124,0.28321174226008655,0.29602642619825553,0.31576377815040507,0.3162685425747105,0.3183983965350035,0.3223314847664914,0.32586494792105414,0.3261932432117369,0.29318094960353097,0.25695029767718897,0.22327211988328396,0.5034007751897208,0.24438801187521575,0.20593611925518754
stat_138,0.3095557179711619,0.3081402134717045,0.3061739873444419,0.3040734140474536,0.30206815681297916,0.29818805126146414,0.286047041002289,0.2794162431374997,0.2766373743255553,0.27255360566775483,0.26831887654699327,0.2680503885933953,0.266374790432303,0.2627869156697517,0.2564404367254243,0.24977353912881597,0.2427471480062537,0.23731009880483112,0.2345664858604671,0.22900257692905227,0.22676528789550787,0.22440497210952434,0.22214219744676053,0.22204935210594925,0.2169041852669427,0.20854905152741332,0.20242739968626,0.2021142759556058,0.19970485914222758,0.1998071536666803,0.19755125933882917,0.19382882802672197,0.19086566463592655,0.18840528345493188,0.1882577192447688,0.18735634854940533,0.18356093043243898,0.17518676459175378,0.17060683817552416,0.10995455867970007,0.124080014450999,0.13430610359049905,0.14225572803122052,0.1413599879162173,0.155658158116822,0.1722140992715792,0.18681343925465307,0.19952104261351766,0.21328754906485262,0.2136949864911205,0.2158296865316272,0.2187456600570447,0.21892316212274396,0.21784259013654286,0.21793870073993335,0.2263992061536129,0.2314507700488952,0.23350615997178192,0.240928258213303,0.2443729658166685,0.24298192326695944,0.24692528794025667,0.25425232374335016,0.2634421985604053,0.27350291390481707,0.278602328332054,0.28369919675474814,0.2890404806852637,0.28856722085447667,0.2799870977083221,0.27737217707202594,0.2901199417108763,0.3094222001367005,0.3095759276608229,0.3115800294193075,0.315464591157209,0.31889006118480384,0.3191134718491929,0.28730732412664567,0.251768526302894,0.21695201427856967,0.4907001986684375,0.24205338399864385,0.20328936201605363
stat_139,0.3158241287561609,0.3144120506683105,0.3125070105615861,0.31033604060302117,0.3081629719560572,0.30403167947748694,0.29174202386123727,0.28513267730386843,0.28238715862531066,0.2782605688847548,0.27391707383865466,0.2736359903379301,0.2717955285526437,0.26792011204485044,0.26138456615459194,0.2546478331163263,0.24749591545422042,0.24187111085203172,0.2390449034642009,0.23318272849930524,0.23077666606653913,0.22828351411734557,0.22593945443243396,0.22584552985484357,0.22079513306149084,0.21246978757322638,0.20625319263299105,0.2059368936926144,0.20340880559026275,0.20337704559461928,0.2009565929708793,0.19722321658789907,0.194333464677734,0.19199459740916336,0.1918439853990268,0.1909992213745315,0.18687411020628086,0.17819179655609796,0.17330485486057273,,,,,0.14337964122682267,0.15750158849629736,0.17432115043131918,0.1895166852817133,0.20278555465434345,0.21684340974305857,0.2171158485831557,0.219023109134679,0.2217305735260575,0.22202684329200756,0.22133068253352708,0.22170517344080465,0.2301363505786299,0.23479087625915243,0.23660392202800007,0.24405904459843394,0.24773128282078516,0.24691919380754448,0.25132349991850667,0.25893534200773705,0.26835209565165097,0.27858772320799363,0.2840391699697227,0.2893768024897149,0.29493197949380306,0.29480421359962394,0.2861231948233124,0.28321174226008655,0.29602642619825553,0.31576377815040507,0.3162685425747105,0.3183983965350035,0.3223314847664914,0.32586494792105414,0.3261932432117369,0.29318094960353097,0.25695029767718897,0.22327211988328396,0.5034007751897208,0.24438801187521575,0.20593611925518754
stat_140,,,,,,,,,,,,,,,,,,,,,,,,,,,,,,,,,,,,,,,,,,,,,,,,,,,,,,,,,,,,,,,,,,,,,,,,,,,,,,,,,,,,
stat_141,,,,,,,,,,,,,,,,,,,,,,,,,,,,,,,,,,,,,,,,,,,,,,,,,,,,,,,,,,,,,,,,,,,,,,,,,,,,,,,,,,,,
stat_142,,,,,,,,,,,,,,,,,,,,,,,,,,,,,,,,,,,,,,,,,,,,,,,,,,,,,,,,,,,,,,,,,,,,,,,,,,,,,,,,,,,,
