,pSA_1.000000000000,pSA_1.072267222000,pSA_1.149756995000,pSA_1.232846739000,pSA_1.321941148000,pSA_1.417474163000,pSA_1.519911083000,pSA_1.629750835000,pSA_1.747528400000,pSA_1.873817423000,pSA_2.000000000000,pSA_2.009233003000,pSA_2.154434690000,pSA_2.310129700000,pSA_2.477076356000,pSA_2.656087783000,pSA_2.848035868000,pSA_3.000000000000,pSA_3.053855509000,pSA_3.274549163000,pSA_3.511191734000,pSA_3.764935807000,pSA_4.000000000000,pSA_4.037017259000,pSA_4.328761281000,pSA_4.641588834000,pSA_4.977023564000,pSA_5.000000000000,pSA_5.336699231000,pSA_5.722367659000,pSA_6.135907273000,pSA_6.579332247000,pSA_7.054802311000,pSA_7.500000000000,pSA_7.564633276000,pSA_8.111308308000,pSA_8.697490026000,pSA_9.326033469000,pSA_10.000000000000,EAS_0.050000000000,EAS_0.060000000000,EAS_0.070000000000,EAS_0.080000000000,EAS_0.090000000000,EAS_0.100000000000,EAS_0.107226722000,EAS_0.114975700000,EAS_0.123284674000,EAS_0.132194115000,EAS_0.141747416000,EAS_0.151991108000,EAS_0.162975084000,EAS_0.174752840000,EAS_0.187381742000,EAS_0.200923300000,EAS_0.215443469000,EAS_0.231012970000,EAS_0.247707636000,EAS_0.265608778000,EAS_0.284803587000,EAS_0.305385551000,EAS_0.327454916000,EAS_0.351119173000,EAS_0.376493581000,EAS_0.403701726000,EAS_0.432876128000,EAS_0.464158883000,EAS_0.497702356000,EAS_0.533669923000,EAS_0.572236766000,EAS_0.613590727000,EAS_0.657933225000,EAS_0.705480231000,EAS_0.756463328000,EAS_0.811130831000,EAS_0.869749003000,EAS_0.932603347000,EAS_1.000000000000,PGA,PGV,CAV,AI,Ds575,Ds595
stat_1,0.243178007906637,0.24547069414001557,0.24370136216553523,0.24085242682461414,0.24037155209969807,0.24017178083873744,0.23833277906933242,0.23455425014613612,0.23409358896891713,0.2311541260698751,0.22593249887880398,0.22561109880325844,0.2207529256050269,0.21644308475994317,0.21186399331012518,0.20624948612042387,0.20066916913061542,0.19706660434861153,0.19530586501029937,0.19343061304750298,0.19057574797291782,0.18753867635595434,0.18451811351849315,0.18436732193384406,0.18041158071820212,0.17384383849325752,0.16735610289933686,0.1670780608313936,0.16399765672034605,0.16120516461234027,0.15785361287732946,0.15630281788836814,0.15465263401301402,0.15361127943424716,0.1533639642115654,0.15107386740177187,0.14788707197702022,0.14336725285332746,0.14062140878485951,0.10731446701054394,0.10162332605442272,0.11224836376275509,0.11689469662683927,0.1205853955034966,0.13829590847584802,0.1504650467361328,0.15386197185030898,0.1592742039548433,0.1713733602189455,0.1732265354380144,0.17140429149731848,0.16993632708880493,0.1731774941941668,0.17452812703087625,0.17784241058526792,0.1866546955886073,0.1963407931989177,0.19905992961569444,0.20629024671887786,0.21363585030865387,0.21270179152245197,0.2097636797128202,0.21248407958615317,0.21768509711245068,0.22487536433690328,0.2259434887024954,0.2277979099248617,0.2389047909295513,0.24161339302110335,0.23656344679066582,0.23425105318959716,0.24296261981238085,0.2463922433761817,0.2419366893205897,0.23908136928861565,0.24289927322727844,0.24790153401644444,0.24443904870242913,0.23204540139211713,0.20454597625459137,0.16440790583117365,0.37708731502287174,0.19381422859785838,0.16286441949817437
stat_2,0.16701208050668573,0.16861600310993613,0.16738681699931313,0.16554623324111947,0.16536930326427562,0.16553156675653083,0.16462576611783838,0.16202386210555553,0.1617300236902892,0.15973782013709548,0.156079683531963,0.15584836542262942,0.15236913801285393,0.14954182047773756,0.14658500714427797,0.14273546664651085,0.13876119771952108,0.1361494449801071,0.13489326063650153,0.1337225622995886,0.13188781128659754,0.1298959004528599,0.12811005710577625,0.1280459902965306,0.1251182463284117,0.12474435721905597,0.11994793168288256,0.11974239819623067,0.11748551136742492,0.11537358897519785,0.11278414725902831,0.11160206918873536,0.110513883813627,0.10991078522993392,0.10974475293281245,0.1082352420067868,0.10622288717811575,0.10341610235289177,0.10183468041477187,0.08352492790020676,0.08203664673591675,0.085931631157529,0.09005754405766835,0.0932768597939999,0.10242567369199683,0.11152468767688606,0.11260267689573439,0.11571067007369605,0.1235774579640687,0.12407752946300946,0.12219816750168482,0.12123369051324562,0.12429875942172772,0.12527302168026602,0.12742959157737144,0.13398694767176553,0.1367537504259509,0.1393789069016655,0.14449806202583812,0.149212300279939,0.1476894348002798,0.14500701410053402,0.1469062734295664,0.15064816711644072,0.15549395182152262,0.15597428874719185,0.15703692581733197,0.1648381933280871,0.1667789538187607,0.16312485730216728,0.16152472023214978,0.1676286262246874,0.1695383646586719,0.16601542797061333,0.16397867254757617,0.16661659226267309,0.17010639738107422,0.16760566465253696,0.15983928365098055,0.14106418184805636,0.11507686062013205,0.2605685797157861,0.14324442176612331,0.11429063542980392
stat_3,0.17324343033354206,0.17490712561069563,0.17362785572637301,0.17171091328028185,0.17152954514742172,0.1716922070838586,0.17074336034544485,0.16803993698043712,0.16773126184627124,0.16565590288471865,0.16186046566583262,0.16162070397854808,0.15801210656484577,0.15507258837479718,0.15200532875144185,0.14801713038354244,0.14389597841982185,0.14119433455520583,0.1398946443516266,0.13868408971978052,0.13678081125579916,0.13470782808853476,0.13283316612468785,0.1327654727682068,0.12973981848745247,0.1247131150277369,0.11991469562000538,0.11970929463919813,0.11745960912709533,0.11534758415546774,0.11276447219886164,0.11158792461098739,0.1105016185576402,0.10990690446629717,0.10973503093328718,0.10822597929012788,0.10622342177422717,0.1034074611256749,0.1059850288850901,0.095209886684341,0.08505448010597794,0.08969871513215416,0.0939304425425809,0.09722405188515239,0.10640395956359541,0.1115066300753622,0.11259399016863163,0.11569143939959721,0.12355942649925665,0.12406106686962026,0.12218356074307432,0.12121455608821306,0.12426993019576629,0.125245167613361,0.12739605407737398,0.13395412441449353,0.1417960993985712,0.14446738000219286,0.1497810103290623,0.1546970855524417,0.15316630322360655,0.15041207959207292,0.15236623860195847,0.1562298668579768,0.16125311261111183,0.16174130014086543,0.1628439467990581,0.17094961032159095,0.17296138545111936,0.16918132489883736,0.16752856966192822,0.17385741430346777,0.1758505909040899,0.1722024384726292,0.17006844779234462,0.1728008492470249,0.17642363803950176,0.1738417103810923,0.1657748065629755,0.14629189567030995,0.1189456056038263,0.26987295322440297,0.1479613947135292,0.11849546723129491
stat_4,0.1891206793426664,0.19093601858779513,0.18953340298418886,0.18742612508218687,0.18722590740211337,0.1873793019299776,0.18630652440878834,0.18335563263517382,0.18301391952487528,0.1807370542254642,0.17659787184115508,0.1763371276173148,0.17240855512687744,0.1691981830276977,0.16582824417151434,0.16147486970428812,0.15699854350923367,0.15406790071254925,0.15265632544309715,0.15132746558098556,0.14922799098991588,0.14695604237315274,0.15211606711063938,0.1520262143853759,0.14861140785681506,0.14294317488386918,0.1374960607872973,0.13726343437882307,0.1347004362841858,0.13230566514954756,0.1293900855181741,0.12804130034870415,0.12675403831933238,0.12599303564291736,0.12578759644527024,0.1240026070123061,0.1216120826433307,0.1182348439215134,0.12283292655784804,,,0.11200732699292898,0.11664779467956107,0.10686216862655737,0.1222076717218481,0.12643100015991027,0.12820899676711978,0.1320664924817217,0.1413838019300196,0.1422735791713713,0.14033405122840892,0.13923422043907205,0.14250071372902073,0.1436161683427862,0.14614268850953124,0.15356626527314934,0.16225966381225757,0.16507383989175625,0.16313081939114524,0.1685592445424183,0.16705032599747222,0.1641448929037424,0.1662628708547403,0.17044058404631648,0.1759341669490882,0.17648191998604407,0.17768022589290924,0.1865359898376477,0.18872555876269145,0.18462300438996826,0.18282645479973603,0.18971956681901675,0.19193591678039923,0.1879741285119869,0.1856037938303011,0.18857978979108045,0.19254187476241807,0.189743467442896,0.18091076439205325,0.1596269346713891,0.12892434326568336,0.2937823096176807,0.15950832609736515,0.12901508087803254
stat_5,0.16692025601045862,0.16852304718237396,0.1672943567985841,0.16545327986481118,0.16527571205141214,0.16543849024533314,0.16453260502238587,0.16192986362591702,0.1616373677812805,0.15964485570465176,0.15598788796972704,0.15575669601973158,0.1522793321759258,0.14944791365264073,0.14649556604973382,0.1426505549525811,0.13867413864055098,0.13606482847303228,0.13480978737100735,0.1336415363006946,0.13180927513085214,0.12981476954039914,0.12803430962616683,0.12797080097272534,0.12504708406944817,0.12018870209025237,0.11555753264968384,0.11535876974356198,0.11318891377186897,0.11114585240281823,0.10865471225941613,0.10752675501602282,0.1105501651581394,0.10995575025564933,0.10979431905352294,0.11801028180351843,0.12164454043139225,0.14331073498650507,0.15287176876144026,,,,0.13799721442800253,0.14158756469646908,0.14895146312733354,0.15040546328602822,0.12826158404304397,0.125917339893344,0.1236368300799606,0.1241185892621471,0.11768827130219246,0.11674046051846419,0.11972263687257002,0.12066889322287419,0.12273480956184674,0.12907249773389493,0.1366817669287616,0.1393019079232417,0.14441453276685798,0.1491298613600313,0.14760654024580525,0.14492415554544918,0.1468188413065889,0.15056001553473575,0.15540033618925864,0.15587581975022363,0.15694351760175734,0.1647417881331451,0.1666818870996746,0.16303113464218688,0.1614312107944404,0.16753299171388442,0.16944381948894122,0.165925440336121,0.16389117229710165,0.16652733531478117,0.170014000100998,0.16751683486879138,0.15974190285093656,0.14097641743845304,0.11501235132845188,0.2604088505179339,0.1431919145944247,0.11423893970228716
stat_6,0.17324682628192858,0.17491132932031736,0.17363077825236956,0.17171521881788826,0.1715383878621169,0.17170864909954958,0.17077416986380048,0.1680698842214042,0.16776438900065374,0.16568812983723302,0.1618893470850778,0.1616493322883805,0.15803803062431315,0.15510397106834728,0.15203899505685414,0.14805291085505387,0.1439280325730108,0.14122403031523706,0.1399235583947434,0.13871744436860903,0.13681522292917395,0.13474381340473787,0.1328954057527563,0.13282911097204358,0.12980080595964866,0.12477211728360144,0.11998138239928702,0.11977579106563453,0.11753246628584028,0.11541984931413554,0.1128482590814483,0.11167332476315253,0.11060568544215477,0.11001244858888146,0.10985426412006256,0.10835185553778046,0.1063800848175887,0.10361597144162943,0.10624173332014296,0.08089698246284754,0.08540093490023384,0.0864120107863624,0.09043426892518387,0.09358414461569779,0.10667744199170191,0.11175613219342379,0.11278323045593791,0.11584807093629652,0.12370780732316074,0.1241807934664521,0.12227218394280044,0.1212985314437306,0.12434990820876889,0.125324046486435,0.12746675048269202,0.13401907071380859,0.14186983422923974,0.14454816563295908,0.14984119546095573,0.15475481839295868,0.1532151805515204,0.1504498717483715,0.15240286455806717,0.1562685564271623,0.16128800009042815,0.16177041086562646,0.16286383397973203,0.1709760248728759,0.17299094723035408,0.16920752943956585,0.16755232213809151,0.1738839692787465,0.1758606474343028,0.17220021157742973,0.17005934182846053,0.17279151535209555,0.17641655567299452,0.17383379933787313,0.16577999651575032,0.14629872640733857,0.11891018424961439,0.2698219783458222,0.14803933279597767,0.1185328942314832
stat_7,0.16140631491797863,0.1629549025691201,0.16177242715442708,0.15999599842557297,0.15981496822672,0.15996407957321343,0.15908449604597855,0.15657096941476195,0.15628887495088187,0.15437090250966276,0.15083768445684603,0.15061434268957216,0.1472562980944847,0.14451888782694725,0.1416585541292354,0.13793476869592924,0.13409033469032158,0.13156449320561703,0.13034910052072204,0.12921047901324115,0.12743640977444334,0.12550876917481474,0.12378901174446591,0.12372730990548653,0.12089451150345994,0.11619146461075297,0.11169585983594423,0.11150296719282136,0.10939472880753122,0.10741558229253904,0.10500044899998194,0.10390902203378062,0.10291391975785555,0.10238549922945926,0.10223718892005697,0.10083373164645189,0.09895994383937069,0.09637274971013844,0.10600553909697279,,0.1076096600735007,0.10495477112387246,0.09819614156399482,0.09721236118540044,0.10640426354124248,0.10422155693163061,0.1050697677949622,0.10788679764063264,0.11513772014341951,0.11550492452128408,0.1136804871962996,0.11275571005230461,0.11566683137848899,0.11658837888424574,0.11859477779307732,0.12474944262481936,0.13213666050947795,0.1347030745361963,0.13965139823398917,0.1441957736965832,0.1426957561346462,0.14009388989349889,0.1419413919104915,0.14557511183646654,0.15026253209907264,0.1507417699672237,0.15178481897589208,0.15930356577495672,0.16117875424997505,0.15764466510201064,0.15609288537127497,0.16199326555445298,0.1638457326027339,0.16045986900402728,0.15852281094076603,0.16107581159942908,0.16444091767758295,0.16201773270730335,0.154481024433884,0.13633870342582602,0.11164639021045442,0.2522528721567747,0.13886460538618128,0.11045692329806357
stat_8,0.13775554167075146,0.13906575196916549,0.13809018456451908,0.13657881199219019,0.13634964013898157,0.13640114966926792,0.13558503648541093,0.13345960942427335,0.13323196235302165,0.13163891401937225,0.1286499078997491,0.1284618582713854,0.1256426809790334,0.12326392274660049,0.1207718309760761,0.11756721418697332,0.11430502743800977,0.11215317265958841,0.11111230985844878,0.11008037936899814,0.10853865843342637,0.10688393572761877,0.10541247473565003,0.10535851548648384,0.1029532432530215,0.0989614077085797,0.09510537142966911,0.0949375866111781,0.09310231552701635,0.09141616205756778,0.08936105567993088,0.0884618632563145,0.0876518168410313,0.08724440290603301,0.08713004784508371,0.08594595181263609,0.08621611831665048,0.08399815879215286,0.08277515262231049,0.08051136507575543,0.07497071422593414,0.07510729336665586,0.07107989436394832,0.07366074938736412,0.0837253668364464,0.09112949945135185,0.09164959730476198,0.09192382054299729,0.09799493474947729,0.0982016083704771,0.09652750762597716,0.09565336131791764,0.09818873277055619,0.0989998389328578,0.10077257399888631,0.10608316722052002,0.11242419823230067,0.11468059925406976,0.1188800337191812,0.12271929495687176,0.12140007475883811,0.11921466154035772,0.12086938655042948,0.1240383404535796,0.12808286745921912,0.1286277515020975,0.12963405021164293,0.13590352610604692,0.13748744685270253,0.13447446068765606,0.13311358046240532,0.13813271833394097,0.13979958259116107,0.13705812092972172,0.13558857292524842,0.13778663743027345,0.14061292959713861,0.13851611874205425,0.13183982381124315,0.11636033306976053,0.09747429159416961,0.21758119089999742,0.11935413838398704,0.0938979651697644
stat_9,0.18054425755802025,0.1822778458439634,0.1809411612652165,0.17893621515072175,0.1787476563285884,0.17890753389148772,0.1779046053498137,0.17508562559758303,0.17476124494625767,0.17259173196229136,0.1686366453192359,0.16838713912379982,0.16462917149084066,0.16156251607167413,0.15835696660034057,0.1542036447348581,0.14991580536148105,0.14710891869033565,0.14575782712099988,0.14449518176203613,0.14250664290466808,0.14034077349251659,0.13836547746768726,0.13829176850514563,0.1351505269747682,0.1299338586820807,0.12494576248153766,0.12473260051764759,0.1223949349594681,0.12020451053136222,0.1175247562367515,0.1216723492129888,0.12669039920423114,0.1333126861211151,0.13308930606085023,0.1400283114179813,0.14786923554386003,0.1564326280355725,0.1531414940104405,,,,,,0.1491709783850127,0.16224105498410665,0.153821597199797,0.1483012066426902,0.14940536413265024,0.14220621953768103,0.13331937319468365,0.12638141141805395,0.1295066424379154,0.13051712827967188,0.13276800615092882,0.13957790619671326,0.1476789545927495,0.15040315487217867,0.15593578917886053,0.16108803885551137,0.15955884006647597,0.1567302874808815,0.15875614835952231,0.1627642286096977,0.16799983750163788,0.16851183368597486,0.16965960627046361,0.17811489491622182,0.18020960749922574,0.17628116575580596,0.1745635805661043,0.18115350254932486,0.1832467265125406,0.17945315969584533,0.1772083699475719,0.18005242308113714,0.1838313393432338,0.1811511197951012,0.17273371418862876,0.1524225170252372,0.12351438477262239,0.2808351182077162,0.15334978694612567,0.12336400334988877
stat_10,0.1444002045859295,0.14577820804018252,0.14474375945598358,0.14316094649429498,0.14294943617820272,0.1430353773959201,0.1422090090063767,0.13997491042244434,0.13973293581978144,0.13804924553744827,0.1349060008462817,0.13470784144358694,0.1317343664621347,0.12925630685680511,0.12666316469015143,0.12331203967682294,0.11988455049397254,0.1176251515284842,0.11653448313253849,0.11547380631812912,0.11386854625911484,0.11213801376976812,0.11058926707542481,0.1105338694225217,0.10800762238251348,0.10656143324130522,0.1024233001277584,0.10224420860741898,0.10028333188984269,0.10121401630638355,0.09892626199006214,0.10767614697637314,0.1268787718873164,0.13356762393638866,0.1333458506950436,0.13147054906636915,0.14796949587573938,0.1564326280355725,0.1531414940104405,,,,0.13803078013347234,0.12986114924288267,0.1491709783850127,0.16224105498410665,0.15391601046569256,0.13969185489703245,0.149683720195019,0.14240766387935985,0.11783056804456528,0.10609776304215042,0.10888395547504459,0.10674594259745485,0.10862516314867168,0.11431099441971823,0.11798227859985061,0.12033306540386553,0.12475498838436211,0.12878955951189777,0.1274094352042394,0.12509933612337007,0.1268098676792833,0.13011243685112445,0.1343371073519226,0.13485998265152832,0.1358726835880353,0.14249768161293241,0.14416506353693706,0.14100192904839456,0.13958663127040452,0.1448553585340556,0.14656385777156147,0.14362793033002785,0.14202075341023662,0.14431816158214952,0.14729859491798505,0.14510737803279342,0.13821074076293338,0.12198538703597983,0.10142536445630136,0.22729368825459031,0.12493349735597677,0.09857480309936476
stat_11,0.18876154140022472,0.19057231856051499,0.18917238341747497,0.18706371693398727,0.18685957482666368,0.18700587554797754,0.18593039046260665,0.18298159691055807,0.18263859961962275,0.18036208768928272,0.17623089031565142,0.17597075849075386,0.17205058439229376,0.16883819155045243,0.16547757199946536,0.16113904973151638,0.15667019251013198,0.1537518117829447,0.15234719408324635,0.15102659432034396,0.14894707321673908,0.14668477729772628,0.14460070659067278,0.14452037022329603,0.141256800384671,0.1358381458663335,0.13064694012331232,0.13042509740098637,0.13451602909140828,0.13213805332514614,0.1292405664477508,0.1279036492862842,0.12661884851030988,0.12588275125756607,0.12567684186460557,0.1311012292951082,0.12852942489147196,0.13298819202692724,0.1306283980541078,,0.11484598231518472,0.13338518081625103,0.1166151088956384,0.11296054341465211,0.12933592338963254,0.14073444138722233,0.13508708023213903,0.1393102657613384,0.14126187570580942,0.1421288665996522,0.14019762447263956,0.13909289650658804,0.14233876515690996,0.14343833766638708,0.13885652836615703,0.14593822174393048,0.15430918089979986,0.15707553467553068,0.1628403989823919,0.1682525152395006,0.16673239789574934,0.16382968604069167,0.16592792504367626,0.1700901667178298,0.17556629122901712,0.1761064805091154,0.1773119482970341,0.18615202630609393,0.18833596069409858,0.18424698103989842,0.18245690845152,0.189336382665437,0.19155903357426965,0.1876234953417079,0.18526494811931704,0.1882346484562648,0.19218448299996763,0.18939843723435865,0.1805473109423508,0.15929987709308235,0.12869925743431046,0.2932151741142286,0.15926689827373466,0.12879688300897715
stat_12,0.14434503771727358,0.14572248514642708,0.14468828752059945,0.14310548722752342,0.1428941114851984,0.14297837566710567,0.14214901059679694,0.1399153484071608,0.13967212856609212,0.13798849224402174,0.13484623275456506,0.1346481507524121,0.1316765304283959,0.12920210233784793,0.12661164707377814,0.1232626047352788,0.11983594114664207,0.1175801651816885,0.11648977919924422,0.11543249255833292,0.1138326642854245,0.1121061496807341,0.1105607111348172,0.11050747156010583,0.10798722035295413,0.10645360153218929,0.10231899653598718,0.10214023516208491,0.10018972657801649,0.10107302746684196,0.09879487384112454,0.09777500282973864,0.10295580353291288,0.10241905128943872,0.10226789647462163,0.10438204518654906,0.1024351933373006,0.09973812816360135,0.10187561493843664,0.10744434772128707,0.10768521089844495,0.09907359483507873,0.10353756868702217,0.0972837703899501,0.1024491699474583,0.10771009730806702,0.10867514414895592,0.11163964812887603,0.11516761359803836,0.11554764102770165,0.10687660363509592,0.10597882433663917,0.10875365515198383,0.10665784489327564,0.10852426971719807,0.11420348014533957,0.1179610943526947,0.12030566341596498,0.12472256630822078,0.12875191091618066,0.12736669331963932,0.12505414068593906,0.12676041297369098,0.13006090571968437,0.13428294920774092,0.13480309306343194,0.1358125200792046,0.1424346728478977,0.1441015010327569,0.14094022527262617,0.13952707227745006,0.14479371731633417,0.14650534462801695,0.14357291629410016,0.14196636254762005,0.14426296276299772,0.14724200526125564,0.14505226362928125,0.13815839898743276,0.12193882524671014,0.10138752112522714,0.22720433554199057,0.12490633550252647,0.09854711063464577
stat_13,0.17333911527407045,0.17500364906741936,0.17372413229911587,0.17180647595540935,0.17162414380506777,0.17178907664142246,0.170838010552389,0.16813556950467612,0.16782994898072062,0.1657545353032346,0.1619579812914968,0.16171813422155137,0.15810867913043403,0.1551663374343133,0.15209563763856082,0.1481038411286881,0.14398476557084705,0.14128147643545053,0.13998088919458704,0.13876757268178053,0.1368616415817286,0.13478779979828878,0.1329083305420322,0.13284001921477895,0.12981521620132158,0.12478812920838442,0.11999174505243158,0.11978610394573952,0.11753472221472958,0.1154245166143742,0.11284132225127512,0.11166740437659443,0.11058554831564445,0.1099915464091742,0.10982027948666455,0.10831921625264797,0.10631184291320181,0.10351108798630554,0.10196658666054847,0.10087339290224855,0.08826253111976258,0.08956651798605951,0.08685862330311873,0.08996742370189433,0.10253619750342896,0.11159119802180986,0.1126690800298937,0.11577506574604642,0.12364261826493671,0.12414623524193147,0.12226147649051984,0.1212852894707942,0.12433926128541234,0.12531382662104656,0.12746959355386528,0.1340278588107692,0.14187031726414728,0.14453937882546314,0.14985773892801912,0.1547773038844248,0.1532497326044915,0.15049781523116262,0.15245605409578106,0.15632006167006976,0.16134824675782913,0.16184038734523667,0.16294581157380508,0.1710532306847546,0.17306538419936626,0.1692828652966417,0.16762538673738558,0.17395558807892114,0.17595117536013988,0.17229830721081774,0.17016429291772148,0.17289856360619615,0.17652341691124432,0.17393908616696122,0.1658629795895954,0.14636994678128762,0.1190158909623113,0.2700331362022756,0.14799349750760823,0.11853699155775331
stat_14,0.18890865429904038,0.19072096444561987,0.18932033289303093,0.18721133004030702,0.18700702027246557,0.18715357327724064,0.18607646666477376,0.18312594946494903,0.1827832041838573,0.18050652962245572,0.17637261415972086,0.17611231372427635,0.17219022335158937,0.16898312581166675,0.1656191387651254,0.16127468544880033,0.15680314742425172,0.15388186931259282,0.15247546852756128,0.15115209106536684,0.14906991248113888,0.1542588632542633,0.15201695949958888,0.15192709725232648,0.14851905453914688,0.1428585263701249,0.13741559052200367,0.1371832487561468,0.14245734917554145,0.13995977830933543,0.1461591552325047,0.14468065579314077,0.14318366967945031,0.142273877157398,0.14202704425360388,0.15094735192099037,0.1477416991120155,0.1563124600552866,0.16989376461625652,,,0.1336051423852101,0.13794789036607416,0.14157036401338458,0.1632134791971375,0.16213814271425975,0.15370069169558265,0.15912896220923073,0.15913689292214972,0.1605495913647732,0.15864754974526094,0.15735082235431067,0.15067992075777142,0.1518458614426879,0.1460634177201685,0.15347995970143963,0.16216069226118307,0.16496574418924717,0.17102112735660852,0.16838096343852713,0.16686167268535243,0.16395907638920948,0.16606318665061498,0.17023155231857148,0.1757152178754876,0.1762587483672901,0.17745775042132617,0.18630173369064235,0.18848738132175794,0.18439420412506782,0.18260158395418963,0.1894866909789723,0.19171058483109676,0.1877693917013141,0.18540878609051853,0.1883811285261426,0.19233489726990177,0.189544625035383,0.18069249360703069,0.1594293630715556,0.12880320400949802,0.293461509501689,0.1593437498317014,0.12887531002336297
stat_15,0.13511452009090966,0.13639687166256353,0.135447100661811,0.13396386732021875,0.133721353743415,0.13375018079545206,0.1329275190809413,0.1308469426330973,0.1306255504150706,0.12907231877100306,0.12614773197706947,0.12596405655537432,0.12321170506666947,0.12087047214912805,0.1184120200719938,0.11526192838719299,0.1120690261968763,0.10996479358494946,0.10894339582799367,0.10791604530990351,0.10640232355717255,0.10477680352496492,0.10331280260360311,0.1032583911263816,0.10091136022836938,0.09701171672983398,0.09322619969245328,0.09306098616195903,0.09125210860379489,0.08960821324608582,0.08759666464632689,0.08673009123470296,0.08594601012452424,0.0873921724283762,0.0872713342761092,0.08801433925840559,0.08635499545873047,0.08413212945969173,0.08290558609898586,0.07515826193348084,0.07490188094886703,0.06947171978782621,0.07118937970745548,0.07375199217048765,0.0838375910819731,0.09124556625906424,0.09177534249846798,0.09414087814846592,0.09813774523652745,0.09624173624514272,0.09457753862947482,0.09369029211717345,0.09617400537735855,0.09696993119903602,0.09873087561912039,0.10395069555801634,0.11015329639887066,0.11235774992803664,0.1164803975614034,0.12024486349604471,0.11895702318357745,0.11683709627935138,0.11847573601866168,0.1215966622633084,0.12557648812986788,0.12614486116668966,0.1271563390346073,0.1332712539734117,0.13481991072957183,0.13186873481083003,0.1305267984975773,0.13544432432085182,0.13710613782190448,0.13445415673625513,0.13304917352827875,0.13520894013064147,0.1379719329338478,0.13591079239717524,0.12930511376469328,0.11412143508969555,0.09596662825280255,0.21382050434327493,0.11694349080780272,0.09194895471424543
stat_16,0.14117365319962275,0.1425189441016431,0.14151390506728626,0.13996801683201038,0.13974786823400467,0.1398172080409173,0.13899521091806105,0.13681459287646774,0.13658363869505558,0.13494715591253456,0.13188450054723408,0.13169127743139689,0.1287937197531635,0.12636678099555962,0.1238219064869946,0.12053897733260498,0.11720039646665603,0.11499509440977819,0.11392724777555896,0.11287897678316249,0.1140936437331949,0.11236536378616264,0.11081669280005632,0.11076451797588777,0.10825407803111146,0.10406323502455549,0.10001510053965296,0.09983913243213652,0.10039389397681056,0.09859546043084336,0.0963885064571944,0.09542329853941514,0.09454858692530989,0.09411410358019166,0.09398370722028439,0.09271892142821382,0.09102061945611399,0.09377560186695572,0.09241308698104178,0.08066384560249829,0.07961853775248151,0.07779052814847416,0.08150853028599324,0.08440512970994085,0.09325110258254364,0.10148003605132129,0.09671706574759782,0.09919987364041447,0.10577439843858491,0.10600614319522379,0.10422143731421284,0.10329569115680702,0.1060042538149337,0.10684906230919998,0.10600989302411432,0.11158197071274464,0.11823374221768648,0.12057102034645596,0.12499220935226912,0.12902872278800617,0.12450125109454599,0.1222518776719317,0.12394023318006928,0.12717688190982293,0.13131800853844441,0.13185660177665803,0.1328644313583784,0.13931233071869004,0.14093434996179305,0.1378417364091807,0.13644774604276327,0.14159631879884405,0.14328289777650272,0.1404372069349434,0.13889729335514864,0.14114737302380564,0.14405426386177023,0.14190508022459256,0.13512586347146485,0.11926449243379325,0.09952529854114875,0.22261988937754457,0.12216379219483926,0.09626693088934596
stat_17,0.14114149181875188,0.14248613371456423,0.14148149109572414,0.13993478974567933,0.13971312628778196,0.1397801203046834,0.13895628472893037,0.1367763027430429,0.1365418388267853,0.13490492013322133,0.13183828455164753,0.13164518794403576,0.12875044809627845,0.12632352760253665,0.12378039967599051,0.12049946955531894,0.11715386611862423,0.11773812494982283,0.11664601208464703,0.11558518325862333,0.11691033651716559,0.1151395434585396,0.11355054590069602,0.11349711769635232,0.11090672483323945,0.10659264330456714,0.10526343158491805,0.10508002743217205,0.10307103752120007,0.10120499307303565,0.09891823857285333,0.09789695360279968,0.0969842806127116,0.09650409409051229,0.09924023781796454,0.0978894932215372,0.09914823550646075,0.1036611908222714,0.1062408371757245,0.1009956564001096,0.10770231981347747,0.10498654967185904,0.10362008260308114,0.09744982248748521,0.1066263875860186,0.11173227407801545,0.10524807841153748,0.10473482501418241,0.1117377524781413,0.10878172661031446,0.10699539647719952,0.10609218657013211,0.10887644850588317,0.10975530660787845,0.1116756483883716,0.11434163053410101,0.1211634266693045,0.12356191438906892,0.12810234463026465,0.13224581261755292,0.12752400768131128,0.12521135369184017,0.12389442490333184,0.1271360461730972,0.13127525708491505,0.13181218170691195,0.13282119599476083,0.1392652428113592,0.1408914295050333,0.13780142451443886,0.13641130114730768,0.14155743622631,0.14324714250469112,0.14040745086989742,0.13887018622541392,0.14111947382401863,0.14402447314469652,0.14187735075511293,0.13508935806770345,0.11923049274431165,0.09950916073389927,0.22257162031486666,0.1221275879888059,0.09624319815823318
stat_18,0.13803687479007112,0.139349399617829,0.1383730829668736,0.13685907506832914,0.1366264901913286,0.13667377067559083,0.13585043776359848,0.13372175259938354,0.13349408499743012,0.1319003514551233,0.12890705783811043,0.1287188218591059,0.12589830555252304,0.12351557991914044,0.1210167345145765,0.11780312732794698,0.11453673129960056,0.11238460967883224,0.11388257386667923,0.11283495450300411,0.1112637534712043,0.10956984463589908,0.1080503667695568,0.10799684325324219,0.10553646728614059,0.10389141316306424,0.09985110248904486,0.09967588741833382,0.09775653906022885,0.09598642364688696,0.09381911166610801,0.09286843629223607,0.09201372581281886,0.09158131542257972,0.09144930063540534,0.09021497404366056,0.09622903078469008,0.09998940183362234,0.10642204848801329,,0.10757576011294616,0.12133788479562979,0.10345432517569729,0.10178916788372076,0.10681471785198421,0.10795532850647134,0.10219227777236252,0.09650374682848245,0.1028954191033827,0.10314149565528175,0.10140825081758566,0.10051282661216807,0.10316960025655283,0.10401316902322241,0.10585900326861825,0.11141536761160668,0.11525108424052478,0.11754834923813728,0.12186417529435703,0.12580466563574433,0.12445385545355206,0.12220825154997648,0.12110508844348021,0.12428419805900497,0.12834148232157358,0.12889406479401633,0.12990441560678,0.13617784251675508,0.1377639304206389,0.1347454943698445,0.13338008062151124,0.13840834372380145,0.1400838347072608,0.13734104951171142,0.13587221121856782,0.13807537043414256,0.14090713813122835,0.1388043162903125,0.13210961718591277,0.1165985175436329,0.09768493321223438,0.21806535971932522,0.11945578847966849,0.09402897617057412
stat_19,0.14810294200878624,0.14951822343116947,0.14845134165465468,0.14682678981723724,0.14662270449086548,0.14672233083363734,0.14588285763200282,0.14358797409705545,0.1433364665015211,0.14160160239114233,0.13837308166012707,0.13816940824139193,0.1351128082364563,0.13258187284522294,0.12993403634099657,0.12650207439818537,0.12298388289972838,0.12066980917450075,0.11955185434875053,0.1184785222674969,0.11684681584052142,0.11508003228757911,0.11349321106418579,0.11344012864590536,0.11727025401927665,0.11270805773808491,0.10834484950777218,0.10815683524633857,0.10610860351395772,0.10419686501481898,0.10185530660026297,0.10081178493263651,0.10312645116028019,0.1026126796065502,0.1024545258430783,0.10106010834194688,0.1025208811616749,0.10357841498216334,0.10615046021120803,0.10732477731685243,0.10757576011294616,0.11220892775562356,0.10950710100786937,0.11312516309419017,0.10653719004137273,0.11164391424480472,0.10874181995997545,0.10810459526487948,0.11536193733001529,0.11572392321054996,0.1102259697362909,0.10929879974346793,0.1121401512337779,0.11303214025232645,0.11498665669987755,0.12097008581244575,0.12815404131197763,0.12350112288587195,0.12803702602340153,0.13217478050153605,0.13075483292271262,0.12837498647664328,0.13011149187266363,0.13348585518894732,0.13781069997532625,0.13831988405240905,0.13933501031228307,0.1461544045927736,0.14786740520881256,0.1446232171294066,0.1431791704427212,0.1485855213684415,0.15032658765413054,0.14729190380708812,0.14561170309128532,0.14796460086403748,0.15102919391928316,0.14878728081558462,0.14175601314482333,0.12511344338396327,0.10364245657987829,0.2327203816987561,0.12800469916626395,0.10117203688668026
stat_20,0.1734687232177493,0.17513462044015712,0.17385448471791612,0.17193819781862524,0.17175580201761048,0.171918150032924,0.17096579903315778,0.16825975443715965,0.16795184267016128,0.1658763296736979,0.16207767774522075,0.16183769042884177,0.15822664483988086,0.1552897187544233,0.15221539556276611,0.14821910558194637,0.1440944287479099,0.14139422234019394,0.14009228264770676,0.13887965418219278,0.136977909719299,0.13490116363289706,0.13302096091671736,0.13295490059388415,0.12993508995757844,0.1249146921674974,0.12010804560426151,0.1199019989499311,0.12248099739215201,0.12028727725676015,0.11760452501266787,0.12178737286928404,0.12058672808613753,0.11990630676955136,0.1197087863073008,0.12406561878216214,0.12870595095124984,0.14327810899413612,0.15296453174621671,,0.11484598231518472,0.13338518081625103,0.13776189373715483,0.1296420946231213,0.14901956277510534,0.15035468149851242,0.1352539094151078,0.1321207590665728,0.13465424059182743,0.13536950444891946,0.1334321615795756,0.12645396354875732,0.1295826032081042,0.13059679061006668,0.12758128638133948,0.13415379626253557,0.14199280404286493,0.1446567352093354,0.14997399515057397,0.15489937310585622,0.15336509452906213,0.1506099386053177,0.15256743191829597,0.1564401585768253,0.1614741841440261,0.1619700313492027,0.1630690584340921,0.171179694443807,0.17319310412546765,0.1694070467189726,0.16774986120693888,0.17408708143945778,0.1760835604111067,0.1724283090570665,0.17029232317650164,0.17302744303419343,0.17665581218811935,0.1740677001281402,0.1659956070027512,0.1464883612111322,0.11910945750393699,0.27025654942390465,0.14806409982250684,0.11860870623761481
stat_21,0.14120240932770528,0.142548254770279,0.14154290362815986,0.1399979563464721,0.13977898975505393,0.13985044872341587,0.13902650029801483,0.13684571751003563,0.14340672622625125,0.14167222553605113,0.13844209468747828,0.1382382528048054,0.1351781533062306,0.1362680707589819,0.133553960319739,0.13003113241043465,0.12641159004928676,0.12402760166625562,0.12287875057659349,0.1254623229965135,0.12373449623972785,0.12186444868285799,0.1201869932502044,0.12013159698080735,0.11738804564792746,0.11282729094480046,0.10845713958777198,0.10826872671024779,0.10958274965701119,0.10760461353867178,0.10517627429950105,0.10766066572578271,0.10662688850174001,0.10607073226510552,0.10590464909040903,0.12410917566764182,0.12870254556995855,0.13313388957382136,0.16978261168238457,,0.11506069728334359,0.13368830549977598,0.13800325663771087,0.1415638330236598,0.16312525903764563,0.14086508059727448,0.13525391505698606,0.13216837308142884,0.11924430201285467,0.1196800009117058,0.11781890764313055,0.1129171544321192,0.11583998639906676,0.11676232139800055,0.11509446844459353,0.12108877660982553,0.12827513682536534,0.1307816273040127,0.13558529842195588,0.1399853473054003,0.1385143791949236,0.1319830612281012,0.1337590978684249,0.13721655884426165,0.14165327638403152,0.14215430481406335,0.13940073611712953,0.1462252999654936,0.14793968201023297,0.1446917694777328,0.13647764548114497,0.14162778486811042,0.1433152460713124,0.1404642321479208,0.13892209918453463,0.14117265318987093,0.1440812003716411,0.1419301613026883,0.13515790581933468,0.11929422599533211,0.09954032909939065,0.22266409516128247,0.1221905894294378,0.09628629306704652
stat_22,0.17340119938915804,0.17506696102840286,0.17378642719103463,0.1718701753876474,0.17169090896682238,0.17185814864107973,0.17091151871198992,0.1682060199030952,0.16790019886298002,0.1658246734817147,0.16202431386216348,0.16178425789657044,0.1581709003216244,0.1552321802370937,0.15216209670047023,0.14817060263301823,0.14404426105630982,0.1413459933291062,0.14004561609790273,0.13883595539490987,0.1369389659184642,0.1348689945932501,0.13847960731915535,0.13840594933948427,0.13527031414053223,0.13596428415227096,0.13076534746769689,0.13054310206226033,0.12810285958810613,0.125823038452761,0.12303009599264812,0.12174385919907439,0.12054169144595767,0.11985912732232991,0.11966867638087397,0.12400694140338042,0.12867542512690686,0.14331164514216976,0.14054751698990683,,,,,0.12982326894895832,0.13821821366273274,0.1504011793562055,0.13524153061002567,0.1320773040360142,0.1346244085438077,0.13532800883165721,0.13339109302260574,0.13234664484391806,0.1355514618110434,0.13660281487065273,0.1389738275391808,0.1460672344057504,0.14780747869181737,0.15052924476225793,0.1499561777159783,0.1548718036907222,0.1533278835892879,0.15056649188819918,0.15251759553714192,0.15639004559584474,0.1614174262184931,0.16190741084146965,0.1630067575179439,0.17112062661572464,0.17313632642128335,0.16934987063858262,0.16769207141472436,0.17402827614332742,0.1760174653393375,0.17235599565147638,0.1702163952865892,0.17295161940459744,0.17657992797682168,0.17399250000146294,0.1659293745899703,0.14643123132863967,0.11903909838231269,0.2701103398262141,0.14807417369192735,0.11859134359780281
stat_23,0.13791522915018245,0.13922726164386656,0.13825095792410477,0.13673976437672533,0.13651103868576653,0.13656381273197074,0.13574384391012734,0.1336163825746698,0.1333919045225296,0.13179938152252874,0.13165595303535518,0.13146303215356733,0.12856946260253857,0.1291561245103712,0.126567777407992,0.12322016976886471,0.11979472183837366,0.1175377980645715,0.1164477276538342,0.11838958591667786,0.11674922522818258,0.11497907413407836,0.11340093635479921,0.11334524914251347,0.11386432560707262,0.10943785938460064,0.10519282665929244,0.10500960827707684,0.10300411701491921,0.10113620355312714,0.09885535536906603,0.10075824898788276,0.09980403418418932,0.10254797503506886,0.10239272982901257,0.10832443167181093,0.12165872107273187,0.12511103614793587,0.1229575733012618,,0.11523098632638061,0.12157839779401139,0.12598878930137022,0.12054153923300166,0.12231385768762068,0.13315279179412265,0.1282540744129988,0.11578106539082851,0.11529785687852474,0.11198111446027292,0.11017336014500731,0.10603155581213426,0.10881245504030997,0.1096922067873636,0.11160653023459505,0.1174327208786986,0.124423003643992,0.1234116473936222,0.12794458902024913,0.13208296391145768,0.13066904008841368,0.12501221955213507,0.12671840466083148,0.13001667055824506,0.1342364545078731,0.13475418784101606,0.13263101468452976,0.13907171674143853,0.13765524005724203,0.13463672180647504,0.13327017553851492,0.13829612387936996,0.13996559150010257,0.13721539631614824,0.13574276648662204,0.13794404758575396,0.14077522268955392,0.13867282867188388,0.1320007206809127,0.11650485242013782,0.09758547273070398,0.2178512250790822,0.1194355785498203,0.0939798298093599
stat_24,0.18049444837881012,0.18222745869167203,0.1808911813991264,0.1788863704952357,0.17869742595206145,0.1788580547874551,0.17785476836463013,0.17503645287425512,0.17471219833926685,0.17254301018431722,0.1685905871446479,0.16834115904873645,0.1645849725540363,0.16152078055051663,0.15831916244439803,0.15416690095321195,0.14988096853733546,0.14708079021293965,0.14572997982774438,0.1444705398536151,0.14895214404561669,0.14667974038597342,0.14458798365322967,0.14450763588720977,0.14124356332587776,0.1358207693576758,0.1306257744703496,0.1304039769198135,0.1279720625377796,0.12569258993022672,0.12291125012127375,0.1216341793419887,0.1204257350174379,0.11974552922156233,0.11955241372574306,0.12394276088842082,0.12852942489147196,0.13308499984987635,0.1307283835475431,,,0.13347955996418132,0.11676451333542165,0.12044783799873376,0.12941909963774786,0.14081490522338577,0.13508708023213903,0.1320027695943969,0.1344885006329162,0.13519973104886052,0.13328015725259057,0.13223145509448514,0.13542019937771194,0.1364721351530642,0.1388346735611202,0.1459198298061648,0.1542947974899626,0.1570617358626924,0.1628347249580711,0.16825800243238528,0.15953176832292726,0.15670071973399347,0.15871981338348545,0.16272562399944954,0.16795995179238754,0.16846840288582876,0.16961430607651262,0.17806658128881714,0.1801589846284649,0.17623206661328042,0.1745149450220756,0.1811028701625145,0.18319660824211464,0.17940425030246424,0.17716079409397884,0.18000403470509257,0.1837815197961722,0.18110252851796724,0.17268451144770194,0.1523785721961448,0.12348383165838664,0.2807594219754836,0.1533123654042724,0.12333172856947289
stat_25,0.1378934624944707,0.13920454467289636,0.13822886946173324,0.1367153018600219,0.13648310731683116,0.13653029345400208,0.135708907489145,0.13358180586244803,0.1333539408241128,0.1317603890496107,0.12876961205088558,0.12858153334085926,0.12576282045509116,0.12338311661060672,0.12088803947328766,0.117679220481958,0.11441560512919072,0.11226565689439781,0.11122350513206208,0.11018953874820175,0.10865242473577708,0.10945596463609958,0.1079426560014891,0.10788896856809639,0.10542957929813905,0.10134068839784455,0.09974486699206815,0.09957000403232955,0.09765356460914365,0.09588714798188717,0.09372671253716196,0.09522521655243975,0.09434306679873466,0.09649752181368483,0.09635783377562245,0.0950488128773618,0.09600927430585503,0.09985012579884626,0.10198879922246239,0.1075772046734027,0.09695502208419908,0.10527264787855556,0.09847529832631333,0.09740676062702745,0.10254188080588067,0.10779986153259595,0.10196983360082977,0.1017047723094678,0.10847966436802954,0.1057907952614638,0.10403288890563951,0.10042767831448791,0.10307777708925579,0.10391709249598266,0.10575684809467124,0.10865563182812679,0.11514278315017658,0.11743948887474256,0.12174955280184831,0.12282921556173548,0.12150734333940351,0.11932522681786879,0.12098195157879016,0.12415506945172426,0.1282060334624808,0.1287547444712717,0.1297627972592712,0.13603250185182447,0.13761707452127328,0.1346025675438792,0.13323958825370927,0.13826255796880535,0.13993630446761557,0.1371984279522903,0.1357312171915314,0.1379318806844879,0.14076000991679757,0.13866105450714647,0.13196859700517372,0.11647292001104619,0.0975844178926615,0.21782597449074836,0.11938509989491895,0.09395470081523405
stat_26,0.14439202996521885,0.14576997707074763,0.14473561052165188,0.14677474482513644,0.14657252179384903,0.15069193239629775,0.14984590829080235,0.15183258195600202,0.15641188190127306,0.15449441604420425,0.15096612315514382,0.15074261046027987,0.14738141768902163,0.14961451230420594,0.15218990999542473,0.1543819245781711,0.1501120849146123,0.14730652670613242,0.1459524267912328,0.14468844174066942,0.1427039048797551,0.14053496094534554,0.14490318382434506,0.14482250918288544,0.1415952046618602,0.1510333245080915,0.1550057617222454,0.15474668081242848,0.1637855861498439,0.16101090816294936,0.1576591552554914,0.15611611412368925,0.1544495318079061,0.15342968370748608,0.1531630430446521,0.15084412065850414,0.1476584886961597,0.1562520007136356,,,,,,,,0.1620894116560235,0.1536316725296174,0.15903634784643939,0.17115115154265276,0.1730043824070196,0.17120853151035584,0.16974023873034377,0.17297986062006265,0.17431416335629157,0.16476864271341884,0.16226229992785393,0.1546607767459717,0.15739399552145086,0.1561459078549744,0.16130485844866718,0.15976264611816407,0.15692712918214904,0.1589549550752868,0.16294990195545322,0.16144613799373153,0.15605147562209226,0.15191523523466335,0.15943854330034743,0.16130791230185149,0.15776949551103783,0.15137626257707257,0.15260724686557864,0.15437422477723275,0.14723678205229185,0.14555471247727642,0.1443099323791617,0.14729026348561414,0.1450989913889391,0.13499803547797862,0.11914959359043212,0.09944302001168805,0.2224154285762864,0.12208356951516108,0.09619406958019591
stat_27,0.13794653544713145,0.13925858304945665,0.13828238214562816,0.13676997474494598,0.13653969768121427,0.13658867355863963,0.1357661246177195,0.13363818842893727,0.13341318085087692,0.13182027174010572,0.12883206121817004,0.12864383086888098,0.12582321051026216,0.12344184709965167,0.1209461094776589,0.1177356981582657,0.11447742390577172,0.11232507268297752,0.11128198118502504,0.11024757709470447,0.11120671284739676,0.10951714387206743,0.10800712954699657,0.11055828391021315,0.11082615504127379,0.10652020732755768,0.10237729179310913,0.10219820885997659,0.10024182991230536,0.10107302746684196,0.09879487384112454,0.09777500282973864,0.10299705030467056,0.10602048360176894,0.10989336624233019,0.10837423436791271,0.10634866689644522,0.10353267755930043,0.1061041733069222,,0.11523098632638061,0.1052630557825296,0.10362948209615021,0.09729119229840376,0.10650260216538972,0.11161618870827072,0.11271296702670912,0.11584055537838554,0.12372938882106997,0.11559012657424612,0.10687660363509592,0.10597882433663917,0.10875365515198383,0.10670283785981546,0.1085759147756145,0.11426649787621239,0.1210818951979701,0.12036061766546405,0.1218185084927689,0.1257516450622179,0.12156831365904582,0.11938238339919542,0.12104273294805251,0.12421341135921281,0.12826602745343446,0.1288154386878128,0.12982385974257513,0.1360965015775264,0.1376783437738361,0.13466041868441764,0.1332938787134987,0.1383201934955053,0.13999335805484442,0.13724832242117524,0.1357775368384617,0.13797943389146675,0.1408103831531688,0.13870825160481828,0.13202867499124568,0.1165285208582134,0.09761461167626352,0.2179111675134585,0.11943495472343636,0.09399037692286834
stat_28,0.14811243004897784,0.1495277198699059,0.14846080900929304,0.1468359137791078,0.14663143872405882,0.1467322056219307,0.14589662225324077,0.1436016379864059,0.14335127431394626,0.14161616706396696,0.13838768051288772,0.13818399297830142,0.1351274876935883,0.13259798814287654,0.12995019621941187,0.12651763330619306,0.1230006047730989,0.1206868199389694,0.11956852015573231,0.1184947091516671,0.1168627784030735,0.11509343222194376,0.11350765679776961,0.11345317334998445,0.11086532470856257,0.1065632915439974,0.10242783055814676,0.10224873035446981,0.1002926816936829,0.09848958528861382,0.09628048564033023,0.09530551406912371,0.09442627644702546,0.09398015131525886,0.09385069107117877,0.09520540686994236,0.09346466010590668,0.09108062134309525,0.089781144125913,0.07803224505346974,0.07747349041886147,0.07539939390391748,0.07697571434827435,0.07968657537461168,0.09065734429263268,0.09863199561058161,0.09929000268295081,0.10186276579886187,0.10562831719858247,0.10587760853128594,0.10410964234116193,0.10319960603026948,0.10590629807554539,0.10675483656961927,0.10862982392239191,0.11431328003819435,0.12112043070037956,0.12351453454618236,0.12805070135999178,0.13219190917010223,0.13077219448185284,0.12839269502868203,0.1301291666375173,0.13350227238150097,0.1378278968466267,0.13833678268404204,0.13935031546392965,0.14617000663658256,0.14788276771487205,0.1446384124199829,0.1431930812289805,0.1485997005743817,0.15033720051069643,0.1473019104181392,0.14562211868914637,0.1479750550273797,0.151039559655605,0.14879788865038412,0.1417616207958372,0.12511788834616872,0.10364838117300966,0.23273193118350743,0.12800512218023163,0.10117558666323659
stat_29,0.13793014390829883,0.13924151696069614,0.13826575263754592,0.136751715580811,0.13651902144853983,0.13656535630450373,0.13574246578348356,0.13361484105911575,0.1333868471317901,0.13179319254951816,0.12880178808489057,0.12861368950192809,0.12579363306424104,0.12341260172631079,0.12091472658899553,0.11770449546930582,0.11443989005756584,0.11487174010134482,0.11656829325494152,0.11550839877035707,0.11390460801809052,0.11217467971916092,0.11062293051965968,0.11056769729678272,0.11087340493131706,0.10656365054332903,0.10523927927423764,0.10505589396658041,0.10304560085412584,0.10117583086356283,0.10516015484564746,0.10774897365495222,0.1067253432872963,0.10615700770998579,0.10599548357486646,0.10454405362345784,0.12877788424208883,0.12511103614793587,0.13081617851833865,,0.11506069728334359,0.13368830549977598,0.12618988912376178,0.12054153923300166,0.1294938133101889,0.13315279179412265,0.13532362013750646,0.11179962865045003,0.11935118729764857,0.11978747611990762,0.11790422510927397,0.11290042234282877,0.10885051165661556,0.10973202031985611,0.11165148080209557,0.114312571682719,0.12113171911858796,0.12036871701535158,0.1247945030974674,0.12882905439780445,0.12744582211068842,0.1251335330430209,0.1210066415690963,0.12418140680543788,0.1282342480738974,0.1287860083373487,0.129795467840522,0.13606690598643775,0.13765183333339465,0.13463670679344092,0.13327326874529846,0.13829746858687642,0.13997295568192186,0.1372353001112931,0.1357682621781759,0.1379696709425441,0.14079847797297837,0.13869877905447187,0.1320038837798162,0.1165040281388279,0.09761223550009121,0.21788967877249213,0.11939817032575556,0.09397171209579283
stat_30,0.13513372537443955,0.13641637099269574,0.13546643122541452,0.1339835931274921,0.13374152635972475,0.13377107492891813,0.13294873970389867,0.13086808439508862,0.1306468450636541,0.12909370027676104,0.1261687073904214,0.1259849886158988,0.12323216240743882,0.120891013616873,0.11843240884157392,0.11528169675321812,0.11208830074437544,0.10998311848521714,0.10896149143825334,0.10793421992969111,0.10642032543314743,0.10479628546906748,0.10333277565771215,0.10327978963116399,0.1009343496208252,0.0970343475497107,0.09324924132478289,0.093083916860541,0.09128198251977736,0.08964212380833045,0.0876361257528107,0.08677477771054648,0.08599290901289033,0.08561921769619324,0.08550692342498847,0.08435564630747076,0.08463488525308145,0.08249175984841788,0.08310162864701931,0.07292230417811152,0.07287065715763127,0.07311141587486011,0.07473236568865674,0.0739175484040723,0.08403506943491021,0.08947754502289629,0.08993686544405985,0.09017937128813486,0.09611858120968467,0.09629116175652125,0.09461767501666458,0.09372298578315125,0.09620460187290542,0.09699705262002732,0.09875201165192486,0.10397269894363743,0.11017716588088138,0.11238069155544875,0.11650195337387637,0.12026491941188111,0.11897624833150232,0.11685526656962113,0.11849511827843684,0.1216172056579498,0.1255977322099763,0.12616617772707117,0.1271771866103046,0.13329297584123204,0.1348419533233883,0.13188979252522354,0.13054741393563857,0.1354658069255931,0.13712688951742086,0.13447273142920138,0.13306679367787042,0.13522679540938662,0.13799061296769083,0.13592859203384272,0.12932521025199875,0.11413977118587026,0.09597775619144902,0.21385022925276143,0.11695870142676092,0.09196102477661473
stat_31,0.1733666859586994,0.17503158280565098,0.17375179931037774,0.1718341894882486,0.1716523116077789,0.17181530471181375,0.17087270615421815,0.16816768732455742,0.1678622569312354,0.16578670559732017,0.16198757823541884,0.16174766772797106,0.15813708040891306,0.15519858338174894,0.15212797723691499,0.14813708884206853,0.14401285383787224,0.14131059564325424,0.14001096556065348,0.13879918601200267,0.14255536881336517,0.14038868061195847,0.13841540580045894,0.13834168328400132,0.13520184063866786,0.1299856931405261,0.1250003304898338,0.12478695249723534,0.122448589428105,0.12575640458583476,0.12297104124937086,0.12801462479648243,0.12673650206530604,0.1333825289980708,0.13315805038420664,0.14012715733653192,0.1373049776244882,0.15627383967226258,0.15300120761842098,,,0.13369252442023927,0.13800031758340225,0.14155760835423903,0.14905719542741472,0.16210941297183484,0.14368275131105665,0.14840436330373852,0.14948126619086297,0.1422557399981608,0.14030897006684329,0.1322890036756234,0.1354830699139306,0.1305679423773114,0.1328200993052407,0.13962939646439493,0.1477327626564882,0.15045667773035112,0.15598861186670765,0.16114252680861751,0.15328452286561972,0.15052928804736918,0.1524850955976318,0.15635489309543132,0.161382160383885,0.1618737454350757,0.16297458426715242,0.17108397227869176,0.17309854597776544,0.16931477376794327,0.16765675841590216,0.17399058557291452,0.1759773534354956,0.17232510252230968,0.17019009006531594,0.17292483077743592,0.17655058322524486,0.17396546402152505,0.1658896526378513,0.14639398998919478,0.11903137288694775,0.27007221854104124,0.1480200905674659,0.11855600994277647
stat_32,0.15652007019053826,0.15802014149502777,0.1568795812896647,0.1551597801663916,0.15497267839099763,0.16002198867728468,0.16461432619937785,0.16201082781778653,0.16171634276015273,0.15972404623284042,0.15606501210686619,0.15583382476051727,0.15235580408894694,0.1495232005398071,0.1520851243388569,0.14809502656342274,0.14993343465231085,0.15384486513460444,0.1524357005806477,0.1511126088488116,0.14902606487133363,0.146764586776962,0.144676741337563,0.14460213965234636,0.1484482687310027,0.15108440954319843,0.15503250830611,0.15477334694957068,0.16382840812148752,0.16106338104730467,0.19373344723154573,0.19206378479869093,0.1898588062150267,,,,,,,,,,,,,,,,,0.2116357719788972,0.21048760999908844,0.2083122284681558,0.17303102143964547,0.17435594754367334,0.1647951354286311,0.16231777307496595,0.16209606831659007,0.15716915916507682,0.16293676062705034,0.16834876871092194,0.1668298382983357,0.16392367512446648,0.15877487635085907,0.15631114086529363,0.16133666910807098,0.15595659659982078,0.1570264994062947,0.16482510571605918,0.16676674651631654,0.16311482154079926,0.16151508888596647,0.16761928028418352,0.16390652379895657,0.15562005355463923,0.15377377995128572,0.1562535022917745,0.15950961038221367,0.15715195847554342,0.14980834936151824,0.1322182969908882,0.10868756079406325,0.245053718809083,0.13493356206973822,0.10706421865845715
stat_33,0.13511658668476717,0.13639936548510906,0.13544930923821671,0.13396744332335722,0.13372687228020647,0.13375871843712683,0.13293961400284124,0.13085888870212536,0.1306411103022708,0.12908856842352556,0.12616733330045157,0.1259835514412936,0.12323135691101292,0.12345315415634547,0.12095795518361435,0.11774737874478253,0.11985086880844044,0.12060266175242144,0.11948494858492248,0.1184108877101258,0.1167723392180869,0.11500297087658082,0.11342247702629846,0.11336877855877887,0.11077953476356761,0.10647099501285466,0.10233801526648291,0.10215916981131039,0.10020993734379181,0.09840167320028495,0.09882143761395815,0.09780368517578954,0.10299894913384428,0.10245740013695064,0.10230672936438164,0.10838888743364969,0.10637884094287654,0.11271941902855921,0.11092443243356795,,0.11498958411731962,0.11228119047645117,0.10353446630176837,0.10177880935329264,0.11109418400439441,0.12094637337600822,0.11275554572959352,0.11586424479171273,0.11521133408615965,0.11559352335686775,0.10690371524057714,0.10600236848327733,0.10582437039749425,0.10667665218202527,0.10854205079074222,0.11422057265969968,0.12103420919001305,0.12343175667034836,0.12796362438420072,0.1321022157632275,0.13068829990592204,0.12830828424391458,0.1267755119616187,0.12422554082552528,0.1282783440236862,0.12882714004316595,0.12717471670473418,0.13328986875867985,0.1348353261419866,0.13188191010380748,0.13053641769374336,0.13545542493098828,0.13711204675814254,0.13445362053889146,0.13304580136640903,0.1352057666413795,0.13797019667026458,0.1359073699274347,0.12931271159198282,0.11413010320618651,0.0959604983112762,0.21381799272142615,0.11696509517691249,0.09195670053901808
stat_34,0.1564894600030824,0.1579890947093624,0.15684881047245766,0.1551288249802314,0.15494111395765908,0.1550744018489923,0.15421258593448686,0.15178012225857185,0.15150913669519295,0.14965835298724,0.15087219952763053,0.1506488755626668,0.15237211520894867,0.1551819201714966,0.15211100759544188,0.14811733502346583,0.15680684947810009,0.1538884584200001,0.1524789284592756,0.15887043415337124,0.1566572888644708,0.15425823341015402,0.15202282583214913,0.15193599312111314,0.14852720561442892,0.15117854093836572,0.16734650846910576,0.16706842173945174,0.1794706285667269,0.1973551164881328,0.1936465394431151,,,,,,,,,,,,,,,,,,,,,0.20822876292363626,0.2107323566350489,0.19066324387260064,0.17782753580542562,0.16241378204491583,0.1621786190229782,0.1649869584734643,0.17103726424422708,0.1767874448805771,0.17531581590365744,0.16396807800402305,0.16606923791628936,0.15633436666147713,0.16136374258149214,0.161854998606571,0.15704301597106282,0.15934112326820912,0.15626454695425784,0.1528365506719257,0.15132516499056492,0.15704326997708773,0.15885090974060645,0.1555905472185714,0.15374556863946637,0.15622466074011637,0.1594796110675693,0.1571231188905044,0.14978052337134787,0.13219304705869994,0.10867150139926636,0.24501238627608504,0.13490924972102664,0.10704621345966475
stat_35,0.1894677355716297,0.19128695860063813,0.18988194334821606,0.18777679464322378,0.18757811807044422,0.18773762499371927,0.19617727781922575,0.19307055390729785,0.1927086213952554,0.1903058901925931,0.18595734255403898,0.18568391437222537,0.18156284387792898,0.17816826780266523,0.18467795786845193,0.19182239933742912,0.18658335012550525,0.18318105044032665,0.18152826717781123,0.17985647458676338,0.1772689647761406,0.1745074119748116,0.1850504146606573,0.1849065401920114,0.180952595809739,0.1905123190142245,0.20508120853647496,0.20474645546184184,0.20092947275706224,0.19778211664300688,0.19406426068905414,0.19239513178208154,0.19020951115510387,0.18869253497553604,0.18833035206844392,0.18520690913413845,0.1806037042342934,,,,,,,,,,0.183808611677624,0.19177061565032033,0.20808016490790265,0.21200222893049825,0.2108264069981863,0.208636031246375,0.21113675067432391,0.21280798773901866,0.21754246838220137,0.20437752209579096,0.19688660708467273,0.19959499306805217,0.19261373297154738,0.1992933592108951,0.1980785521130093,0.1950663237674757,0.19758603763858723,0.20246632612940285,0.19596371631057682,0.18585356372897335,0.18713447830133717,0.1964468453303169,0.19874016402174996,0.19444059738765976,0.1925488111566497,0.19979496756732218,0.19230066081459876,0.18831897217707064,0.18594062559864588,0.18891966322738388,0.1928916081091713,0.1900839847681043,0.17331647956728982,0.15294509031637735,0.12388241878532524,0.2817516710384821,0.15373251291773443,0.12371586556793462
stat_36,0.18112938305272133,0.1828700297199055,0.18152909518013424,0.17952758169445293,0.1793438624569344,0.1795199454116142,0.17852710280918385,0.17570381002376825,0.1753844028628955,0.1732133557724494,0.16924799975735788,0.16899751072417907,0.16522674457520947,0.1621630046449435,0.15894642239720227,0.15477428254022302,0.15047804291041003,0.14765826919384947,0.1463008402354448,0.14502997829167244,0.14302547960729686,0.14085924719077098,0.13888432203683682,0.13881410038000017,0.1356640141915935,0.13043336739315078,0.1311628081432331,0.13093931000210093,0.12848263824160117,0.12618203310394982,0.12970523645158866,0.12835853482644446,0.12708375035491368,0.126335025552976,0.12612655428435676,0.12440726578135736,0.14839329696688647,0.15645970122665806,0.153174724206178,,,0.1336051423852101,0.12610827795777108,0.1298085298090839,0.14919978856611185,0.16226437744303862,0.15432195938145868,0.13248999490575195,0.14175791533093726,0.14262985190333463,0.14065574034582207,0.13953970022276124,0.1358983488728772,0.1369695872690353,0.1393639710386132,0.14008352215493955,0.14821657400348323,0.1509537572520695,0.156491590216367,0.161654927028704,0.16012599594217974,0.1572874914873403,0.1593323456206052,0.16336048667059735,0.16861916619912679,0.16913840108856731,0.17027504638234922,0.17875580058978835,0.1808563509663591,0.1769068570918567,0.17517581399124976,0.18178816161737982,0.1838669334671224,0.18002932786842527,0.17776773757126502,0.18061926791267832,0.18441668819714904,0.18171837351501813,0.17331647956728982,0.15294509031637735,0.12388241878532524,0.2817516710384821,0.15373251291773443,0.12371586556793462
stat_37,0.1520032995960279,0.15345808534868774,0.15235627214755076,0.15068675667432932,0.15049226414331554,0.1506103324923337,0.14976400654681882,0.14740343669510053,0.1471423778058076,0.14535225085724876,0.14203272540211212,0.1418231297877111,0.1386752087381171,0.1360827163709253,0.13337657142601203,0.1298618876014806,0.12624499901450387,0.12386945899988945,0.12272331634332587,0.1216343977038093,0.11996527253670272,0.11815395384521118,0.11653454265053599,0.11647831826754311,0.1138187580555768,0.10939618327682606,0.10515629421093325,0.10497319750759322,0.10298284474676409,0.10113907306128496,0.09887672670524245,0.09787304818760263,0.09694823209175985,0.09649492122116332,0.09636417578100753,0.09504561787911654,0.09328849608701023,0.09350761946562666,0.09212946293994291,0.08313076917294895,0.08482735095089032,0.07999408075971684,0.08123125913426492,0.08416009895026501,0.0929808683145575,0.10122101901219827,0.09913008955681626,0.10171548470231291,0.10849430812525689,0.10874536160952826,0.106965158989632,0.10604669362344593,0.10881347247664452,0.10967128912795687,0.11157098984172052,0.11739106277799335,0.12437582223428315,0.1268235570252093,0.1314806287897989,0.13573353940751384,0.13428005389196085,0.1318271418599662,0.13359060465213426,0.13704043291066412,0.1414672479906879,0.14196011500042302,0.1429820183035903,0.1500127164882735,0.15177454735251983,0.14844437799071308,0.14697027035827687,0.1525234167843119,0.15429177389295667,0.1511486459066814,0.1493887535375845,0.15180038938804885,0.1549540608293578,0.15265967583891726,0.14548833375274264,0.1284064242908958,0.10595986216410648,0.23840290146645388,0.13128264929707278,0.10393442763622832
stat_38,0.19860341548602586,0.2005060326910159,0.19903233279451196,0.19680003470847326,0.19657244781860336,0.1966990683430981,0.19552783272989013,0.19242521598468829,0.19206518941553674,0.1896643291649257,0.18532512547448557,0.18505256044868093,0.1809440174203691,0.1775492168973433,0.17399149530770766,0.16942722807311947,0.16473835965528574,0.1616810549200776,0.16020602203496467,0.1588038669208701,0.15659140918867692,0.16308045414940125,0.1606477924987052,0.16054483266865158,0.15698218735177996,0.15105770242043132,0.14534365086671985,0.14509923536745767,0.14241000798996406,0.13991951193641095,0.13688274351636043,0.13548126058418095,0.1341126090810983,0.13330098824957506,0.13307928182192386,0.15081845342349282,0.18003367323633745,0.1736565821471919,0.1695551848961343,,,,0.13774421245403473,0.1413714734403522,0.1629464990504827,0.17710852664574228,0.18331718810705305,0.15901207734231085,0.14939506049256793,0.15048113680143074,0.148536382087957,0.14734857615961894,0.15064466970037782,0.1518027316097978,0.15450426634452244,0.1622856774947139,0.17128872461155978,0.17410667529403964,0.18049050664254948,0.17671546740671842,0.17524453344140556,0.17227544795581773,0.17448227570698113,0.17884086155856463,0.18461194701944103,0.1852051219374127,0.18649246814490594,0.19578075803627776,0.1980696404554098,0.19378931450575496,0.1919050617503157,0.1991296105030133,0.20151587747836247,0.19741431447950952,0.19492638033729096,0.19804759027215663,0.20220125750960005,0.1992858256684999,0.18989828102838166,0.16753029282490572,0.1349590455911473,0.3081176698871267,0.166123631728971,0.13520942638570096
stat_39,0.15217037415167065,0.15362713209066564,0.15252423867436452,0.15085618812779292,0.15066277524496113,0.1507855720388523,0.1499435733658877,0.14758254278991675,0.1473237245232856,0.14553343504144298,0.14221103038282082,0.14200116159293893,0.13884925770664583,0.13625833041850027,0.13354498761172512,0.13002302138029426,0.1264050769300627,0.1240214515062851,0.12287297570133367,0.12177835884026894,0.12009504506934918,0.11827711501318779,0.11665096814942334,0.11659425552386718,0.11392651725720201,0.10949677724050483,0.10525112828427194,0.10506772906658049,0.1030627419842831,0.10119378299541322,0.09890831444588928,0.09788890880210528,0.09698064947820802,0.0965010983762854,0.09635922048204046,0.0950717291541797,0.09602374511373409,0.09354370154072823,0.09218363818372999,0.08344945150180619,0.07950765300366291,0.08013618903721174,0.08129317030184337,0.08175052683771393,0.09303261958497912,0.10125333492900723,0.10199559697434979,0.10173788609932775,0.10848602606934661,0.10878117662853813,0.10698631041890755,0.1060821381053732,0.10886853820061788,0.10974923680898979,0.11166402700346002,0.11749267497784227,0.124487608921475,0.1269442936530563,0.13160986548537482,0.13587302359971115,0.13443096213081718,0.13197922317435962,0.1337536707848445,0.1372084819149626,0.14164400508658198,0.14214361653829835,0.14316177676107028,0.15019978613613785,0.15196327883658664,0.14862691451674193,0.1471479878454252,0.15270692329105828,0.15446966919059882,0.15131393972052437,0.14954970461146525,0.15196316634837262,0.15512204273672758,0.1528223426833634,0.14565381020927215,0.1285547640851308,0.10606704979827963,0.2386683135681586,0.13138172054822425,0.10402903974369491
stat_40,0.12770087747258738,0.128906244290873,0.1280256988726347,0.12662194356843487,0.12635043001518287,0.1263279510235815,0.12550151890043937,0.1235447968653133,0.12334264934930603,0.12189620632355755,0.11915103227642859,0.1189791419013953,0.11640714093045712,0.11416850713099379,0.11181181682058537,0.10882049769183923,0.1058222218347599,0.10383999088335553,0.10287432139500298,0.10186741500372053,0.10041693110537472,0.09887254184088248,0.09747564143298725,0.09742195087029704,0.0969418619383967,0.09320707837894977,0.08956458468273146,0.0894048837442949,0.08766023811533455,0.08608631318925981,0.08416531780973684,0.08334949457046088,0.0858976995687987,0.08551964231429271,0.0854109022113947,0.08424478833813624,0.08264766270341996,0.08052713927178135,0.08104650258891628,0.08017370692943628,0.07735089469068003,0.07314447645263102,0.06966373678754574,0.07215367896965914,0.08199132244768198,0.08737621459009727,0.08782922920671059,0.09006667463503396,0.09601731089734639,0.09619187350045373,0.09080956997939874,0.08992090895343595,0.09229969154290286,0.09307093979250176,0.0947860921781532,0.09981754144533213,0.10576787494347945,0.10593788069891685,0.1098130933881236,0.11336676663228999,0.11217123328347202,0.11021555504185575,0.11180510976363685,0.11477972090797528,0.11856786596758323,0.11918398035685157,0.1202050896977789,0.12590371176083628,0.12735340310204857,0.12457260288847004,0.12328507727449044,0.12792047287990363,0.12955230174761712,0.1271349859774734,0.12589836864422171,0.12794894700313758,0.130536856124341,0.1285783060410715,0.1221929830819024,0.10784066094536274,0.09166274017447294,0.20313917467322512,0.11039820534499929,0.08659715077555809
stat_41,0.2676159993701137,0.2701051893687988,0.26820075804699806,0.26497783348188153,0.26425818616691604,0.2637438149005425,0.2614058074640032,0.25727111477927256,0.2567706608335589,0.25355539963922985,0.24788984455384241,0.24754666168725634,0.24236227744153335,0.23749558694206674,0.23227153343058496,0.22607227853235667,0.22005227221227738,0.2161973299704429,0.2142921773765422,0.2120909832873042,0.20883883800515024,0.20542651370578435,0.20185605653304511,0.20166745087962876,0.19750664463313217,0.1905813151406674,0.18362451258512555,0.18332143777079793,0.1799086547284478,0.197992811653965,0.19428105960151443,0.19262563402051514,,,,,,,,,,,,,,,,,,,0.21106418274229424,0.20885041745394536,0.21134051241528687,0.1910939073186773,0.19498865216153421,0.204454943407537,0.21440680412213833,0.21687392363905186,0.2247099942346041,0.23299147898540637,0.23257373172153822,0.22986711828605513,0.23290860431978247,0.2385700103455482,0.24658556077524282,0.2480743106862383,0.2503680409161449,0.262311137847729,0.26521299243915586,0.2598021642820952,0.2572202891196683,0.2666985763976323,0.2708765910581412,0.2664671849507187,0.2635590805813176,0.2677669066666452,0.2731853389024387,0.26944515855843515,0.2549715860091943,0.22462825559839966,0.18127491807271343,0.41586389707187055,0.20686269547789354,0.17704802510455941
stat_42,0.14100750290621314,0.14235071538156507,0.14134667291493966,0.13980011913546692,0.13957850639454294,0.1396455051917217,0.13882304865874093,0.13664467417998513,0.13641007925995985,0.13477305347869298,0.13170927859843978,0.13151633569661264,0.12862381987439372,0.12620011157084177,0.12366025948670233,0.12038293405319526,0.11704190631735538,0.11484112702211183,0.11377550470224387,0.11547834596905478,0.11387776803271596,0.11502978300192945,0.11345240237696168,0.11339784167113047,0.11080799409358563,0.10651064856266508,0.10237596538244055,0.10219698531807005,0.1002421132391168,0.1011377063334697,0.10181913821627003,0.10076738969867789,0.09982048773381465,0.0993164803338371,0.09917183256421838,0.10102899154141662,0.1064269730467341,0.10367402995511839,0.10634804797983126,0.10732477731685243,0.11484598231518472,0.13338518081625103,0.12591193933829095,0.0977334168685663,0.10676737001587379,0.11178061327840866,0.11280203895517019,0.10808491636627798,0.11167082501571922,0.11199871750270235,0.11018374517871127,0.10926695137563262,0.10881479581091545,0.10670748307194183,0.10857881613329935,0.11426040255634903,0.12106406036040122,0.12346234568593122,0.12799225748732596,0.1288014236298719,0.12741558018102794,0.12210117338897693,0.12378142236320998,0.1270148476089216,0.1311490922263923,0.13168239175923663,0.13268888276016297,0.13912909779080096,0.14075322692089107,0.13766727742388893,0.13627943308972645,0.1414202294158125,0.14310914017776624,0.14027478164127424,0.1387395285231397,0.14098631024728556,0.1438875759797526,0.14174459131792794,0.1349565614543058,0.11911177429327381,0.0994155101797004,0.22234674091695728,0.12206126544618365,0.09617449573917748
stat_43,0.1409711566277609,0.14231397936882226,0.14131018899819822,0.13976367693314798,0.13954196656053802,0.13960832435779555,0.13878224752823537,0.1366042349053304,0.136369356366424,0.13473253809135,0.13166931779604865,0.1314764366585904,0.1285843623672587,0.12615898148248658,0.12361974641858407,0.12034425225978428,0.11700291241710263,0.11480019229069986,0.11373516962767875,0.11268953546510993,0.11112158892483653,0.10943421797236659,0.10792128513549089,0.1078687728230206,0.10540981975411623,0.1013167259348777,0.0973741089228147,0.09720279306025549,0.09533346439116323,0.0936189836121037,0.09151957902202995,0.09060547931525233,0.0897692453039225,0.08936004241425541,0.08924063010064436,0.0880231096034462,0.08636655185455382,0.08414781844143093,0.08944252980499066,0.08008707816601782,0.08486983605027,0.08262622539260281,0.08103328747001505,0.08161231016519453,0.09032569264304197,0.09126122831591084,0.09178792870030536,0.0941512501206961,0.10038803111312504,0.10059679723485127,0.09889523310491542,0.09800011715987296,0.10058674520433798,0.10140277881659313,0.10320497732371085,0.10863145806731098,0.11512214205433774,0.11741846968076698,0.1217264999992324,0.1256559950941416,0.12430408584338086,0.12205956549187119,0.12374120746068056,0.12697435573102978,0.13110644273539046,0.1316394830965436,0.13264821696927978,0.13908709831051058,0.14071100994717475,0.13762629164211615,0.13623926708434542,0.14137861075114755,0.1430712140864605,0.14023874873471276,0.13870422695606854,0.1409505308965859,0.14385083677355107,0.14170869901360836,0.1349206080484364,0.1190797795604866,0.0993922515936007,0.2222896950144905,0.12203857580317504,0.09615260717897005
stat_44,0.13798408874393936,0.1392962086334972,0.13831999922561458,0.1368065753955484,0.13657478423841807,0.13662294410314335,0.13580079503431114,0.13367272361803212,0.13344500906704038,0.13185140902253667,0.12885901064022875,0.12867080352508226,0.12584949926846278,0.12346830177805879,0.12096954818951446,0.11775722684716991,0.11449193738878401,0.11234012736241221,0.11129706443293717,0.11026113322262168,0.10872245602365516,0.10706769891455443,0.10557992498213943,0.10552695341478642,0.10312754480744472,0.09913789062040668,0.09527587262468065,0.09510749775127812,0.09327545406831694,0.09159825328235464,0.08954990955995748,0.08866678670375297,0.08786505689067942,0.08747657163192735,0.08736056257616995,0.0861894769300163,0.08459089990505163,0.08245477114801748,0.0812919062717298,0.07107794893932183,0.07125866835378056,0.06818450506641836,0.07143011255517816,0.07244029432694349,0.08225171247787005,0.08945866014462543,0.08990519064937431,0.09217116718759362,0.09824014025686584,0.09842259811649166,0.09672241993771492,0.09582155484458472,0.0983541512727832,0.09915924752248054,0.10093496134725713,0.10625763115962242,0.1125990728641917,0.11484758700809582,0.11906042252499875,0.12290430829666955,0.12158188469007178,0.11939951532066263,0.12105947146814071,0.12423635103096808,0.12829158117747386,0.1288439155752309,0.1298526048278933,0.13612645937695536,0.1377120581558347,0.13469455292302338,0.13333005726153976,0.13835666125492155,0.14003061475744497,0.1372877756314973,0.13581856739471454,0.13802075926321503,0.14085159461450952,0.13874982201741065,0.1320594761037935,0.11655436334417009,0.0976445590427081,0.2179736245236733,0.1194385187583477,0.09400538793100592
stat_45,0.13798408874393936,0.1392962086334972,0.13831999922561458,0.1368065753955484,0.13657478423841807,0.13662294410314335,0.13580079503431114,0.13367272361803212,0.13344500906704038,0.13185140902253667,0.12885901064022875,0.12867080352508226,0.12584949926846278,0.1262265422505786,0.1236836347558276,0.12040525422760613,0.11706268138866466,0.11486129149799258,0.11379551069337254,0.11274934762071752,0.11118337565223323,0.1094954313171844,0.10797945015975982,0.1106225887187386,0.10810366339233754,0.1066055171497197,0.10528871638044128,0.10510517938235513,0.10311125650246948,0.10422368492646764,0.10187990882830084,0.10406066977229705,0.10663459054298229,0.10608768919435753,0.11439028921292382,0.11282981054421193,0.11076379519992324,0.11273353998680402,0.12329166559710876,,,0.13353826628302246,0.137903513657762,0.12041879553406862,0.12265535196191522,0.12096483416163338,0.11724085871473922,0.1205018972724426,0.128748666492938,0.11968933068004807,0.11382520655661212,0.10932215061139969,0.11216567268178419,0.10979106455787394,0.11169817160785599,0.11435440670341902,0.11807934398245243,0.12042186745295892,0.1217903759598721,0.12572164468460287,0.12436597894634409,0.12212052254350607,0.12380210258783458,0.12703797169545655,0.13117367768701657,0.13171044666797932,0.1298526048278933,0.13612645937695536,0.1377120581558347,0.13469455292302338,0.13333005726153976,0.13835666125492155,0.14003061475744497,0.1372877756314973,0.13581856739471454,0.13802075926321503,0.14085159461450952,0.13874982201741065,0.1320594761037935,0.11655436334417009,0.0976445590427081,0.2179736245236733,0.1194385187583477,0.09400538793100592
stat_46,0.1410493785635808,0.14239292836567685,0.14138876814373907,0.13984167128728922,0.13961952796583463,0.1396855997261761,0.13886154438268186,0.1366825544437772,0.13644781147186677,0.1348106412404258,0.13174610921450622,0.13155314115782848,0.128658993506164,0.12623380249616728,0.12369080757376381,0.12041227648480461,0.11707002976420151,0.11486883986560055,0.11380289537861296,0.1127565854821895,0.11119017562208175,0.10950061602775539,0.10798556177489792,0.10793094232790329,0.10547112355781918,0.1013860189572061,0.09987708084610458,0.09970175767456897,0.0977875825018976,0.09602718815234246,0.09387209169793602,0.0929304511461729,0.09207923275334344,0.0916546758699673,0.09152948166807956,0.09030293183123607,0.08864909255557461,0.08641305232844358,0.08729467244211385,0.07742106066937514,0.07935098883753888,0.0773963516487256,0.07675796392710924,0.0775452446253817,0.08820220236160231,0.09368464159083491,0.0942081789492502,0.09660293073742335,0.10298702584455348,0.10321096953726534,0.10146584828733732,0.10055821105040978,0.1032069154575443,0.10404191947970484,0.10588353500236733,0.10870079495053665,0.11518586579520708,0.11748329769319601,0.12179556747931315,0.1257289954602894,0.12437393698768416,0.12212867620148872,0.12381011121138169,0.12704545603909911,0.13118139718268595,0.13171807138923455,0.13272609811143546,0.13916844209322876,0.1407930107042044,0.13770633999381357,0.13631798842494383,0.1414602119450278,0.14315098748404104,0.14031682625806394,0.1387817115966556,0.1410293410408076,0.14393138955341972,0.14178757477341616,0.13499680644867243,0.11914725548686544,0.09944687918335124,0.22241874454621868,0.12207718991301429,0.09619445738641365
stat_47,0.1568777823271252,0.1583819103900186,0.15723926752231188,0.1555211429220994,0.15533541483596763,0.1554764247168506,0.15461956263049118,0.15218332790704547,0.15191530950138823,0.15006424654130257,0.14663536942754654,0.14641861720516366,0.14316328940507958,0.14049878146602876,0.1377094859983585,0.1340806249951688,0.13034885819491887,0.12789137895906696,0.12670771184432378,0.12558738996253188,0.12385532865831408,0.12198139289499048,0.12030202691753507,0.12024473897430608,0.1254774789752487,0.13035012780241206,0.12533979467890466,0.1251252861550424,0.13502261637824034,0.1403226615238225,0.14648457428964648,0.15649057738612301,0.15482122402212337,0.16838043197285196,0.16807645697515997,,,,,,,,,,,,,,0.18699192078976803,0.1733965887586355,0.17158822092184867,0.15766810722747557,0.15103332891108875,0.1439274930655142,0.1331502701282721,0.13999565924773846,0.1371186658255487,0.13090160251868227,0.13571185980534334,0.14011864152152861,0.1386473603617065,0.13612056786376284,0.1379409701672525,0.14149481695821714,0.14606376336127416,0.14655909824432325,0.14758975502783664,0.15486708418970804,0.15668783146567714,0.15324626883698542,0.15172597788947992,0.15745971878536758,0.1592597675263104,0.15597412039361308,0.1541200686803441,0.1566046820284836,0.15987140808344208,0.1575026960602682,0.15016643836841334,0.13253888578455994,0.10892725493879686,0.2456389900374324,0.13513964290163116,0.10726454558926976
stat_48,0.1410819573150231,0.1424262174711796,0.1414216911101989,0.13987578917520385,0.13965534863800028,0.13972396704438503,0.13890231639448652,0.13672280811005658,0.13649192215958458,0.13485548008004195,0.13179438942790472,0.13160129006443053,0.12870548793354106,0.12627963389895322,0.12373689173596228,0.1204569398623221,0.11712076036867822,0.11491487198331703,0.11384808220158213,0.11279951378932743,0.1112284878790697,0.10954051780965225,0.10802666663831155,0.10797330514108348,0.10801065677958614,0.10381249265206254,0.0997781509888038,0.09960312879709182,0.09769792345429114,0.09594095452838829,0.09379033802337602,0.09284926355754125,0.09199890041343657,0.091573131594476,0.09144642202781463,0.09021173856261441,0.0885417648736641,0.08628232427506836,0.08506020107137902,0.06968128073482117,0.07133083207423639,0.07138743933437915,0.07480078944676222,0.07748183318354283,0.08600059078159714,0.09356035140633237,0.09410850976929373,0.09651768549209584,0.10290383948513564,0.10312794011819476,0.10138434975467493,0.10048067607649862,0.10312672438658393,0.10395750918349422,0.10578741975484504,0.11133632219695691,0.11798540111031314,0.11752968022678063,0.12184146914061345,0.12577308801760959,0.12441889111966067,0.12217212154592356,0.12385938226450176,0.12709140984025788,0.13122873370851101,0.13176527387478124,0.13277280050367207,0.1392175129324254,0.14083857485804738,0.13774891400197048,0.1363562532803327,0.14150106429607648,0.1431878068437402,0.14034676062400325,0.1388087146720922,0.1410571575981271,0.14396135840850774,0.1418150070994229,0.13503444415166807,0.11918264395006568,0.09946374861426152,0.22246975578295536,0.12211144857151263,0.09621642798198052
stat_49,0.14098162660147093,0.14232458720262944,0.14132071384953182,0.13977441961118295,0.13955285336060733,0.13961935758203756,0.13879712944844086,0.136619136093671,0.13638453856258761,0.13474773024715464,0.13168413343378002,0.13149122372937339,0.1285989089754967,0.1261724183766581,0.12363344768827962,0.12035779813317529,0.1170160061022122,0.11481497503078857,0.11374972830060082,0.11270563241768476,0.11114079045556846,0.1094531371696272,0.10794207770332774,0.1078900370802148,0.10543397063057906,0.1013464826540263,0.09740457794395062,0.09723311626378252,0.09536603476938746,0.09365694147366985,0.09156350807067057,0.09064989373290569,0.08982069579741667,0.08941569775962142,0.08929911200891484,0.08808463500965753,0.08852099271425538,0.08625208189513493,0.08500911404733537,0.07736220850820778,0.07684123917413187,0.07518565160644641,0.07676039422035069,0.07746703652601056,0.0859454780467893,0.09352565946522232,0.09408680507150614,0.09422189807747824,0.10045544524642108,0.10065130117009742,0.09893560711529675,0.09803696070306943,0.10062100656705343,0.10143241820184144,0.1032330120042682,0.1086604294176549,0.11514737955073437,0.11744135844947978,0.12174740540473035,0.1256775213729331,0.12432121248286482,0.12207432459802542,0.12375452167233486,0.1269884742393987,0.13112077161925365,0.13165344301063364,0.1326630828723654,0.13910250767190926,0.14072672055066637,0.13764138054202876,0.1362538777189553,0.1413937038250848,0.1430823063309357,0.14024909935507632,0.13871419945327818,0.14096053377531217,0.14386120798599503,0.14171870042710444,0.1349310652848062,0.11908921391058652,0.09939850618987721,0.22230569053425692,0.12204594633144021,0.09615894791497447
stat_50,0.14811243004897784,0.1495277198699059,0.14846080900929304,0.1468359137791078,0.14663143872405882,0.1467322056219307,0.14589662225324077,0.1436016379864059,0.14335127431394626,0.14161616706396696,0.13838768051288772,0.13818399297830142,0.1351274876935883,0.13259798814287654,0.12995019621941187,0.12651763330619306,0.1230006047730989,0.1206868199389694,0.11956852015573231,0.1184947091516671,0.1168627784030735,0.11509343222194376,0.11350765679776961,0.11345317334998445,0.11086532470856257,0.1065632915439974,0.10242783055814676,0.10224873035446981,0.1002926816936829,0.10119486410953701,0.10185422660196668,0.10080398288063076,0.09986000714088318,0.10253445836614576,0.10237902208120114,0.10455862809564058,0.1065253989220862,0.10800496771042721,0.10635631726989174,0.1075772046734027,0.10776024049603032,0.12157534146183537,0.1171957281487769,0.09750679752076721,0.10674105171037712,0.11616696343326428,0.11288194362111639,0.11180506817728594,0.1152807086414427,0.11203793471455223,0.11022265692404312,0.1093025082531153,0.10886715790965566,0.10675483656961927,0.10862982392239191,0.11431328003819435,0.12112043070037956,0.12351453454618236,0.12805070135999178,0.13219190917010223,0.13077219448185284,0.12839269502868203,0.1301291666375173,0.13350227238150097,0.1378278968466267,0.13833678268404204,0.13935031546392965,0.14617000663658256,0.14788276771487205,0.1446384124199829,0.1431930812289805,0.1485997005743817,0.15033720051069643,0.1473019104181392,0.14562211868914637,0.1479750550273797,0.151039559655605,0.14879788865038412,0.1417616207958372,0.12511788834616872,0.10364838117300966,0.23273193118350743,0.12800512218023163,0.10117558666323659
stat_51,0.14456718773447894,0.14594717031688065,0.14491172457868431,0.14332920075606975,0.14311872127575445,0.14320710993375493,0.14238154425139532,0.14014528271875323,0.13990736469595016,0.13822385536789333,0.13508235070512692,0.1348839194918591,0.13190867090370165,0.1294317181878265,0.12683637186596255,0.12347971382295866,0.12306135996284244,0.12074447162263546,0.11962545674900303,0.11855057806550937,0.12017540259962475,0.11835578764015355,0.11672825419073522,0.11667299087514782,0.11400975627438567,0.10958766978319179,0.10533884148797465,0.10515515370971669,0.10314893974882443,0.10427214213122162,0.1019200254453762,0.10407911735257963,0.10309588223801025,0.10256750278567846,0.10241218803063284,0.1085926000480038,0.11097000709200071,0.11271887235663632,0.12294321066214801,,0.11484598231518472,0.11209101126836966,0.10340394634391206,0.10693434515552808,0.12230074610582785,0.12092009409391437,0.11744047197821793,0.11605693549487131,0.1153184118132399,0.11569356600711164,0.11384620376752398,0.10936243445032968,0.11221413546992869,0.10982873095582488,0.11174797939813676,0.11758268688191303,0.12457105045691083,0.12702220358209634,0.1316874113370773,0.1359547527621256,0.13083150638290408,0.12845052356003034,0.13019077621901842,0.13028691199412956,0.13451855592592982,0.13504340154341427,0.13605300159168301,0.14268248444974788,0.1443469630409221,0.14117762711244813,0.13975582135222306,0.1450319246276635,0.14673824672741503,0.14379191285757795,0.14218068075471438,0.14448120144921897,0.14746686191814445,0.1452700889342993,0.13837889517622795,0.12213646665909976,0.10153592041679402,0.22756606793183792,0.1250327536105546,0.09866793347892472
stat_52,0.13518581397318383,0.13646933237263506,0.13551890641486955,0.13403695014746592,0.13379643264217664,0.1338286088490356,0.1330084157667771,0.13092693863947813,0.13070860063790649,0.12915595281611955,0.12623340305877134,0.1260495356140641,0.12598983582593126,0.12360675124990485,0.12110732022135731,0.11789082225720451,0.11462915936040281,0.11247395071636064,0.11142900054970452,0.11039197580694916,0.10885277529570807,0.10719643976601394,0.1107663639759274,0.11071412003625952,0.10819811254114924,0.10400599625081662,0.09995775300794779,0.09978198762287463,0.09787109676635199,0.09852691376243593,0.09631194302330356,0.09793197222255051,0.09702254561650553,0.09941458129391159,0.09926582282129395,0.10450542297112683,0.11086649576043842,0.11280779690495583,0.11102182023405914,0.1075772046734027,0.10161134294865658,0.11220892775562356,0.11681982028199524,0.12050710960765208,0.11117018673466719,0.12101091975449504,0.1173308656350844,0.11175600453002293,0.11176542886904231,0.10882257322833802,0.10703040844390076,0.10322815510162364,0.10594163404269241,0.10411480666454373,0.10595509354153525,0.11152513992909778,0.11817682104341455,0.12052014445503312,0.11919573969341934,0.12304398846383736,0.12171719670436132,0.11953085254999933,0.12119721265035409,0.12437515481246907,0.12843561480277008,0.1289885534869338,0.12999747412287962,0.13335953674683282,0.13490583408248905,0.131950397181051,0.13060442526516886,0.13552605715204866,0.13718355164899726,0.13452218911752212,0.13311322194028155,0.1352743585851426,0.13804067305431267,0.13597590450098326,0.12938147853156756,0.11419149681572692,0.09600747054067545,0.21393168818924108,0.11700333283575552,0.09199446936279922
stat_53,0.1444631353258988,0.14584268078789356,0.14480710798968796,0.1432268537357895,0.143019738512229,0.14311284614904385,0.14229270753603712,0.14005756264777014,0.13981968286714927,0.13813671046587567,0.1349953896029546,0.13479693883090244,0.13181961240821274,0.12934630989721838,0.1267542209196,0.12340018868246558,0.11997766581526284,0.11771705550843098,0.11662436844251074,0.11556580379762894,0.11396020664080092,0.11223115616431811,0.110693022957052,0.11063871181337724,0.10811969519409899,0.10393059940328417,0.09988608112503937,0.09971046594813134,0.09779613242491596,0.09602997132366987,0.09387280333493324,0.09291440750910342,0.09207639710955202,0.09166606284320356,0.09154148667902044,0.09251989619141911,0.09326977625583607,0.0908787356216146,0.08955128202446458,0.0714279646482699,0.07312191942162159,0.07323116475192769,0.07673727291885836,0.07951225142522979,0.09045412726902911,0.09846028317028947,0.09911723958826368,0.09901397376865839,0.10302052085200125,0.1032104004458351,0.1014378221541763,0.10054377724114177,0.10320573617977967,0.10404590234173457,0.10588498950700795,0.11144995745996615,0.1181013184768244,0.12045110560265487,0.12486729995679814,0.12890058596639314,0.12751101759859662,0.12519019456720332,0.1269028507840168,0.1302039539136716,0.13443102559694656,0.13495171444034235,0.13595639748716068,0.1425878447575101,0.1442531160168504,0.14108407103370632,0.13966402969428082,0.14493793131958108,0.14663682611663248,0.1436845364777748,0.14206978196361325,0.1443684120855451,0.14735346313378264,0.14515755072583125,0.13828455826939798,0.12205487628354074,0.10144647810438188,0.22737524354804092,0.12502007044494529,0.09863055068641978
stat_54,0.14100750290621314,0.14235071538156507,0.14134667291493966,0.13980011913546692,0.13957850639454294,0.1396455051917217,0.13882304865874093,0.13664467417998513,0.13641007925995985,0.13477305347869298,0.13170927859843978,0.13151633569661264,0.12862381987439372,0.12620011157084177,0.12366025948670233,0.12038293405319526,0.11704190631735538,0.11484112702211183,0.11377550470224387,0.11273119407444689,0.11116622368660711,0.10947704003690474,0.10796809563900492,0.10791507941724478,0.10545531580756108,0.10137191713460603,0.09742680047292224,0.09725529177609818,0.09538166477712122,0.09366437818327882,0.09156598046743754,0.09065097017415456,0.08982239069508544,0.08941022249715602,0.0892927068828209,0.09017900353106531,0.08850687357952695,0.08625245893509917,0.0871670866361372,0.07510298583592855,0.07930861648439322,0.0731036510424779,0.07475673045579592,0.07743468956893776,0.08808100092993335,0.0935181876832967,0.09406498834976801,0.09647900579361467,0.10044646464947066,0.10065377526500512,0.09894025917084326,0.09804321139694201,0.10062998982521822,0.1014487639645149,0.1032557971437497,0.10868674763256461,0.11516983799141815,0.11746741963639626,0.12177250585831959,0.12570505348191865,0.12434841698050719,0.12210117338897693,0.12378142236320998,0.1270148476089216,0.1311490922263923,0.13168239175923663,0.13268888276016297,0.13912909779080096,0.14075322692089107,0.13766727742388893,0.13627943308972645,0.1414202294158125,0.14310914017776624,0.14027478164127424,0.1387395285231397,0.14098631024728556,0.1438875759797526,0.14174459131792794,0.1349565614543058,0.11911177429327381,0.0994155101797004,0.22234674091695728,0.12206126544618365,0.09617449573917748
stat_55,0.14097271656287785,0.1423155319785538,0.14131174506704422,0.13976501523698961,0.13954319324629066,0.13960797677487444,0.1387816716986868,0.13660348374461356,0.1363676620909922,0.1347307763371793,0.13166741523410136,0.13147454346200751,0.1285824763136491,0.12615744059348413,0.12361789275452831,0.12034259346278117,0.11700074395794864,0.11480054810106291,0.11373557795476359,0.11269159049669371,0.11112722165454399,0.1121061496807341,0.1105607111348172,0.11050747156010583,0.10798722035295413,0.10379352819684667,0.09975848365847897,0.0995835221909048,0.09767590164321008,0.09838058031447615,0.09879487384112454,0.09777500282973864,0.09972741490364316,0.09921940155421677,0.09907452674417024,0.09771578421222071,0.0958915664928189,0.0933947957809532,0.09199950773990546,0.09542249429955998,0.10159213635261427,0.10493852107043777,0.10949899384211477,0.08989799468680804,0.09283368290725157,0.10108375198523724,0.10184915232639927,0.10455894007161803,0.1115612816657674,0.111899381095639,0.10687660363509592,0.10597882433663917,0.10580465587904497,0.10393582272663768,0.10576794394636498,0.11131687379742473,0.1179610943526947,0.12030566341596498,0.12472256630822078,0.1256620976306118,0.12430618091624838,0.12206002541635691,0.12373912222104763,0.12697266459156875,0.13110457999055336,0.13163795194270103,0.13264643189149736,0.13908526646528788,0.1407093112845383,0.13762480943777675,0.13623870511413458,0.14137812024381402,0.14307107912076789,0.14024031745449234,0.13870592464640444,0.14095236053773258,0.14385262733709697,0.14171055500405827,0.1349238550936237,0.11908261409639696,0.09939462733720975,0.22229525066627523,0.12203981405794487,0.09615448330056685
stat_56,0.1893497632744852,0.19116749284174986,0.18976347418614845,0.18765822196696405,0.1874581292701172,0.1876203288670594,0.18655575777393468,0.18360302599119033,0.18326608862550275,0.18098802928940058,0.17684707499575542,0.17658599213411172,0.17265394237567938,0.16944422960094832,0.16607056159398323,0.16170972159901761,0.15723191032400255,0.15429766389860708,0.15288386933598244,0.15155124856530908,0.149448153213273,0.1471745199979468,0.14507795379472602,0.14500224177296744,0.14172977098805098,0.13628834510499224,0.1310716430372848,0.13084844555965022,0.12839234873921473,0.12609668962327875,0.12329386258799413,0.12200145820496702,0.12081247496499323,0.12010777780525521,0.11991651838289333,0.1182623900615519,0.1160480551686941,0.11875924243134423,0.12338662085019612,0.10750391958137749,0.10770231981347747,0.12151926890860147,0.10386084094247519,0.10733850040670301,0.122722785319801,0.12693573274840053,0.12260910679620295,0.12614587018684797,0.13488585011505738,0.13561378004169797,0.13364793878314404,0.1325964316620335,0.13581222388154499,0.13687958390076746,0.13927319688620537,0.14639369207683425,0.15480146051738217,0.15757859649927766,0.163359121658079,0.1687948634039865,0.16728600595805773,0.1643792583485693,0.16650328403618955,0.1706863329779218,0.17618961928725077,0.17673954154670177,0.17793462213307115,0.18679880438032748,0.1889879660385339,0.18487834309103707,0.18307349745017,0.18997481107350914,0.19218255436702472,0.18820398864075677,0.18582966123637928,0.1888066007788609,0.1927746426034376,0.18997064977166173,0.18113031852528066,0.1598221328284632,0.12907389078434128,0.2941417010611189,0.1596351729979724,0.1291439108506305
stat_57,0.13811527277403426,0.13942904549354096,0.13845202603663131,0.13693927800743214,0.13670872716357768,0.13675942877422645,0.1359385807578771,0.13380888859797674,0.1335847581269068,0.13199158562085206,0.12900080145059695,0.12881236087059492,0.12598983582593126,0.12360675124990485,0.12110732022135731,0.11789082225720451,0.11462915936040281,0.11247395071636064,0.11142900054970452,0.11039197580694916,0.10885277529570807,0.10719643976601394,0.10806927379358522,0.10801788333387785,0.10556080697333947,0.10147537815804485,0.09990550565048685,0.09973005337990623,0.09782170456816369,0.09605717043951748,0.09390224717769728,0.09296400710613312,0.09211357742903088,0.09654776110387418,0.0964051465609952,0.0951140404187079,0.09337447934496587,0.09655843028466453,0.10199130185276715,0.1075772046734027,0.11500081399217064,0.11237423086621721,0.10353682132483225,0.09743511367919536,0.10255362208148804,0.10438916622755093,0.09919825241872962,0.10176788873095177,0.1085266130375001,0.10324706196328859,0.1014962266917686,0.10058359992219072,0.10323407285319458,0.10407317893464152,0.10590986027530595,0.10878943218289121,0.11527652980917022,0.11757086964485845,0.11919573969341934,0.12304398846383736,0.12171719670436132,0.11953085254999933,0.12119721265035409,0.12437515481246907,0.12843561480277008,0.1289885534869338,0.12999747412287962,0.13627459984689033,0.13785776943769276,0.13483482635965877,0.13346479496617344,0.13849747376834262,0.14016859553548236,0.13741606591596747,0.13594308064799646,0.13814774129500268,0.14098303631232859,0.13887638732707416,0.13219304881741348,0.11667490162886929,0.09773038548605766,0.2181878283845391,0.11952018335505361,0.09407869150433498
stat_58,0.14115018127250517,0.1424949717198905,0.14149018866768057,0.1399436288453355,0.13972230718784714,0.13979001008964928,0.13896619753097714,0.13678614501851372,0.13655167545415112,0.1349146607543348,0.13184806824235695,0.1316549426576674,0.12875870137159118,0.12633197891904496,0.126849267547188,0.12668889279215942,0.12316693788980027,0.12786548145395774,0.1266818993180773,0.12556218892998636,0.12383272383784351,0.13022185046126258,0.13320028618842913,0.1331352191349573,0.1488433668172429,0.14318011843994186,0.1377182898601341,0.13748500213478818,0.14284880311383844,0.14969912111487904,0.15818634902348727,0.1714988771373136,0.16962657730562217,0.1683856511141145,0.1680750244968738,,,,,,,,,,,,,,0.18698821441614288,0.18964047172508575,0.18802426223984173,0.1702492949659612,0.1609961226440231,0.152225893683792,0.14636103852069227,0.1538058089741278,0.16249814601833332,0.14484657656144623,0.1448240463606525,0.14009315329312297,0.1386205053391301,0.13609450858496683,0.1302977137401393,0.13368061237567275,0.13453309480292402,0.13182073890332965,0.13282921264974676,0.13927526517337688,0.14090131320537244,0.1378108557545302,0.13642067085923057,0.14156722220503556,0.14325674877044056,0.1404157137219889,0.1388778246353033,0.14112718099501856,0.14403256236966563,0.14188515657675277,0.13509883038928022,0.11923911426532051,0.09951290903323882,0.22258290225743207,0.12213989517027142,0.09625133145574585
stat_59,0.21109298450029082,0.21310957056850335,0.21154857718437375,0.2091630239475597,0.20888822335874244,0.20896913606264297,0.20766117774576678,0.20437368018804708,0.2039920404422766,0.20144276609400044,0.19685236697448485,0.19656496661802889,0.1922308398506888,0.1885982145933488,0.18477248739030977,0.1799087438513331,0.17496895285307967,0.17174596833473557,0.17018610025783876,0.16865965915143535,0.1662725099352474,0.16370427916695043,0.16126355299418135,0.16116571187063486,0.15759528007354418,0.15165437470971563,0.14590601150182736,0.1456599625562297,0.14293879089142086,0.14043200975476366,0.1373702273256886,0.13595338505066776,0.13459120980950087,0.13375418413481246,0.13353012157815486,0.13165089136027933,0.12910860371937072,0.1254880506694975,0.12340223878919508,0.10099076730125736,0.1019539144531266,0.11266788770088376,0.11715327629230142,0.11352629071465915,0.1227395234947797,0.13352434796327078,0.13565347875930056,0.13985904606522162,0.1498730797978235,0.150989155121567,0.14901322800300235,0.14781811030621167,0.15113970022888457,0.15231483921803946,0.15505985138171913,0.1628913660058626,0.17192183020160487,0.17474397458002663,0.18113420256708954,0.1873137248290475,0.1859436857466981,0.18293798026142585,0.18529510650217867,0.1898961336058417,0.1960637605522638,0.19676346011195142,0.19817642088792048,0.2080001147014494,0.21041146313455636,0.20589427893678694,0.20388449750143162,0.2115345197737973,0.21414641310977933,0.20986420586384616,0.20723853098496034,0.2105501102987913,0.21495665118355572,0.21187297066941052,0.20176475515240339,0.1779713348257755,0.143082594750472,0.3273100616015147,0.17430327165575188,0.1431107930564337
stat_60,0.14114772065337103,0.14249231635304352,0.14148768861350308,0.13994062122014253,0.13971846903981422,0.13978501241831773,0.13896038797303312,0.1367804369633992,0.13654596485289774,0.1349087879365853,0.13184252502043026,0.1316494370562032,0.12875536059426973,0.1263285888172464,0.12378521621651872,0.12050362755452274,0.11715951680309525,0.11495636631961408,0.11388946654757871,0.11284273117824364,0.11127617529877756,0.11222714766813427,0.1106792722036432,0.11062577340448215,0.10810365482275082,0.10660965813580436,0.10247064161703731,0.10229138502026545,0.10309245586402893,0.10122667352118507,0.09894410659243702,0.09793197222255051,0.10662024836007002,0.10999937439089644,0.10982766805047246,0.11282295419073372,0.11070805601789221,0.10774312293563576,0.14049288005079183,,0.11500081399217064,0.12133788479562979,0.125926667293809,0.12045101023591355,0.13815810396646924,0.11590743495189945,0.11717502351481399,0.12048968295953226,0.12364964458056475,0.11967441247863427,0.10703040844390076,0.10611705899010761,0.10889766216052359,0.109776277815637,0.10867105732272876,0.11435959823700269,0.1180796890578128,0.12042510349225054,0.12484373457501188,0.12581804285166368,0.12446205365092282,0.12221552670390329,0.12390084625478973,0.1271405828280653,0.1312806244898272,0.1318176510958872,0.13282662400908124,0.1392701355626086,0.140895791302177,0.13780611734668874,0.136415942454303,0.1415618720620666,0.1432528312112964,0.14041439236375117,0.13887778528375014,0.14112704376351357,0.14403178890938137,0.14188505743001564,0.1350939383930807,0.11923404047597035,0.09951493122280705,0.22258214668994,0.12212759986363565,0.09624579436473944
stat_61,0.24274643448708325,0.24503464688923596,0.2432684540927388,0.2404225906216219,0.2399410538561601,0.2397394850175121,0.23790278168412668,0.23413045181557177,0.2336698033879257,0.23073383621759347,0.2255213286749552,0.22520052289737624,0.22035121328128754,0.2160488983996038,0.21147864983869288,0.2058769081800778,0.20030233096856795,0.19671034021407569,0.19495317996422826,0.19308299118679623,0.19024004549564252,0.187208939220184,0.18416777929606812,0.1840177253432932,0.18007462257476148,0.1735213735708362,0.16705154279980844,0.16677421548243393,0.16369032818569296,0.1609149192585946,0.1575598817347236,0.15600904446589986,0.15435079252023404,0.1533186191419707,0.15305273198916086,0.15075805553590407,0.14757933985606064,0.14306691360390675,0.14035714940334765,0.09528521723750429,0.10146263901262642,0.11206733521887713,0.11670747773050234,0.12037973436431859,0.13804829613055236,0.15017216252328486,0.15355660655659686,0.1589515116087149,0.1710337581503105,0.17289820792360894,0.17109727814222386,0.16964058001890694,0.17288446066258734,0.1742192598065512,0.17753158120056875,0.18631911908058787,0.19598511151208783,0.19869387766204485,0.2059388691945611,0.2132698521564703,0.21232908607979847,0.20939359475667157,0.2121015546514501,0.2172937121929769,0.22446797450238196,0.2255317634141849,0.22738341694458236,0.23847114967204971,0.24117449604818603,0.23613554377024482,0.23382853320534466,0.2425236554310737,0.24595051586324115,0.24150971751808475,0.23866255491907,0.24247349268189647,0.24746499197632757,0.24401118788623585,0.23162618463159815,0.20417408400860126,0.16413465056570337,0.37642407575981673,0.1935512508780227,0.16260208166299256
stat_62,0.13261840940676056,0.13387516371282307,0.13294904777206729,0.13149477285648367,0.13124342164475733,0.13125682133388797,0.13043421575660213,0.12839597768455582,0.12818372689168386,0.1266686664597422,0.12380736230059829,0.12362762771855738,0.12093774753196039,0.11863113323636368,0.1162081549424643,0.1131105764335125,0.10998740160838415,0.10792289810509502,0.10691943734761293,0.10589850333623337,0.10440697681116377,0.1049265824142313,0.10346233322739089,0.10341035395666351,0.10107137657825428,0.09717254389427446,0.09538117726566889,0.09521235790521644,0.09557815948434063,0.0961703790693982,0.09399857936689911,0.09304791141956965,0.09220861075381506,0.10294816417481607,0.10279173800019549,0.10496682746321982,0.10695952822688796,0.10849563547439509,0.10685544131754555,,0.10805665833499525,0.10517371168716848,0.09528530201655168,0.09819615022556011,0.10727511256915022,0.1167105645944829,0.11335619439836798,0.11225356701541946,0.11573747701310784,0.10334416770221236,0.10157011303433625,0.10066121299166574,0.10333328020236296,0.10162723041957801,0.10103228310943309,0.10410667109426835,0.11031637801879042,0.11251576429242044,0.11663920604551223,0.11794294697024554,0.11668321329617358,0.1146173894077378,0.11624483437908797,0.11931747402630603,0.1232340804669514,0.12381969327789048,0.12483456085332427,0.13080561159072424,0.1323187176704869,0.12942248801276426,0.12809557470908584,0.13291916018637387,0.13456736678143782,0.13198845538524792,0.1306389936404238,0.13276242699617796,0.1354679349518683,0.1334382850075943,0.1269183501458343,0.11201629341299763,0.09452360254733107,0.21024526227719106,0.11471362306586955,0.09012770829922048
stat_63,0.14449915652895862,0.145878486929892,0.1448432624653574,0.1432613083423384,0.14305122198227163,0.14314000676157754,0.14231528263126142,0.1400801577490596,0.13983856086780824,0.13815492589244543,0.1350096675721895,0.13481132121332498,0.13183684430369122,0.12936259595801253,0.12677120767894043,0.12341617389222605,0.11998724545614524,0.11772874055358643,0.11663637230431327,0.11557769706694543,0.11397888383465897,0.11225235006695633,0.11071151199289418,0.1106598106233003,0.10813905956236819,0.1039464821599412,0.09990488374303678,0.09972935912034413,0.09782257594025905,0.09606563194278907,0.09391428762152933,0.09297539187930799,0.0921255918218131,0.09170383653466768,0.0915825309273552,0.09035852085113098,0.08871313094983023,0.08647480465523695,0.08526027351444035,0.07783497513220577,0.07144908564270362,0.0715593109433586,0.07499346315848968,0.07763186058863976,0.08621062092896215,0.09376769401246203,0.09429107855013873,0.09667564327409335,0.10305398343338233,0.10326114057156904,0.10150360891666518,0.10059045122071643,0.10324193243864463,0.10407339375883104,0.10590742286484343,0.11146868618813524,0.11811848227261797,0.1204658568592273,0.12487890763278436,0.1289108200235166,0.12751914530140845,0.12520260450480353,0.1269141416537074,0.13022094983278693,0.13445020613175715,0.13497063885179378,0.1359778260569236,0.14260578555302258,0.1442745833523115,0.141107299964442,0.13969018782351977,0.144963396750227,0.14666895550123712,0.1437243320096503,0.14211347814487998,0.14441244312938328,0.1473964719709847,0.14520156759474148,0.13831185095145218,0.12207673854862779,0.10148579347254855,0.22744874487009298,0.1250045061100392,0.0986356335745464
stat_64,0.13270735186341007,0.13396594675957801,0.13303899515421402,0.1315884530846833,0.13134126256466302,0.13136200146579446,0.13054494228215655,0.1285062890959848,0.12829262855364784,0.12677972132452514,0.12391228025604183,0.12373226959308262,0.12103848854032537,0.11873248649996372,0.11630979998014838,0.11320805299342306,0.11007418684943154,0.10800552251770025,0.10700013161839948,0.10597742953566998,0.10448393269129203,0.10288588563056186,0.10144241224359214,0.10139092078808823,0.09909301970990658,0.09526809828434296,0.0915421814290688,0.09137879865358216,0.08959477731502304,0.0879790579101712,0.08600068664695469,0.08516100020242115,0.08440042114516563,0.08404785690224156,0.08393914085812652,0.08280005753411748,0.08122951034274986,0.07916078846616614,0.07955634802236872,0.07305986845800762,0.07116230144494547,0.07130343856236769,0.07477392646408433,0.07566039989651782,0.08049540206574045,0.08588243806295293,0.08629715456132021,0.08848165557702208,0.09431141647116459,0.09445941290929062,0.09279037874055952,0.09188826857601151,0.09433820857516188,0.09512994122092927,0.09688023035509918,0.10202674857553545,0.10812299538673092,0.11029388535657211,0.11433539800732631,0.1180292357732773,0.11676381067951805,0.11469317469859022,0.11632783687132103,0.11941731514529587,0.1233381708089507,0.12392433082627254,0.1249362235115032,0.13091227729471575,0.1324318119127837,0.12952814932371795,0.1282008887561851,0.13303060465710703,0.13466892762723714,0.1320715353694531,0.1307150491639296,0.1328401519017849,0.13555117228333968,0.13351483755513416,0.1270207725723596,0.1121126440270001,0.09457339007144316,0.2103898808867887,0.11479163228084506,0.09018063284952484
stat_65,0.13526037958673726,0.13654460944627878,0.13559389229042393,0.13411156433890273,0.13387064186404632,0.13390262049526355,0.1330816419814335,0.13099930021144482,0.13078144057746427,0.12922868927173048,0.12630497343597488,0.1261210317186158,0.12336703951538788,0.12102389674827888,0.11856460170932691,0.1154100558593989,0.11222006793370101,0.11011196306940797,0.10908851228297016,0.10806014499505855,0.10654619989329074,0.1049204103762415,0.1034570611777791,0.10340539230342985,0.10106738705132876,0.09717007267573735,0.09337724952633782,0.09321138412381443,0.0914062194484911,0.08976845247357826,0.08776249660459423,0.08690371541080912,0.0861324864499297,0.08761005903749476,0.08749468230693999,0.08631824367141756,0.08469861502851218,0.08255322576255715,0.08136605622248813,0.06801564953689343,0.06810680558454121,0.06966941919097405,0.07155599306050471,0.07245587036104174,0.08232214802685911,0.08955775885157222,0.09001636026140913,0.09230697059605862,0.09838387973850649,0.0964345581221144,0.09473579988304834,0.09382920482612234,0.09631600022068247,0.09710871471713248,0.09887074598525639,0.10410433202417078,0.11031233163183941,0.11251052050776791,0.11663227571593307,0.12039971911220772,0.11910642454145749,0.11698172089783712,0.11862740215724212,0.1217505768923906,0.1257359506275564,0.12630501936131847,0.12731645207915032,0.1334353800253313,0.13498230511536488,0.1320249473927764,0.13067731393414483,0.13560165836183188,0.13725995139928562,0.13459656674732373,0.13318705529661734,0.13534952373401016,0.13811760703936843,0.13605093561860923,0.12945409066676247,0.11425601942012283,0.09606064838022464,0.21405705362737792,0.11703682547540015,0.09203164906852417
stat_66,0.14131300222807852,0.14265990243288487,0.14165406360474733,0.14010849511479656,0.1398890004663523,0.1399603267713086,0.13913855567988054,0.13695643832003287,0.13672610612597524,0.13508965977289314,0.13202426936121014,0.13183084483085247,0.12893246441222883,0.12650335000607502,0.1239574047791674,0.12067035959903892,0.11732891005316173,0.11512120476872081,0.11405171473007811,0.11300213202903471,0.11143395917190389,0.10974233322018863,0.10822660963580343,0.1081748722097261,0.10572461297795993,0.10163877739156117,0.09767727888352974,0.09750473173582311,0.09562726270214199,0.09621302568505725,0.09404851163530384,0.09310602239809507,0.09226987545598707,0.09420577058508547,0.09406950679732838,0.09282734746191944,0.09112631566032739,0.08884159518919019,0.09258916143947825,0.10755000449685762,0.08567033767228055,0.0835176913698497,0.08424731756848179,0.08469583035814425,0.09345260154834434,0.09628763690024075,0.09684118100494424,0.09932471779500635,0.1058709714362019,0.10340887921852351,0.10162366848387817,0.10070413442528166,0.10337251343990414,0.1016721205441305,0.10348964343271438,0.1089474005197631,0.11544467356515523,0.11773660340321336,0.12205068245034323,0.1259909936833308,0.12462862212826231,0.12237722488206712,0.12407059748806619,0.12731372785164224,0.13146021390598567,0.131999628884664,0.13300832358995676,0.1394591613661569,0.14108302680990104,0.1379856044529273,0.13658884833810242,0.1417431508094913,0.1434285264882971,0.1405745347775109,0.1390315302310378,0.14128399114538479,0.14419510316701822,0.14204143682282977,0.1352654805379331,0.11938973329662801,0.09961833251219834,0.22284777527602329,0.12224560217055763,0.09634398407333171
stat_67,0.15251459596377728,0.15397638527758675,0.1528710868929578,0.15120683077551103,0.1510199633453362,0.15115179416246866,0.1503132847561484,0.14794730619334234,0.14769527410511643,0.14590796405084358,0.14258400951921893,0.142373413784387,0.1392122473392295,0.1366136210712229,0.13389704135114314,0.13036528373672834,0.12674734866757761,0.1243574688453094,0.12320396926922024,0.12210597752217131,0.1204288645551953,0.11861308216663076,0.11698996923323775,0.11693381802108785,0.11428207453326371,0.10984624310324598,0.10557625659837083,0.10539126319678101,0.10338829239073036,0.10154861047003243,0.10223312942967988,0.104389280382333,0.10341219441149609,0.11041642284779618,0.11024646531914063,0.10872181195078374,0.12214104203501339,0.11873778693731711,0.11677123954842153,0.10217572732420684,0.10876396212131374,0.11337938886820823,0.11009677086304917,0.1073803025256353,0.11660120248127913,0.12693416214283737,0.1287410015648223,0.11620203584455768,0.12410825209500335,0.11602087565074629,0.11412490311326533,0.10961533162574245,0.10917859398406005,0.11003579376600493,0.11195751549073481,0.11782619978449456,0.12484876512399125,0.12730095660384885,0.13197159051428242,0.13623685910286706,0.13476919862332754,0.13230405784216184,0.1340929159353062,0.1375625829949871,0.14200971329029183,0.14251340497766693,0.14353394556407398,0.1505863643149903,0.15235006640223672,0.14899597759271943,0.14750487733959577,0.15308286305252528,0.15483502213984007,0.1516458252716283,0.14986774310484707,0.1522886799661439,0.1554614857886224,0.1531459185683208,0.14601803728099216,0.1288875360193874,0.10628724005056454,0.2392330815181507,0.1316245134257985,0.10422595143307921
stat_68,0.14844266999945507,0.1498633798342515,0.148793635927805,0.14717456820286862,0.14697930779405996,0.1470938466225011,0.1462654194175954,0.14396596750374974,0.14372213058129676,0.1419904059960996,0.13875924499518516,0.1385547342946787,0.13548662294122124,0.13295280681980823,0.13029996081493303,0.12685715517046112,0.12333777001321389,0.12101196597212709,0.11988831196739745,0.11880890079802905,0.11717174879213053,0.11540260066520462,0.11382018999851488,0.11376512622102945,0.11118382990428222,0.10686823107710444,0.10270688371439306,0.1025262962264878,0.10056807178439227,0.10452962068608193,0.10924616763958528,0.11229414146333103,0.1112282567102608,0.11071261273067443,0.1105467727789045,0.10904942529284414,0.10699902900064566,0.11293174717918142,0.11110986599513689,0.10217572732420684,0.09712897924295999,0.0996015838481804,0.09867994275165445,0.09749453212672515,0.11128325807910208,0.12116771847097425,0.11341192864024208,0.11656313978045668,0.12444366565764142,0.12482020611409952,0.12285086657111795,0.11725156816017838,0.11243419302015084,0.10699547487079902,0.10887848403674634,0.11460242681336172,0.12144638563855693,0.1238480500607298,0.12839235972591054,0.13253654853696825,0.13110040901063952,0.128706975933076,0.13046273457361168,0.13385340860783618,0.13819026723761219,0.1387045269687909,0.13971555663573232,0.14655285031059784,0.14826725879751768,0.1450033479800953,0.14354641768886733,0.14897266118803432,0.15069403090718472,0.1476167699428803,0.14591919871940792,0.14827906855967019,0.15135895290490844,0.14909999796633075,0.14211910934152663,0.1254467657924424,0.10384473215457313,0.23325958606076733,0.12827269875828806,0.10137875766661417
stat_69,0.15722390960139992,0.15873343243826682,0.15758803520478237,0.15587442304478924,0.15569701436141897,0.15584908727647784,0.15499731796137298,0.1525556820029376,0.15229479719367695,0.15044697072560556,0.14701616596942357,0.14679860456448987,0.1435321104486662,0.140863837843299,0.13807147728487887,0.13443187039065438,0.13069995672553383,0.12823514193350807,0.12704586185515165,0.1259225505936077,0.12419641952331778,0.12232678721112414,0.1206543893014693,0.12059707456334075,0.11786277811299188,0.11329802736216844,0.10889668549676611,0.10870620715175702,0.10664936771094145,0.10475232619934907,0.10239241221032214,0.10456849793862387,0.10360033531557916,0.10680115321890976,0.10664770911998905,0.10523668149075223,0.10332993303622987,0.10448185470689139,0.10290053630429385,0.10922919610712759,0.10244286024309714,0.1133741456444879,0.10394291398147514,0.10225359392681796,0.10351152189199711,0.11264380181616054,0.10963069510116703,0.11255030157359684,0.12007059719524664,0.11621997419830658,0.11429710185857568,0.10975865555339148,0.11264257059423374,0.11352391426309152,0.11549792146057095,0.12154381713529777,0.1287637712451969,0.13127701159558022,0.1360911588009426,0.14049682440277875,0.13899662022707301,0.13645318986943833,0.13828884413482806,0.14185820326930512,0.1464392036594852,0.14693795185783948,0.14796586545395454,0.1552602854852328,0.15708174464316982,0.15362092734625746,0.15208823448989942,0.15784243977547485,0.15962909176873777,0.15630535071384985,0.15443485686354466,0.15692729097747873,0.1602090884955098,0.15782342956848575,0.15053752205690638,0.13287920313949178,0.10914016005887632,0.24619772474660503,0.13540622587744724,0.1074721064542517
stat_70,0.1521699977470901,0.1536264778219454,0.15252396110867644,0.15085397178912452,0.15065904900839983,0.15077905066755895,0.14993518482375348,0.14757264820977362,0.14731359013949352,0.14552344463851122,0.14220162577247294,0.14199183044995814,0.13884247571099395,0.13625149098856723,0.13354125577951842,0.13001920009979206,0.12640020178376724,0.12401862882182689,0.12287047202108398,0.12177642917417299,0.12010035834224576,0.11828581700556594,0.11666189126553518,0.1166065227176423,0.11394330086765181,0.10951908260284333,0.10527265179982448,0.10508916712778994,0.10309640964868862,0.10124599699452477,0.09897779721927395,0.09798189704004623,0.09707472076413115,0.09661716538033893,0.0964793593043971,0.09518689175215511,0.09347042576915522,0.09110625234874788,0.08983134432973705,0.08666354828190027,0.0830307348528953,0.07826492067475618,0.08184181159391357,0.07983630089950287,0.09073603181426235,0.0986870067351975,0.09931348522941445,0.10185568160092778,0.10861358963892938,0.10887727113461021,0.10707276642600878,0.10614110281574182,0.10891285657876575,0.10977728299873477,0.11168265287657943,0.11751302802912805,0.12450174919102627,0.12695297184155926,0.13161325814402475,0.1358729822994947,0.13442509334199576,0.13197455689958232,0.1337478277610613,0.13720419755786928,0.14164031911386868,0.14213750325678398,0.14315677113039904,0.15019108571012632,0.15195402657784163,0.14861877275489208,0.1471399431379136,0.15269971736274268,0.1544651593599368,0.15131424883658906,0.14955246507846567,0.15196717614160166,0.1551251665905772,0.15282603481555362,0.14564987765106654,0.12855040608488555,0.10607709453627302,0.23868009670440019,0.13136115489321612,0.10401771773921066
stat_71,0.15715862084143137,0.1586672082477405,0.15752235984307789,0.15580894775812995,0.15563033917364388,0.15578030532550102,0.1549273130324529,0.15248645369461325,0.1522255607030208,0.1503775994269374,0.14694884627830246,0.1467314162102346,0.14346641915522645,0.14079499072690063,0.13800325053778462,0.13436642868517498,0.13063713727477247,0.12817411628376416,0.1269858162502382,0.12586316282336638,0.12413681905257626,0.12226689018034523,0.12059450560181022,0.12053846350228357,0.1178099827328562,0.11323895096141336,0.11235826696979524,0.11216257055692083,0.11826031164492491,0.116167151572108,0.11828518856416556,0.12255992907060258,0.1273368354383178,0.13411406984934185,0.1338860894460277,0.1319549033764099,0.12934922525167902,0.1256619670743316,0.1314689833587068,0.10799523327955705,0.11523098632638061,0.13393418346320082,0.12699925679940788,0.113671747572299,0.13011417889107346,0.13370745836472656,0.13590012044132943,0.14017167170921233,0.150251402857391,0.14288172604143676,0.13416997321914412,0.12705531688691038,0.12501943605236812,0.1259822564656025,0.11921149023808991,0.1214852975579088,0.1287085786598996,0.13121428187228748,0.1360253114683769,0.14043041246471683,0.13893354038665998,0.13639239901413563,0.138225275870234,0.14179007449334907,0.14636794536070655,0.1468664265574175,0.14789874736358738,0.15519033581383465,0.1570100589598546,0.1535521946306893,0.15202044151273014,0.1577714525895735,0.15956039405803626,0.1562430282558088,0.15437529781871662,0.1568658210942216,0.16014504692597814,0.15776206947116134,0.1504697434065213,0.13281768174228717,0.10910090842798736,0.2460955592785883,0.13535489714517118,0.10743068452906092
stat_72,0.13275905485417852,0.13401851145207228,0.13309108686573007,0.13164142552274283,0.1313957483407065,0.13141908245717127,0.1306041222119972,0.12856467856223075,0.1283545412368476,0.12684214100670582,0.12397752177413565,0.12379736281006518,0.12110198668522885,0.11879564185647222,0.1163724899209923,0.11326889847242279,0.11014035292697383,0.10806971280522967,0.10706321305823868,0.10603978002078572,0.10454615247757554,0.10294803823313221,0.10150731888410043,0.10145584609869092,0.09916504727568445,0.09534288539242419,0.0916108768857655,0.09144711400325177,0.08966332723026901,0.08805189889338862,0.0860735681974457,0.08523276194691282,0.08448166780084178,0.0841498343253006,0.08404164619274423,0.08291531558475568,0.08135023165442258,0.0793013880916519,0.07815577215973918,0.07324067512419731,0.06722960871106248,0.06706463306267721,0.07012264032189883,0.07115665160317289,0.07912118830682607,0.08605727405276194,0.08644180416504628,0.08861747182665353,0.0944291882930552,0.09454292212172571,0.09285093170230634,0.0919433330730129,0.09439987766366188,0.09518915677178871,0.09694094955170285,0.1020973693509225,0.10819686650861028,0.11036366869533025,0.11440454941529714,0.11809912179460161,0.11682930658872563,0.11475533851725579,0.1163933690263526,0.11948031084982255,0.12340315965628233,0.12398971966031826,0.12500066292304954,0.13097943444677915,0.13249588751838265,0.12958895469667328,0.12825746937841345,0.1330903783051324,0.13472517195361353,0.13212067502483335,0.13076123693431652,0.13288745965892346,0.13560094027862424,0.13356188482673217,0.1270765936158844,0.11216396175724454,0.09460309093809852,0.21047100193365853,0.11483522180576153,0.09021338893789693
stat_73,0.18915784401729369,0.1909731130779183,0.1895707076536092,0.18746181127325123,0.18725934879902137,0.18740958206106864,0.18633347467726846,0.18337969093024276,0.18303760033366737,0.18076023966502255,0.17662090334458122,0.17636020810186295,0.17243206517813792,0.16921252390038066,0.16584390653557035,0.1614936227366058,0.15701419336706235,0.15408770000703279,0.1526789163979559,0.15135268379617803,0.14926706671360512,0.1470066384171119,0.1449163435458026,0.14483996022033083,0.14157667579534156,0.1361451087611755,0.13094387110323896,0.13072106579783924,0.12829317091667738,0.1260393161982799,0.12326929224606958,0.12201449620747926,0.12080248525953609,0.12016164119157227,0.11997324884018618,0.11829568721439412,0.11608763354955684,0.1129455695953863,0.11658867320003664,0.09583708975651428,0.08870032842588917,0.0943011683232788,0.09860618183507956,0.10193890527630649,0.1164205266058571,0.12117133323329352,0.12265276463811713,0.12618216608765503,0.13494691463297606,0.13560050130086543,0.13365627041408668,0.13256814760658533,0.13575293998643384,0.13678126037762295,0.13914639645981924,0.14624742653618122,0.15464055854959552,0.1574077362931553,0.16317892326339176,0.16859601859949336,0.1670743168565291,0.16416792124085308,0.1662795553739827,0.17046035628137327,0.1759514598141284,0.17649819014361298,0.1777069894155037,0.18656215282604094,0.18875143897310828,0.18464980274883125,0.18285305079059047,0.18974879805252817,0.19197010194222283,0.18801392154989935,0.18564662149411754,0.18862327447195776,0.19258472004651328,0.18978695398648493,0.18094148752511627,0.15965249414199104,0.12896273516657117,0.293855446036566,0.15950983544693376,0.12902613347934802
stat_74,0.16223590148252282,0.163794948649509,0.16260739165633178,0.16083699955360725,0.16066398860922865,0.16082854936878194,0.15995485046203906,0.15743216101676014,0.1571613825685162,0.15524621783517992,0.15170402449996415,0.15147927058357186,0.14810277172255737,0.14535048225054487,0.1424744286735839,0.1387240838444677,0.134875426465408,0.13233482651355014,0.13110959020880458,0.12995962441123193,0.12818340179461524,0.12625389242190496,0.12452597033183098,0.12446821699462317,0.12165683981409872,0.11694395735567724,0.11241188561072922,0.11221601630475528,0.11009618709461493,0.1081481397082113,0.10571639278584295,0.10463003805215909,0.10365379702931937,0.10321587733601231,0.10306957656272629,0.10168850578006039,0.09982171314814643,0.0972582731048334,0.09580780902342743,0.08146318432840996,0.07782828244899002,0.08064803324052697,0.08221011032649882,0.08490671646456889,0.09663340054528552,0.1051754056128151,0.1059854370370813,0.10879565452930468,0.11604664421856573,0.11627611686627945,0.11435658518572268,0.11337996214202732,0.11633157773772707,0.11722908840587051,0.1192639744385088,0.12548436267906793,0.1329155785211957,0.13547412207260515,0.14043848557267463,0.14499826365526106,0.14347114128779856,0.14085213249570327,0.14273037476772596,0.14639500023816893,0.1511152425016834,0.1516106191382846,0.15265888377571385,0.16020910551978865,0.1620885597304235,0.15852047090516283,0.15694443585694054,0.16288248423089888,0.1647192168987683,0.16127281201321897,0.1593122405978761,0.16187942216621923,0.16527256347663882,0.16281859700796852,0.15532697861707825,0.1371026906248184,0.11219553018432214,0.25361295135266826,0.13937759377058834,0.11091881313011762
stat_75,0.16702092902776478,0.16862473864755947,0.16739577372138933,0.1655546192801052,0.16537659864508122,0.16553608536468203,0.16463491700816157,0.16203112317805668,0.16173599863493554,0.1597438549612746,0.1560839940067753,0.15585271102458367,0.15237286167854794,0.14954373859238593,0.14658734448977984,0.1427364597316882,0.13875776455492667,0.13615291553383368,0.13489804992263513,0.133729660453715,0.13190568702614125,0.12991441895520925,0.12813484574605494,0.1280703655571342,0.12983093501739748,0.12481504103028458,0.12000971552516469,0.11980396583698245,0.12243200015411378,0.12024212583572218,0.11756688779095426,0.11634363935987861,0.11521182805518432,0.11988668152423973,0.11969926451992503,0.1239910071419789,0.1286700020549051,0.13327176939497826,0.14077440157943658,,,,,,0.13843521169154727,0.14102211252529756,0.13524697356760126,0.13206970993093395,0.13466397198069832,0.12935178571929085,0.12742845663355518,0.12641925248906533,0.12954673510457598,0.1305555939499868,0.12748822813271946,0.13405669416441904,0.14189324891106148,0.13940180708360736,0.14451395827959276,0.14922794031246706,0.14769429448985613,0.14501047557005264,0.14690220239579568,0.15064899362341788,0.15549658215446324,0.15597703444268232,0.15704222181132818,0.16484355881520052,0.1667860507208987,0.16313231931903358,0.16153317656456476,0.1676389115772236,0.16954457795713893,0.1660255886009792,0.16399049993253606,0.16662866933708756,0.1701180252963288,0.16761752669782545,0.15984599892718332,0.14106950373485383,0.11509124351283999,0.26059321437539124,0.14323708584445807,0.11428854915118399
stat_76,0.18090298571868016,0.18264068207857748,0.18130180936925178,0.17929938753800834,0.17911250137243362,0.17927839193647033,0.17828282620325686,0.17546229716251946,0.17513774488433745,0.17296773885028183,0.1690073709659476,0.16875732192963203,0.16499174560513172,0.16192488558893453,0.15871819318204144,0.15455013204134188,0.15025533616716236,0.14744961711706595,0.14609583445855956,0.14483325468396346,0.14285460917873008,0.14069474950816824,0.1387310240010273,0.1386611506362161,0.13552642727904082,0.13032761049817765,0.12533068270754316,0.12511620209284421,0.12277680431353913,0.12060519943461318,0.11793461298721569,0.11672490240843728,0.11559752038763871,0.11499389869181942,0.11482369694333641,0.1132731166438668,0.1112675992797815,0.10840910931212076,0.10685051521581422,0.08435673581859986,0.08605791339111818,0.09058433051621072,0.09137373305526314,0.09426023753754971,0.1072566616536207,0.11660858609521646,0.11776189719127958,0.12096550677434557,0.12922288134299995,0.12975669985057775,0.12780311485353663,0.12676124901222552,0.1298879910618074,0.13088124752500643,0.1331412044601982,0.13997286878915075,0.14806850566530888,0.15078829863578208,0.1563096210324779,0.16146255482452582,0.15991294083811372,0.15707384530040042,0.15910234917300345,0.16312569269367508,0.1683792938101401,0.16889096370028633,0.17003503502252326,0.17850443974079058,0.18060181559727367,0.17666105855206782,0.17493812461454222,0.18154047550076174,0.18362410833355605,0.17980876393985257,0.17755585949014305,0.18040397674204217,0.18419357968317793,0.1815023553444213,0.17309163561974306,0.15274305254115342,0.12375381318084452,0.2814176018332456,0.1535681747650523,0.1235693366366811
stat_77,0.14799636865801277,0.14941088425195032,0.14834418578143757,0.1467209982056795,0.14651876465617786,0.14662084607206918,0.14578502849807615,0.14349138781832182,0.1432391209440659,0.14150462426922938,0.13827752917094996,0.13807390246239717,0.13501696273138633,0.13248541580971163,0.12984118961583085,0.12641156315701685,0.12289375711481097,0.12058112618637727,0.11946393970277797,0.11839219915707581,0.11676200011794348,0.11499329421855504,0.11341745831604133,0.1133623797402997,0.11077250321769803,0.10647408206519236,0.1023391860294863,0.10216031030202136,0.10020737921525834,0.09840480840533525,0.09619529287176545,0.09521866216204997,0.09432343291920002,0.09388017649474949,0.09375381924482287,0.09503016629497833,0.0959892339205869,0.09350711539133687,0.09215045635735154,0.09580906957828221,0.08842098329385045,0.08614557858391621,0.08381670655956687,0.08419562462736958,0.09300384962639764,0.10121963940141143,0.1019635961374239,0.10169884726996889,0.10553073931059578,0.10577039917795111,0.10402106936898066,0.1031170941240688,0.10582627918751157,0.10667345024979122,0.10854225761156741,0.11422298117566448,0.12102715241688448,0.12342578312931464,0.12795421872119028,0.13209158472480104,0.13066876092406493,0.1282870173921193,0.13001966572771545,0.13339148886904592,0.1377124614153454,0.13821753225966657,0.1392330360293794,0.14605195470879895,0.14776438286500201,0.14452178109993366,0.1430802407290687,0.14848344812110106,0.15021991831398768,0.14718402685746787,0.14550273140849934,0.1478536911289348,0.1509165749019218,0.14867657288033342,0.1416552657990425,0.12502497567667145,0.10355961295128475,0.23253392283576632,0.1279734818936838,0.10112514754092099
stat_78,0.22563874318427343,0.22778346592971616,0.22612499404516143,0.22354120094410004,0.22318824246369262,0.22316441827357786,0.2216326879513834,0.21812522152586303,0.21770299157240233,0.21497790063723649,0.21009977978482433,0.20979626614935373,0.20521188775545976,0.2012967097659136,0.19714107256405142,0.19193480526798293,0.18669733649218206,0.18329449817087265,0.18164073997334565,0.17996415360011078,0.17737117005911168,0.17460203452526188,0.17190936485204125,0.17179341803447049,0.1680408092889273,0.16181023802047734,0.15571125508643316,0.15545015026297876,0.15255916820597645,0.1499083395438147,0.14669196724730527,0.14521619314605058,0.14372151173136732,0.14280848383081218,0.14256341909185663,0.14056386545220853,0.13782981233726727,0.1436305719632576,0.14089346348381282,0.10775584347996835,0.10789607562419165,0.12173956549041433,0.1262868102402636,0.12996028881389388,0.13851472321585748,0.15067321080924045,0.14418746215498818,0.14883457848806939,0.1597084213889447,0.16112317535055348,0.15919215847901352,0.15786928182252288,0.16120071420641,0.1624648796726884,0.16546572090461437,0.17376401920374734,0.1831216932871952,0.18592318072302744,0.1926979894238449,0.19938931418208994,0.19818310863228258,0.19517702671139497,0.1977011172477274,0.20258314172732875,0.20921216383214938,0.2100611977651912,0.2116399052121709,0.22206482705210778,0.2246130666236109,0.21984218833630734,0.21770126723472155,0.22583743336483855,0.22879334039350746,0.22438800404151707,0.22163577421494696,0.22517384445532043,0.22985992358373997,0.2265955914599644,0.21553186289928522,0.19006546861536788,0.15266868889460689,0.34979100825219767,0.18342769460041652,0.1521746308902006
stat_79,0.1564005693815174,0.15789965357769137,0.15675927622926508,0.15504120516405173,0.15485570152655406,0.15499207468162018,0.15413440380165191,0.15170293511115385,0.15143135614270442,0.149580496868593,0.14616012857242688,0.14594396154518932,0.14269491110584112,0.14003763420729298,0.13726029592281122,0.13364656906811873,0.12992251275789846,0.12747328433598518,0.12629429134475018,0.12518320429552723,0.12346161756761613,0.12159560805280911,0.11993345673766652,0.11987528062062407,0.11712953692823048,0.11256830315652652,0.1082094212914389,0.10802183553236373,0.10597281244281649,0.10405364423354517,0.1017126988069641,0.10066010971173286,0.09970161963877966,0.09919719145575401,0.0990567249694808,0.10085014320500174,0.10244331329800829,0.11264135152564235,0.1163969003765413,,,,0.10941466110860656,0.10699880287786397,0.1162591609469609,0.12089124336879889,0.10870975523459991,0.10791732526170734,0.11155472654907335,0.11187664290618898,0.11007966714460866,0.10916987300624252,0.11201234070523144,0.11290889725565657,0.11485796163232032,0.12083299680600997,0.1280164234510524,0.13052742523477043,0.13532039925595984,0.13970882595103631,0.13823264862577866,0.13570513175466858,0.13750840226684147,0.14104274470124026,0.14559161829457282,0.1460746599840976,0.14710119981912145,0.15436563254039215,0.1561811351951716,0.15275419600249562,0.15124506116856276,0.15696070533435694,0.15876330098091132,0.15550056159369974,0.15365364183765828,0.1561303284410573,0.15938403155761915,0.15702938159189858,0.1496966787498995,0.13211951376525927,0.1085953879343278,0.2448457395521713,0.13489740181676366,0.10701481237977808
stat_80,0.15204664653583733,0.15350210511146128,0.15239992380699482,0.15073201192945174,0.15053854699535782,0.15065837132175636,0.14981290072233813,0.14745306459415325,0.14719175372622012,0.14540188706878432,0.14208173143416636,0.14187203925590172,0.13872246770898053,0.13613243430263802,0.1334238314180333,0.12990477113702154,0.1262875845020292,0.12390950233056856,0.12276199151778007,0.1216718640285118,0.11999799416371405,0.11818388722590517,0.11656182512334681,0.11650702013261582,0.11384766942412013,0.10942229071975676,0.10518030452418306,0.10499710415800327,0.10300378055477137,0.10114818526349187,0.09888110756671398,0.09787661792699522,0.09695168389258234,0.09648504583743006,0.0963494493869221,0.0950317778882031,0.09327183037767116,0.09086663430181219,0.08953764970268922,0.0801711386854713,0.08193307496862974,0.07987788612925917,0.07877405542147571,0.08164919194584676,0.0904287811621688,0.09843309099182332,0.09910940072237985,0.10169897618520923,0.108477123941492,0.10874869790401821,0.10696875706293689,0.1060505327702404,0.10882149387014305,0.10969034273415926,0.11159327704106928,0.11741648511815503,0.12440529682853346,0.12685332745552363,0.13151252676681988,0.13576922867461017,0.13431917501563942,0.1318656285941874,0.13363323504255165,0.1370849215671635,0.14151647222067623,0.14201179471372208,0.1430303255483874,0.15006353032056668,0.15182579042088887,0.14849332279959798,0.14701874464095435,0.15257301914084717,0.15433951994151776,0.15119110402684574,0.1494289195233289,0.1518405527512093,0.15499616736190794,0.15269965708837638,0.14553421475802578,0.12844830318755138,0.10598529810170144,0.23847137679388872,0.13131405417059241,0.10396107950088512
stat_81,0.18058224840005963,0.18231652661568615,0.18097937986884635,0.17897691748813155,0.17878981858065962,0.17895200069720654,0.177950691217874,0.17513302898938346,0.1748080199258798,0.17263865483849938,0.16868235447547505,0.16843273595959868,0.16467298703255082,0.1616064052667427,0.1584011809244212,0.15424406495920093,0.14995554772772884,0.1471468199717782,0.14579512427309194,0.14453263794801333,0.1425437184113671,0.14676888963705306,0.14467894059656944,0.15190898068544947,0.14850211336968194,0.14284034693496908,0.14538979241825198,0.14514526802569908,0.14245041260057498,0.13995728726283743,0.1369213923647227,0.13552399464048,0.13414275231938608,0.13334529042917143,0.13311896945553908,0.15097677534915319,0.14779189856111488,0.17384115589041513,0.1697812365249848,,,,,,0.16312772835019917,0.17725348681601175,0.15375032955107734,0.15915846735782574,0.14943133986420593,0.15051075617583176,0.14857978318210416,0.14738597368116263,0.15067892321527201,0.1518404469471079,0.15454960214628538,0.15346542605900962,0.16214944466349052,0.164955065978801,0.1629356514631467,0.1611324671930211,0.15960032010754488,0.15676864415132277,0.15879650827608047,0.1628063701091429,0.168045862546895,0.16855704181513131,0.169703608554698,0.1781618739238241,0.180257627866301,0.17632677612744757,0.1746092484917186,0.18119972299134135,0.18329017054009003,0.1794905106312573,0.17724285271492485,0.1800860645662647,0.18386698545465768,0.18118471315708512,0.17277489806963864,0.15246040736489613,0.12353321771541048,0.28089045449351563,0.1533883129488619,0.12339223383508417
stat_82,0.2691326546719994,0.2716329949887383,0.26972621103573907,0.26648598532050205,0.26574171566612587,0.2651875447000148,0.26277857120444076,0.2586277749986872,0.2581109332786766,0.2548929021659048,0.24920709490087406,0.24886310960334604,0.2436706967244514,0.2387498199248822,0.23348355804674364,0.22723848482332504,0.22119090490582935,0.21731952073327068,0.2154033190272276,0.2131700169023498,0.20988492182655352,0.20645095857647108,0.20295863740023115,0.20277200702086878,0.19859909800438022,0.19165575124839285,0.1846641694255172,0.18435795759515444,0.1809111183297474,0.17795385997919802,0.17439183684709364,0.17280073653924097,0.17092095669734736,0.16971306487975701,0.16941640926315008,0.16674510171631657,0.16310542604470676,0.15787402169642978,0.15452172649116647,,0.11603275362280047,0.1357507135056497,0.1395278106549417,0.14272895650912493,0.15034490950805665,0.16346880942290143,0.16800414932108065,0.17437886705291536,0.18833246143305282,0.19097454136514255,0.18932883757170824,0.18749063955544498,0.19051683164441718,0.1920095847047532,0.1959834929323865,0.20551558414336366,0.2154816945548851,0.21794053940865973,0.22568206491286563,0.23401769515309193,0.23364391430933798,0.23097205588252787,0.23406387795990669,0.23978429692408995,0.24786593171830934,0.24940503486326346,0.2517585103743234,0.2637195208953357,0.2666304762585668,0.2611939888500043,0.2586044696147623,0.2681280822389357,0.2723895023181554,0.26800259469869536,0.26511268322004206,0.2693481436526631,0.2747902621376172,0.2710219231330052,0.2564322858609866,0.2259152061532923,0.18252093413906592,0.41859235189926514,0.2074235442278368,0.17773727639794876
stat_83,,,,,,,,,,,,,,,,,,,,,,,,,,,,,,,,,,,,,,,,,,,,,,,,,,,,,,,,,,,,,,,,,,,,,,,,,,,,,,,,,,,,
stat_84,0.27271389058890383,0.2752386167637511,0.27333205821423706,0.2700517090562921,0.2692350448420932,0.2685915227622342,0.2660531521524472,0.2618672269269272,0.2613544741698615,0.25813787591053294,0.25240867863169336,0.25206345144070064,0.24686072784264582,0.2418262836646237,0.23642230852002594,0.2300648706995332,0.2239688022666616,0.2200615475905135,0.21811916331425724,0.215778675385629,0.21239348526650217,0.20889081903322396,0.20532962280618092,0.20513342261187545,0.20095719808634985,0.19399552167423117,0.1869122012669361,0.18659878121006016,0.1830487270677295,0.18005681718175234,0.17645577194362644,0.17487489759536626,0.17297974910406635,0.17177848337908683,0.17148044962550313,0.16883711046433264,0.16509647294469273,0.15970113378467718,0.15618566779283716,,0.11750499274004877,0.1388431033899168,0.12938590963418709,0.1322569495769761,0.151664093807672,0.1648844932931248,0.16963739167023195,0.17616965370211216,0.1902986392375002,0.1930234776209907,0.19133721385888233,0.18935990910493006,0.1923571235329044,0.193919232317477,0.1981021541693207,0.20779454915016154,0.21776028864440117,0.22016874857502663,0.22792780138687033,0.23641080715760332,0.23617571080791017,0.23362716759212393,0.23685568034121812,0.2427182623088296,0.25096737683878273,0.252682756006779,0.25517513407078274,0.26715324449149536,0.27008249446961313,0.26458661888187557,0.26192888500918926,0.27155730920747817,0.27597790355217444,0.27164474088472096,0.2688214282507561,0.2731253071572058,0.2786191330277463,0.27477757410006337,0.25983549105047954,0.2289120524121836,0.18562427619529695,0.42524832809177854,0.20852723872928167,0.17919847517455825
stat_85,0.21533973547498528,0.21738986706617003,0.2158236306030312,0.21339856994913542,0.213063146319561,0.21306531235836929,0.21162929652765894,0.20829318418681927,0.20790926767879378,0.20536343254719652,0.20070932065322966,0.2004192775061139,0.19605855714647677,0.1923019328874403,0.18833854660261765,0.1833472054819794,0.17832047606956086,0.17503992962023346,0.17344419830818864,0.17181004513381282,0.16931303823020835,0.16666985816094446,0.16423803170649232,0.16413227656493284,0.1605378143561756,0.15454478777184047,0.1487006792376567,0.14844510828914348,0.14562210000635187,0.1430576206142147,0.139951197864002,0.1385683422963108,0.13719812666589182,0.136409032597088,0.13620871154744912,0.13429144557362152,0.13170379257275494,0.1279602940792851,0.12566831117577484,0.09388332260059219,0.098866424627381,0.10909523000401357,0.11279863878754746,0.10923116828415999,0.1246597078668164,0.13561609249804524,0.1379233378113421,0.14223889563208283,0.15251078046165742,0.1536140310442384,0.15153896774086967,0.15014596027632493,0.15345883480293535,0.1547255808690079,0.15768996645938466,0.16570872369875855,0.17480533649935073,0.1776188869936808,0.18396537213993516,0.19030552915250254,0.18905046635149714,0.18613977005586488,0.18866520093141945,0.19346675827241291,0.1998190059079155,0.20069098421876977,0.20224135021434334,0.21211232805061134,0.21455937102367023,0.20995241389761954,0.20787223603663388,0.21566533598903373,0.21842517147259502,0.2141480065225551,0.2115648830070149,0.21496097516639434,0.21944274079980633,0.2162621290412678,0.20586222794777034,0.18159870659667193,0.1465816779299338,0.33499853943055247,0.17592411292567886,0.14498605661100278
stat_86,0.26947176212010177,0.27197541689709165,0.27006750911198757,0.26682635200237925,0.26608046237564714,0.26552550666571423,0.26311157685772396,0.2589572211814635,0.2584412029096543,0.2552237460809254,0.2495322411701729,0.2491879124306179,0.24399136830467943,0.2390625675780179,0.23378691025130052,0.22753112104575104,0.22147635905185764,0.21759895564020484,0.2156793480670587,0.2134379489730955,0.2101450741422652,0.2067056967746406,0.20309889265942974,0.20291228175783058,0.19873759250777928,0.19179025469210428,0.18479331827858816,0.18448667353405512,0.1810341818849974,0.1780748900180614,0.1745096555408083,0.17291903635323166,0.17103951404943318,0.16983409933217397,0.16953814977668666,0.16698073973909075,0.16323532327563145,0.1580016717301759,0.15464280937277128,0.10318647198043278,0.10933246199817966,0.12416107341808078,0.12801550334443898,0.13114948697315354,0.15045324485304262,0.1635836325149572,0.1681252028716335,0.17459837222239757,0.18845784418022377,0.19109723703700449,0.1894446761459409,0.18759881626401298,0.19062712922711808,0.19212303689761578,0.19610694711366586,0.2056486765402182,0.21562078769626675,0.21808068824074403,0.2259316264935644,0.23427987044895487,0.2339118999367318,0.2312445070428697,0.2343507470393911,0.24008817061712026,0.2481844570220056,0.24973470088025077,0.2520950934096534,0.26406349936660084,0.2669780754552475,0.26153193155916943,0.25893595603416525,0.26847223883562626,0.2727378949195689,0.26834072018753774,0.2654486430300504,0.2696903466732821,0.27514073839001635,0.2713628332300202,0.25676619782957044,0.226213099582036,0.1827738141152805,0.41917659004805113,0.2075581464632065,0.17789547501250155
stat_87,0.2285460571722127,0.2307142241704725,0.22905068035842419,0.22643734639648047,0.22604643464305818,0.22597585299353143,0.22437034540522788,0.2208257699527971,0.22040720266379402,0.2176820620895654,0.2127555535630671,0.21245002005885108,0.20785002609578018,0.20383775185624942,0.19959627325249232,0.19430858877025056,0.1890072024507952,0.18556361746399122,0.18388516741382963,0.18214225492316138,0.17947973273079268,0.17665751824734283,0.1739197003106119,0.1738001993717059,0.1700326838942884,0.16375669754592867,0.15762181175839365,0.1573544780723071,0.15439930861036033,0.15172707374011277,0.14849100156474945,0.14704096672609074,0.14555095043854727,0.14466621142945799,0.14444771756066846,0.14240439036254332,0.1395311365470338,0.13547868446454794,0.13299119757475136,0.10311177729513508,0.09852896758189122,0.10806549605404461,0.11202887885572689,0.11498124802299896,0.13139735229199118,0.14292764312245596,0.14568391121603125,0.15050927490744243,0.1615838735098132,0.1629826659543407,0.16097539444878617,0.15951770986460698,0.16283378609909885,0.16414100939826898,0.16728223579221907,0.17567611894947366,0.18509007362407687,0.187884899387679,0.19468212308286983,0.20148577129583653,0.20034881862831078,0.1973967813610361,0.2000319474968028,0.2050508842218775,0.21179854767810963,0.21275191332387364,0.2144338399845788,0.22489336982315566,0.22747027250377483,0.22263668894755567,0.2204435673032252,0.2286819631301655,0.2317247205328026,0.22731431076475,0.22458530177366678,0.22818261078687713,0.232921214524646,0.22959226761755627,0.21833290260860927,0.19254519252420021,0.1550190704741548,0.354979166145928,0.184582307603089,0.15349404902064023
stat_88,0.302111217954416,0.30485302889037574,0.3027919495398762,0.2989820491788691,0.2977895426732285,0.29660744686017004,0.2932984305108897,0.2886782275219378,0.2880818828840351,0.28449370843089217,0.27825420698839826,0.27788680241200026,0.27233510577137493,0.2665735617516003,0.2603382460166747,0.2532913713596093,0.2467237312518243,0.24257642262424237,0.2404866806193263,0.23774177770981386,0.23386900908115155,0.22989141157844203,0.22549251691610042,0.22523599772231118,0.2208516347763572,0.21355747243701098,0.2059624810508851,0.2056261199869509,0.20182750479335254,0.1987191032470159,0.19503083502704815,0.19344316352549298,0.19126623727630268,0.18982611126566584,0.18951901961507164,0.18638657882220694,0.18183589501962108,0.1755147362990354,0.1713927126372096,0.10960214950062612,0.11625164103412111,0.1354823566523548,0.13950814002670983,0.1427792298718781,0.16443950473851315,0.17862474089774932,0.18487014112316585,0.1928344683295345,0.2092733326220668,0.21311321646715603,0.2119256086574047,0.20961421378461312,0.2120507216491372,0.21369341283500926,0.2184426394327466,0.2287858257055455,0.23879312013379894,0.24071502955660568,0.24928238073711864,0.25894938862903555,0.2595330499170484,0.2574262053456714,0.2609493581041409,0.26722454816674557,0.27647179675336275,0.2787410411239457,0.2818599621895487,0.2947981444653276,0.2979220925333758,0.292094107255641,0.2891538695853166,0.2996429970523721,0.30521620188968357,0.3012628371906096,0.2984886403081951,0.3032550110184654,0.30918543434946744,0.3051015395745756,0.2871293664090134,0.25271695228065927,0.20605152823995548,0.4718769806074997,0.22308272915158578,0.19596799846119414
stat_89,0.26947176212010177,0.27197541689709165,0.27006750911198757,0.26682635200237925,0.26608046237564714,0.26552550666571423,0.26311157685772396,0.2589572211814635,0.2584412029096543,0.2552237460809254,0.2495322411701729,0.2491879124306179,0.24399136830467943,0.2390625675780179,0.23378691025130052,0.22753112104575104,0.22147635905185764,0.21759895564020484,0.2156793480670587,0.2134379489730955,0.2101450741422652,0.2067056967746406,0.20309889265942974,0.20291228175783058,0.19873759250777928,0.19179025469210428,0.18479331827858816,0.18448667353405512,0.1810341818849974,0.1780748900180614,0.1745096555408083,0.17291903635323166,0.17103951404943318,0.16983409933217397,0.16953814977668666,0.16698073973909075,0.16323532327563145,0.1580016717301759,0.15464280937277128,,,0.13466998539782815,0.13876699561568015,0.1421348876361053,0.15045324485304262,0.1635836325149572,0.1681252028716335,0.17459837222239757,0.18845784418022377,0.19109723703700449,0.1894446761459409,0.18759881626401298,0.19062712922711808,0.19212303689761578,0.19610694711366586,0.2056486765402182,0.21562078769626675,0.21808068824074403,0.2259316264935644,0.23427987044895487,0.2339118999367318,0.2312445070428697,0.2343507470393911,0.24008817061712026,0.2481844570220056,0.24973470088025077,0.2520950934096534,0.26406349936660084,0.2669780754552475,0.26153193155916943,0.25893595603416525,0.26847223883562626,0.2727378949195689,0.26834072018753774,0.2654486430300504,0.2696903466732821,0.27514073839001635,0.2713628332300202,0.25676619782957044,0.226213099582036,0.1827738141152805,0.41917659004805113,0.2075581464632065,0.17789547501250155
stat_90,0.2429758877820964,0.24526648856894878,0.24349815552656498,0.24064988802021273,0.24016927285246276,0.23996928131590567,0.23813242450745603,0.2343563483924071,0.23389209499688,0.23095305049189346,0.2257353620550904,0.22541420045978627,0.22056406884213525,0.21625870499232494,0.21169310397628927,0.20608777270358572,0.20050457786375495,0.19690727008487935,0.19514830523963225,0.1932851438549757,0.19044620890598996,0.18741878397986445,0.20145491472514243,0.20127131468388912,0.19710726149163654,0.19018748529431126,0.18324407009139523,0.1829421286468287,0.179555961340068,0.17662493957372769,0.17308754324833375,0.17148926598535089,0.16960896508688844,0.18890563282656633,0.1885620504548832,0.18542918005630135,0.1808954725940225,0.17461638804596888,0.17049748954407037,,,,,,0.1637187598718862,0.17790021634942893,0.18406729850540055,0.1919790776448797,0.20832078636449752,0.18963454861733836,0.18803123583960293,0.18627343804144114,0.18930608915958436,0.19075756132285132,0.19461625289211545,0.20405914334140202,0.2140014032230969,0.2164771644964894,0.2061680027726293,0.21350037532097893,0.2125520660909413,0.20960470464178368,0.2123165549712889,0.2175165177041781,0.22469557213098187,0.22574981824203644,0.22760095560333457,0.23869653448320463,0.24140265212232065,0.23635842403403243,0.23405274394400863,0.24275659555575163,0.24618443951583086,0.24173619829101547,0.23888365778501397,0.242697941495649,0.24769491429980312,0.24423796319668362,0.23184660395079276,0.20436886931014173,0.16426560321905934,0.3767514724201874,0.19371032960563359,0.16275623794905522
stat_91,0.24713243499338333,0.24945537800098586,0.24768148441553386,0.24479591964567152,0.24425364097957095,0.24398209762097312,0.24202740369423026,0.23820810226008604,0.23774907103666126,0.23480950514061674,0.2295335857946154,0.22920995694784335,0.2243331825961765,0.21990933433920373,0.21520290498874523,0.2094698194876714,0.20381899361955114,0.20016858641043,0.19837623946627608,0.19640346038467202,0.19345235055891102,0.1903516144293388,0.18734293785576342,0.18719289249035984,0.18323059406865355,0.17663061669220648,0.17007725031887694,0.16979044423970788,0.16657857986102617,0.16375664603578266,0.16034390274025728,0.15881495530239848,0.15714846834269716,0.1561187316586939,0.15585499515924248,0.15346861806700457,0.15030423956290995,0.145711573719806,0.14280883912880424,0.10846152211516985,0.1160303838311762,0.13572662588643683,0.1193532383564822,0.12231598233392801,0.1401164743064662,0.15240147050664438,0.15594336892065816,0.1614059095730062,0.17381378070386078,0.1757481870148334,0.17385511629422967,0.17221468873730264,0.17545621783779755,0.1768697588866457,0.18042662450106128,0.18938754327642082,0.19910694468820142,0.20178732522681042,0.20896063265271753,0.2164549803276319,0.21563577884342697,0.212791809747575,0.21566063769147245,0.22103198157434667,0.22839589373206956,0.22962213218725128,0.23160521759409594,0.24275048952082126,0.2454857140155147,0.2403580573952493,0.23797603540445117,0.24681248754540583,0.2503807296397963,0.24593510180421135,0.24312370979119088,0.24701569960738742,0.2520854277295991,0.24853661061128632,0.23583604766293675,0.2078948892461203,0.16767588517900342,0.38424085669532687,0.19524236836404274,0.1645987413662801
stat_92,0.22510319703166476,0.22724244631270063,0.22558559370412767,0.22299646986525012,0.22264574809924578,0.22261780840201234,0.2210938142234476,0.21758530292829886,0.21716119515419274,0.21443475703800635,0.20955979374729047,0.20925679367910402,0.20468537308191856,0.20076525662001926,0.19663261622972333,0.19145115842745605,0.18621168432733443,0.18281827384004884,0.1811697183645885,0.17951366072836064,0.1769417686348775,0.17417750189149955,0.17152264287144908,0.1714081735289811,0.1676603853700464,0.16143211730162416,0.1553891703473129,0.15512931054901494,0.15227170984099367,0.14965187040592257,0.14646248515909036,0.14500073833080246,0.14349896936144543,0.14260542483751026,0.14238837270709065,0.14031188644789677,0.13751997406083386,0.13355312930086827,0.13119407578060113,0.10758786478150778,0.10801073240099435,0.11307217743642686,0.11000192356158141,0.11348891578749389,0.12986437350630056,0.14128516932689208,0.14390419613898453,0.14860323323110525,0.15953968451755413,0.16090119735141117,0.15899419773770823,0.1576720819297497,0.16097656558855813,0.16220834858224428,0.16516614934265034,0.1733960462788086,0.18274521650382827,0.18554479192584233,0.19228388392068085,0.19895832145667536,0.19773288213613616,0.19471279500818953,0.1972135518432097,0.20208120981153152,0.20867818604914265,0.20949996029638335,0.21108520558444058,0.2214927702970279,0.2240414004127832,0.21928632386941888,0.2171570047439505,0.2252793916695222,0.22822970107939713,0.22385008550715585,0.22110340978712625,0.22463657130411432,0.2293079184394745,0.22606154549327462,0.21500145191439674,0.18959173722207256,0.15226327123351424,0.3488470036738896,0.1832050688208739,0.15191870598854948
stat_93,0.26794320916337916,0.2704340935058189,0.2685283441875738,0.2652967982209134,0.2645699728894655,0.26403538461354653,0.2616600438465068,0.2575208740436891,0.2570017816611357,0.2537816906345564,0.2481120640772012,0.24776876676592352,0.24258413129456916,0.23769770283211206,0.23247367312402828,0.22626745399396303,0.2202392636684047,0.21638349930318326,0.21447743222687635,0.21227867776949821,0.2090269921258173,0.20561536860047372,0.20207229361063975,0.20188925715452413,0.19772404829004664,0.19079611515765812,0.18384725931228982,0.1835440062557867,0.1801633888880745,0.17722857934262087,0.17370338675950467,0.17213283426168557,0.1702752371854214,0.16908918727828032,0.16881759197284424,0.185808391885836,0.18123463061747278,0.17487354045983475,0.17077739249813512,0.10845579115344749,0.11555017374941877,0.13460628962604076,0.13883002435018535,0.14229394720504737,0.16394006265618688,0.1781047437459669,0.184351517902088,0.19231561297437114,0.18775941077794928,0.19033580604375105,0.18869797134093622,0.18688637138891112,0.1898913954250886,0.1913512436151306,0.19522493830569532,0.2046853273556619,0.21463173643461655,0.217093438686694,0.2248941124184873,0.233182417148622,0.23277165872686123,0.23006776885211877,0.23311045479850084,0.23877713239464787,0.24680301872499258,0.24828800387257022,0.25060217891261416,0.2625513532817181,0.2654537743780822,0.26004297557767,0.2574768877714353,0.2669619007608316,0.2711849799414733,0.2668014903517583,0.2638996803062038,0.2681123947992738,0.2735326207415669,0.2697935963423196,0.25528379748454527,0.22489789581642147,0.18152541337121939,0.4164130030832124,0.207006161846519,0.17722875241968558
stat_94,0.2105348760029547,0.21254584130809887,0.21098662200085821,0.20859697229451027,0.20832468356487285,0.20839573171288578,0.20708312246626098,0.20379598280223843,0.2034038792558493,0.20085375562332644,0.19626883884196358,0.19598201579228988,0.19165681404191795,0.18803309082163797,0.1842280573957631,0.1793873837380532,0.17444386782538207,0.17123193672909068,0.16967749263625448,0.1681707729504107,0.16580299495641865,0.16324324287132347,0.16084412568755202,0.16074707362541835,0.15717859671583032,0.15124924387230215,0.14554006794115343,0.14529535608560143,0.14261384000862448,0.14012228304701835,0.1370880345560461,0.13569196647924056,0.14327444424787572,0.1423798928919628,0.14216125423909143,0.14009749915560293,0.13729664332831726,0.1333068443614979,0.14085262373943158,,,0.12201922408517252,0.1265344623116962,0.12080672092377262,0.13849860026878383,0.14105740657958574,0.14369136383097073,0.14839308522309283,0.1592994309603629,0.1606601415206406,0.14876659782329002,0.14756811518954668,0.1508627993027251,0.15202050153659577,0.15471538159364723,0.1624947483833288,0.1715068434641517,0.1743302331499679,0.18068117575783701,0.18683894482350938,0.18545205796376704,0.18243398887729176,0.18476619349606319,0.18935450933656595,0.19549166502200122,0.1961671424225071,0.19757271723998604,0.2073820818029349,0.20979187778255198,0.205291558520655,0.20330247783823516,0.21093649166363657,0.213555028715511,0.20930414661730257,0.20668386506815195,0.20998953282041202,0.21438116229628035,0.2113153139569274,0.2012204397907297,0.1774857730894408,0.14266756102817643,0.32634402750429126,0.1740724193316186,0.14284552586591578
stat_95,0.26787685875809336,0.2703674435715915,0.2684617768287569,0.2652318648324485,0.2645068963037321,0.2639749198294502,0.26160267841435547,0.2574643603465039,0.25694550561064905,0.2537261063308981,0.24805725833411665,0.24771396926684602,0.2425289766573979,0.23764472607453224,0.2324221024065586,0.22621716620206742,0.22018955681737878,0.21633385156922583,0.21442801712997409,0.2122295357868698,0.20897854110235092,0.20556789942789933,0.20202645559680574,0.20184321081815054,0.19767689195717353,0.1907480962895959,0.18379166780330172,0.18348850293230365,0.18011058645065123,0.17717578784182156,0.17364543209221514,0.17206555160057077,0.1701957793471778,0.169007404710458,0.16873895606014466,0.16609640715935298,0.18109234883600933,0.17470463623884439,0.17058775025630962,0.10842394143732736,0.11549910914435178,0.1344398463383745,0.13869122977222698,0.1421651252607465,0.1637940756011462,0.1779754415941501,0.18423744102287895,0.17381558591680038,0.18768290705089138,0.19025303463836823,0.18862721455352932,0.1868273970557509,0.18984030895127682,0.1912994942836465,0.195168075165691,0.20463540044441025,0.21458442550502624,0.21704948474275002,0.22485023853017225,0.23313567428837156,0.23272221753262015,0.23001676266806284,0.23305847411191202,0.23872429298438155,0.24674788875359602,0.24823154767352348,0.2505431105473867,0.2624919533373714,0.2653942992982966,0.2599836730255358,0.2574183056547503,0.2669018379576354,0.27112042456453417,0.2667332852711472,0.26382961793273363,0.26804123153499526,0.27346112222583085,0.26972221808100993,0.2552239852396652,0.2248462743791821,0.1814717246433354,0.41629853592128274,0.2069870589207123,0.1771992571064272
stat_96,0.1986903642494706,0.20059400787093024,0.19911885795671294,0.19688511594081165,0.19665915420690463,0.1967847773913335,0.19561598101949962,0.19251144365668824,0.19214540085937917,0.18974208237674617,0.18540019979618289,0.18512742228416862,0.18101604365638885,0.17762161212739372,0.17406697922993347,0.16950024338049396,0.16480739339495662,0.16174964125881244,0.16027398215257957,0.15887553201667265,0.1566641849864628,0.15426664706032964,0.15205817032587235,0.151973057039526,0.1485626546714368,0.14289973929126354,0.1455599701840695,0.14531519844124727,0.1426350450826211,0.14965187040592257,0.14646248515909036,0.15628609620958547,0.1546209268213693,0.1683954110105711,0.1681003482141353,0.16545601292196072,0.16177526998024672,0.17421023882561223,,,,,,,,0.17757645333226857,0.16684716589798046,0.17321728399727934,0.18702882901584894,0.17319559814051239,0.1713935707559224,0.1576720819297497,0.16097656558855813,0.152041184591777,0.15473507647748322,0.15353619924171072,0.1622236923113143,0.16503370629250505,0.17105888740895037,0.17680737991484713,0.17533219120435065,0.17235633950506626,0.1745601592205186,0.17891948386732945,0.18469271341666169,0.18527854744332792,0.18656268637230605,0.19585870379481496,0.1981490249846087,0.19386684696815337,0.19198849810332802,0.19921664114798807,0.20160109893618725,0.1974988903355593,0.19500713747836704,0.19812921637603537,0.20228491837086152,0.19936970798951037,0.18998828346161664,0.16760962331044776,0.13499571089494514,0.3082224236035398,0.16622707105628579,0.1352931535123479
stat_97,0.2432382695438835,0.24553125320178604,0.24376163804479128,0.24091100805796048,0.24042880742315578,0.24022725590033406,0.2383862786573331,0.23460681395698518,0.23414260457988842,0.23120201987618258,0.22597945793946256,0.22565802654815195,0.22080394671939357,0.21649274331165336,0.21191985239427233,0.2063071369139782,0.200718542861914,0.19711958816014433,0.19535852753369515,0.1934900709664944,0.19064539321890994,0.1876137431737898,0.18460051994808616,0.18445825702516538,0.1805151824356533,0.17395573416900303,0.1675001692425237,0.1672218573213002,0.1641457777580005,0.16137264056343642,0.15802264519194817,0.15649769606953196,0.154845581208347,0.15384313531238153,0.15360250948438747,0.15131222138433933,0.16218843363779403,0.175035631639978,0.17093156750465432,,,,,,0.16408234029863278,0.1782533111837757,0.1672316093865166,0.15950798450484288,0.17162498784887673,0.1734339344980651,0.1716091022414966,0.17010861303490818,0.1733447938414888,0.17467755719459124,0.17799118348727694,0.18677309158895639,0.19644983041463313,0.19915321203777114,0.20636717976147245,0.21370929646834977,0.21276569189892905,0.20982105970912826,0.2125375221598114,0.21774623769533316,0.22493529551400282,0.22599579707460207,0.22785143717789413,0.23895545604389884,0.24166422487317774,0.23661426848644235,0.23430483408035366,0.24301780822205915,0.24645085029044939,0.2419983519922763,0.23914425401630557,0.24296298110008896,0.24796546377395015,0.24450342127436836,0.2320990042638844,0.20459203261506054,0.16445120862545834,0.37718080346023514,0.1938433146172641,0.16289816352472455
stat_98,0.2107030761230449,0.21271605124750903,0.21115562199315913,0.20876607433024594,0.20849504869527172,0.20856851215765385,0.2072563623613854,0.20396701179206442,0.2035752052672377,0.20102459531189548,0.19643620677793822,0.19614912398363832,0.1918203311209524,0.1881940243733631,0.18438591218751266,0.1795404819251016,0.17459266471512502,0.1713747822011942,0.16981869653118184,0.16830922143359817,0.1659357075259975,0.16337659016691522,0.16097532537309103,0.1608782357622198,0.15730405934799827,0.15137023549914577,0.14565708201682848,0.145412020090608,0.14272578726974622,0.14023446291805597,0.1371969014486294,0.13579837389163898,0.13441972815054035,0.13360790180375287,0.13340412299721788,0.13149072204005147,0.1289547088714958,0.12535286180294175,0.12324848397734185,0.1076317943744033,0.10191435563315472,0.10529111011063196,0.10980836794444455,0.10729448605639239,0.12262042577658232,0.13343314708544352,0.1355318272005864,0.13972836749182518,0.14976230586628617,0.15082338982005045,0.148874801113079,0.1476735094022021,0.15097313200787593,0.15213019752198848,0.1548314645407491,0.162617932767701,0.17163802286095267,0.17446770152067254,0.1808231520896637,0.18698327361392972,0.18559867112183756,0.18257900479156527,0.18491887880214514,0.1895145353471696,0.19565766047002636,0.19633521507085538,0.1977413790077388,0.207557752399165,0.2099698018941142,0.20546386126776015,0.20347211624043762,0.21111326840974598,0.21373023848751518,0.20946907371939127,0.20684403580902963,0.21015261996951304,0.2145495493579046,0.21147852589572677,0.20138858504867102,0.17763640733146516,0.14277462182916928,0.3266098747625078,0.17418087618058348,0.14294733962441672
stat_99,0.2432428651659369,0.24553582439434118,0.2437661408875051,0.24091507455563485,0.24043264889491145,0.2402307256333384,0.23838947987223802,0.23460986466072267,0.23414548055141646,0.2312045511246225,0.22598189062445811,0.22566045699363124,0.22080664053744362,0.21649534568319262,0.21192320893503158,0.206310829365577,0.2007222479407468,0.19712368597779384,0.19536268208023924,0.1934952440679208,0.19065111934387693,0.18761952682188293,0.18460680507262778,0.18446479753159725,0.1805225752163592,0.17396364408455556,0.16751336387904622,0.16723504995030264,0.16415745625651654,0.1613822951494861,0.15803696297341857,0.15651820049661364,0.1694044691129052,0.16821316071428383,0.16791516359884315,0.16532474739290864,0.16168037341595323,0.1738488286191401,,,,,,,,0.1772683605955753,0.16676662444797313,0.17309617935817165,0.18683794328048398,0.18941583858799318,0.17163154987131365,0.17012438185238857,0.17335557852935257,0.17469024229412214,0.17800582462179312,0.1867823844524106,0.19645814178713925,0.19916018125166418,0.2063734300564596,0.21371575902346554,0.2127719735494254,0.20982660280818768,0.21254227540651127,0.21775039893502812,0.22493913161468643,0.22599845077901817,0.2278540970138275,0.23895821350297328,0.24166693554114183,0.23661723990314515,0.23430803489236732,0.24302099439999877,0.2464546923393305,0.242003270737488,0.2391494525819059,0.24296817313021207,0.2479704475423426,0.2445089091069546,0.2321020196388905,0.2045942726239617,0.16445282387981752,0.37718403205350276,0.1938461533507506,0.162902021998895
stat_100,0.1732507083210946,0.17491507205369367,0.173634537868951,0.17171822379375945,0.1715406407765517,0.1717077778840159,0.170765240275967,0.16806096366363527,0.16775133759334562,0.16567457546940537,0.16187625667602645,0.16163628734527932,0.15802496608703556,0.15508828329929503,0.15202403512413848,0.1480357852050168,0.1439107888813105,0.14120850717975258,0.13990841633508447,0.13870252986471412,0.13680183874142093,0.1347319166708444,0.13288076285749784,0.13281499243928857,0.12978467965761376,0.1247539724775064,0.11995556121613372,0.11975013373842368,0.11750823351176645,0.12026508479703098,0.11759397959245525,0.12821877468575005,0.12693315296082133,0.14234917221360624,0.14211194356168852,0.1510125000488291,0.14780438841002322,0.14328810642128337,0.14054288513166618,,,,0.1380026615243417,0.14156081625048936,0.13821985100132023,0.15038736037551365,0.1537801856888845,0.1592121276996836,0.1592448435394786,0.14248050082849864,0.14052953455398234,0.12645863567461962,0.12958301129508817,0.12530371165702103,0.1274447165568288,0.13400321692958578,0.1418535669234859,0.14453242735237792,0.1498269646140653,0.15473912708585594,0.15319987058191084,0.1504361139132698,0.15238670574172908,0.15625112277574016,0.16127293165682882,0.16175431623912964,0.16285087508974805,0.1709630788374587,0.17297738817363986,0.16919528043824167,0.16754435996863726,0.17387518021712806,0.17586087428822164,0.17220515591081093,0.17006535276507187,0.17279743005710987,0.17642187984586763,0.17384004686009608,0.16578574002217966,0.14630295694871093,0.11891683180360868,0.2698338114491015,0.14804058792070174,0.11853782297607951
stat_101,0.1806370693416747,0.1823719452115224,0.1810344009142921,0.1790301045781374,0.17884320099818263,0.17900611058159063,0.17800517719381295,0.17518499359420314,0.17486000781447866,0.1726902905037521,0.1687327854891469,0.16848308849722246,0.16472210215350833,0.16165767500882425,0.15845321050193129,0.15429573197755356,0.1500039268563665,0.14720290712270076,0.1458529665486514,0.14459520788479774,0.14262113973292764,0.14047234303521958,0.13850695171816843,0.13843767522503886,0.13530925686995118,0.1301018582833196,0.12512479710458727,0.12491099261436227,0.12259821250258887,0.12044765629289245,0.11779796946283226,0.11660214478033891,0.11546655073285039,0.11489058376052139,0.11472158741668403,0.1131280215140689,0.11605620202714469,0.11292289758451729,0.11118111874237713,0.09557666241949564,0.10170426854847027,0.09955863816424218,0.09882644651583136,0.09764400029488281,0.1113682272438691,0.12118066484314624,0.12264431364354718,0.12083236806092122,0.12912420755925,0.1296224968888989,0.12768198617546053,0.126634467424864,0.1297426631259458,0.13071442379914552,0.13294293927043696,0.1397480117869367,0.14784776936673882,0.15056150045529615,0.15608301553493384,0.1612180688211021,0.15966751565077905,0.15682886430436851,0.15884668878064886,0.162860532009994,0.16810069757754117,0.16861051615225472,0.16975420394478563,0.1782149141390719,0.18031143808857253,0.1763791044412554,0.17466089517435382,0.18125525112711138,0.18334527090159053,0.17954309784784064,0.1772943901704088,0.18013995341624645,0.18392231516640753,0.18123878665404924,0.1728286148009676,0.15250827391489857,0.12356841739059951,0.2809755742907965,0.15342695735120662,0.12342638309112369
stat_102,0.18875951207004904,0.19057061709664244,0.18917017204263464,0.18706234076482747,0.18686017063199523,0.18700954782492235,0.18593727417827252,0.18298831467641993,0.1826443927792103,0.1803675917612653,0.17623573462840514,0.1759755114230385,0.17205370487518598,0.1688448330128816,0.16548604789462223,0.1611460470994902,0.15667319960828327,0.1537612623291281,0.1523563168362728,0.15104095673835793,0.14897158564592755,0.1467129563097179,0.1446360793201615,0.1445570259178634,0.14130335844574213,0.13589666520152643,0.1307160424307516,0.1304939679991038,0.12807451107139073,0.13225827848473956,0.13703421501989269,0.15612309405360755,0.15447714229945692,0.15347786935252775,0.1532074892715504,0.16513322117910062,0.18016996589509382,0.1738149652707954,0.16977455715229792,,,,,0.14158193218882595,0.1631212577857068,0.17723060612801267,0.18342744485683263,0.17289445338404213,0.1711912054753271,0.17303006529705167,0.17121370635500544,0.14749663152729578,0.14246186823482188,0.13657723136719988,0.13892687519734084,0.1460001484982251,0.15436332132746824,0.15712153070081422,0.1628809839189243,0.16828872110340612,0.16675368444713606,0.1638425010693471,0.16593256675068344,0.1700980007904853,0.17557496466832484,0.17611192622959485,0.17731235830287959,0.1861555055789505,0.18834007618240087,0.18424993002540951,0.1824611166477367,0.18934143534424946,0.19155991056573252,0.1876191129351181,0.1852575618146858,0.18822700760975075,0.19217782697188351,0.18939131178213345,0.1805485711172093,0.15930207358472057,0.12868323373382654,0.2931922127893355,0.15929726383174003,0.12881145206360767
stat_103,0.2432737621724794,0.24556688377961464,0.24379819643686504,0.24094828400350035,0.24046380076203247,0.24025933793526594,0.2384141911539345,0.23463520049341116,0.23417152681195685,0.23123304877368767,0.2260113207607683,0.22568999589761565,0.22083021548708187,0.2165161236994739,0.21193181349310053,0.20631037348610803,0.20072280951584157,0.19712253856317033,0.19536133338820677,0.1934818077508088,0.1906323043332648,0.1875931027062921,0.18453841382554792,0.18438734518156052,0.1804369084381683,0.17387548370629105,0.1673892492713431,0.1671110513403859,0.16400936310296257,0.16122974038928686,0.15787250599142505,0.1714449763628649,0.16955854571790513,0.16836177751792394,0.16805061634533883,0.1851360731522664,0.1805045530367243,,,,,,,,,,0.18371995641845026,0.19170586026541928,0.18696602115154523,0.18957143749357752,0.18797311233164218,0.16994786310541388,0.17318997601928363,0.17453028589856276,0.17786860158189674,0.18668052592775142,0.1963573597351146,0.1990682925062971,0.20632751422187295,0.21367780237467945,0.21274231582078085,0.20981140101564205,0.21253431859638713,0.21774711395433347,0.22494677035588997,0.22602337975606007,0.2278845300207319,0.2389910240673172,0.24169931870429898,0.23664855916182856,0.23433688943232495,0.24305049947660148,0.2464872992098397,0.24203586387517226,0.23918462376867958,0.24300466548895558,0.24800799997548809,0.24454269628095995,0.23213564828674185,0.20462512148442014,0.16450911943340243,0.37729537822976666,0.19381180743943058,0.16288547505905412
stat_104,0.18049917803732224,0.18223296365043914,0.18089521106098674,0.1788913068107233,0.17870693395658227,0.1788726876932186,0.1778770220206943,0.17505777545537926,0.1747321380611527,0.17256138585851333,0.16860534532839005,0.1683556746526505,0.16459392651365795,0.1615313017951789,0.15833090133805702,0.15417720193354753,0.14988643940444163,0.14707951000876301,0.14572844213737268,0.14447001856156072,0.14248338215550438,0.14032001032926597,0.13836872421790872,0.13829521668959238,0.1351496011147935,0.12992866846045095,0.1249375080955394,0.12472444006871966,0.12239717947259231,0.1202053362744715,0.11753639662262695,0.11630705248674747,0.11516225053258368,0.11453288682801882,0.1143649644866415,0.11277098302637882,0.11066927718266752,0.10771716976794171,0.10606796688633915,0.09554871964935648,0.08844237642853046,0.08981516994776952,0.09404803488344644,0.0973326575401439,0.10649441699060741,0.11592271206659745,0.11716602771034652,0.1204641736600315,0.12874009215474003,0.12930479384135846,0.12740041506610167,0.1264011794258148,0.12952132539675662,0.1305310637212455,0.13276785791491047,0.13958020051783745,0.14768999149694223,0.15042225551578117,0.15593738111547098,0.16108495557278885,0.15954788552849755,0.15671053950258432,0.1587313418893033,0.1627383797034535,0.16797234248520193,0.16847535676207753,0.16961594356382736,0.17807828874795034,0.1801739793840521,0.17624463483571118,0.17452999127893648,0.18112015124218042,0.18320476215412604,0.17940351158673334,0.17715308258623388,0.17999585432208767,0.1837753076076719,0.18109636573999868,0.17269396424914568,0.1523886834996255,0.12344696663709502,0.2807071028602545,0.15340357864643125,0.12337955017220177
stat_105,0.19882003792215724,0.20072503016313487,0.19924966136184216,0.1970163070829093,0.19678972244606316,0.19691512198165068,0.1957442699055223,0.19263859942822742,0.19227308326927128,0.18987065098604322,0.18552679348773682,0.1852539065766102,0.18113716445155903,0.17773924254149975,0.1741761420430361,0.16960172653490188,0.1649064413670823,0.16184607800965137,0.16036914326418736,0.1589625817484934,0.1567492307657663,0.1543462232259492,0.15212209676164618,0.15203202775689553,0.14861846167783616,0.1429498291279916,0.1374989746218704,0.13726647359004124,0.13471874940530335,0.1323353562748718,0.1294381284887578,0.1281024279132822,0.12681968837322039,0.13349686556869186,0.13328917996313164,0.15109978410248445,0.1479064637300696,0.15644734725826226,0.15320932014861027,,,,,,0.1492369376007301,0.1622603674996986,0.15386018874753496,0.15927934455220832,0.14963092821032234,0.14235097972993194,0.14040380998672744,0.13929048489010173,0.1425403280552048,0.14364403017116073,0.14615398714717928,0.15358020151989077,0.16227477091551282,0.16508798468191616,0.17113277933307958,0.1768893741273782,0.1754156331607871,0.17244667409750986,0.17465734225768462,0.17902410259276746,0.18480685574189268,0.1854031877699456,0.18669105278852274,0.19599276824085057,0.19828448744017066,0.19399822010261647,0.19211684572681267,0.19934994568803666,0.20173562201496978,0.19762790422245965,0.1951351449453715,0.19825984538106511,0.20241926865941487,0.19949903049784531,0.19011814964229806,0.1677260574995249,0.13509972211865898,0.3084612476413497,0.16627895240542348,0.13535082432615578
stat_106,0.19882605737218817,0.20073044971318857,0.19925615501197447,0.19702155322041484,0.19679107429808582,0.19691091021827206,0.19573406119099312,0.1926289309532274,0.19226344873221346,0.18986183076768184,0.1855194611727768,0.1852467617311407,0.18113326260484158,0.17773400703749687,0.17417089480744802,0.16959789159999303,0.16490621478180567,0.16185039988915195,0.16037730748221485,0.15897245959429476,0.15676648881057065,0.16323311105523894,0.16079656652668817,0.16069315985103969,0.1571265533323883,0.15119900914633144,0.14546800683578673,0.14522328842246932,0.14252534066438213,0.14003492720802002,0.14623518298908098,0.1447643581584979,0.1432560475072093,0.1536406446477555,0.15336505564775227,0.15105781751117572,0.16165913716137692,0.17409099546962808,0.16997693860812543,,,,0.13826947366237488,0.1417721061061502,0.16328309458547915,0.17745622099215042,0.16672685439029292,0.15923764600304993,0.17135911882382657,0.16062872300297293,0.1587367832458486,0.1574300112578963,0.15075635982892027,0.15191533985430766,0.15462879115577088,0.16243015160399077,0.17143694541792212,0.17425677091422373,0.1806446627576151,0.17689096729599216,0.17541442461096365,0.1724479008779017,0.17465369678439166,0.17901891283884816,0.18480166956831157,0.18540084806027426,0.18669295899553123,0.1959883323806597,0.19827866407089892,0.19399454516945464,0.19211228085021093,0.19934370782958966,0.20173706380323253,0.19763863275175766,0.1951517638837529,0.19827692022826676,0.20243462145893776,0.1995148127897938,0.19011832113405033,0.16772436148705633,0.13513524931215912,0.3085148890362669,0.16621942237242693,0.13532140684578572
stat_107,0.1805716930286912,0.18230618688479988,0.18096850888547988,0.17896494430508153,0.17877980203141,0.1789449160727882,0.17794731688889462,0.1751276010682038,0.17480234715227974,0.17263249822455348,0.16867561594891373,0.1684259130434882,0.16466418783428935,0.16160007899505155,0.15839901348466917,0.15424384826551618,0.1499526202612877,0.14714573944919762,0.145796358104831,0.1445378790164056,0.14255303417405935,0.14040403453054548,0.13844232397823406,0.138372160880356,0.1352321112173169,0.13001267329653154,0.1250282851289624,0.12481482130277649,0.12805596108711978,0.12579355963619276,0.12301977877374878,0.12173721777570772,0.12052301797574168,0.11985657754394267,0.11967684656058905,0.11799290257845002,0.12158380319087467,0.11822173376665032,0.11631416608732674,,0.10185503047645476,0.10517411787949055,0.10348685181084188,0.10172778758008168,0.11616915926266266,0.12643550495210445,0.1281929876802363,0.12588495683489084,0.13463787295600466,0.13531061469768282,0.13338627011350424,0.13233967749715156,0.13552686140216813,0.13656109260196314,0.13285059589652695,0.1396598347425337,0.14777052318526088,0.15049729163648867,0.1560180302333176,0.1611515949644774,0.1596122420383968,0.156774041286934,0.15879549697181658,0.16280680540344578,0.1680434375266986,0.16854875712823947,0.16969139162316632,0.17815308620727674,0.18024941617587448,0.17631784469280137,0.17460120809480514,0.18119399614767234,0.18327999755177718,0.17947608174805232,0.17722567098632772,0.18007002579853823,0.18385153964144813,0.18116942399730723,0.17276693387226383,0.15245417230146258,0.12350974978558962,0.2808494587857139,0.15341816255446963,0.12340456680473044
stat_108,0.16208804429082765,0.16364540286325177,0.16245861086925445,0.16068697434921975,0.1605134309686724,0.1606767362409312,0.1598039553132669,0.15728301334115993,0.15701191022651584,0.15509653897165437,0.15155746647950916,0.15133291192085066,0.1479581156333774,0.14520883952148417,0.1423359360244285,0.13858942267084842,0.13474329230358603,0.13220553619855127,0.13098227368331744,0.12983451698216172,0.12805972939992907,0.12613439138079147,0.12440870307489639,0.12434910729715702,0.12153675734249644,0.11682608458426767,0.11230136335830872,0.11210590596850353,0.10999621368779926,0.11183876736810605,0.10933035263420007,0.10819804939478377,0.10718237562625609,0.1108540956176179,0.11068817315763203,0.10919522442485802,0.10716702825758415,0.10876792955930055,0.1118155972983429,0.09120732533441894,0.09704093902493514,0.09466873344346301,0.09518532319212225,0.09821679176570816,0.1120084835897949,0.11702226704483905,0.11359530604092666,0.11672142719838487,0.12460165489883837,0.12026384923950376,0.11831802751365218,0.11732998437464337,0.12034848444159171,0.11713690800252399,0.11915922784706454,0.12536827125577094,0.13279351726331487,0.1353522382730568,0.14031536492564772,0.14486796900964066,0.14334252647310303,0.14072492830339786,0.14259703430482673,0.14625494465310965,0.15097002241478982,0.15146206148714322,0.15250845477379968,0.16005499028066164,0.16193218769880272,0.15836914684525671,0.15679577545277287,0.16272760119934537,0.16456447144502442,0.16112613780478272,0.15916865426677304,0.16173398872616115,0.16512264965046838,0.1626736257579629,0.15517851824153564,0.13696951832876714,0.11209359205852601,0.2533660228985136,0.13929503653417652,0.11083904507464798
stat_109,0.16784672638196865,0.16946072696638487,0.16822671000316364,0.1663895860509157,0.16621865742163824,0.16639314984636416,0.16549075053900333,0.16287782567551684,0.16259561052705132,0.1606055294314023,0.1569397592619032,0.15670710070229024,0.15320879133780732,0.15036477613429272,0.1473922860638989,0.14351568109862098,0.13953620789478624,0.13691173860782807,0.13564684485618705,0.1344641073566279,0.13262755156915187,0.13063348147255455,0.13372191956566828,0.13365564663413124,0.13065128442894586,0.12560703454878341,0.1258751166915308,0.12565834329246597,0.12331574549368791,0.1211714439362896,0.14706820552578562,0.15737747090932577,0.155710313711968,0.1547022783326348,0.15442931518659245,0.16683520378184324,0.16301624009804713,0.15767754038932527,0.17150939802721824,,,0.13528270327817452,0.1393347671410333,0.14282143435205083,0.16458337011780624,0.16336098010558217,0.1679790058327841,0.17450977430004858,0.17246744741565329,0.17431582289008987,0.17244966599197867,0.15818958527066762,0.13040075126098416,0.13137281812208929,0.13364923846879007,0.1348337160859681,0.14273130327985023,0.14539544339823976,0.1452714959949317,0.150002212437151,0.1484553617518927,0.14575945589638717,0.14768650571434416,0.15145900437475673,0.1563385830023573,0.15683497333555832,0.15790564068524268,0.1657388125533664,0.16768215162584416,0.16399590184513152,0.16237121192672718,0.1685134674759777,0.17041171291591034,0.16683520926360138,0.16477812127833927,0.16743105144355366,0.17094741357721074,0.1684176813158879,0.1606839242297489,0.1418250998777446,0.11563871945572819,0.261942423305067,0.14374210890832625,0.11474865927443831
stat_110,0.3004472173947983,0.3031773370781421,0.3011210129180035,0.2973367522909702,0.29617183326721114,0.2950266887521866,0.2917705418198762,0.28717118276775083,0.28657668243278545,0.28300010170719436,0.2767850139714352,0.2764185130102614,0.27085937226473433,0.26514509394198726,0.25894642335333007,0.2519266080201073,0.2453839331665909,0.24125489485591906,0.2391752440722827,0.23644769867581852,0.2326011218886917,0.22863600575315018,0.2242381094622866,0.22396535236028967,0.21957071869294606,0.2122684460242136,0.20461548962896106,0.20428196943029758,0.20048964453857934,,,,,,,,,,,,,,,,,,,,,,,,,0.212392352888307,0.21708551934661488,0.22746256268899928,0.2374965237375041,0.23946807045713564,0.24807079713314967,0.2576821555999902,0.2582157594409217,0.25608322022043595,0.25956315036719624,0.2657949833338022,0.27499384601105076,0.2772282709676456,0.28029762308875084,0.2932236629703699,0.29633841682801537,0.2905321051190303,0.2876147726737211,0.2980558637944258,0.30355752678689363,0.2995784563391427,0.2967885712465027,0.3015264358465206,0.3074328220812791,0.30337075291392573,0.28557104773647485,0.25135293041735646,0.2047816227521724,0.46905077135614814,0.22245244094555952,0.1951628790165221
stat_111,0.27259247613830345,0.2751171392362358,0.2732113287281859,0.2699374444581264,0.2691256990063762,0.2684903780832796,0.265960224481836,0.261776943434024,0.2612657811763563,0.25805408516950595,0.2523264408872891,0.25198117275056686,0.24676034923425014,0.24173056001753357,0.23631399569457093,0.22994103864389281,0.2238456301170979,0.2199368618976002,0.21799401235898513,0.21563746957279106,0.21223816016244512,0.20872262075266226,0.20500956002821696,0.20479618387650275,0.20060293327456963,0.19362192111996487,0.1864601690730032,0.18614762672402005,0.18261440305517923,0.17960005921065972,0.175999269903396,0.17436531911114528,0.1724560577977812,0.17123333651015166,0.1709346448679686,0.16832500754534552,0.1643908187533574,0.15893733134053994,0.15543964297242116,,,,0.1397858848609236,0.13170816246319186,0.15106789952345878,0.16427962937879562,0.1690466142307455,0.17572076923535973,0.18976387327010544,0.19247992940438466,0.19080842545134818,0.18890304897571383,0.1919184330169738,0.19349612827780868,0.19764521826601697,0.20740815303778035,0.21740193481068165,0.21984125592869808,0.22776458904628732,0.2362528752029694,0.23602236608768545,0.23348407131213278,0.23671679714650015,0.24258490389347112,0.25084815168581137,0.2525809832998837,0.2550682147425056,0.2670612060476442,0.26999135866774565,0.264491659152645,0.2618330514574506,0.2714606479268539,0.2758670526025329,0.2715181293607703,0.26869059681791707,0.27299316398883344,0.27848823159321506,0.2746423751285157,0.2597390196990436,0.22883362014807293,0.18554637552379355,0.425079818998552,0.20847359050966258,0.17912083842250273
stat_112,0.24329787349166088,0.24559119527663778,0.2438212788742328,0.24096905056091578,0.24048571837013552,0.24028241541121861,0.23843956147649414,0.23465911107187806,0.23419446710699912,0.23125291292577063,0.22602931620919708,0.22570784665018856,0.22084521294585083,0.21653252472881468,0.21195049398085664,0.20632985156816422,0.2007408369898708,0.19714023483808998,0.19537914160085937,0.19350288885723113,0.19064989257148493,0.18761089754556623,0.1845930278116773,0.18444199803640574,0.1973598960121011,0.19042189688753042,0.1834151437904406,0.18311283230646921,0.17974753326824433,0.17679643949126594,0.1732741720223951,0.17166230660267615,0.1906704252574868,0.18920831396497267,,,,,,,,,,,,,,,,0.21249097036661246,0.18820894107102698,0.18645726607157465,0.18947104542071566,0.19094339482184428,0.19478847397819657,0.20429943231162614,0.21425894275571764,0.19913622463780187,0.20636327582889696,0.21371343293760345,0.21277972587690128,0.20984411870126116,0.21256207510158173,0.2177705063499918,0.2249682930730543,0.22603770388320052,0.2278947059254693,0.2390090236589485,0.2417181133674642,0.23666785428127948,0.2343582175024376,0.24307277990826323,0.24650889701872558,0.242058938731952,0.2392056347700016,0.24302530088317612,0.24802821474599876,0.2445663763268225,0.2321526334219651,0.20463832201099916,0.16449209138533466,0.3772722704979667,0.1938688849941164,0.1629306080706489
stat_113,0.22458656642561295,0.22672052045367322,0.22506780007937482,0.22248329636439682,0.22213153100489347,0.22210117042160965,0.22057915812370685,0.21707849210596378,0.21665498734335384,0.21393391769100825,0.2090702208095382,0.2087679713957626,0.20420077410092066,0.20028897795704828,0.19615839982225272,0.1909838473452967,0.18575726536605772,0.1823739319145848,0.18072972455559908,0.17907090114419344,0.1765063123042593,0.17374466417445267,0.17105884420860157,0.1709371050711649,0.16719683629996673,0.16098209305616923,0.1549257119652234,0.15466685556237642,0.1518106285546453,0.14919299363740102,0.14602216497825146,0.14456028533971257,0.14306398582841623,0.1421765111444149,0.14193601711405981,0.13986700608385488,0.13706629031615739,0.13308560321863325,0.13077499335086898,0.0908315109085049,0.09653272942993728,0.1049947769410226,0.10954895600181555,0.1131167542013365,0.12947151872723628,0.14082826204290652,0.14345260428510048,0.1481466972160662,0.15904478195841631,0.16042563248378072,0.15852903271221458,0.15722245331167675,0.1605095285452064,0.16173978755519233,0.1646888410315122,0.17292316186032824,0.18225162017325902,0.18504716385592476,0.19181707064374287,0.19847797366316652,0.19725251700676497,0.19424539514786862,0.1967359793781167,0.20158912098763468,0.2081760304104445,0.20900349297559015,0.21058703416536173,0.22097671024226279,0.22351908021835032,0.2187765904150243,0.21665258710305038,0.22475537842593796,0.22770234821856014,0.22333895268627424,0.22060227115014377,0.22412741897270183,0.2287864588917424,0.2255487766163272,0.2145025293365581,0.18914999762200424,0.15194688236562295,0.34807450547922236,0.18286719609261287,0.1515914528139328
stat_114,0.1804526524238995,0.1821855722929605,0.1808488571239949,0.1788446648438758,0.17865788059287324,0.17882013068178892,0.1778211059186014,0.17500293261346225,0.17467741631633266,0.17250766934864611,0.1685535619735091,0.16830407822055396,0.16454547385807705,0.16148524968731337,0.15828586848176926,0.1541343186033705,0.14984684139212248,0.15379056647639802,0.15238208913132045,0.151061578855932,0.1565514412619298,0.154151504741141,0.15192177969058457,0.1518319709837771,0.14842326786617321,0.1427624537098132,0.13732274686715093,0.1370907475157491,0.13454348371490404,0.1321703398663685,0.1292756526570346,0.1279328277589146,0.13412706044231146,0.1333258833434242,0.1331075039373325,0.13119784950554325,0.128636858267121,0.13315168339293423,0.1308103969486739,,,,,0.12984647088667617,0.12951141928010054,0.14090152572795694,0.13520326017800446,0.13941692506799275,0.14943089538319318,0.1505007659155005,0.1402315648629927,0.1391326217805424,0.14237863601302317,0.14347242972938887,0.1459785441956741,0.15338873725497482,0.16207064651768743,0.16487882736276488,0.17092606893252657,0.17667490301909147,0.166777662630515,0.16387006427902714,0.1586875733664138,0.16269249452772563,0.1679248589998224,0.16842924740876314,0.16956972085834768,0.17802570887653943,0.1801200198986315,0.17619319961788427,0.17447848335146263,0.18106574687643226,0.1831545588543016,0.1793602655721783,0.17711423015751052,0.17995651025588708,0.18373378628237966,0.18105590085283335,0.1726457261920786,0.1523448677510428,0.12343706848725612,0.2806639186449145,0.15333166749560445,0.12332976993641812
stat_115,0.18908721846144586,0.19090205409919064,0.18949969883421713,0.18739203790678535,0.18719121496145327,0.18734387625458834,0.1862711743633952,0.18331830344818562,0.18298923508594764,0.18071223630711572,0.176589485041667,0.17632874818678038,0.1723991634674665,0.16918234834167611,0.16581557637733826,0.1614644830693351,0.1570130158463972,0.1540860290051092,0.15267799146886174,0.15135296818764565,0.14926797748202472,0.1470122062804947,0.1449364287630617,0.14485995388579692,0.1416294522018489,0.13621386134955835,0.1310078836839936,0.13078474547768068,0.13489750169893594,0.1325798179093395,0.12971231099493044,0.1283773448585146,0.12713538462808222,0.13339107496594663,0.13317861081924315,0.13127165159187637,0.13706629031615739,0.13308560321863325,0.13077499335086898,,0.10157864073939321,0.1049947769410226,0.10954895600181555,0.1131167542013365,0.12947151872723628,0.14082826204290652,0.14345260428510048,0.13948532858823215,0.14950154772697338,0.142675086707951,0.140660795774609,0.13952786436050144,0.1427565265741063,0.1438021789269916,0.13920463635977526,0.14631389136347095,0.1546967869690485,0.15743340817221368,0.16319218837340074,0.16860357897809639,0.16707764609874332,0.16416727963044828,0.1662777064903119,0.17042985156274387,0.1759209058927467,0.1764652735335537,0.17767039914994592,0.18652718544763416,0.18869967407892038,0.18459814098379662,0.18278952337250623,0.1896833857080199,0.1919003524573085,0.1879420803761485,0.1855735647435941,0.1885488148070012,0.19250932234808585,0.18971266641313153,0.18087550704112887,0.15959497443971282,0.1289046074881192,0.29372796179471833,0.15949012321774012,0.1289951516877181
stat_116,0.3011083402506012,0.30384332609528997,0.301784945772604,0.297991289216721,0.29681648711473774,0.2956583532955167,0.2923828022380184,0.28777519022888454,0.2871800804537205,0.2835991869299578,0.2773739954755234,0.27700708838055854,0.27144202233161424,0.2657097021126507,0.25948952585514556,0.25245137356861774,0.2458985216229231,0.24175951637911428,0.23967582494236866,0.2369343018736012,0.23306706853223724,0.22909550089198616,0.2247006261419465,0.22442592103625342,0.22002398911228044,0.21272003526975305,0.2050632437070567,0.20472874065031083,,,,,,,,,,,,,,,,,,,,,,,,,,,0.21753545934145782,0.22792502777751777,0.2379557483963409,0.2399219542939091,0.24851757310449968,0.25815066245108687,0.25871203297754075,0.25659532400441176,0.26009483818330553,0.2663444620336277,0.2755699982472807,0.2778255460210632,0.28091322648571665,0.29385378221198205,0.29697272499140215,0.29115677863938866,0.2882302434466579,0.2986910538860385,0.3042186734892363,0.3002463240864209,0.2974610981669999,0.30221028667166255,0.3081269645598582,0.30405540022950367,0.2861932088087227,0.2518985395791471,0.20528073372103248,0.470168517076338,0.22270974934394808,0.19548530994883156
stat_117,0.3010490093598263,0.3037834604882612,0.3017253328045428,0.29793216588564125,0.2967578202510202,0.2956002406643125,0.29232593401156737,0.28771905277128484,0.2871239358931963,0.2835433142324556,0.2773191023434775,0.27695224472610686,0.2713878902021132,0.2656570339666475,0.25943863502926073,0.2524022107550529,0.24585039668114608,0.24171666575318276,0.2396333692121405,0.23689294469648,0.2330268476131712,0.22905094329318076,0.2246577399528969,0.22438318845906896,0.21998526229932408,0.21268033584499874,0.20501575249939286,0.20468136180115687,0.2009119372004578,0.19776364011763664,0.1940963145154868,0.19247281781386913,0.190310602674393,0.1888499067069274,0.18853483159391604,0.18548386199444053,0.18095662379259378,0.1746158546202178,0.17056255026363726,,0.11541666083134373,0.13433413342424969,0.13860638496411337,0.14213036555753983,0.16378027609869647,0.17790965800825084,0.18412580078866325,0.19203267674853997,0.20829496091665106,0.21211484633650973,0.21091596943936905,0.20867926617858687,0.21113001219770058,0.21280142144316047,0.21748781429964503,0.22788450966510518,0.23791627988582859,0.23987932651882168,0.2484734816576617,0.25810954039875666,0.2586695867997931,0.25655207859759843,0.2600453643869166,0.26629306433478284,0.2755161818869095,0.27776998524642327,0.2808563469459728,0.29379537508606424,0.29691381863966093,0.29109908931380907,0.2881734620032906,0.2986322817354416,0.30415843930603137,0.30018702053581053,0.2974021758986646,0.3021503340895418,0.3080656896193637,0.3039954360677489,0.286136088063686,0.25184806130416204,0.2052381472628173,0.47006938071444165,0.22268371728204353,0.19545455556368763
stat_118,0.2668701837106981,0.26935195514615873,0.2674519001827502,0.26423395925314574,0.26351577563955597,0.26299208259109613,0.2606374357068461,0.256513110007986,0.25599536308081833,0.25278468903166773,0.24713424917461044,0.2467919732949849,0.24160886819855096,0.23675293875185646,0.23155401860606262,0.22536835784675482,0.21936607960970309,0.21553951841720473,0.21365347231866208,0.2114703866191882,0.208257993158302,0.20488630368597738,0.20133854538225182,0.20114282605434702,0.1969950348177722,0.1900938985660965,0.18312410484170813,0.18282230718977,0.17945298047005376,0.17656874263629257,0.1730830705572316,0.1714951758093443,0.16962240780151192,0.16847403323899418,0.1681873927656571,0.16558271101076225,0.16194381749765482,0.15680485633388253,0.15372149343902508,,0.11514623764654798,0.13392895098346408,0.1382482722180387,0.13036159429104932,0.14969107999022588,0.1625817984471848,0.1669924084843077,0.1733239153722355,0.18710607356374412,0.1896365809485812,0.18802222925641196,0.1862510360325543,0.18923310034589616,0.19064156598454435,0.19448454714033708,0.20395295883327164,0.21387402308340187,0.2163341761604677,0.22415206819839353,0.23237646450773633,0.23192240503269104,0.2292076474673514,0.23219931630056345,0.23783269433974558,0.2458274312363831,0.24729495008201394,0.24958391954854384,0.261511384730059,0.2644047714423316,0.2590131840492389,0.25645994942513245,0.26590966806589517,0.2701041289948483,0.2657267156857529,0.2628293533361596,0.26702455165635236,0.27242464974885405,0.26870119310123414,0.25426546062156286,0.2240021007358515,0.18078668971238998,0.4146985443298563,0.20648196836008723,0.17663795395740656
stat_119,0.24282216351322805,0.24511082247656188,0.24334441823044736,0.2404970013108797,0.24001389426030084,0.23981025032355913,0.2379710623661962,0.23419773318057455,0.23373371746810445,0.2307969673249202,0.22558336778778776,0.2252625300663283,0.2204097496119355,0.2161096950967667,0.21154465078940915,0.20594001080763338,0.2003654275695618,0.19678160225697128,0.19503311771497958,0.1931708664686127,0.1903468086799716,0.1873408381777828,0.1843163606772333,0.18416599687217372,0.18023318025091284,0.17369327377482582,0.1672318689917097,0.16695413569117407,0.16387739252890038,0.16114488235649335,0.15783040598771209,0.1563037988884814,0.15464440142530106,0.15365278074098526,0.15339915116793634,0.15111134580566807,0.147994598801653,0.14357675330762323,0.1530798312824735,0.10765462687065198,0.11507765824684961,0.1216291323763051,0.12618682244199647,0.12981355280245274,0.14913222100014076,0.15064710322202704,0.1539544264215188,0.1592981642625023,0.1713997203721877,0.17321095271778375,0.1713998730139751,0.16990739825818194,0.17310977748981246,0.1744041057177383,0.17771427811403911,0.1864966586100493,0.19614915655114862,0.19884442368066016,0.2060721563821802,0.2133803009127775,0.21242042848656373,0.20947683233926806,0.21216767816308502,0.21736007722551104,0.2245382952722672,0.22559617226730883,0.22744554797960545,0.2385379196446324,0.24124159749060775,0.23620210845265824,0.2338974718071486,0.2425945673116931,0.2460251809468081,0.24158689828705082,0.23874106570463074,0.24255323030961715,0.24754543360925824,0.24409120271240647,0.23169550247556417,0.20423431037048212,0.16419334351587042,0.37655133683748554,0.1935830783394373,0.16264021187215966
stat_120,0.30042079496724877,0.3031502523693867,0.3010950798280219,0.297310873406109,0.2961433259549791,0.2949947410406473,0.291735047332437,0.28713673305747034,0.2865425392408551,0.28296742342472675,0.2767540192313721,0.276387684842123,0.270831609309525,0.26512457209803286,0.25893926997460454,0.2519264668538986,0.24539306129352373,0.24128178454140808,0.2392197420759431,0.2365071198219598,0.23269280424168343,0.22877751446141578,0.22438870243046616,0.22411537117382208,0.21973907003135829,0.21247461877690216,0.20484893057279388,0.20451481266502006,0.20074154654662693,0.1976924302803033,,,,,,,,,,,,,,,,,,,,,,,0.21105099401957073,0.21262780996695618,0.21731335889314363,0.22766768561223324,0.23765950183702966,0.23960698957276938,0.2481948770394062,0.25776084046999753,0.25826563717949236,0.2561206940061553,0.2595681468562037,0.26579335839365176,0.2749860321056425,0.277209335652768,0.28027364523384546,0.29319293112774214,0.2963065442911253,0.29050180874540427,0.2875837185833298,0.298022756153713,0.30352860103509205,0.29955553295261145,0.29677053734688863,0.3015083782731758,0.3074130953851651,0.30335092583126244,0.2855437860060852,0.2513282455255777,0.20479634910689493,0.46905560125032575,0.2224045653829388,0.1951228632159295
stat_121,0.3004110530581201,0.3031403068119285,0.30108523691915545,0.29730066029237634,0.29613268365438017,0.29498343864982585,0.2917233326875494,0.2871251084911639,0.2865308275923464,0.2829555551529519,0.2767423928432382,0.27637608314154366,0.2708203178417046,0.26511355274645954,0.25892869342673075,0.25191645881036584,0.24538362813365258,0.24127245396197522,0.2392116672433491,0.2365002913542929,,,,,,,,,,,,,,,,,,,,,,,,,,,,,,,,,,,,,,,,,0.25825846963986215,0.25611294513942323,0.2595589593902894,0.26578305227958826,0.27497511073132425,0.27719789043926374,0.2802621332087001,0.2931809694350874,0.29629434305820496,0.2904902898299608,0.2875724712145064,0.2980108901341552,0.3035175851257575,0.2995465118745332,0.29676243562251037,0.301500075661145,0.30740412082317825,0.3033427395743522,0.2855327309953202,0.251317966229562,0.2047913928932055,0.46904001478767315,0.22239784574523108,0.19511668883939773
stat_122,0.3004110530581201,0.3031403068119285,0.30108523691915545,0.29730066029237634,0.29613268365438017,0.29498343864982585,0.2917233326875494,0.2871251084911639,0.2865308275923464,0.2829555551529519,0.2767423928432382,0.27637608314154366,0.2708203178417046,0.26511355274645954,0.25892869342673075,0.25191645881036584,0.24538362813365258,0.24127245396197522,0.2392116672433491,0.2365002913542929,0.23268721409373377,0.22877297372002048,0.22439022735927772,0.22411684601444343,0.21974659556068096,0.21247837552253315,0.20485388734082396,0.20451978339710472,0.20074315154823855,,,,,,,,,,,,,,,,,,,,,,,,,0.21263003624309193,0.21731913457978325,0.22767203359658833,0.23766693725250176,0.23960782438729664,0.24818960852747007,0.2577545548150572,0.25825846963986215,0.25611294513942323,0.2595589593902894,0.26578305227958826,0.27497511073132425,0.27719789043926374,0.2802621332087001,0.2931809694350874,0.29629434305820496,0.2904902898299608,0.2875724712145064,0.2980108901341552,0.3035175851257575,0.2995465118745332,0.29676243562251037,0.301500075661145,0.30740412082317825,0.3033427395743522,0.2855327309953202,0.251317966229562,0.2047913928932055,0.46904001478767315,0.22239784574523108,0.19511668883939773
stat_123,0.26677265031147307,0.2692538419303395,0.267353727363129,0.2641372095656274,0.2634214457890642,0.2629009862348269,0.2605506951161151,0.25642734880482976,0.2559095740342939,0.25269903968277124,0.2470496306019453,0.24670736268545937,0.24152417993808992,0.23667151443673032,0.23147629203865566,0.225293967805197,0.2192925437624712,0.21546365047534738,0.21357792714468277,0.21139744305335476,0.20818675258341218,0.2048183544913728,0.20127446773001467,0.2010790257457335,0.19692645628098832,0.19002167331982142,0.20485388734082396,0.20451978339710472,0.20074315154823855,0.19770478728406402,0.1940697805800433,,,,,,,,,,,,,,,,,,,,,0.20864381312552455,0.211063298914727,0.21263003624309193,0.21731913457978325,0.20388132155448094,0.2138076397049257,0.2162750951699909,0.22409136231068744,0.23230995407993862,0.23185195409051074,0.2291333465558601,0.23212502896485523,0.23775536374623404,0.24574508867990158,0.24720783768910803,0.2494925775757179,0.2614200469870507,0.2643131491336832,0.2589226359307483,0.25637119229632466,0.26581838042247485,0.27000731248843773,0.2656270673412978,0.26272747032880867,0.26692080645750677,0.272319701646458,0.2685979700961577,0.25417414421215345,0.22392220202465982,0.18070156964097825,0.4145163407059577,0.2064577723935171,0.1765997114884334
stat_124,0.26677265031147307,0.2692538419303395,0.267353727363129,0.2641372095656274,0.2634214457890642,0.2629009862348269,0.2605506951161151,0.25642734880482976,0.2559095740342939,0.25269903968277124,0.2470496306019453,0.24670736268545937,0.24152417993808992,0.23667151443673032,0.23147629203865566,0.225293967805197,0.2192925437624712,0.21546365047534738,0.21357792714468277,0.21139744305335476,0.20818675258341218,0.2048183544913728,0.20127446773001467,0.2010790257457335,0.19692645628098832,0.19002167331982142,0.18304879063186968,0.18274718806099244,0.17938069331242762,0.1764954364398055,0.1730134588790899,0.1714161404218624,0.16953690351052966,0.1683754875849876,0.18783784438754814,0.18474139368195244,0.18018717107699705,0.17387066439278606,0.16985219348450215,,0.11507010695231977,0.13376550987288083,0.138089780644981,0.14164348556486903,0.1631917472947011,0.17728624960273026,0.18345036372810875,0.19135155354618752,0.2075869948894748,0.18954993859298083,0.18794319041120425,0.18618536359315188,0.18916689201049203,0.19057494830363342,0.19441144949745542,0.20388132155448094,0.2138076397049257,0.2162750951699909,0.22409136231068744,0.23230995407993862,0.23185195409051074,0.2291333465558601,0.23212502896485523,0.23775536374623404,0.24574508867990158,0.24720783768910803,0.2494925775757179,0.2614200469870507,0.2643131491336832,0.2589226359307483,0.25637119229632466,0.26581838042247485,0.27000731248843773,0.2656270673412978,0.26272747032880867,0.26692080645750677,0.272319701646458,0.2685979700961577,0.25417414421215345,0.22392220202465982,0.18070156964097825,0.4145163407059577,0.2064577723935171,0.1765997114884334
stat_125,0.3004110530581201,0.3031403068119285,0.30108523691915545,0.29730066029237634,0.29613268365438017,0.29498343864982585,0.2917233326875494,0.2871251084911639,0.2865308275923464,0.2829555551529519,0.2767423928432382,0.27637608314154366,0.2708203178417046,0.26511355274645954,0.25892869342673075,0.25191645881036584,0.24538362813365258,0.24127245396197522,0.2392116672433491,0.2365002913542929,0.23268721409373377,0.22877297372002048,0.22439022735927772,0.22411684601444343,0.21974659556068096,0.21247837552253315,0.20485388734082396,0.20451978339710472,0.20074315154823855,0.19770478728406402,0.1940697805800433,0.19243865431872795,0.19023776155632857,0.18883030210727514,0.18849997382362269,0.18537427031653556,0.18086803186090245,0.17459847956772567,0.17071484742214518,,0.11633338344506255,0.13505097281275605,0.1392300858005222,0.14234348552952608,0.16390903122820005,0.1778897058176183,0.1840447460388649,0.1919253856963203,0.2082524101745251,0.21203149478826838,0.21087269205631248,0.20864381312552455,0.211063298914727,0.21263003624309193,0.21731913457978325,0.22767203359658833,0.23766693725250176,0.23960782438729664,0.24818960852747007,0.2577545548150572,0.25825846963986215,0.25611294513942323,0.2595589593902894,0.26578305227958826,0.27497511073132425,0.27719789043926374,0.2802621332087001,0.2931809694350874,0.29629434305820496,0.2904902898299608,0.2875724712145064,0.2980108901341552,0.3035175851257575,0.2995465118745332,0.29676243562251037,0.301500075661145,0.30740412082317825,0.3033427395743522,0.2855327309953202,0.251317966229562,0.2047913928932055,0.46904001478767315,0.22239784574523108,0.19511668883939773
stat_126,0.3004110530581201,0.3031403068119285,0.30108523691915545,0.29730066029237634,0.29613268365438017,0.29498343864982585,0.2917233326875494,0.2871251084911639,0.2865308275923464,0.2829555551529519,0.2767423928432382,0.27637608314154366,0.2708203178417046,0.26511355274645954,0.25892869342673075,0.25191645881036584,0.24538362813365258,0.24127245396197522,0.2392116672433491,0.2365002913542929,0.23268721409373377,0.22877297372002048,0.22439022735927772,0.22411684601444343,0.21974659556068096,0.21247837552253315,0.20485388734082396,0.20451978339710472,0.20074315154823855,0.19770478728406402,0.1940697805800433,0.19243865431872795,0.19023776155632857,,,,,,,,,,,,,,,,,0.21203149478826838,0.21087269205631248,0.20864381312552455,0.211063298914727,0.21263003624309193,0.21731913457978325,0.22767203359658833,0.23766693725250176,0.23960782438729664,0.24818960852747007,0.2577545548150572,0.25825846963986215,0.25611294513942323,0.2595589593902894,0.26578305227958826,0.27497511073132425,0.27719789043926374,0.2802621332087001,0.2931809694350874,0.29629434305820496,0.2904902898299608,0.2875724712145064,0.2980108901341552,0.3035175851257575,0.2995465118745332,0.29676243562251037,0.301500075661145,0.30740412082317825,0.3033427395743522,0.2855327309953202,0.251317966229562,0.2047913928932055,0.46904001478767315,0.22239784574523108,0.19511668883939773
stat_127,0.31003446973440246,0.3128230202545589,0.3107726432658174,0.3068570706996407,0.3054649014662117,0.304028859827517,0.30037800430170125,0.2956840680970031,0.2950954981635573,0.2915135861989507,0.28519136279543206,0.2848229637912926,0.2792469819402545,0.273212291183001,0.2666187323713813,0.25929473719756535,0.25264020532237946,0.24843156739474093,0.24628981556240317,0.24326406635407666,0.23913388359920396,0.2349712237165357,0.23047769759714576,0.23016850677907247,0.22577027510192568,0.21844088421947255,0.21053800706785317,0.2101867688482799,0.20618870405394496,0.20296199237160176,0.19922309023296608,0.19762984204350253,0.19543505212065126,0.19396794289673233,0.1936585937857073,0.19037883308178974,0.18564204393291472,0.17884854864214447,0.17439535278209778,0.11116444610306342,0.11758325051263749,0.13897236078443528,0.1422815761475172,0.14476395796469427,0.1666972635072052,0.18104107186866583,0.187836364589752,0.19609828847610872,0.21309820620268616,0.2171929687914404,0.2159367894492649,0.21335647913589822,0.2156754394986,0.21751726538165153,0.22271014589708077,0.23350248246006028,0.24347159743687527,0.24526897843736495,0.25381141783377237,0.2638336881933283,0.26479923856762394,0.26304765745694403,0.26687407707796434,0.27344876841473814,0.28310663357948884,0.2858433339437985,0.28931922339262445,0.3022722967131963,0.30542316574985967,0.29948932271017176,0.2963939790781104,0.3070958847965946,0.31309893738641137,0.3093715270112188,0.30680981990460243,0.31173052589959394,0.3177520692237999,0.31351923886134586,0.294587530415462,0.2592614446351759,0.2132708221932058,0.48703008102185047,0.22516793983395408,0.19896752751843463
stat_128,0.24753073377074605,0.24985687345586927,0.2480811387565932,0.24519007360106987,0.24464358961420649,0.24436660936977472,0.2424030318756705,0.2385783167838877,0.23811872303523254,0.2351757680063999,0.2298928165486326,0.2295688477698116,0.22467497842974238,0.22024177541471818,0.2155123915188698,0.20975823507779037,0.2041008514150946,0.2004464500920429,0.19865173187321838,0.19666099064429446,0.19369126704828657,0.19057415169623207,0.18753137847720258,0.1873682586492725,0.18339274460193913,0.1767735645221071,0.17015711716753618,0.169870253145192,0.16668211935071295,0.16384352386106296,0.16044620253330877,0.15890351577276646,0.15725587118992868,0.15623768058875212,0.1559957269893565,0.16706720924405397,0.18123463061747278,0.17487354045983475,0.17077739249813512,,,,0.13883002435018535,0.14229394720504737,0.16394006265618688,0.1781047437459669,0.184351517902088,0.1746661621375592,0.17396769285408853,0.17586788747461446,0.1739531254837677,0.1723245457322685,0.1755516438493977,0.17698041587004174,0.18051553174721885,0.18954061605566752,0.199280201179956,0.20197101601631007,0.2091869756136262,0.21670479833368278,0.21590568670362884,0.21307881086781993,0.2159546779953996,0.22133494215135432,0.22872433406444267,0.22997206968254832,0.2319630908217674,0.2431332741436374,0.2458717836229546,0.24073756778018995,0.23835071777058425,0.2471998452436622,0.2507804705846773,0.2463353610577364,0.24352409972650824,0.24742270478456904,0.25249926002845446,0.24894502313909184,0.23621219460371445,0.20822520520103255,0.16795852663472893,0.38488724473857727,0.19542712561226977,0.16481052634409452
stat_129,0.30166611092923273,0.3044046395881139,0.30234496415051226,0.29854139039023175,0.297355561318399,0.29618233885803064,0.2928866380989701,0.2882720154967808,0.2876760390892569,0.28409088053351556,0.277857985397979,0.2774908444189003,0.2719225340891575,0.26617377267636944,0.2599341010301373,0.2528810340644531,0.246321035767021,0.24217849800450067,0.24009184031491612,0.2373383374311219,0.2334581043043454,0.2294712516994759,0.22506747067678187,0.22479139360729156,0.22039062249383315,0.2130788675569487,0.20540417418389262,0.20506902144172393,0.20128798150739285,0.19815512017850562,0.19447541164828322,0.19283702087859925,0.1906704252574868,0.18920831396497267,0.18889345424440224,0.185808391885836,0.18123463061747278,,,,,,,,,,0.184351517902088,0.19231561297437114,0.20865071917125372,0.21249097036661246,0.21129743310399424,0.20906130552686794,0.2115088861057749,0.21316934301635385,0.21788139501001186,0.22829488789785435,0.23832628461351013,0.24027844044204472,0.24887576920770116,0.2585375782777863,0.2591216643901911,0.257021740277475,0.2605328604726136,0.2667947746910383,0.27604282290375576,0.2783179305918844,0.2814237226945806,0.29437401961925114,0.29749539147122434,0.2916736971565848,0.2887397234803926,0.2992156783477473,0.30477110912776484,0.30081328335019747,0.29803619700089123,0.3027949575058323,0.30871833418827915,0.30464093696615596,0.28671062974199624,0.2523498694984763,0.20571560061336272,0.4711236961201238,0.22290764220688916,0.19574848071014078
stat_130,0.30499494304544067,0.30775524926514697,0.3056946867983307,0.30184746419593084,0.300591586147435,0.29932903114630593,0.29590820332565565,0.2912590541242634,0.2906645710225479,0.2870744539411766,0.2808009006888144,0.28043270670638054,0.27485253725393055,0.26899788897726085,0.26262847073130785,0.2554723022907086,0.2488695379961069,0.24469782402002063,0.24258904307064139,0.23973902201342773,0.23576661494698178,0.23171367787020875,,,,,,,,,,,,,,,,,,,,,,,,,,,,,,,,,,,,,0.25094615985142876,0.26074870814162915,0.26146957414393407,0.259487605007898,0.26311204173820424,0.2694903769847805,0.27889235897032777,0.2813264883692336,0.28456090671179274,0.2975350810933043,0.3006717903150016,0.29480221005205504,0.291809024244439,0.3023790287198954,0.30809329752117015,0.3042019752907976,0.30148804516785577,0.30630909031120873,0.3122771972809456,0.3081401346188499,0.2898505486412247,0.2551066997815866,0.20856035467309836,0.47723184547249053,0.2239398675691537,0.19713860494727373
stat_131,0.2731851466185328,0.27571204905060365,0.2738070720938078,0.27051918421148036,0.2696873485698674,0.2690242390710356,0.2664612126187011,0.26227133373241496,0.2617590084440389,0.25854337980068876,0.25281016643800397,0.2524650154807092,0.24724616631050766,0.2421940422616723,0.2367508961551077,0.23036142959725645,0.22426224799348396,0.2203529070257888,0.21840810019469173,0.21603425751235006,0.21261815800230505,0.2090896259215508,0.2055110032795357,0.20529448411458764,0.20110440680025732,0.19412501309330454,0.18695312776401166,0.18663938950374634,0.18312153905748715,0.1800894336741422,0.1765147457973925,0.17492854580042477,0.1730688864835829,0.17187090004091582,0.17159906206925551,0.16890353060808008,0.16512925212649698,0.1596719406828738,0.15620903936176683,0.10378496091351237,0.10969682345188411,0.1253849462176203,0.12923355974551914,0.1320949311873111,0.15166441385227744,0.16483822560213657,0.16964256068602146,0.17620615486860766,0.19039520992123635,0.19309724326462388,0.1913729736092884,0.1893929105848536,0.19236078095558956,0.193963877398506,0.19812506575945774,0.20790926549641353,0.21788802617193315,0.2203045858183191,0.22808742895682296,0.23660309158908552,0.23640762681741614,0.23389945910055057,0.2371456714940279,0.2430244360761429,0.25131459704382814,0.2530787187611169,0.2555960025808532,0.2675883595573494,0.2705184009927446,0.26501795973492737,0.262350527806222,0.271990197489953,0.27644234951948266,0.2721314471386107,0.2693267365366397,0.27364010836160857,0.2791372745488312,0.2752878606598782,0.2602739080019816,0.22929518291435888,0.18608478922728716,0.4261878181043829,0.20862088830180617,0.17935397836592729
stat_132,0.30166611092923273,0.3044046395881139,0.30234496415051226,0.29854139039023175,0.297355561318399,0.29618233885803064,0.2928866380989701,0.2882720154967808,0.2876760390892569,0.28409088053351556,0.277857985397979,0.2774908444189003,0.2719225340891575,0.26617377267636944,0.2599341010301373,0.2528810340644531,0.246321035767021,0.24217849800450067,0.24009184031491612,0.2373383374311219,0.2334581043043454,0.2294712516994759,0.22506747067678187,0.22479139360729156,0.22039062249383315,0.2130788675569487,0.20540417418389262,0.20506902144172393,0.20128798150739285,0.19815512017850562,,,,,,,,,,,,,,,,,,,,,,,0.2115088861057749,0.21316934301635385,0.21788139501001186,0.22829488789785435,0.23832628461351013,0.24027844044204472,0.24887576920770116,0.2585375782777863,0.2591216643901911,0.257021740277475,0.2605328604726136,0.2667947746910383,0.27604282290375576,0.2783179305918844,0.2814237226945806,0.29437401961925114,0.29749539147122434,0.2916736971565848,0.2887397234803926,0.2992156783477473,0.30477110912776484,0.30081328335019747,0.29803619700089123,0.3027949575058323,0.30871833418827915,0.30464093696615596,0.28671062974199624,0.2523498694984763,0.20571560061336272,0.4711236961201238,0.22290764220688916,0.19574848071014078
stat_133,,,,,,,,,,,,,,,,,,,,,,,,,,,,,,,,,,,,,,,,,,,,,,,,,,,,,,,,,,,,,,,,,,,,,,,,,,,,,,,,,,,,
stat_134,0.3153458576736194,0.31816202069271377,0.3161275161015748,0.3121386435855877,0.310589083249016,0.30895253708402376,0.3050403471078129,0.3003025422651294,0.29972176856033833,0.29615542124251726,0.2897879773890909,0.2894200052356921,0.2838590855222033,0.2776256672520395,0.27078333300716956,0.26327769116931865,0.25657490320553705,0.2523312363863819,0.2501550345379637,0.24693114712627992,0.2426268036682368,0.23834472526729938,0.23372621765622278,0.2333928400471929,0.22901174034263755,0.2216979189429695,0.21365524867091507,0.21329328055551966,0.2091027170173589,0.20583341947176229,0.2020308585489346,0.2004215867952329,0.19815690149647255,0.1966308473881261,0.19626326870417915,0.19303675269920814,0.1880994240887192,0.18100223946262373,0.17624342049984065,,0.11859798765264942,0.14138220076498706,0.14390179365622413,0.14609780326245722,0.1680119086614861,0.18248983766210833,0.18964059311442266,0.19816594596979642,0.21541464400725,0.2197949573592859,0.2185595928510876,0.21579456611636116,0.21804148133445928,0.21999415808968975,0.22556273542397354,0.23659499938059506,0.2464809540239195,0.24815853945349245,0.2567088022633865,0.2669657838817538,0.2682075262372335,0.26672281830506617,0.2707752075605168,0.2775651667481582,0.28750262812679167,0.29058608346140896,0.294337630132802,0.30724208490044,0.31040346764268584,0.3044059806301098,0.3011974358390014,0.31203342470063405,0.31836333885721907,0.3148376774927777,0.3124615688539299,0.317489677160307,0.32356113773178946,0.3192251846329984,0.2995716990311094,0.26363070006882056,0.21841132412257672,0.49759838967776027,0.2263039498302908,0.20076978774734186
stat_135,0.3153458576736194,0.31816202069271377,0.3161275161015748,0.3121386435855877,0.310589083249016,0.30895253708402376,0.3050403471078129,0.3003025422651294,0.29972176856033833,0.29615542124251726,0.2897879773890909,0.2894200052356921,0.2838590855222033,0.2776256672520395,0.27078333300716956,0.26327769116931865,0.25657490320553705,0.2523312363863819,0.2501550345379637,0.24693114712627992,0.2426268036682368,0.23834472526729938,0.23372621765622278,0.2333928400471929,0.22901174034263755,0.2216979189429695,0.21365524867091507,0.21329328055551966,0.2091027170173589,0.20583341947176229,0.2020308585489346,0.2004215867952329,0.19815690149647255,0.1966308473881261,0.19626326870417915,0.19303675269920814,0.1880994240887192,0.18100223946262373,0.17624342049984065,,,,,,0.1680119086614861,0.18248983766210833,0.18964059311442266,0.19816594596979642,0.21541464400725,0.2197949573592859,0.2185595928510876,0.21579456611636116,0.21804148133445928,0.21999415808968975,0.22556273542397354,0.23659499938059506,0.2464809540239195,0.24815853945349245,0.2567088022633865,0.2669657838817538,0.2682075262372335,0.26672281830506617,0.2707752075605168,0.2775651667481582,0.28750262812679167,0.29058608346140896,0.294337630132802,0.30724208490044,0.31040346764268584,0.3044059806301098,0.3011974358390014,0.31203342470063405,0.31836333885721907,0.3148376774927777,0.3124615688539299,0.317489677160307,0.32356113773178946,0.3192251846329984,0.2995716990311094,0.26363070006882056,0.21841132412257672,0.49759838967776027,0.2263039498302908,0.20076978774734186
stat_136,0.3153458576736194,0.31816202069271377,0.3161275161015748,0.3121386435855877,0.310589083249016,0.30895253708402376,0.3050403471078129,0.3003025422651294,0.29972176856033833,0.29615542124251726,0.2897879773890909,0.2894200052356921,0.2838590855222033,0.2776256672520395,0.27078333300716956,0.26327769116931865,0.25657490320553705,0.2523312363863819,0.2501550345379637,0.24693114712627992,0.2426268036682368,0.23834472526729938,0.23372621765622278,0.2333928400471929,0.22901174034263755,0.2216979189429695,0.21365524867091507,0.21329328055551966,0.2091027170173589,0.20583341947176229,0.2020308585489346,0.2004215867952329,0.19815690149647255,0.1966308473881261,0.19626326870417915,0.19303675269920814,0.1880994240887192,0.18100223946262373,0.17624342049984065,,,,,0.14609780326245722,0.1680119086614861,0.18248983766210833,0.18964059311442266,0.19816594596979642,0.21541464400725,0.2197949573592859,0.2185595928510876,0.21579456611636116,0.21804148133445928,0.21999415808968975,0.22556273542397354,0.23659499938059506,0.2464809540239195,0.24815853945349245,0.2567088022633865,0.2669657838817538,0.2682075262372335,0.26672281830506617,0.2707752075605168,0.2775651667481582,0.28750262812679167,0.29058608346140896,0.294337630132802,0.30724208490044,0.31040346764268584,0.3044059806301098,0.3011974358390014,0.31203342470063405,0.31836333885721907,0.3148376774927777,0.3124615688539299,0.317489677160307,0.32356113773178946,0.3192251846329984,0.2995716990311094,0.26363070006882056,0.21841132412257672,0.49759838967776027,0.2263039498302908,0.20076978774734186
stat_137,0.3153458576736194,0.31816202069271377,0.3161275161015748,0.3121386435855877,0.310589083249016,0.30895253708402376,0.3050403471078129,0.3003025422651294,0.29972176856033833,0.29615542124251726,0.2897879773890909,0.2894200052356921,0.2838590855222033,0.2776256672520395,0.27078333300716956,0.26327769116931865,0.25657490320553705,0.2523312363863819,0.2501550345379637,0.24693114712627992,0.2426268036682368,0.23834472526729938,0.23372621765622278,0.2333928400471929,0.22901174034263755,0.2216979189429695,0.21365524867091507,0.21329328055551966,0.2091027170173589,0.20583341947176229,0.2020308585489346,0.2004215867952329,0.19815690149647255,0.1966308473881261,0.19626326870417915,0.19303675269920814,0.1880994240887192,0.18100223946262373,0.17624342049984065,,,,0.14390179365622413,0.14609780326245722,0.1680119086614861,0.18248983766210833,0.18964059311442266,0.19816594596979642,0.21541464400725,0.2197949573592859,0.2185595928510876,0.21579456611636116,0.21804148133445928,0.21999415808968975,0.22556273542397354,0.23659499938059506,0.2464809540239195,0.24815853945349245,0.2567088022633865,0.2669657838817538,0.2682075262372335,0.26672281830506617,0.2707752075605168,0.2775651667481582,0.28750262812679167,0.29058608346140896,0.294337630132802,0.30724208490044,0.31040346764268584,0.3044059806301098,0.3011974358390014,0.31203342470063405,0.31836333885721907,0.3148376774927777,0.3124615688539299,0.317489677160307,0.32356113773178946,0.3192251846329984,0.2995716990311094,0.26363070006882056,0.21841132412257672,0.49759838967776027,0.2263039498302908,0.20076978774734186
stat_138,0.3084323590383467,0.3112113828609622,0.30916161273998033,0.3052720606426553,0.303917300709792,0.3025307948872033,0.2989453812674114,0.2942690837324475,0.29368127943599237,0.29010558041075196,0.28380261800274176,0.2834345957811624,0.2778625737555489,0.2718799925041035,0.26534935213884,0.2580721244021176,0.2514361358674436,0.2472383006111636,0.24510564092389872,0.24212387173199898,0.23803590656671303,0.23390487799319745,0.22947012333781985,0.22916574907515555,0.22476676664249018,0.21744201698513324,0.20957532735279621,0.2092264112596535,0.2052240745032914,0.20200516970249519,0.19824494785368474,0.1966029300550716,0.19437525372543604,0.19285478728536565,0.19249369903278724,0.18921257283705337,0.18452682734933284,0.17780561020132743,0.17337240281474564,0.10996369642720934,0.11703179174980147,0.1379860178837075,0.1414133341941193,0.14404740421443626,0.16589670142318347,0.18023369387732766,0.1869197612562288,0.19509679963327686,0.21197399741295625,0.21611301081074633,0.2148974091773833,0.21241380368083168,0.21479067187468798,0.21661127200685268,0.22176362465827174,0.23249839786705043,0.2424813697766362,0.24431271773992183,0.25282819664171696,0.2627815540506218,0.2636762705036175,0.2618648131132152,0.2656449564684343,0.27217360650937045,0.28176009397807183,0.284423089645147,0.2878352274139525,0.3007762500029538,0.30392132813585127,0.29800486214377553,0.29493552483604135,0.30559509296961784,0.31151146882515,0.30773572047957143,0.3051388508201533,0.31003026295973385,0.31603395402032425,0.31182343835880183,0.2930949259047841,0.2579571919987275,0.21190819616424908,0.48412016957317966,0.22467277001194505,0.19828554704003903
stat_139,0.3153458576736194,0.31816202069271377,0.3161275161015748,0.3121386435855877,0.310589083249016,0.30895253708402376,0.3050403471078129,0.3003025422651294,0.29972176856033833,0.29615542124251726,0.2897879773890909,0.2894200052356921,0.2838590855222033,0.2776256672520395,0.27078333300716956,0.26327769116931865,0.25657490320553705,0.2523312363863819,0.2501550345379637,0.24693114712627992,0.2426268036682368,0.23834472526729938,0.23372621765622278,0.2333928400471929,0.22901174034263755,0.2216979189429695,0.21365524867091507,0.21329328055551966,0.2091027170173589,0.20583341947176229,0.2020308585489346,0.2004215867952329,0.19815690149647255,0.1966308473881261,0.19626326870417915,0.19303675269920814,0.1880994240887192,0.18100223946262373,0.17624342049984065,,,,,0.14609780326245722,0.1680119086614861,0.18248983766210833,0.18964059311442266,0.19816594596979642,0.21541464400725,0.2197949573592859,0.2185595928510876,0.21579456611636116,0.21804148133445928,0.21999415808968975,0.22556273542397354,0.23659499938059506,0.2464809540239195,0.24815853945349245,0.2567088022633865,0.2669657838817538,0.2682075262372335,0.26672281830506617,0.2707752075605168,0.2775651667481582,0.28750262812679167,0.29058608346140896,0.294337630132802,0.30724208490044,0.31040346764268584,0.3044059806301098,0.3011974358390014,0.31203342470063405,0.31836333885721907,0.3148376774927777,0.3124615688539299,0.317489677160307,0.32356113773178946,0.3192251846329984,0.2995716990311094,0.26363070006882056,0.21841132412257672,0.49759838967776027,0.2263039498302908,0.20076978774734186
stat_140,,,,,,,,,,,,,,,,,,,,,,,,,,,,,,,,,,,,,,,,,,,,,,,,,,,,,,,,,,,,,,,,,,,,,,,,,,,,,,,,,,,,
stat_141,,,,,,,,,,,,,,,,,,,,,,,,,,,,,,,,,,,,,,,,,,,,,,,,,,,,,,,,,,,,,,,,,,,,,,,,,,,,,,,,,,,,
stat_142,,,,,,,,,,,,,,,,,,,,,,,,,,,,,,,,,,,,,,,,,,,,,,,,,,,,,,,,,,,,,,,,,,,,,,,,,,,,,,,,,,,,
