,pSA_1.000000000000,pSA_1.072267222000,pSA_1.149756995000,pSA_1.232846739000,pSA_1.321941148000,pSA_1.417474163000,pSA_1.519911083000,pSA_1.629750835000,pSA_1.747528400000,pSA_1.873817423000,pSA_2.000000000000,pSA_2.009233003000,pSA_2.154434690000,pSA_2.310129700000,pSA_2.477076356000,pSA_2.656087783000,pSA_2.848035868000,pSA_3.000000000000,pSA_3.053855509000,pSA_3.274549163000,pSA_3.511191734000,pSA_3.764935807000,pSA_4.000000000000,pSA_4.037017259000,pSA_4.328761281000,pSA_4.641588834000,pSA_4.977023564000,pSA_5.000000000000,pSA_5.336699231000,pSA_5.722367659000,pSA_6.135907273000,pSA_6.579332247000,pSA_7.054802311000,pSA_7.500000000000,pSA_7.564633276000,pSA_8.111308308000,pSA_8.697490026000,pSA_9.326033469000,pSA_10.000000000000,EAS_0.050000000000,EAS_0.060000000000,EAS_0.070000000000,EAS_0.080000000000,EAS_0.090000000000,EAS_0.100000000000,EAS_0.107226722000,EAS_0.114975700000,EAS_0.123284674000,EAS_0.132194115000,EAS_0.141747416000,EAS_0.151991108000,EAS_0.162975084000,EAS_0.174752840000,EAS_0.187381742000,EAS_0.200923300000,EAS_0.215443469000,EAS_0.231012970000,EAS_0.247707636000,EAS_0.265608778000,EAS_0.284803587000,EAS_0.305385551000,EAS_0.327454916000,EAS_0.351119173000,EAS_0.376493581000,EAS_0.403701726000,EAS_0.432876128000,EAS_0.464158883000,EAS_0.497702356000,EAS_0.533669923000,EAS_0.572236766000,EAS_0.613590727000,EAS_0.657933225000,EAS_0.705480231000,EAS_0.756463328000,EAS_0.811130831000,EAS_0.869749003000,EAS_0.932603347000,EAS_1.000000000000,PGA,PGV,CAV,AI,Ds575,Ds595
stat_1,1.329009379861778,1.32794686629203,1.4821573615577013,1.5855059455362543,1.6821479748023158,1.6101345388397394,1.597074328502626,1.6360835965837663,1.674944118505325,1.7131794952512251,1.7046833671337833,1.6963202595378248,1.7518133385231045,1.6678403247325992,1.4249737544750507,1.1930164511426125,1.0056908321148044,0.9462064977345618,0.963709991542332,0.877568000941391,0.8421961806309128,0.8782149269277943,0.8691081401541166,0.873368599395528,0.8257782039145346,0.8298357511464747,0.8262904682124307,0.8230058373734536,0.8517874355879713,0.8541746539322225,0.8080208534347129,0.7998851375708365,0.7581343026557645,0.7288601102807026,0.7218329340092348,0.6722173557325508,0.6629518223520372,0.598059697146474,0.5180359583797336,0.29023689784245277,0.30933969079829393,0.40755115662705016,0.4158979471342796,0.3115941206819011,0.39969303786073795,0.5600306978303528,0.6877821463193574,0.5976673813029203,0.5079228191172863,0.635968008220255,0.7593096372131952,0.7424303941929126,0.8562374500169311,0.9782673829720511,0.9684250277052627,0.8458747386296518,0.7115616653575444,0.8510394065558399,0.9786776294624717,0.8968572535595225,0.8169014797199579,0.9503241737426902,1.0739281769264095,1.3081213292301659,1.5555289888563786,1.8474520818241191,1.9798568745031877,1.9657041826758832,1.9535464737720576,1.9033141746907372,1.799815707000558,1.8051579225972907,1.8841314738159516,1.9697942822935004,1.8887871688167128,1.7975186959677456,1.669738221158198,1.4900149735346029,1.201351695488491,1.1420508959785431,1.6168756290433421,3.14640705787936,-0.11242503795046757,-0.22084543568723464
stat_10,-0.2820344623459611,-0.2811777686273283,-0.2721773444072461,-0.18948928599169673,-0.15106650815951875,-0.13781950997708947,-0.18469030854970778,-0.1742255780353921,-0.12425764711986957,-0.05294703562861009,0.06399686691115263,0.07025353857025136,0.1460225620930619,0.25133903179164224,0.28760254718047246,0.276050167193429,0.2546949173646492,0.1845529921564066,0.16429993788168348,0.13981397099379303,0.10623024740457736,0.023183290808758375,0.011908368069196438,0.02006318898887966,0.07573428189486618,0.06719741111223966,0.049232471091179446,0.0468265559530328,0.029227282314211563,-0.005251116250322999,0.0001351496895524707,-0.10854619655184289,-0.26789702703950236,-0.29547303211239756,-0.2981915545011265,-0.2947456226111968,-0.19283485307643278,-0.10227310761623491,-0.015106149455174038,,,,0.038281134231049445,0.10354937764188218,-0.06799442954819378,-0.1339066074759613,-0.20352987687914398,-0.3589612428651694,-0.5108738555003124,-0.44787503089615505,-0.10278311861357534,0.09672683526028024,0.11451733073543122,0.11868331427840996,0.15621599812681178,0.22190637132346977,0.10467294082670722,-0.036398177331068156,-0.038128877352204965,0.09834700877747933,0.15806787798911048,0.2057106047896781,0.3815146338648188,0.43715937022456974,0.4354337388288983,0.4380856498780852,0.2858171869711816,0.11795692210591933,-0.05646971427402493,-0.2580049571725064,-0.2783185933252632,-0.3111896800870582,-0.2028588348593295,-0.1281723712466806,-0.13236609151120524,-0.2191524590188574,-0.2734247243939688,-0.31058842848548934,-0.19004168870741764,-0.006404682392527187,-0.26847055792673163,-0.437727019065633,-0.06652613416723942,-0.12916721753810254
stat_100,0.905351243747689,0.9976724159827898,1.0015191222302409,0.971862743602394,0.9570663426143803,0.9070407450941468,0.9724450811616157,1.0480532160400036,0.9910161798997866,0.8641555754802104,0.8488040732248102,0.8473041812021972,0.855550662695197,0.7980944137060756,0.7029963390616633,0.5785546244744433,0.4889302458295862,0.48016687512272094,0.4640938565838322,0.40866110764237856,0.38570104348727036,0.3896108664970032,0.3990614982304798,0.39820598068595153,0.41351684071792943,0.3977410598275793,0.43010559438182894,0.4295626462028963,0.4372608024683005,0.5462803211294373,0.5465040187115352,0.5555769212057076,0.5271749245260383,0.4435987306245729,0.44194977242783434,0.37633197937251983,0.32699569281483976,0.2789621357852849,0.22043265654704242,,,,0.13679273114999,-0.03445188191955238,0.14181354215440742,0.14839160241506824,0.15950569470458323,0.22074075944812205,0.44971238354140136,0.4773510980483873,0.5016876561325223,0.5630635611076809,0.5423183013292732,0.4859412544748065,0.42587267714739296,0.3556089582034001,0.397556040312185,0.4441824037622824,0.3859507867912849,0.3725746712355937,0.4327991041996975,0.4383786989751537,0.44817214008604517,0.563304301636814,0.8268867859736594,1.0019353463311318,1.0536994590771736,0.8965745273030645,0.8804964434002315,1.093328573521395,1.2012622432427218,1.0268777008042556,0.8950414124982393,0.9897608300180581,1.113294219628532,1.0995861977277837,1.0564711187751359,1.0126566751610444,0.7464607140648123,0.7394240449389535,0.9668460320429327,1.678860081268043,0.02673509265426873,0.12508627224998609
stat_101,-0.6556926722219285,-0.711143702566035,-0.7186973345674028,-0.6386946855652443,-0.568140115641707,-0.4901109478255138,-0.4977474828467074,-0.5118863655944416,-0.4185452130183103,-0.4622487556731819,-0.5692046730749668,-0.5739014610897579,-0.5840627492513188,-0.5214124377163778,-0.4767306000807629,-0.43794573135063364,-0.40728617354367347,-0.4366775491436741,-0.4404327623621046,-0.4637419721256107,-0.45208177412201905,-0.43826196059110295,-0.4314328112250991,-0.43214947915617663,-0.4366502157446867,-0.4121170761912521,-0.3209343656510952,-0.3143755406656849,-0.253108322722771,-0.28277312908893143,-0.2559494842532918,-0.2976997637726476,-0.3585396887124638,-0.37012273270031965,-0.3698579276567739,-0.3470026175817626,-0.27234304322108044,-0.2285838058995618,-0.2062193047578416,-0.0018575690469147153,-0.05985400533573751,-0.16057428543981875,-0.10516026142739857,-0.040150542298961575,-0.0993511011711038,-0.16300619672133654,-0.23395871347134564,-0.26729813229515315,-0.3038830198468469,-0.29087461218729505,-0.25499232896860197,-0.26016084590681005,-0.24995773706529545,-0.23957989127997373,-0.2899294826513233,-0.3935709990986835,-0.3856354602627335,-0.30264934377459685,-0.37176278119034145,-0.5469389452490885,-0.6020080275349177,-0.47065547856818146,-0.36993610873333127,-0.4689663732948818,-0.535093204087123,-0.5399589547540515,-0.7436591967380872,-0.6324879681355667,-0.3439432330392595,-0.2010466939014342,-0.43878241073601004,-0.49654351545401043,-0.461468340323509,-0.6295806327612753,-0.7713908455648055,-0.7283912906898864,-0.6933082552779968,-0.8220891381297816,-0.5148088951128696,-0.5383885209622186,-0.8361008779610247,-1.3353319154759886,-0.09949332039905961,-0.2540850459344543
stat_102,-0.014494146127096298,-0.004471319649328087,0.003837583965013565,0.05361257508456672,0.0755132647792417,0.17947324895626865,0.1896465880213839,0.1451299676198319,0.10367008224667781,0.12528339359908916,0.1082257284880685,0.1060009420812191,0.054802660765506724,0.001301731089516727,-0.021137842534849707,-0.07265568692945162,-0.10608735291674747,-0.110050046518946,-0.10626736771707067,-0.08554763182811796,-0.10109479950081186,-0.15677885039717718,-0.21410649489840883,-0.22398675216921013,-0.2539580270182113,-0.2342265561277101,-0.2290187706662268,-0.22899509770189874,-0.2420460625074641,-0.2798071411805968,-0.26563182991348855,-0.28122726955236,-0.2913956704634787,-0.2480642962438913,-0.2443751100455494,-0.2923406001180968,-0.23748985552639088,-0.2167589103493263,-0.19006027898646138,,,,,-0.08670968904016131,-0.09540477034610881,-0.18400323248254327,-0.2007823727208767,-0.17693084196235134,-0.20964859153933726,-0.3009694994253661,-0.3861330425571953,-0.26525241758772383,-0.2439159380520293,-0.27391997539040236,-0.3506444706537193,-0.35792535146120197,-0.38202534008363714,-0.3422469871400765,-0.22126015960806517,-0.124588664946041,-0.16250237388456085,-0.34525154407503833,-0.28661179895096567,-0.1389705150772665,-0.17816074739019586,-0.18063099176540934,-0.05931958298829479,0.08443814592212999,0.09322689170231434,0.05220526421122035,0.14141877438772577,0.27128344678973315,0.19831891508044125,0.07573143836081328,0.008134208007022636,-0.08068181479875743,-0.05638431729273143,0.057412593252368416,-0.03144032191752474,-0.09712243051462395,-0.003718762858043349,0.023745166536231092,0.01968890495418601,0.038026995258407734
stat_103,2.519854634349614,2.515239428943452,2.48873311511707,2.2611969083004277,2.1446162062993546,1.9395601356210814,1.7190302291235018,1.6701187334002303,1.6614095560796127,1.635805265437734,1.563965037143567,1.5658917805894963,1.5688075962987136,1.393350204344172,1.2487503761531356,1.1054081350249474,1.0257054741254137,1.034297346335513,1.021015565269319,1.0880972924209937,1.1577831558419978,1.112809375846936,0.9839877887523837,0.9787056987708052,1.0851884090850517,1.159115495387302,1.1437416891035186,1.1475319155348633,1.1695547265250015,1.1460294082619267,1.1572419972073595,1.0504694350754007,1.0734361408463626,1.026051221669481,1.0073403834169623,0.9248164518286619,0.7164980675813709,,,,,,,,,,0.4647055974710065,0.6816184842410657,0.9759342185774608,1.208645371553439,1.2585069787903747,1.326078849798549,1.2761657004805895,1.2811952543618814,1.3671961423320527,1.3834709469022213,1.1736538524245983,1.0419612903967517,1.105945545953347,1.229792628838352,1.1977269944730335,1.1304426658243865,1.087826058438795,1.134437515896273,1.2594995640698718,1.4136706129371188,1.6647845270966175,1.6778057463245382,1.7613956044380128,1.7643439052959073,1.7580894025621603,1.8558432534396605,2.1411963443082613,2.4297843308135523,2.653519525231386,2.802147235939059,2.8993149853880986,2.987567552179726,2.052728245252908,1.4195049507890813,2.0415367359130707,4.044347723934678,-0.16521850149522016,-0.2628970439618193
stat_104,0.3927964104925123,0.2769169868162546,0.2535246993525685,0.17095279206398983,0.0845277304088968,0.03480359691969367,0.01476783219146702,0.09691027543013327,0.12112264314402589,0.10570472680753812,0.05776831284213559,0.054607447152611184,0.054538851870756494,-0.0075362800359735655,-0.02955075678917339,0.05157861976608601,0.05151096368381068,0.05856349082809846,0.05098638934221074,0.009828059020660815,-0.012554186151472704,0.012654722330848292,0.00956950826969283,0.002662319240573752,0.03201842276278107,0.027261854269597933,0.01975379097524798,0.019747331592722028,-0.003379441179479563,-0.0893635704678227,-0.10378153261518334,-0.006348372012631604,0.13112449868973225,0.18320739736577915,0.1811828612780263,0.13923713433408458,0.12479396245293482,0.16510083530313416,0.17353420277336754,0.16738577574022223,0.0028894724370903636,0.27878788820723527,0.2634156192100891,0.17269687201490283,0.22076344092724148,0.23093647755244015,0.19172707478353787,0.1771740328577016,0.30615966213857826,0.28572362122474776,0.08433772443666028,-0.09705046008746376,-0.16247261083583794,0.010612294561478297,0.16981981311945044,0.17997845756890296,0.1539620683891412,0.07337519169756655,0.035044920355176506,0.03404001088545776,0.04146679255403833,0.14487228189803722,0.1714598600049597,0.14410822446769575,0.1687992197295728,0.08511067175473533,0.16103963397128124,0.22774088723298025,0.22063460280063268,0.1940585548885999,0.10181666217075272,0.05372652560260267,0.12282025003445476,0.22923155439410012,0.32485986886899587,0.4158086137588663,0.49311053288226153,0.5474428899687496,0.121448548151349,0.10326881402391769,0.2507674250672859,0.3592248771937265,0.09980081509314738,0.06649085926432667
stat_105,-0.2133132031859619,-0.17960527806898433,-0.07091443335119353,0.05024250474469154,0.11603614878303513,-0.012591478147293847,0.002152566826597895,-0.07242841837185196,-0.17632855180168241,-0.19537560890697997,-0.218498720415621,-0.2100110371308541,-0.1778576695158338,-0.16767768233311367,-0.03220151272017388,0.07566322470682828,-0.012606507803372944,-0.01601709638050341,0.009931833433851692,0.09033997861661561,0.08976372961823044,0.02056602145628313,-0.025974286810821142,-0.013030456108753424,0.032643654174179464,0.07355652009103135,0.11061420729626961,0.11395553025948169,0.15682067916095546,0.19678925577464204,0.24011608035525542,0.22250407743758466,0.19458608885960738,0.1624716938418316,0.16337209486187804,0.049266272355154905,0.011228032658558304,0.2065779583301995,0.20539216758349985,,,,,,0.16970874541824713,0.0396130115421759,0.08351773589586269,0.15009282374424313,0.3644865959543599,0.40924235459581393,0.6280960159847052,0.5754957879872666,0.3328795800269621,0.15608739434230895,0.07850200739907684,0.06433031517901916,0.03978775020808306,-0.11884846665606325,-0.047729365152135834,0.12257491596423024,0.13363402914911554,-0.0146721706434042,0.07296930498331809,0.37254222416940175,0.20330120364851598,-0.020988387148038454,-0.07309798537538065,-0.2562593344435922,-0.34213901326480095,-0.3027393197668579,-0.1258577965284107,-0.04556311528817208,0.037092571868139725,0.23109032511950048,0.09658199659457742,-0.20510233827593335,-0.3258079694797027,-0.33141473546128547,-0.17143724400502758,-0.12095438677435012,-0.2711001290881274,-0.47654528552301956,-0.10314385331738155,-0.10588523154911082
stat_106,-0.19000483872471882,-0.1782160013227835,-0.1879998325220142,-0.2689480938766632,-0.40026742586001984,-0.3641663921921342,-0.3578264861745617,-0.4085525512980969,-0.4399068002396396,-0.46680282287692615,-0.4861455675096193,-0.48573287917481317,-0.46456205487686425,-0.49598171973668004,-0.5286842555684783,-0.47746319084996086,-0.37425780479311693,-0.2977953305113036,-0.2767288295989634,-0.26451423631827503,-0.2743781617194039,-0.21129197896772994,-0.2155486830153156,-0.20887410520815747,-0.1719995738053612,-0.10004934226866706,-0.034250618340008344,-0.034799128054411335,-0.0415593654612881,-0.11003043375464705,-0.1941816945530127,-0.17427648434913215,-0.21557484945548844,-0.18880750585999082,-0.18944716748887974,-0.15359600295447257,-0.14959789453700242,-0.11759425838163699,-0.06994991085217547,,,,-0.055303894425875987,0.039415584736607875,0.01490841784932676,-0.0581197971631658,-0.03400951378878326,-0.1973360999721355,-0.27643932828299306,-0.2363121861178317,-0.21281436354702807,-0.211947095922471,-0.07938320361025376,0.07757629528391737,0.0729690917916792,0.05394427170800292,0.046580712293812054,-0.04444585366437642,-0.1336751121387492,-0.2139679233772974,-0.11770368588180348,-0.15964229956536533,-0.42589370887629246,-0.5524784498878317,-0.639690041694092,-0.5730087854077766,-0.4362643592560169,-0.3736748307293238,-0.3784011873532349,-0.26930658390579637,-0.22824588719624017,-0.2830991598543141,-0.3764632365435534,-0.36200365690869,-0.3025669116834315,-0.221648014852503,-0.09102252124180953,-0.08996856011939264,-0.2626046556615606,-0.24806093500447224,-0.3605633005663663,-0.6303243078130545,0.07264751272239212,0.061683058924583284
stat_107,2.1890294950634845,2.31454720224314,2.412806568123653,2.445003288835257,2.131958337402011,1.772419700233118,1.4854438257299944,1.3063862962798631,1.150309530737986,1.0829390498847586,1.0452268638943123,1.0395619709924906,0.9755701189995181,0.9457689654498272,0.9462587640872662,0.9280729339915489,0.9005350667123239,0.8745899792745949,0.8696306670873655,0.7862162879688546,0.7140659668573607,0.7089431907307614,0.6669094885629735,0.6611541057732415,0.6164783199066487,0.5693073400277535,0.5620550101714744,0.5601995282733947,0.5627501351774808,0.5138598876712726,0.4868056987714174,0.48023657676809645,0.4777235813257447,0.4853415339725318,0.486919562455191,0.4838734662022531,0.4041546755874712,0.41191764021575916,0.4463351627844874,,0.10301556474216994,-0.028236945802612233,-0.13181019713871606,-0.07626364726686109,0.0411978120103599,0.04290207540198976,0.01815195384642583,-0.0516287477306846,-0.046627892003066336,0.0009888500671617099,-0.058200246730022186,-0.011571304532005366,0.029202344111441222,-0.01344040697520461,-0.01432767163975045,0.07340075851851838,0.17395524207104393,0.2365536223566539,0.24263855208611815,0.0788108147297846,0.04254547903770162,0.1633660693363871,0.20636410849595815,0.15482824178753946,0.2431347420602922,0.15963193143081528,0.10716457497440626,0.28938702694460433,0.47323551597334673,0.4486963047609488,0.5293305582824009,0.8810355551928043,1.3435254266972534,2.0631500760839785,2.598066043841636,2.577073798125479,2.428586737351717,2.3387807576575548,2.0127932949774485,1.6772885131533692,2.2421265271675663,4.348680748310117,0.0729478279987777,0.04311620838602024
stat_108,-0.4804897730367598,-0.47464628722838015,-0.556325890717361,-0.636254202797884,-0.7032944043761161,-0.771081207200992,-0.803438111300633,-0.8072414738233032,-0.8268363368555678,-0.8247460264038708,-0.8382478892368599,-0.8390306325008616,-0.7859076621371879,-0.7130831909882082,-0.6539892686602693,-0.5608211448275892,-0.46496169599784576,-0.43056916046992616,-0.4264390610452008,-0.36958055655924993,-0.39777378761939464,-0.4918116722605912,-0.5088258477864379,-0.5102419277822933,-0.5006913090515344,-0.5386994061983056,-0.48759524645001534,-0.4841657739181176,-0.4580746874850143,-0.45522449213867944,-0.46747009810532486,-0.47913666005960864,-0.48057972667253174,-0.467169585679826,-0.4656729981220982,-0.4448378136277896,-0.4413094126045348,-0.3801772556959059,-0.3422824139397685,-0.10975268781509052,-0.14207852726464176,-0.21904233473238183,-0.21856143883779408,-0.22952851769421462,-0.28752487557245393,-0.31526160527806796,-0.4096128830634654,-0.5066974867547874,-0.5067741087172003,-0.41631958319448864,-0.3631739136181384,-0.36376771979753036,-0.40046929797515995,-0.45484437976516007,-0.4420745643739712,-0.508093074103326,-0.6087632394338166,-0.572852817596644,-0.42441361797275295,-0.29978684014658535,-0.1912898073496306,-0.2857021052115262,-0.5122973732915108,-0.5631146493472431,-0.5057357819652408,-0.5346274118625407,-0.672012517488695,-0.8335000163760138,-0.8927871173185995,-0.8555336255874985,-0.9384929471957949,-0.9636879117539101,-0.84927156060755,-0.7904245543693081,-0.7139405172517297,-0.5470740560398378,-0.4575874530567017,-0.4766070530792456,-0.6420701061310535,-0.6287882919385943,-0.7949206606834347,-1.3089081561802824,-0.245902172481881,-0.2951142696665036
stat_109,-0.4722470659905942,-0.3811972745355598,-0.3621696586610775,-0.33732013527646576,-0.393568770633523,-0.5187519017500674,-0.5454329755357525,-0.5418757090426987,-0.5677310659984787,-0.5957815760106835,-0.6426957346867035,-0.6513966776728993,-0.7416642471129071,-0.7138064194790535,-0.7092612349064858,-0.7023421809715715,-0.7322373167373409,-0.7199616149649225,-0.7122844177021341,-0.6557252352429672,-0.6115830053521916,-0.5853785489195724,-0.5324270059323585,-0.5316583064059277,-0.5476125135231754,-0.5772876005467971,-0.5418825731660847,-0.5420428515334466,-0.5022282858936372,-0.4622752789706912,-0.4808651538961124,-0.38021799842806464,-0.3189636511665043,-0.3022293365907827,-0.2962892313315557,-0.4128247730217746,-0.4553979919487164,-0.439936644337423,-0.25536089716710836,,,-0.16877080395677982,-0.16927133581904275,-0.19700581431141076,-0.30152799723942036,-0.4602116268933561,-0.42024936964496434,-0.3526811571394661,-0.34322107814262326,-0.40345087490579623,-0.3822180421549577,-0.3533491453407467,-0.3867927418685977,-0.510457529992421,-0.542198583846149,-0.5724129267332461,-0.5241658568967766,-0.44122012974510827,-0.46525645092994067,-0.3958495246476136,-0.40780241679961887,-0.4751897968592928,-0.6087660935425336,-0.674262775036536,-0.6751160203270247,-0.6989085944955956,-0.7249104054234731,-0.6807780278879713,-0.5238982208378348,-0.46672125721750485,-0.4903699483376511,-0.6262871162948532,-0.549720192454711,-0.32587770459885024,-0.23233376910710524,-0.33353982290413103,-0.4696455409962735,-0.6598320437508028,-0.537175220029612,-0.5919739813231467,-0.7763611220186161,-1.276925611754724,-0.035108273631284076,-0.14436584115722606
stat_11,-0.34774297569692864,-0.3136583874020651,-0.4222343866711261,-0.5563181315214779,-0.6435776484565039,-0.7218740063516192,-0.8257975929024859,-0.8774917848831965,-0.8925261194419604,-0.9284293487855483,-0.8773530597629866,-0.8746968008047161,-0.8029513490327682,-0.7004465363584207,-0.6601574121638224,-0.5622696523834885,-0.457983752245255,-0.4338613316943601,-0.4324680797002521,-0.3934078240592423,-0.45906048675205724,-0.4618613262771259,-0.430970975092221,-0.42006065108537693,-0.38642762651034673,-0.3231956417438649,-0.2874313363377273,-0.2853453052117811,-0.26378208921504764,-0.18956930335988545,-0.13748002765838263,-0.13111189209090504,-0.07524726487843655,-0.020763326165572246,-0.021593476145343047,-0.023590155636933032,-0.06339313234842031,-0.015612424260322241,0.02378206568228184,,-0.014071785733461578,0.040252249958614345,0.09707962924403615,0.2353849236703075,0.39697674285187307,0.3715567773974781,0.22519818081031218,0.1129958299536283,0.12586121071285902,0.12064175292710459,0.06753182433410274,0.14834970574862155,0.18871916429393515,0.15051787564377642,0.28017953715193733,0.11170153132308576,-0.08673965416782313,-0.16731861236803194,-0.2362107608403837,-0.29359575110753394,-0.2766072875293062,-0.18822259636096406,-0.2026002796960285,-0.4021590225062733,-0.542315159263187,-0.6872383371759352,-0.7682325051959064,-0.8386438877049311,-0.9714870376564185,-1.0831521024384472,-1.0464563033635617,-0.9225573848915753,-0.7492439744830026,-0.5718682368210705,-0.3886309510379544,-0.21371797164642325,-0.13836920557785332,-0.2185949978539085,-0.5980588489526341,-0.5379305570472677,-0.8189508084113973,-1.453946642350209,0.12713112000331867,-0.06469305109566445
stat_110,0.8473788480675613,0.7714059384136176,0.688041896970897,0.5791396715458669,0.5472574873664217,0.5073322915153338,0.5394140853716891,0.5061243743928234,0.47924376651359446,0.4392004630307197,0.4044928314793157,0.4137698315104638,0.49044344284073993,0.46970190510609483,0.4910895944774461,0.43038856150232624,0.40914129978889047,0.4568235941314773,0.4630928184445292,0.4381295398584517,0.4071652414355332,0.4226398662571764,0.43469716805289477,0.4318928392783605,0.4745339269297241,0.4529033428259709,0.4483827936671455,0.44502281297860313,0.3748551926381949,,,,,,,,,,,,,,,,,,,,,,,,,0.49237775861185096,0.620887572988704,0.6078193819115603,0.5376477368235381,0.5574227601995994,0.594599351835746,0.6184496871988533,0.5985042927075412,0.45584913121575343,0.38711300727643766,0.5240837249226561,0.5393445336922856,0.4526493927657016,0.4557677938746174,0.4469162981640839,0.4969416826936501,0.5762901824607586,0.7133843602406413,0.797575733625095,0.7297943734397098,0.5522245982352214,0.6842952561120241,0.8463726727314266,0.9598811628552594,1.165997767374316,0.7445560242192125,0.598503835235868,0.8962575659074716,1.4964134940013651,-0.17557358030954232,0.03680594969911914
stat_111,0.1678364978079746,0.07537006085942399,0.02901400436847489,0.04690992026838854,0.056101250611227234,0.17087782425821857,0.14030167379822436,0.06050554061007842,0.03435312109616516,0.050785934728446384,-0.00964484984028619,-0.021916285373837437,-0.08668821849095774,-0.09276620998305027,-0.25414759777448226,-0.2051755037784411,-0.20385960618096144,-0.23397839156398775,-0.22853486550400265,-0.1703265176684033,-0.06732024810339608,-0.02224583193666132,-0.06766543350356458,-0.09292019097104566,-0.2690494042782066,-0.21983388287662553,-0.2344032669552032,-0.23550748284790385,-0.21493731034862762,-0.19241619870574544,-0.07377658558662835,-0.01503165128123609,-0.07406759251352414,-0.08815241272691873,-0.08693466014156294,-0.1526471143363507,-0.18790845752600516,-0.21140145945229027,-0.20968898399740848,,,,0.030493171340289053,-0.05386361343738837,-0.2547267726999862,-0.27011340511754445,-0.1710007244310239,-0.02155966650209315,0.00449859832707688,0.06472495920331836,0.24971516172625738,0.1784900975303953,-0.08770447128238366,-0.07553774738251852,0.0036850025900394723,-0.0582344297664894,-0.15230185316665537,-0.02584877390164963,0.08026462463465843,0.05443999559002376,-0.03740908586573757,-0.1138850425206907,-0.12252361843601683,-0.12203115036993625,-0.10585931846275504,0.024629568011147473,0.12051096652997602,0.14459869064564213,0.1168566326495782,0.030053421455315525,0.11191434257794047,0.3493025316549517,0.36785806236039625,0.1223405224436608,0.01974932760096649,-0.0005549777805341679,0.10647016804359412,0.2661630018305341,-0.0872652179316667,-0.017330068197774193,0.12671471663720285,-0.1623319466447451,0.061785890467328436,0.2582201822031082
stat_112,1.6550407693112679,1.6456970311462735,1.5993741790995915,1.448544549363093,1.3764627407924135,1.3712904706503748,1.301888471206595,1.2852462518246692,1.3606089985231036,1.2319764740198007,1.1707910831328514,1.166756046315213,1.1911628943655146,1.138187525278692,1.0366224285408896,0.9253382688209285,0.882422287907746,0.8615193699125835,0.8455963710138106,0.8678323924997644,0.9037436665122051,0.902059443437399,0.813311211939109,0.7950561555651383,0.5812103889281337,0.6133284423186903,0.662257195523012,0.6572303192871423,0.5427303197729215,0.43338618478987917,0.3465704697777456,0.3115156149852976,0.3197411683559068,0.27230990523394266,,,,,,,,,,,,,,,,0.22459306583716349,0.19052234844143562,0.21321594341974243,0.3407379681443541,0.6297263274544479,0.6813907372223431,0.48657698226195084,0.47198686253909566,0.6981548894804747,0.8605166551375086,0.9416300322620276,0.9043970869695109,0.849154572979944,0.916136704926052,1.0209121598291657,1.091566312383659,1.1406231766680162,1.1899918120281128,1.1802041810842947,1.297239198931018,1.4297608238569042,1.3466888785311992,1.2795489204075157,1.4974591399934534,1.5852292184228194,1.564307174529496,1.6962940263643649,1.823399860176063,1.803733483850447,1.6433289128305977,1.203699854840622,1.7338116235305159,3.439236557360891,-0.1858822916447779,-0.2593914649231137
stat_113,-0.06488275902288505,0.069905793974931,0.1827790876359771,0.25261497517807985,0.3258197953787803,0.3162042356911683,0.3149696716494284,0.37531427808253587,0.45262632972659905,0.5082518050531378,0.46931359498581837,0.47026059608789444,0.5272510556299412,0.532572718314402,0.4863173284318303,0.5311476101159706,0.6574423085980193,0.7061371109988648,0.700270251690858,0.743546193880967,0.7299048422126756,0.6894750311426753,0.7273980250167358,0.7278865847519334,0.7348431333904247,0.6948653884302207,0.7013397141561778,0.6989305278147796,0.6622590036003349,0.616467694901776,0.7170766613087917,0.8153286725445217,0.8177945741782938,0.7946782767619596,0.7848356549412783,0.7180501645947979,0.6383902364982664,0.5959735229859281,0.5935485341910892,0.1465816690842091,0.10620212649746374,0.2932313678084249,0.3509795548758976,0.2539887407563442,0.3819997595348161,0.4121393409527586,0.4614648987444228,0.5891193701385338,0.8500664424556722,1.1516413260119205,1.2265734955580394,0.8763533189419821,0.7542188212753717,0.7864455445496561,0.7081691624414639,0.6569450661628226,0.7358651789988297,0.7791898219540574,0.8299335972741609,0.9436853728051054,0.9900324637217262,0.8499524744749911,0.6865195354105552,0.6718622507219446,0.7018005343377464,0.7532350233139878,0.7233917335475332,0.6192440136297894,0.585445385675172,0.5535975872875983,0.5114409448609903,0.3875097257413322,0.3944582219657467,0.45219405059924656,0.40012099348708335,0.296572109639699,-0.0006069088335689872,-0.19251949634996798,0.02475236827628329,0.23282804696246756,0.37483172776607027,0.5374918005735035,0.19696400335435732,0.03876774703022434
stat_114,0.17354588259021345,0.036072946460589644,-0.0615145705859862,-0.10276667107360504,-0.16864644205650578,-0.22114976315633958,-0.2815005387802456,-0.3159806137727753,-0.3724810041774381,-0.30971632637833585,-0.3113550613311952,-0.3129672722812438,-0.3245765525577399,-0.2531336902547274,-0.209185849514881,-0.1457002262598505,-0.04147878126419535,-0.05425421238361683,-0.07030569759875567,-0.07878773694398729,-0.05006040633223853,-0.03504918900967152,-0.026680126726225575,-0.03142232045325882,-0.0333877761197359,-0.030584698348571037,-0.036380567631232,-0.03595125357986815,-0.010587495186735017,-0.04928067455783776,-0.0999508649972005,-0.17161209659797186,-0.1511369710186356,-0.15203995290881941,-0.14221271768517466,-0.08229059581960534,-0.07595385914953628,-0.08845224107169919,-0.07409985039582129,,,,,-0.03369282809835727,0.002382077837684484,-0.034793670142145704,-0.05342870518538214,-0.20795098326432127,-0.28304072295253474,-0.27956043311514217,-0.2111848031908881,-0.09600005965540148,0.0030982072540739866,0.020547874799674515,-0.03010567730638008,0.0018239214245697113,0.05878705577988835,0.07243433005122477,0.006472913755544354,-0.0840727473229009,-0.07436906136534162,0.05986812699726547,-0.0301991892924227,-0.20681504064254025,-0.32782367486115044,-0.43600281324643936,-0.5515933647310155,-0.40949930181622646,-0.39114961223135636,-0.46635160388926855,-0.36345729944012556,-0.30848474197471476,-0.3906622404531056,-0.39951119758647546,-0.27684599806441246,-0.07099256404553486,0.0711109594117426,0.2599815252642803,0.17651274870703662,-0.0602270104518125,0.026369714069651884,0.20105738711544768,-0.08850586474066975,-0.1471868757520485
stat_115,-0.6717212594434351,-0.6823312018355323,-0.6382082381982418,-0.6404560116477194,-0.5745748752623453,-0.47002880468930913,-0.38874717672919906,-0.30256529777744096,-0.27149045848399417,-0.3246522429810309,-0.36327913164892894,-0.36738647207500236,-0.40532369846805144,-0.46700899471710217,-0.5311155626801184,-0.538275482857582,-0.5075654720395145,-0.47901581804194976,-0.4635296856521387,-0.43533360739113175,-0.40024070693446767,-0.38981708204646837,-0.31238403269672155,-0.2984282414752321,-0.2490610891498216,-0.22108800607473994,-0.16870798341910917,-0.16721449370248984,-0.11907462335320791,-0.09715509125351937,-0.049859477305281674,-0.04806585822709766,-0.08275596572030265,-0.10190042510085472,-0.10657084389713596,-0.12679146859937881,-0.15179110807979992,-0.1412985359338596,-0.10535235055441818,,0.05814491690190731,0.005318419809406119,-0.04305709780872408,-0.07285641344444331,-0.01453535983873517,0.017437572951433528,0.011512506205784853,0.006674780589596717,0.06760476519721229,0.12555872536712293,0.21596451813737827,0.186786399968643,0.09624531618443372,0.07905862543574065,0.10605254320769289,0.05096993523452127,-0.04517823035647125,-0.2164606840796437,-0.3864448798545478,-0.40454886367614745,-0.4306664671817965,-0.6879078908546344,-0.7469251360124168,-0.771153912471106,-0.7812509925364505,-0.6839285101938722,-0.4605078507678876,-0.5036855096869054,-0.5301642647149767,-0.4557480150277749,-0.44560884240609105,-0.5073829169001088,-0.6351000877287655,-0.8060458216764106,-0.881888158494315,-0.801638535435724,-0.9166709134251294,-0.9870895914713065,-0.35042598917118745,-0.2730889222807255,-0.9580632162391493,-1.5334891648834459,-0.26134369020470094,-0.28846048768586
stat_116,-0.0838994443320753,-0.07412490102982933,-0.026853307275510323,-0.05059006816916267,-0.1313629445139974,-0.2305077575055062,-0.21359437488364308,-0.044454073130416466,0.006888431624638679,0.09908752179755922,0.12556900446049343,0.12133931610808452,0.17517775630091761,0.08832704006259463,0.044575309107389,0.02966666564742107,-0.0026994679692894695,0.05594116748877216,0.05778849330808714,0.00789100976060691,0.038121945873317006,0.0988466980639265,0.23441527209380839,0.26041424232431226,0.36341840307009954,0.4030911019507496,0.38220430987650705,0.3827421604636991,,,,,,,,,,,,,,,,,,,,,,,,,,,0.48705637337760105,0.4233871771802097,0.32827721597102755,0.2416196232050621,0.02527568881817342,-0.057195476938710944,0.08946955678491542,0.09061952673634258,-0.030617664676933807,0.019143491282541766,0.1406828937054817,0.17111080510937038,0.3680916704561105,0.3945291457751011,0.14787400552223773,0.06263316477243655,-0.019934808352022885,-0.14568666344517284,-0.08536567575052954,0.04797408026300505,0.11014698672839461,0.058171034879951095,-0.025069959680229768,0.13314242737032345,-0.17702200541926422,-0.0781165126508024,0.28697374971508915,0.11870682312309964,0.42739267815500115,0.3405508081867438
stat_117,0.7050439801292019,0.6586806545322506,0.7356775152914852,0.6918545514769792,0.6864413452501726,0.5437618967256334,0.4557084345882207,0.3614841060252467,0.4302736534808129,0.4272845627643169,0.36769359290867437,0.35593058403646893,0.26150887317375726,0.22788652307309396,0.164586592502081,0.1432816134712124,0.10137410849347323,0.07606093606276018,0.11075057512890216,0.14042714621064847,0.08285737004206681,0.1354809689318867,0.19293504519953217,0.19332311449656345,0.08545664700830193,0.13487415169847247,0.14930102117722574,0.1494754141682188,0.060868226896442626,0.09041521179548426,0.16540629011755278,0.15248230959314737,0.12246752523545099,0.16876650427247225,0.16827332892735627,0.20585627922918798,0.21490310299886078,0.1796435184871818,0.15569473251038587,,-0.005796211291571233,-0.13233777950523767,-0.18143138322374194,-0.09741164493035932,-0.03478285569476736,0.059238940721018866,0.1591725415829692,0.21113152280986025,0.12139133323935254,-0.017411275435630695,0.11183003646084466,0.16730432764758504,0.028270261416294313,-0.013986642311405784,0.1643579248570241,0.15799360598530532,0.042935451244382465,0.047544815655604054,0.047530076127882404,0.015820238998603135,0.11328404130277865,0.08411845671284891,0.06043318560415536,0.21229990183130726,0.22595657490040355,0.15786668006925084,0.11774536192325716,0.2637582824414817,0.3634489942701035,0.29829183968508843,0.19552351437427007,0.2858646850529432,0.4992912777240837,0.7416955103387389,0.8326904557581939,0.8915266105448656,0.8451751901472988,0.7664740713171913,0.49710361961462196,0.33716738296034393,0.10823916196008752,0.693779369785278,-0.35388759955986343,-0.5071005030220973
stat_118,0.1388025080137157,0.06030081798433316,0.003926761680046978,-0.06399226865102883,-0.07626129400403545,-0.1013050410345611,-0.027705061532602517,0.04179056895874907,0.06503004593884679,0.11937758185564036,0.14082938498804856,0.13855598725650908,0.17999452542515681,0.25034975012018806,0.2591971936859285,0.3164371659518813,0.27418942723056017,0.2377790802452339,0.23370690084431617,0.19075350268267866,0.07911975722134028,-0.05376029997524535,-0.06902436845309558,-0.06300149100365639,-0.0094864889114099,0.057507431909219926,0.0963218806833624,0.09512210741348498,0.08872470135368442,0.04998190752096249,0.044491159263586655,0.11267978814844917,0.11961792363268746,0.12750942008918903,0.12683925491561823,0.1561554085965356,0.190285117988414,0.20391119003235209,0.21928078752408892,,0.10515274858498605,0.14935600752517744,0.18417671687748868,0.10378803639377937,0.15656971340890408,0.15953214906999302,0.10638564865781326,0.058473610467480085,0.03572770634133586,0.11909255928907876,0.19227556198601808,0.12432326232228044,0.026998045781600147,0.09497864174468203,0.126029960266858,0.019567836880345517,-0.12357085561158337,-0.2778914744266543,-0.23244390249859692,-0.0563548380496305,0.18305012617194644,0.25155004953712456,0.26110664650752646,0.42359514367554707,0.33392213059154646,0.3569590530673637,0.3150990379740527,0.06420720433514812,0.0700796658474553,0.1581653483142285,0.021902085136777983,-0.16564021455938768,-0.21775186608020733,-0.23308977922945257,-0.19187809219605476,-0.02611752257161559,0.1597251345106436,0.33648137037335457,0.13713682895753532,0.22392814626401736,-0.21972949091747318,-0.05995779537447417,0.06290536538768765,-0.3341347629621952
stat_119,-0.044519627425926675,-0.002057343979452809,-0.10185627444627887,-0.13134667393639704,-0.11848990452215628,-0.09274204977413793,-0.026732768905142295,-0.045148610651837194,-0.11124883492692379,-0.1281439156305567,-0.03621043778705837,-0.02824935618395218,-0.0137051112513409,0.029719396547068976,0.08499892390922312,0.08987946983662586,0.1359117929662468,0.13135117381177328,0.12044067923247383,0.042765579023128907,-0.01807150279250964,-0.0833023822457044,-0.12441772244833404,-0.13370051370306843,-0.15156120077961746,-0.13729017641108474,-0.08006278314189237,-0.07509966606143113,-0.01598850485043541,0.08549801338190031,0.1948540546109393,0.18602723642773392,0.10188246167412975,0.10135429672873002,0.09962473202749321,0.05464358636103149,0.059952835939996646,0.06798109952894553,0.09224364568825677,0.01954560579165989,0.05364760236418367,0.04897450387678215,-0.0014886875363709538,-0.059340956426370606,-0.021088752954684174,-0.01611260091493978,-0.014645444791948544,-0.030188775242889723,0.03731652033101424,0.1158401330302257,0.1519195124608485,0.08394519900118845,0.06991643756424032,-0.014699974877781595,-0.13069441495994893,-0.20611606050227144,-0.26306121142849376,-0.13735290186856863,-0.04072526343248272,-0.04613751312957211,-0.07421292802920863,0.13132133123844983,0.33923427437476655,0.2603808737330714,0.05854688168985109,-0.02167565355130723,-0.021193620950338832,-0.013939839953274814,0.034939149887919047,0.04276254817135137,-0.07685184936609712,-0.14095318525125167,-0.07127107695991446,-0.06996480638872073,-0.12489012872087707,-0.11684621723702145,-0.07360172173921434,-0.1817882140884087,-0.258297667245219,-0.18251271307230915,-0.09064008790830905,-0.33764957215236735,0.12599782064953574,0.13829929517696488
stat_12,0.4596975916778757,0.5554684381461873,0.5470213690466579,0.4574981385649814,0.413196066541063,0.389809774554787,0.33608276178786467,0.3515590677763087,0.3910721728138809,0.397224513402268,0.36496900961537015,0.36032753550329194,0.2941213149093778,0.2503954341190696,0.213968635741933,0.18947839896731639,0.17507544147404264,0.1633702816692685,0.15530120193197894,0.11221465636242173,0.09529235770512637,0.10614746701050125,0.09248417740570634,0.08880117169565067,0.11530791359436743,0.15398709880157208,0.15013924419812397,0.15078761573050847,0.14507976253362664,0.15019047082739465,0.13569271451674883,0.12559682403989675,0.1513138726567131,0.1681573155818768,0.1644754041154369,0.13616002970833846,0.13290751364358344,0.14983205199210878,0.11140124406419198,-0.04727447387214983,0.11440293954985133,0.1796630990385452,0.11813025855171182,-0.031364929908026314,-0.09194861425745417,0.05315226921874905,0.09958488916565462,0.0822638508224294,0.11544172021366135,0.13748623176275332,0.08847689502573171,0.141670001915763,0.1980522437465309,0.18475650854061632,0.1819514513374841,0.1604232473979817,0.043512413401790864,-0.038991925691049915,-0.06418015842141875,0.05476227615236406,0.10650195012588742,0.039951324828778195,0.006972634141836079,0.06779773717781669,0.2152205386967052,0.1841512778262898,0.1510286350438946,0.25859940856022223,0.40012651668209126,0.413667526814655,0.2809332704505877,0.14993258341485438,0.2269183427979234,0.30667691505023875,0.36449664729483106,0.568699804066652,0.5548947605116784,0.28399658174543635,0.42342492530537507,0.31355670716495343,0.22515031465662824,0.6144935224597542,-0.3016022770611717,-0.27618707991372715
stat_120,1.7696705631549738,1.671986732187884,1.5825384974376147,1.4918310333460514,1.4220056646585018,1.3294459218474315,1.1178450486274156,0.9293901195660208,0.8240756073474922,0.8128686157524361,0.8642520119497712,0.8646809965510581,0.877371812110985,0.9001634590374613,0.856964717623221,0.7455025211997298,0.6813769843736374,0.6281628347991013,0.6218270501824803,0.5625794505804979,0.5390028515863539,0.5329516227990216,0.5230759969007593,0.5250822321558308,0.5653201928366645,0.5540278385440557,0.5706605261039479,0.5729548183345703,0.5789623928325734,0.6081253680908277,,,,,,,,,,,,,,,,,,,,,,,-0.3701170828537243,-0.3956341147075141,-0.34357040511400894,-0.27187336604483237,-0.18754000324585446,-0.20194878620477208,-0.22096525728617397,-0.014093570721150873,0.14488355658844995,0.224729091079877,0.408450313411864,0.5606855389031127,0.7266755580254072,0.7602686688332412,0.7184338633558692,0.6912955320334537,0.7226702589588854,0.707090299632437,0.7956964194584356,0.9419176467745832,1.1920664060806334,1.416443562508221,1.5546142692785954,1.6697994876279225,1.8374283208377216,1.7719685877597409,1.5653101183621838,1.181983448633874,1.4857391861407736,2.890404084754476,-0.27459689622547107,-0.1976778388771462
stat_121,-0.17790619949171074,-0.16396326752600549,-0.18218519601865177,-0.08855626325204415,-0.022547750181525557,0.029480192705465508,-0.08260660611732676,-0.17448586796697127,-0.16451780505646807,-0.15916085453289314,-0.1848861161318845,-0.18537827295066547,-0.19817162191181714,-0.2191878331755289,-0.16890119696437564,-0.24221019090482038,-0.2759307401719704,-0.31238123145683033,-0.326985040168122,-0.28713297660392906,,,,,,,,,,,,,,,,,,,,,,,,,,,,,,,,,,,,,,,,,-0.4258096542734467,-0.5362529988447694,-0.45397455080117627,-0.4240698935255951,-0.40932273997286006,-0.3579124010134764,-0.23381005172064884,-0.1858152877578435,-0.3854108698847344,-0.48327975337107487,-0.39170439188014505,-0.14935181141467724,-0.027293477204229238,-0.0634297937187443,-0.2609596810741168,-0.24788753010559986,-0.10591473614049571,-0.23123968542368528,-0.23393551999764364,-0.2551812155364402,-0.43128420260696715,-0.6527291768349222,-0.06560462619671614,-0.1396016885905651
stat_122,-0.11621636336425409,-0.09857006450147189,-0.007801755768936047,0.108167681393913,0.10168181881398565,0.11354425480440125,0.08031825341783887,0.09337475870571296,0.11538783721930637,0.1465609795519464,0.08875695569291091,0.08072798616887929,-0.038036565849340544,-0.05269678436051187,-0.07402219614830012,-0.09104000090814028,-0.09257451700540087,-0.11689676680088845,-0.12827985961886187,-0.16038823683227976,-0.17917181160660867,-0.11538564603732651,-0.06806322446348098,-0.07427766306378669,-0.10346914236535369,-0.02653968587724514,-0.06615117311262794,-0.06356728774495694,-0.06470185624401599,,,,,,,,,,,,,,,,,,,,,,,,,-0.12770076458047733,-0.17062177029006664,-0.11833752336729784,-0.16235510737680897,-0.17423499904272438,-0.18623133304820247,-0.19367407694786426,-0.2441716089435427,-0.38117542614460737,-0.3789269583828699,-0.15097633756694642,-0.148888294876679,-0.2226891401064919,-0.0920261470373321,0.0610844823954917,0.036890507458868516,-0.07691431202273231,-0.017046666081614256,0.17761878292352035,0.129425633052972,-0.041142200818449375,-0.10892421940186697,-0.15713571565805562,-0.2200034336330553,-0.14229747723433142,-0.12926641467231853,-0.07873765182194231,-0.23402489206644886,-0.3507595800635188,-0.02069258220487444,-0.14930414729533392
stat_123,0.6279810254985558,0.6030456687398983,0.530957453134191,0.44699506702142044,0.40368175277398194,0.38886654994949177,0.2520524707007151,0.14736390765826232,0.1034795044937181,0.06841642777470017,0.030344922519932534,0.02843589422633448,0.03194927580691851,0.054585334270469466,0.09443362549831491,0.05921419631440384,0.018528360611450585,-0.0016941710859037938,-0.003952942677468444,-0.01750119122004735,-0.04959369359646785,0.0008045041212072022,0.009890726274595762,0.007969865513771731,-0.032416850199038984,-0.06281861555740871,0.05954275202543841,0.05241013591225056,0.05477542243238865,0.0732088696174652,0.036418463717342614,,,,,,,,,,,,,,,,,,,,,-0.11358497478122678,-0.03271285095261665,-0.16492601178736271,-0.2015775811764273,-0.1839536408854265,-0.14083731662438104,-0.07246961260441143,-0.07131680986911618,-0.1310937280998345,-0.25624500574662024,-0.4394090108023008,-0.3436833461547463,-0.2338229847254422,-0.21461169456305576,-0.17926821151181943,-0.098092521938418,-0.061992486760375665,-0.23210039374645466,-0.3008554884129272,-0.16640071258648934,0.1571507953669597,0.3498038417489391,0.33951867890523196,0.29512023212148597,0.48401352541559284,0.7295319408344029,0.6655062883073763,0.501675705609814,0.372618913258895,0.5724692570398262,1.132082695566079,0.04335894758903009,-0.07851619361798669
stat_124,-0.23919054700084447,-0.26113290738188855,-0.293901155001114,-0.3227757019044279,-0.32481382088998323,-0.3285505657867469,-0.30692005294902086,-0.31178775238503637,-0.2710376499175981,-0.2995418565255931,-0.3091178203504264,-0.3124941320633368,-0.3449363135384184,-0.3189445495230519,-0.295601524455341,-0.3605886839289024,-0.3554718549685066,-0.3646195270993087,-0.3658592589665345,-0.35184547581241066,-0.2902918261364122,-0.2602294333562458,-0.23387950393675283,-0.21871114501538874,-0.12230189372285961,-0.1804230904232412,-0.17463814944865175,-0.17512005345189816,-0.1178582787190927,-0.09223759311504261,-0.07570547469370431,-0.12884316819819555,-0.16646554823743426,-0.2423856066090333,-0.18131649524200366,-0.2017669516198573,-0.172619397032608,-0.18917977902289893,-0.19645777444426998,,-0.06370537175690673,-0.007150839377298453,-0.05691301574423151,-0.1123512296673058,-0.11972927555867212,-0.14762429023479076,-0.18882828375291424,-0.23583314987544396,-0.2805459658559453,-0.27891269973959376,-0.24436312962460385,-0.17466014823293358,-0.13565571453566366,-0.18650584403177628,-0.2592070411991048,-0.2626602688103335,-0.31435466920352145,-0.4457674409344311,-0.34640765557942343,-0.21686911599455308,-0.3345603562718589,-0.45751848421320146,-0.514246884387613,-0.5129791831346673,-0.4652959031028852,-0.3974159312198079,-0.3914963999441556,-0.4271373279041994,-0.3450146281017818,-0.26107112689896134,-0.27950813754800063,-0.3668152206684042,-0.40979968652536497,-0.3743733139309151,-0.46314107841348434,-0.33851597639879144,-0.02322720014303233,0.054812836282919115,-0.28149832299598987,-0.3533959021558499,-0.5397794921547066,-0.8991309356923198,-0.0732514609354342,-0.12931797201311804
stat_125,0.28030637579051526,0.18240581685365162,0.15150655957393575,0.2136853469497677,0.26132995817925536,0.22155221917339116,0.22428295922765784,0.2328071816264251,0.32108012922788765,0.30951037871853854,0.3139546566885515,0.3180438750387751,0.46109510908396967,0.49182954332533163,0.4948966983290482,0.5267345522466836,0.5251584393973113,0.5470233223942329,0.570657131514104,0.5655283116957079,0.5491822830222293,0.5191168443013453,0.47102091239176624,0.4615786601801715,0.4488588018353288,0.44929682914207986,0.4255448128486315,0.42274208858267476,0.40236733680212533,0.3354520649905116,0.30674364855112607,0.32324572296559634,0.35203005418524735,0.3354727670442292,0.33006039825390027,0.35009848555941164,0.3588485079356001,0.3409232434912491,0.3339942762406916,,0.07847106869937368,0.05904781466458513,0.046380427226326536,0.03430775531807828,0.09700309952896632,0.13066522984154927,0.08172712378701125,0.0026815451319357627,-0.03557829971370046,0.029941743446494227,0.10896024744978536,0.10951894029981617,0.09527745385635232,0.17078416712591246,0.19346303225494277,0.17574291466754927,0.22760523181528428,0.15766700742449602,0.19925967670123526,0.3802771612124423,0.5170488586827833,0.5112195967600659,0.5428624837678655,0.5908234079386905,0.5886554742815306,0.5035225941363174,0.502901226397327,0.45122991847867655,0.4248049634906424,0.3872081424879215,0.2783608582677011,0.24354448615550398,0.2915526805424391,0.36340934030125993,0.3804758618434171,0.27896882960427566,0.3555994053261805,0.49182977141623435,0.08504075024432264,0.20491249070577022,0.7052018882135636,0.7920242752956609,0.7367601337687548,0.7388893875899561
stat_126,0.4011110455643003,0.27208441964384183,0.20966237604734045,0.1463259375946215,0.057714027409093455,-0.04087127576271839,0.04126167915427812,0.09702531665746723,-0.07738370005747963,-0.16997858610088293,-0.1947445677717635,-0.1939902962898291,-0.14519021775533122,-0.21720377717815278,-0.21137325259498457,-0.15210287087092572,-0.11470262524418774,-0.16449828909208278,-0.1354250476073606,-0.00986394612443286,0.013365098626957837,0.03685736416015953,0.004372862499884566,0.009583878255950633,0.03972673647634507,0.12308778326572214,0.14484076780257413,0.14208157964705773,0.10032462769019579,0.03362261347008986,0.038900883671164885,0.05545001113349809,0.0585319246343186,,,,,,,,,,,,,,,,,-0.08198753600967126,-0.041694292202458585,-0.01961134323492322,-0.06715496831172342,-0.060852857203595186,0.11912953044136519,0.1790290310096822,0.0615428646433035,-0.03888564935273718,-0.01147275574346546,0.140813116013735,0.17164176610531914,-0.016489677608158025,-0.10946903139511359,-0.18301031479992474,-0.32765784555654526,-0.39575562759877425,-0.4259903768207827,-0.4851973048776023,-0.5731571425738309,-0.26596018928664855,0.05519398160747226,0.05201778296365896,-0.11372106363662905,-0.025124653688606023,0.15593743131862497,0.12621610840432995,0.10337177275623088,0.3165970484789109,0.45127165084048043,0.2623447211053359,-0.025140673897376252,0.4702907033051847,-0.2713710480508869,-0.39860872582362467
stat_127,-1.565250080114825,-1.5132291554184034,-1.5074058261106895,-1.4970597750633716,-1.4908067491679768,-1.5348055373108853,-1.3189684163199438,-1.1966985002958048,-1.025210507147502,-0.9312423565025678,-0.905730208392935,-0.9188251556190854,-1.0047713734753856,-1.0925445391083193,-1.1676041281517244,-1.2032624366698996,-1.2729434128081183,-1.2108528376588368,-1.212394218838065,-1.2037549750897814,-1.1503885361687627,-1.0024746619054201,-0.9156750117928141,-0.9091137186965034,-0.8548414252073899,-0.8549743029260994,-0.8338674268712714,-0.8347985457004092,-0.7625558651311067,-0.6792208328376691,-0.5090421687012252,-0.39140246837669,-0.3946516567039334,-0.43186580992011897,-0.4413071588253052,-0.44643891847267947,-0.3860680886965413,-0.3099233221973032,-0.292178984513521,-0.05154139078952911,0.00294429951747985,0.032716674180103954,-0.005803806456553988,-0.0008352236348588473,-0.08795251537633587,-0.1596240169954136,-0.20605654808183685,-0.21876169241432974,-0.25836202550261145,-0.08899963522273509,-0.07100463837868808,-0.2402292459039127,-0.5657553610323824,-0.6798050284788045,-0.6856471071771746,-0.8060237230884978,-0.8166140051599753,-0.7707135216988613,-0.8878930860853099,-1.0736674795482977,-1.1601444338183766,-1.2876396371716716,-1.3925139625006793,-1.323155943915098,-1.2117070024012218,-1.0879804186239366,-0.9983130896352852,-0.8875331678246421,-0.8946247063254326,-1.1127634030199904,-1.1982369340858736,-1.387468810651356,-1.7161204052888779,-1.7490222969856573,-1.523131727139908,-1.3837551509796786,-1.4127567647592814,-1.6121277193888102,-1.3422674359608116,-0.9803557477635175,-1.6744425642545264,-2.927204736525431,-0.13995922066154798,-0.17094476676981482
stat_128,-1.1316318596728836,-1.0965153455642613,-1.0666706031355848,-0.9933168497025192,-0.8394120452783383,-0.6420519583674048,-0.4547889483358362,-0.28952777540923313,-0.18541111504896812,-0.17286063807186272,-0.25045096097926256,-0.2571487038112118,-0.312518914440252,-0.33013239430168895,-0.27524019093347635,-0.23344272535260496,-0.1934347835019494,-0.1404693292999884,-0.12072382779753427,-0.1513633183492614,-0.16684767151946994,-0.15037158887521565,-0.1590382504488942,-0.14500477522138247,-0.03594441744948053,0.11954333852233277,0.17987200853736607,0.18094779031364272,0.15052995801651167,0.125059691014086,0.11764405882956865,0.09777745817477128,0.07525756160340527,0.08533105530776215,0.08459521681173066,0.10997500211609815,0.12080083303761358,0.07151514253490796,0.04406353565209969,,,,0.2894515566618625,0.23946441267343183,0.10944633791993738,0.07073975061792317,0.11045976148529317,0.19490318752675576,0.2926685271911165,0.25198208286734625,0.17236846740322398,0.21039025225941624,0.22871924808565744,0.28517098086393816,0.39252611210952854,0.3762404889617062,0.1515514432175957,-0.028173818371737755,-0.02011392513010598,0.023197766136005042,0.13286890572916446,0.11781118226292227,-0.04263948796840262,-0.09136141720936529,-0.13703145073434642,-0.1585147982917151,-0.07469362242844153,-0.011140001081623,0.17366434033148812,0.1943717582939852,-0.010164710329784206,-0.26742569524938886,-0.519458767150303,-0.7600121558017358,-0.9065623752776133,-1.0074863762531652,-1.0441926076408123,-1.1612171834002754,-0.7148428177644884,-0.4254828944368033,0.040989948613754386,-0.8508324443258909,0.6425580017858133,0.8250615236445246
stat_129,0.19696477120030922,0.25453716896366263,0.3100895170961885,0.2723624535947269,0.15728514738053498,0.10617189989119817,0.1579331593084877,0.2948706483376249,0.28621076126165274,0.39262934598543886,0.4579188183227557,0.45363510842218957,0.5381295917797625,0.4819006207406465,0.47181011602309825,0.5108139161430556,0.5071114554712535,0.5401758607563538,0.5212813030517208,0.4311602063628963,0.4456693311290236,0.4762432813064814,0.5324887672992746,0.5363050622675413,0.5683257103402419,0.49827181977085644,0.3702083221892314,0.3720688734051883,0.35629632349370394,0.36706717553386886,0.39701867572730676,0.3952682457186931,0.354779603183008,0.4000922799241548,0.3996260409582998,0.3738259618063958,0.3482273181189975,,,,,,,,,,0.20616582315480483,0.2777710113086267,0.2970744872319987,0.22522318017477716,0.14596573441830316,0.2986557319069444,0.3982242231140619,0.3459054203931484,0.3686129530599396,0.5508679240081422,0.7627901941379948,0.7836553696344423,0.6994307104279616,0.5944483023097499,0.6086834518565468,0.6715915704980608,0.6898679106691342,0.7602625368735845,0.7935574717622829,0.7320841447080941,0.8248075948600921,0.8488639953878578,0.6599281481554189,0.5907259510433902,0.6109837665799455,0.5342190849157058,0.4281780513933239,0.329992602154055,0.3426349840328133,0.5341069680094702,0.5220912192862407,0.4481900406183351,0.08199328318894583,0.10326654289655787,1.1078825467283038,1.072131685828799,0.6748240511173595,0.9389749872039936
stat_13,0.19551484171351252,0.23649474496982223,0.13962315426257157,0.12665531913245773,0.23342797579042243,0.3009378319724473,0.33124703109577425,0.32395383665733296,0.37915558470627336,0.357985602132003,0.49693764946290847,0.5053260164111844,0.5157533755421606,0.5210062372593858,0.49874456959839586,0.5273635208359957,0.6071313112752228,0.6039595223900167,0.5830242901141921,0.4745616145400664,0.3225166062547606,0.25137205071237384,0.2156841222602204,0.22282499213387164,0.2832974242578322,0.3243375257077767,0.338328563415981,0.3408031636528282,0.41845397952827534,0.5106320651673325,0.509594731088569,0.4249620321128427,0.3330288384428334,0.2575014139311293,0.2523657078960531,0.2176808880226389,0.23618884895980252,0.26327847276375377,0.28329517243885516,0.008295376353882325,0.00090614809150081,-0.10098279175757403,-0.229139499637045,0.06018125545060844,0.24220554136498243,0.1701153823435967,0.03302490299889774,-0.033954075186771314,0.12224792038894286,0.2815244019153665,0.5757981338348462,0.760426180428028,0.5846760339241885,0.30064988174228197,0.22499987197889432,0.3508175841473525,0.2253043611486388,-0.0239655260233738,-0.18948444932112102,-0.05371037415318249,0.39891165920187355,0.7416852590655415,0.8463111319156016,0.6455819611088591,0.5730204941883086,0.7598085700438054,0.729927268352704,0.6020245236133611,0.43136014343933393,0.3853546850977067,0.37883918073472556,0.4041565655640438,0.3913016521570299,0.3623553780078438,0.24967405263804948,0.31050261872351853,0.39547054157103273,0.29807758002447804,0.18966906394155722,0.32786842754102724,0.40388434589879363,0.8554380433485395,0.2553688028643503,-0.19843504195823566
stat_130,-1.0826283226222007,-1.0933874876171585,-1.2021605943768143,-1.0719427610083987,-1.078516256023831,-1.0332311336053033,-0.9372769643156099,-0.9743750592862396,-0.8865768169603307,-0.8942554082077256,-0.8908841322419125,-0.8854682356429953,-0.8619994011635855,-0.8892772852857651,-0.9082569138065496,-1.0340187276445234,-1.074308888597633,-1.1007575380980175,-1.0885218490585737,-1.047034109036621,-0.9596411646975623,-0.8401133585885796,,,,,,,,,,,,,,,,,,,,,,,,,,,,,,,,,,,,,-0.7640373541145976,-0.8508973197421336,-1.078822669189293,-1.1314689947442371,-1.120228819744173,-1.0114560861333495,-0.8622745128950906,-0.9252679179406711,-0.9558310341703289,-0.9087188347955861,-0.8579096773491388,-0.8596246608500371,-0.9637333186978245,-1.028561843518025,-1.1307233726016084,-1.1102140311491828,-1.1245656565575064,-1.1906791899842568,-1.1833895331788586,-1.224428927517929,-1.0619298598515883,-0.8366013438743872,-1.2504861615375584,-2.376013063735138,-0.04529218104734424,-0.0241157348600526
stat_131,0.28654095652859396,0.3366713492231244,0.45346468023324643,0.5116895209156809,0.6396627761096982,0.5711865459426192,0.606027896642579,0.7097530254573902,0.7854502877587145,0.8049058508198573,0.8733513592836083,0.8929569281475492,0.986498309704015,0.9048144291628362,0.9489288766242673,1.0106028466738832,1.055315109083617,1.0727884544623478,1.0567227822591074,1.0310635960678656,1.112524730005006,1.1653515322495809,1.1430903429516566,1.1360402363340796,1.1290865023914198,1.113239693589733,0.968281298564113,0.9631441874554909,0.8857560576277892,0.9040254556743376,0.8935015864182937,0.8070479083157862,0.7457883176827229,0.7290075402088063,0.7263540966886793,0.7150714549068506,0.7294547403068106,0.6895406203304092,0.6262339632331732,0.20050427538933094,0.19151715860607607,0.26958306015276684,0.3103904869251892,0.27802556769888437,0.2329732714950345,0.25566431319116795,0.3356157634407047,0.37982969814882633,0.4275307552745003,0.4426685178141893,0.6228042255432797,0.874261959799168,1.0012611937929383,0.9997746953166429,1.1051015089822604,1.3694353473618264,1.396062987401997,1.3633314546670172,1.3057716741422472,1.2377074578368263,1.2768784603294252,1.2946636136976946,1.2983609878178797,1.3504767017876742,1.294003783107283,1.2467567877696915,1.34069441296013,1.2528242095514717,1.0999714974658654,1.0915687509804144,0.9949768258076787,0.8669324579856578,0.9032451001015656,0.9201500400214171,0.6879801889163816,0.581801546257259,0.5170513683373685,0.45077030606522284,0.43197154555974493,0.6044661230218248,1.3707999050389856,1.7614870051816585,0.6677656668997161,0.831002617680414
stat_132,0.25996921012547136,0.2655212710476428,0.1469401404060679,-0.06991605090034693,-0.12350131096997727,-0.16621097481646935,-0.17886496395711438,-0.10510123462105471,-0.017379044041412776,-0.01980259765096336,0.011818395994121789,0.015253367391147464,-0.06478582156093148,-0.10941931211539672,-0.18183303999479805,-0.1634699517053657,-0.1152595520078851,-0.18919349369851127,-0.1945776080692691,-0.26709739431386104,-0.25812207105928725,-0.11555390231593198,-0.15287586858327276,-0.14489940320627206,-0.16650360983394097,-0.14588754154731606,-0.23150372419252058,-0.2355104573377111,-0.2010960950500213,-0.14345437988026524,,,,,,,,,,,,,,,,,,,,,,,-0.05568966850747132,-0.19612093970995742,-0.19763528665544133,-0.17140630897249676,-0.20143092926008274,-0.12685370761128117,-0.04231068568438955,-0.07874897185586395,-0.2311786275267998,-0.20608117723216182,-0.09939366152184761,-0.24428103121526357,-0.34954300722005965,-0.2565112438043766,0.00849153650885883,0.2119425045608773,0.07637014876161408,-0.014023283958486043,-0.06737817648740116,-0.2303852793378382,-0.1218495865929187,-0.053355521952421575,0.15985901737419517,0.4280426208513849,0.28890861432658543,0.26612738719024825,0.3154597125812813,0.07104680187657901,0.44783210572142873,0.8438496045753935,-0.09214035880162812,0.020434450253898732
stat_133,,,,,,,,,,,,,,,,,,,,,,,,,,,,,,,,,,,,,,,,,,,,,,,,,,,,,,,,,,,,,,,,,,,,,,,,,,,,,,,,,,,,
stat_134,-0.3817055306748349,-0.3556746819861177,-0.33310355863186303,-0.29636788234257744,-0.27802184399364616,-0.2693536150829756,-0.23934957765541742,-0.10237055872495508,-0.1041158365155497,-0.08695663250825195,-0.01731269199644537,-0.013358242353456038,-0.014524513319257665,-0.010949881998526098,0.015534126168573196,0.10737135791529237,0.10156819097873868,0.026657690855210362,0.008581936125564304,-0.06578790635777085,-0.13780063208879204,-0.23483942154193285,-0.22543976632019763,-0.21074007538504608,-0.04755813290345059,-0.009828716687881654,-0.04568395380822728,-0.049637955776163215,-0.05882379891481606,-0.04736850601157762,-0.02226810341862502,-0.02158209197298576,9.068676910020805e-05,0.05624041207757145,0.06483503336963502,0.0757900896533451,-0.012262605471311503,-0.05559659788523929,-0.08549624774510022,,-0.18515627807674748,-0.06946204393774602,-0.03898527698677953,-0.05521117206420933,-0.022375885286731054,0.06035067477428318,0.09329608142649984,0.12482658598254842,0.2926071628294429,0.26861992146813346,0.10611844210546098,0.003590942726827094,0.005070375248136889,0.023054332133297824,0.06600476029534114,0.11749400116815882,0.02507486232142976,-0.2516494456056398,-0.37922860699888034,-0.23157480877886089,-0.00549618574670139,0.10060276576765115,0.15363636926452048,0.1674689674209535,0.22151592644771195,0.2145607859153541,0.07225821363950229,-0.024050006401655635,-0.05709060226902481,0.07238624826035796,0.04513114713671775,-0.11191727622699421,-0.30858793709749976,-0.29826861628028817,-0.3091528207625662,-0.3911624208540332,-0.3178209470750946,-0.450209892365709,-0.15345645319371476,-0.0704588825591326,0.014317698400705155,0.04189756460043304,0.04741780534964454,0.028566292830257273
stat_135,0.43444105834001556,0.3012822326774386,0.1823367863018747,0.18187612806838174,0.19236214845075064,0.24640729822699206,0.25962434512603766,0.24525200325186053,0.24083780879456815,0.268413181681257,0.2198866880723151,0.2085960400454876,0.15087801427874414,0.09384233607068321,0.07872767882591426,0.12133359169773465,0.19799436593421268,0.26881460375927657,0.2778674691517036,0.28687176149756866,0.21417902423206353,0.12782980186456075,0.042894229765252735,0.029889263652446568,-0.053509205209206656,-0.15918743639197624,-0.24782692016882943,-0.25087234793149793,-0.27694271355760713,-0.28605225843952115,-0.2547338097492695,-0.21189507400123156,-0.1746621535318807,-0.1577636116431385,-0.15477936896744487,-0.1556721058221421,-0.15986692128672997,-0.1261103414691801,-0.10434157548777018,,,,,,-0.17093272010738145,-0.13112560154355243,-0.09250371835010014,-0.060865531398582494,-0.05770587208422225,-0.18612475310058477,-0.3800588371626773,-0.4675713399281459,-0.4421707899629081,-0.48945812482897677,-0.6257410494274843,-0.6851042068666947,-0.47705802037819267,-0.2808879007067805,-0.21980209779467486,-0.13623776673717758,0.03454379900503145,0.23590832691647845,0.1466237757733996,-0.07264358057706706,-0.24255186659972924,-0.19711310560655107,0.029133923317758936,0.15112619278170722,0.36812528239927494,0.44152583134727363,0.44230203164136617,0.4210994629501678,0.28991262783630023,0.24916625942453818,0.2731854582324422,0.0474513652591387,0.06954058159330337,0.36135982604871614,0.5638832444619871,0.3754342202873747,0.8510055470544942,1.3548445902120987,0.167649189828984,0.26450209008973197
stat_136,-0.4627537042877375,-0.38295328459700817,-0.3327233974732626,-0.28704167961342797,-0.2985646404969118,-0.21562277049371667,-0.262628467668678,-0.2613609098723075,-0.26678552455236104,-0.2604889231957644,-0.3399667002154363,-0.3459338940216282,-0.44167234577834324,-0.4328389512136078,-0.30956295926228267,-0.2850800620597975,-0.3216044151629124,-0.3408015467434354,-0.34996691960593845,-0.29226503054287245,-0.23132490012891746,-0.15054772220236617,-0.13494087978279126,-0.12039630765020318,-0.07557155057964537,-0.0654632418640592,-0.09668929486038644,-0.10117855327970916,-0.15115420569006827,-0.15283018263291626,-0.14365290558703453,-0.06853906825824038,-0.06878221090681574,-0.08467326142764496,-0.07328499313635642,-0.07082724700304469,-0.13965688720237693,-0.14708370908951152,-0.17216601188616748,,,,,0.026324256215490276,-0.037385355579735435,-0.03181573586611088,0.02470750173609749,0.085531233281707,0.13751239780350483,0.037443167449612944,-0.10825862934729688,-0.14980026506277697,-0.15707729913374321,-0.1885289582587893,-0.10127046333336549,-0.06810261365306561,-0.16206956055195457,-0.16742717016278397,-0.1395320736259642,-0.2725357044867855,-0.39929316407784615,-0.4085732537736622,-0.4233460620016139,-0.3074648529802208,-0.3125182204609774,-0.5219351630555146,-0.6657558909754323,-0.6225026618870466,-0.3432849092644495,-0.1920235695793228,-0.22259551460151472,-0.327292977968373,-0.2789178890317695,-0.32084525846798884,-0.3716573021968834,-0.34181188162056647,-0.5563993054981576,-0.685676735562873,-0.1958959474453869,-0.18726753177805913,-0.3834747418636034,-0.31764207569853553,-0.023976511648156933,-0.3901285285606838
stat_137,1.373334254239935,1.4927589550956148,1.553604959953245,1.6159683904716036,1.616233102683505,1.618902078153688,1.5513189413709623,1.4888904264682385,1.3931251513035883,1.3834262383508944,1.3967220388849073,1.3987614383168323,1.4348470301826053,1.3685405768718928,1.3584964112125022,1.383582347774363,1.4199232519754337,1.412743641845501,1.4111607048741517,1.3552035643825382,1.3242546513343953,1.2991476284867218,1.231179891253214,1.2274656108840456,1.2263933679126797,1.2022603021791824,1.1506183214991519,1.146506292192954,1.0635129709037066,1.0542227211870892,1.068140388807269,1.0864202919064634,1.0616328572660505,1.0393423037869807,1.0408075821321492,1.0288359407384695,0.9737999695664366,0.9153769268144507,0.856229402660945,,,,0.23283590261860213,0.2162351994888795,0.24937122242590043,0.23569513380459103,0.2508579847445077,0.2606759437110188,0.35335823869009,0.333475851409194,0.3078810878214637,0.31175796532192135,0.3124456946498558,0.3919378702891702,0.4937440411779,0.6025709179298061,0.7001477655755609,0.8130282661215237,0.8950076165220447,0.9292062665240527,1.03838760227575,1.1016823050829134,1.1723044858006748,1.3014793313926258,1.385611970074039,1.352871737291041,1.2110554861867526,1.025868325704163,1.0772923606757927,1.2084285377730206,1.4019316074688382,1.6506977678234453,1.8295824766156403,1.927327263501659,2.0114417929760293,1.823005500504198,1.5175362887653938,1.2121147239874397,1.5017687564738995,1.5188534979252954,2.46169799030869,3.8301395138198573,0.3634042836416587,0.7777328260481452
stat_138,-0.4774327075139798,-0.48604845144611997,-0.519404603389711,-0.5600890140891098,-0.4050416033385796,-0.3959403962063581,-0.34299642360781374,-0.281417692247434,-0.17035753335691972,-0.1573478425713637,-0.10032471346749297,-0.10016576340442569,-0.04589476793143536,-0.08960760752903296,-0.1041505127884648,-0.15827980938056135,-0.2074537229000079,-0.19548867548455007,-0.23786003780555326,-0.3145663895868676,-0.2748521065527385,-0.13630705355219735,0.019160924673251412,0.04277916250763465,0.16787718508121077,0.07822129695922352,-0.007533755386598835,-0.01256004917350513,-0.06188807790534038,-0.06701875916643166,-0.057540630924735096,0.0785234144049175,0.11964587945309059,0.0461295700092858,0.035443805730705095,0.0026583128985780075,-0.02928211563598542,-0.07448632354493484,-0.08743700627044435,-0.21617665175746853,-0.16580513569872782,-0.18132007798501695,-0.29298796101993235,-0.1288200347592629,0.005455456939862972,0.044307031363333964,0.05651648153684765,0.0429540441621551,0.21009654366152214,0.3006620476977565,0.18692061543081598,0.07120971608399436,-0.025283549583851806,-0.15622449823656415,-0.20470453774746816,-0.0012460991017522892,0.2244410180939762,0.10354418160522194,-0.1884694790804415,-0.37348090878348517,-0.42329988695547316,-0.316498982326701,-0.2821590464863065,-0.07378695926487937,0.022798346498901195,-0.024761811427617252,0.03220699226078573,-0.03813940604484025,-0.00859532984289055,-0.11969523678832417,-0.13830739546021226,-0.16916815714490893,-0.22932389426963742,-0.44008159838255645,-0.6366207843017456,-0.37651562447505454,-0.17612048018900026,-0.12037778335909347,-0.48647464986416294,-0.3206087740986638,-0.32163427059183625,-0.6587365902899713,-0.09908689350994167,-0.0211104280719941
stat_139,-1.1350503919649697,-1.150822692376987,-1.2294600811100425,-1.2558752241296052,-1.084089327010916,-0.9302227906875209,-0.6785747806204394,-0.5215506025038282,-0.42536802095334586,-0.36978983484807354,-0.37301626513933805,-0.37167876627082325,-0.3457545538921093,-0.3396191094701273,-0.2701836869316137,-0.2475055334647304,-0.25451461042610685,-0.1819194248050924,-0.20723760394227236,-0.25325219285725875,-0.2165958740032704,-0.24825723261540028,-0.3218454707820874,-0.3279436564114619,-0.3653771496930015,-0.45653472027500763,-0.43571305764906837,-0.4319150056330479,-0.35593742966304415,-0.3373544734201704,-0.24077996287380155,-0.1960188158081428,-0.21798113528491686,-0.19810410563379613,-0.1974268301500475,-0.18694796655693316,-0.1929347689592472,-0.23728334765615952,-0.29202602809914907,,,,,0.1045926165866379,0.025255809002350475,0.003141369123229936,-0.07100214562709718,-0.057614533683045394,0.004519761047298536,-0.058085427573633844,-0.1346085531700822,-0.16243563254719298,-0.2767695762426503,-0.374674246948061,-0.468581798825759,-0.5669429043213177,-0.4984773899080559,-0.3206340651281513,-0.22515940261470266,-0.1120162063004403,-0.12423925244617283,-0.1643093231007647,-0.1893221278527028,-0.110348741790654,-0.02862042551980106,-0.03787949756281888,-0.04177798196225995,-0.14205016750036253,-0.13692841055091434,-0.15704109388101334,-0.36815779159952206,-0.6689593634762876,-1.1263111089590692,-1.2880268210327284,-1.3604300220019694,-1.3543677901388582,-1.199078388952344,-1.1584078039908805,-0.8241700107761791,-0.6108307334698078,-0.016353885229784322,-1.012288244077627,0.5315486370824211,0.8537585650590913
stat_14,0.25102734866432175,0.240863445350604,0.12870171083371848,-0.09987476705113058,-0.23360742644164448,-0.19158598529044987,-0.04480201946935854,0.13237903359893727,0.2127346740959101,0.1551684163598616,0.10161288345161348,0.09676327727486816,0.052809250592230475,0.06754415957958428,-0.017791009706515686,-0.053955277622306855,-0.1188004872396618,-0.1563508832424106,-0.14555313862232172,-0.10591147726157198,-0.08953622554416105,-0.12101618936280452,-0.10552381985266016,-0.10119121910515101,-0.06296291041443601,-0.012678850753194706,-0.039304942966832686,-0.041773579032309736,-0.036289080653117,-0.06944041331824742,-0.1280541624687835,-0.14749722049221445,-0.061057129179649526,0.018383520317462636,0.0227741416573637,0.0005434235767592129,0.009145530439895475,0.05638125853930716,0.004476769245344402,,,-0.21362675276528295,-0.13156404414845824,-0.10803047747414908,-0.17444954085158035,0.24361422757807547,0.19535870387232024,0.047410480062085605,-0.02949345913296479,-0.08778445852152537,-0.1563336668900169,-0.012193277210313642,0.056383708597184265,0.03626264461053395,0.1494869511193246,0.157706959080044,-0.030175326971610635,-0.16590903180639788,-0.2184153797181782,-0.1438629732091591,-0.2636493480880771,-0.39152818241068366,-0.42346924575141315,-0.3594297477793245,-0.07276783789051515,0.14573596496912555,0.09160796243081219,0.041375595286091714,0.19642740990723506,0.29813648253095376,0.21566469638536304,-0.10528168394501615,-0.38437017694017683,-0.4048277492923337,-0.2007574971829926,0.19921101440946504,0.37476739763597783,0.16515484917600945,-0.011947788537022042,0.012205256569283845,-0.09285174855278612,-0.10743178873892258,0.013320468567506679,-0.10347862426874511
stat_140,,,,,,,,,,,,,,,,,,,,,,,,,,,,,,,,,,,,,,,,,,,,,,,,,,,,,,,,,,,,,,,,,,,,,,,,,,,,,,,,,,,,
stat_141,,,,,,,,,,,,,,,,,,,,,,,,,,,,,,,,,,,,,,,,,,,,,,,,,,,,,,,,,,,,,,,,,,,,,,,,,,,,,,,,,,,,
stat_142,,,,,,,,,,,,,,,,,,,,,,,,,,,,,,,,,,,,,,,,,,,,,,,,,,,,,,,,,,,,,,,,,,,,,,,,,,,,,,,,,,,,
stat_15,-0.38092815676587144,-0.4209172485134851,-0.4252361968322277,-0.37863159747874836,-0.3112433511901353,-0.314322750550289,-0.3451307003203558,-0.47536223307851144,-0.6210466374713179,-0.6634939487762251,-0.6391591940089343,-0.6378034266574976,-0.5651887848571074,-0.4310266171302716,-0.3357041459866864,-0.2662353362277547,-0.18946139858640787,-0.1982035452102026,-0.20797339759315997,-0.19220264284304517,-0.16995875798217144,-0.24439605789952523,-0.2656499450459243,-0.26638842667794943,-0.26615197703224613,-0.23408360094161748,-0.22646062203356235,-0.22711005957753946,-0.2457642969752368,-0.2785983016969657,-0.31081047542926155,-0.28350203011194763,-0.29532989953853345,-0.28168103114695725,-0.28156903630014607,-0.26963195376037025,-0.29067639582254295,-0.27522284771984895,-0.2538961475205375,-0.06690271333231634,-0.09733299235877324,-0.13725213510553877,-0.15323482532469423,-0.11183405198260023,-0.08121283769115538,-0.13535889069169907,-0.17449934956906177,-0.20356238639998597,-0.26768368127040293,-0.3076872002322732,-0.3095226755325291,-0.30026332647825293,-0.2751534881279232,-0.17279460790583867,-0.1365681101116471,-0.20264224094078157,-0.26203792457041436,-0.2885997280746156,-0.22338452479738133,-0.10173845321718224,-0.03554062179945237,0.05973031391854413,0.02347258418246474,-0.186794183551255,-0.379352986074322,-0.48681616180251797,-0.632441504012088,-0.7254663950827411,-0.7750841323552768,-0.7111242357989698,-0.4975431586163194,-0.24588622896127776,-0.21642937029616255,-0.30312785299071104,-0.43620867269066754,-0.5558665298305739,-0.519001855148909,-0.38169995259664025,-0.30364461336051274,-0.3032698402813899,-0.5038857719282885,-0.8770636095722558,0.013864402400640779,0.011694651412756845
stat_16,-0.6706650129139808,-0.6984134013220258,-0.6773687782648382,-0.5859599376298635,-0.5544347587248885,-0.5170151189278639,-0.5280187593563265,-0.5684041394352233,-0.6079979360849849,-0.6391890872329922,-0.6820448995758104,-0.6841457722550279,-0.6472818029102559,-0.5386655773918461,-0.4181767224346002,-0.3043159151210241,-0.20770403913694463,-0.2051886455689382,-0.20663581144050486,-0.23475859754501668,-0.3004375960528379,-0.29853454917898925,-0.2894383742461472,-0.28137464157772146,-0.23287228705608543,-0.2002340123420237,-0.17756450917099065,-0.1800811983459522,-0.2022123145196359,-0.27282730058448995,-0.2849186344814941,-0.3092758867794675,-0.31576846004361664,-0.32963869830008774,-0.3337783414026543,-0.345721264207623,-0.3272407890246926,-0.28607193964137173,-0.25298401482498384,0.0034658285632571347,0.054131480308239735,-0.11239777727726735,-0.09936650912980356,-0.06175599522465603,-0.1049696132416264,-0.19137000946564578,-0.2493573200461171,-0.3014997388925064,-0.3627160904738946,-0.3880385005323861,-0.36689335738749546,-0.30421762771181593,-0.20791576188472974,-0.12399994172539007,-0.1249395773590827,-0.11143783952294366,-0.1428270933025743,-0.21569705349125787,-0.267245109135693,-0.31493526126849064,-0.19568304187291533,0.03548198532549655,0.02986669187869417,-0.21577513483890326,-0.42220130053999316,-0.5800913648501232,-0.7410600711566027,-0.7502413055218013,-0.6930466888320714,-0.6286069360891552,-0.5926769709893452,-0.5612408630620868,-0.553429704674048,-0.5457126137462461,-0.5447869238552987,-0.6722958708645197,-0.7413529097703292,-0.6483157266232739,-0.5486863166750525,-0.4654796667365415,-0.7394983156947295,-1.3057659947718196,-0.02447730933596931,-0.12152189445569647
stat_17,-0.38146990253537244,-0.3706314597666115,-0.3537489972043353,-0.3276440068505873,-0.36977834814396854,-0.4387797970703455,-0.4692616196753677,-0.505989417643046,-0.5285382480704323,-0.592516919986832,-0.6436426295296821,-0.6448496554292339,-0.5972752413627135,-0.46599875647167915,-0.3258992654850589,-0.23506586380077968,-0.2163558734493425,-0.2422192715438486,-0.24819819230656176,-0.28318379911024283,-0.24391724171468707,-0.22728183675060099,-0.22649874604169803,-0.22445863909643912,-0.21063366930836724,-0.20215581007545497,-0.1995942221182299,-0.20129340727639433,-0.2366794506825438,-0.24906263126570127,-0.2653196111809613,-0.28219431035156123,-0.2648871658754739,-0.24430338503492116,-0.2317783672149841,-0.1668871868325371,-0.18166848686438156,-0.15894809650419053,-0.1063878137050663,-0.03058464672824651,-0.003223962557595547,0.0010685405072760818,0.08339713578558584,0.11751120504332782,0.15841015299756703,0.04356946170822266,-0.049165625857767105,-0.03993380626383152,-0.1228751393779913,-0.25218348181298506,-0.2666609619048862,-0.23788751704987154,-0.22031988850771514,-0.19138531156694008,-0.1874326016721379,-0.18425677614706834,-0.0999400570516442,-0.1289578204500025,-0.13069091042978478,-0.1266009767623623,-0.13786376302526904,0.06593525128708398,0.18981734769743205,0.07717735021012279,-0.08900637509613332,-0.4287265149562918,-0.7755418316932595,-0.7488409108403246,-0.6107102028840101,-0.4800489910216979,-0.4162689153655811,-0.4408516602266115,-0.34995728383978236,-0.28781807782530466,-0.3357645590321865,-0.43583780701116503,-0.42801165499077204,-0.34156621869091625,-0.3564137249547109,-0.41172715319628067,-0.4718457019878199,-0.936570446049676,0.1862173535581994,0.10837786349682363
stat_18,-0.8052997584295016,-0.751220821528859,-0.6250536319076704,-0.49974647536850403,-0.3844042022768918,-0.2769941556374867,-0.3128724924743327,-0.33221439780978235,-0.34148215470091203,-0.3100431469930006,-0.15368242687109862,-0.14307683064389135,-0.03862850641788714,0.01526489597095686,0.022737375420953956,0.029035450521014562,-0.028671092781335873,-0.07414723592723951,-0.10879187322470775,-0.13060844843639105,-0.1495335037837397,-0.19554138607884916,-0.20229604469920237,-0.2037443475550443,-0.2054188934864877,-0.16280751669643734,-0.14613968746029135,-0.14227193493156876,-0.1579279939975553,-0.18441888842663495,-0.21752720281509427,-0.2293535349734255,-0.23412792026011497,-0.2438642306025796,-0.24143916852169456,-0.25619054318541523,-0.2119394181306445,-0.10159308968129359,-0.09447215447762457,,-0.09620745361802052,-0.1016139616106762,-0.06841179195867342,-0.04054079159196772,0.028227297872490086,-0.022915517384243213,-0.10474483097994472,-0.15321936455229992,-0.22763250610582964,-0.24305164204972893,-0.26139164261002285,-0.24195375988200363,-0.18001788008684272,-0.14489992020323278,-0.14586012074436477,-0.16484727290341827,-0.19375765679974594,-0.2530773280976998,-0.23017186525171038,-0.18153630661906925,-0.153035025500106,0.06466433012950307,0.26338760135950273,0.18820153408345947,0.08420577614587145,0.10862680673144998,0.07336329895512567,0.006249327109444201,-0.22470425787372772,-0.255470293810815,-0.16744394438026666,-0.0820682434410439,-0.04731040886138511,-0.23524768364188958,-0.5229654871166372,-0.7946023142313168,-1.011993385190975,-1.0362102935025845,-0.49018245922581904,-0.24446944351650762,-0.5409657619728899,-1.0332875104981767,0.08345953928122476,0.04117954238828901
stat_19,-0.5971932816819917,-0.6155697588016006,-0.5410107560775128,-0.47210693447742064,-0.4374458284184555,-0.45179254044895384,-0.4299394898286715,-0.4869532344803565,-0.4687329142505183,-0.5359282377056371,-0.585345165844877,-0.584187568874401,-0.5157088974510724,-0.39067313032580886,-0.28301479058089674,-0.2536761442162808,-0.22012228500328865,-0.2448215506567327,-0.25442995155964215,-0.2866380154441196,-0.27993543707276136,-0.2853904276626708,-0.28924460022115833,-0.28534187382567266,-0.26470912180851025,-0.22121341886189572,-0.2218779794652679,-0.2249058529214388,-0.24150103931188868,-0.23804287798780752,-0.25546805528419386,-0.3190052939866653,-0.284947443123069,-0.3032067420698348,-0.30243946291403606,-0.29056319414108217,-0.32081369280049493,-0.2606322630915357,-0.2470016386261742,0.03167019112969399,-0.10608370791978057,-0.08256859620334271,-0.03360162095317668,-0.010811530509841316,-0.013372777912452194,-0.1336770365013603,-0.25746843108129897,-0.2859564118284714,-0.28562955219971004,-0.2649094034569684,-0.2809815767624887,-0.2503439698086456,-0.2017209758839259,-0.17808970709824587,-0.19030095911238368,-0.2051609216099233,-0.17055870816085666,-0.22413280859926266,-0.19646794685860286,-0.18972314665959192,-0.22198601606678656,-0.06793701500955587,0.0940368287542037,-0.018919897311692892,-0.1253293038308187,-0.2550552834385019,-0.601711736351993,-0.7091644235204767,-0.5552023638297328,-0.4094463308116661,-0.35278823589614877,-0.37542457044659744,-0.3042933146137084,-0.34278433289854143,-0.47591945524495244,-0.6121176561850553,-0.7545954342576919,-0.6037827721047793,-0.4470416568208477,-0.48265216869682126,-0.6227988254081143,-1.1056160627784517,0.1390109765904743,-0.030521661440706716
stat_2,0.4010964030799317,0.38666338760969005,0.36690333761777477,0.389387627955639,0.37866383670809284,0.42787325699542433,0.5238994973866317,0.673374084237363,0.7321797467318087,0.6219809655499126,0.6063512102687464,0.6113130010764802,0.597507764832588,0.5924362453356625,0.513068506325205,0.5182520662716936,0.5967969289291172,0.6200300897605245,0.6301354604955288,0.6253436213649525,0.5965886121728561,0.5695370600960659,0.5362420060041181,0.5207610077852965,0.4727679909189755,0.3594642278304096,0.34046603097010114,0.3396534363342402,0.3471403330574293,0.40488660569939766,0.4108652737275727,0.48573415066544073,0.5398390080271274,0.5844134167278916,0.5803050664922674,0.5893927456083767,0.6016645277376196,0.6303498017577119,0.5825916827987844,0.04889312120409335,0.23932761319808543,0.4200785182620535,0.2580589030702833,0.45229917596383007,0.5360004054123397,0.5241765338161928,0.618215605833347,0.7103339310125004,0.7497107096558836,0.73663424480536,0.6425252798683055,0.4706707883626993,0.38799709999506476,0.4506412428115713,0.5114029924762103,0.5829171154576457,0.7032217620954291,0.6773682732378208,0.6667904820289473,0.6990982630554254,0.7527178772938926,0.8231615374912232,0.8276899099608815,0.6608997405844446,0.6055894339066038,0.6906808659973652,0.8168912587144662,0.7786063360983815,0.7860011322541157,0.9231529275438004,0.9204339743290607,0.6744052234032949,0.41345598687699653,0.39688706424014686,0.44007139542836055,0.41601400453128623,0.4947614041137235,0.4986345091859389,0.2933706453608745,0.42878307528243087,0.6736812726324248,0.8534062798950288,0.44142440095145863,0.3100979145923718
stat_20,-0.25648344839336956,-0.34866627505905784,-0.3697097376066178,-0.31920937769617364,-0.21989023912561614,-0.16180821482107863,-0.07840657500185193,0.047527745211458104,0.10569634590539202,0.15741883518884495,0.17083072854143802,0.17182092009046146,0.1084038467323579,0.0857726505692345,0.1189678941817073,0.1350159679621085,0.05959662721073206,0.007715907011743807,-0.010026096833351613,-0.05915921749788502,-0.12512784528756313,-0.1371496309389162,-0.15617775781155568,-0.15885255815322563,-0.15121692568014522,-0.11350217874229687,-0.08621217498861018,-0.08602025600882161,-0.07557468812180974,-0.10929408304211245,-0.12175244857182674,-0.1087657553247041,-0.09139677680918021,-0.11345418158938056,-0.1182685875436886,-0.12958220142553897,-0.15910486449600145,-0.11168703487208279,-0.15410697456424433,,-0.007632934879254687,-0.11605639693159836,-0.10232700493793329,-0.08853472852502314,-0.1501537615287362,-0.13314082398215357,-0.1578551786206975,-0.2125832440683911,-0.22132885238098263,-0.2131867657726938,-0.24789219628977036,-0.23782044020381005,-0.1475129819226792,-0.1393666840921443,-0.1768364428489891,-0.1843556146368297,-0.27013064472113096,-0.31122328041150227,-0.2641175853676354,-0.31669618432951024,-0.35614275517951,-0.13609786007731428,0.1782064960253845,0.15373737084498595,0.06074522957232243,0.07181328487532934,0.11304445231568094,0.1900198718638657,0.3137095268338125,0.3184887828913529,0.29038400427081373,0.0915858411754364,-0.18806402895277255,-0.3083756925951925,-0.4498982516774628,-0.5303352046572944,-0.5207305207821059,-0.2910304597170474,-0.19049568224365995,-0.006201938099866989,-0.3641870501736904,-0.4792197817263495,-0.08760522804475881,-0.27907285606249566
stat_21,-0.7562916919424868,-0.7750777178624035,-0.7998768958530427,-0.7924211015983277,-0.7778395067211317,-0.774994267557346,-0.7761473292835509,-0.7778987939019706,-0.7015798784803066,-0.68877181973781,-0.6980901753398189,-0.6976212557556994,-0.6645545336713337,-0.6015258323258015,-0.42499546212171024,-0.2938920590123272,-0.2972716629873287,-0.3345625379716198,-0.34730219291809317,-0.3889292647864553,-0.4141458553655952,-0.3927182712727957,-0.3131032915535875,-0.3000382294740445,-0.22359496492822603,-0.19218211281625344,-0.182353937257242,-0.18553468107074203,-0.23252297735838018,-0.28725688978887753,-0.3095348868809038,-0.33844480787833564,-0.35945418151102776,-0.3576205752574222,-0.3503297854861436,-0.32350926663316876,-0.2828215308823067,-0.2103198534289872,-0.13234438260576883,,0.013974341524752316,-0.09206386432008928,-0.10028084442754753,-0.020282141752486674,-0.000705049119231847,0.025897085985702593,-0.1534793931960595,-0.3021102236050614,-0.2697749638186812,-0.26450765175841084,-0.3139387502976164,-0.30038994770962124,-0.2232083650570207,-0.15599426005086783,-0.11019544236469818,-0.0813659577823538,-0.08234714931198717,-0.2084079013946461,-0.3722296581915928,-0.4968777634867555,-0.44418549503386456,-0.28111614401685936,-0.12860894689321342,-0.2575843624088489,-0.46129584298015924,-0.657019655486068,-0.811464159197972,-0.7265807599946581,-0.6032281126577873,-0.6030360868901856,-0.7093165664260872,-0.710474982730084,-0.687137294607473,-0.7558042444738671,-0.8425487388875469,-0.8609665146500374,-0.8176985461454541,-0.826284877779239,-0.7076916124293415,-0.7132387908264094,-0.8769408639411295,-1.5966711581884319,-0.01177033054561613,-0.08632323918715165
stat_22,-0.6054603992376473,-0.7732353807096012,-0.7561036233524161,-0.5751469572351049,-0.34540701237877675,-0.11040907780532082,0.06628230204832875,0.12214290735803945,0.18353195802297784,0.28181373407772903,0.3423784684709928,0.34393458140273564,0.3024835107644588,0.31049664698059154,0.2944487674545765,0.25805187421980014,0.17805729800860653,0.11643475026578474,0.10012423982879573,0.09497384685385729,0.05956727135282164,-0.015980304166495457,-0.02689322644403021,-0.029077968541460976,-0.038757396032243686,0.01944782875871511,0.012681718182625973,0.01467332424007194,-0.008046397085988189,-0.009537299610164803,-0.024159961031124333,-0.04462654646579061,-0.07473999261129345,-0.08472033513016008,-0.08173136415649661,-0.06828009532907685,-0.011025173380217619,-0.009843760912058536,0.03147950989973715,,,,,-0.05130372732548038,0.07651811326979277,-0.008679037130038847,-0.054654200516773124,-0.1512004994111972,-0.16559025258550505,-0.1859862125337781,-0.19933834603232878,-0.16021863221510796,-0.07925875800367417,-0.07889700775322747,-0.044660206888377824,-0.005483639915283094,-0.10712341515705161,-0.15972850639308725,-0.18030390607551458,-0.20304689353716004,-0.1635944010142329,0.045640505603083456,0.279661506041783,0.22917301829140457,0.20706898958279174,0.22001322616585112,0.26262798566443396,0.4272314277727303,0.4675487384949083,0.364255906590422,0.4261860132096348,0.4074142239882167,0.18114721576116435,-0.15604964576309147,-0.6661692452471258,-1.1044812633264276,-1.1640336297876235,-0.8387971569002702,-0.3153376364869388,-0.04175508412487728,-0.41140619942729456,-0.7741609079650902,0.06841401816727062,0.027699385184112888
stat_23,2.051693556389901,2.036555801773926,1.8904694127431965,1.6497607063856385,1.4147053106438674,1.2226892258783648,1.0085710233407068,0.8422415515318467,0.6891753993124007,0.6017189573185067,0.5983741875192355,0.5943555763258803,0.554227442827837,0.6098919695816133,0.6334383938717395,0.6517149099746917,0.7039391738250345,0.7184079273829899,0.6985293777683239,0.6168135639887431,0.5584035187161301,0.5240782974914434,0.5028017722151578,0.4989995535584337,0.4814510597751233,0.4543117634879168,0.42869604742018297,0.4266803142067258,0.40721858491968427,0.3783394427366252,0.3468048662204468,0.3163428755495482,0.28831940750350477,0.2727075810957488,0.27703217640355376,0.31607066075346124,0.17397592620029664,0.22736856053046195,0.2425333129117945,,-0.062365109573529996,-0.15985414110314994,-0.13276795857759022,-0.06516037036022375,-0.029112530703004364,-0.03522757017722203,-0.09879276147621105,-0.1270674798511453,-0.18973093360763799,-0.15270398125907977,-0.15314225081071106,-0.12824256132381448,-0.035536075036680374,0.08310056753191158,0.15261218313218605,0.10897572370737456,0.06979144036191332,0.05880940214876456,0.052494260457099526,0.0771988453418089,0.18507374492909193,0.2564857294495775,0.21319836474593387,0.03215393467002894,-0.10417887280752591,-0.19376680919255457,-0.2240621289796847,-0.10363644884552818,-0.009899959446690967,0.06259040822655525,0.315214702790484,0.5587732457540383,0.7732561475487398,1.0845352767481382,1.5709188666607554,2.058582361353868,2.2529519309515655,2.306371834575207,1.6566651323293862,1.3861480727571698,1.828969990405872,3.6019599501682253,0.007996375304569458,-0.04108146168104608
stat_24,-0.22818010381407983,-0.31687169400280424,-0.3725219863828251,-0.38713754612967655,-0.3239775120046106,-0.2781033569304276,-0.3565829171924818,-0.3648576863711467,-0.3732691686144297,-0.39163997951633817,-0.36802887969931447,-0.36690734456648394,-0.323907177677811,-0.2012888528303587,-0.07155312470365228,-0.07321421564334185,-0.0971655173391739,-0.10338161833775165,-0.10899637792125368,-0.1440999009980633,-0.06344602832858824,-0.12187055376029375,-0.12137192943487804,-0.11765190681867045,-0.13666713196234892,-0.1687825711066748,-0.17141842781829,-0.17294964781985953,-0.16471055825246805,-0.14958296832667467,-0.1780615716862752,-0.1907438150523163,-0.15712135637137625,-0.1343065335699146,-0.13189762412453357,-0.09142814175459596,-0.03286747810171649,0.05349528340792521,0.07574520295822539,,,0.24286424686585925,0.30953547206582477,0.26234030269169206,0.20077404141041214,0.10893443306514175,-0.00748952256087609,0.0019337319697403591,-0.04723471695030764,-0.1564907373270507,-0.22601525276125922,-0.21983516122334656,-0.1486033027279615,-0.1044212169306994,-0.17420028772299276,-0.22973437290432505,-0.122127027614623,-0.0502016606681869,-0.11618419600890686,-0.12066283124548534,-0.12319550540850825,0.05455305724274527,0.09771159112642043,-0.012552645078879293,-0.07604171679196155,-0.3272717452537053,-0.5445041619882504,-0.541047740171022,-0.5031617836387028,-0.5966557999244053,-0.5660089687078865,-0.4027103299392586,-0.2932019301194094,-0.4557328407901071,-0.6074314679581082,-0.5760787841200248,-0.5878293055325285,-0.5181730694777793,-0.3188270585389802,-0.3579173299883912,-0.7658741683588336,-1.071553573510075,-0.4397973461225336,-0.35389423534623055
stat_25,-0.5342571917251286,-0.7177154125788971,-0.8207345366614285,-0.7763603698234883,-0.5863120800296532,-0.3846166318308098,-0.2039188303863319,-0.0037358206614462545,0.1488639214454489,0.3017724066536794,0.35047818273270204,0.3537817099172934,0.37154453174271784,0.3160931536514396,0.3021196224495857,0.2550870543078949,0.1879029515874418,0.14673540672926177,0.1267770176710457,0.1119134168773791,0.09733569132902004,0.01306069295640176,0.00854048545873885,0.005408920432955624,-0.02029609446522007,-0.06654498203901463,-0.06723758674687444,-0.06826645637734027,-0.05036889675897486,-0.07589462406125283,-0.10088935479727038,-0.09662658028469293,-0.1126888633923581,-0.06411520017048315,-0.06275263686516161,-0.07645871844520102,-0.028933245019119324,-0.014198381494189451,0.0064287077701454965,-0.014940593552740297,0.05397611823877779,0.023944251930100413,-0.00764091272394122,0.0067119879580057025,0.047949253671893836,0.056966305941459204,0.0030369987727832917,-0.03514202648669349,-0.14309776772007707,-0.22241115911307088,-0.25720941575566314,-0.24065824230593422,-0.13807093613740215,-0.1200591040540968,-0.15041227738166493,-0.19906112566520356,-0.1795960327829863,-0.1748715544247531,-0.10456180002330524,0.057942150182113794,0.049339045686973525,0.1121215913180172,0.28919677094831886,0.3830792898017272,0.47103884214533537,0.5431294823290699,0.6186290047853577,0.6291395690876275,0.5894917286963673,0.4428520348845116,0.24656736446459165,-0.049498752728326316,-0.40102177115665094,-0.8151017675646726,-1.102820400288687,-1.128260726278735,-0.9359603574042372,-0.46660905046725193,-0.2916447200773194,-0.04089042657675785,-0.4721121361028091,-0.7759519235817991,-0.09848303150604276,-0.16472117991883548
stat_26,0.2562748242919278,0.2160493783955808,0.19330043363902308,0.12914091547429785,0.027089641676201936,-0.021147895971603322,-0.08629356388359449,-0.1352689428997853,-0.15989538955862428,-0.0929060519905278,-0.06695651296022107,-0.06378362918866948,-0.043746999691424385,0.024842162470287078,0.11129505534454116,0.06859376325661172,0.08529204655525499,0.10414269567331655,0.12025551206532917,0.18523096706333397,0.17022108308379455,0.10705289843375404,0.07039467249100341,0.06886251966557577,0.0226375784352386,-0.08920710376959781,-0.10901949856655506,-0.11169203783405182,-0.0822634620427743,-0.11093835691015236,-0.17553528021100936,-0.16965055404670473,-0.1314339579029108,-0.12872197989760892,-0.1265208272725212,-0.09011920591072647,-0.08285887804378661,-0.00878694885360917,,,,,,,,-0.050459780668244796,-0.07973630625891251,-0.038077294271802495,-0.08809095284053448,-0.08579059210647112,-0.09238665212328975,-0.20575652985788034,-0.1307104676037354,0.008806864848365162,-0.1106423728691059,-0.13344536969014564,0.08977995100509494,0.18537648028462939,0.11963483219778648,0.21388488404127157,0.27881848749777066,0.31390129019325214,0.24001354896077107,0.14761897974073376,0.17294326135346932,0.06165354644203885,-0.06823234947386794,-0.17148095532068536,-0.29544086325554075,-0.32510789755405234,-0.2069573134099889,-0.15106226143310972,-0.22013774575226572,-0.13127230904303328,0.07233432999066161,0.12315587405023871,0.1589419005511525,0.20826472073580996,0.09411997254640779,-0.10309935542648858,-0.15290902037605725,-0.06942309949150466,-0.4187442773330317,-0.2737183529394618
stat_27,0.25541502103017205,0.24128807711022685,0.17430968383609302,0.11586228103530018,0.09163597769742539,0.02950906332568534,-0.04854543629720774,-0.12399352180999876,-0.11573823925194308,-0.11246232832167594,-0.11083056989972102,-0.10781943302608207,-0.07589164702772096,0.025535479086989884,0.12646995141696613,0.10612961477533746,0.12446583489943518,0.19962374657911097,0.2244156091043288,0.2020827634360173,0.1779339978062931,0.14642767838714815,0.09425208677819258,0.06724817732539162,-0.01921594029395987,-0.05959382292938895,-0.06573000271820476,-0.06476863539849473,-0.0675024798692922,-0.08891717487929074,-0.12104701832153532,-0.10643156741190156,-0.06411407665602024,-0.01749224776457309,0.020663801876685293,0.0002799300915057366,-0.005198029962566993,-0.00981256439216169,-0.028637373897280417,,-0.010524084557727012,-0.022524031470031805,0.011262328871014611,-0.04510185364847358,0.012108261961626721,0.04095298075163127,0.01916312383375474,0.010276658203460843,-0.011522166291583555,-0.10823321808553414,-0.14452225647750574,-0.16579809637574536,-0.1333881398907555,-0.09173584693580067,-0.10684912764331095,-0.1519830159181668,-0.012750440432178524,0.11175020594490749,0.13752760375356035,0.16355722471156212,0.2761407627472953,0.3511157959642205,0.20708964718601436,0.08237428888344658,0.11958187885898625,-0.006109094213739576,-0.1854377478867853,-0.25665068030216903,-0.21725567760401976,-0.23421043951137277,-0.2089720678854054,-0.1798451412679297,-0.10728460045986205,-0.05489570367300631,0.019255312403805507,0.08111334145333743,0.05203273108663699,0.021036577653050514,0.3004414111858097,0.08323357464840782,-0.11032284588109821,0.1545232500327435,-0.5244558927186003,-0.39757350441800315
stat_28,-0.44536973522089773,-0.36603575160301577,-0.37770473512056113,-0.35932072752162275,-0.3985395125935871,-0.4067701214607414,-0.39620966788490974,-0.3333456673861995,-0.3063390276282665,-0.3064065155121365,-0.3350648055353508,-0.33501056195856915,-0.3562383940549905,-0.3350953535598982,-0.2524371597428697,-0.24812790944519644,-0.28748770478157804,-0.3180009613593596,-0.31107679002856514,-0.29660970474326936,-0.2896485627655327,-0.2960294879202024,-0.3274512225309233,-0.33242670414707254,-0.3538385278302997,-0.34690956367164344,-0.3693046327896486,-0.36634578393365463,-0.3546740888107337,-0.3909439107695384,-0.3679650171789364,-0.35957724107875866,-0.35994420902291235,-0.3483676029261848,-0.344003639912558,-0.3350744218324114,-0.30842882091083373,-0.2723689939392022,-0.238799801072729,0.01568374855697355,-0.027857922890275246,-0.10774190234862595,-0.07447991656499854,-0.02301591366075482,-0.06254647999628915,-0.15992780716217117,-0.2369736810125625,-0.2777917198914331,-0.3765235762618265,-0.40859537111933786,-0.4136356276725808,-0.428961636972415,-0.37652285577756434,-0.32721291954749787,-0.3781399512832396,-0.43086490554813955,-0.3825895710610409,-0.3357573428956188,-0.21292294172509466,-0.1508413031471401,-0.2422257073918829,-0.33871125550731057,-0.2477767035403629,-0.07522329743365103,-0.025039804784018748,-0.17406793281323912,-0.3834505961372326,-0.45535364367541853,-0.2867546503398981,-0.19484526859229528,-0.27657614625112686,-0.3948309820111058,-0.433633509503958,-0.3019327722192543,-0.31404829505477466,-0.42494120912216377,-0.42579713304930195,-0.419511044676699,-0.5401823750708666,-0.5154019949104545,-0.6014768145725296,-0.9963860852660744,0.18236117756456163,-0.15251493773643687
stat_29,-0.3052093108216308,-0.34278308271967706,-0.35731966224437345,-0.3750816689536328,-0.27847236085863414,-0.20215026859946603,-0.031152396638599745,0.21706985196822856,0.37232894807139955,0.4437017519881205,0.499289845701951,0.4996039743602418,0.5122227809496781,0.4641284306514764,0.4066572800376873,0.35906885351011636,0.3068032932932459,0.31711257458106,0.23819103202483938,0.20451446058467182,0.18572934625987164,0.13261619067256514,0.10496102203870981,0.10050068747163483,0.027005855021307985,0.002334198717808705,-0.002833826231550091,-0.005764824705514038,-0.014211132049619003,-0.018438870793139734,-0.058664373414696304,-0.09970661720635764,-0.10467165941434214,-0.09239283933483333,-0.09170028514639383,-0.07781185547416272,-0.03370533336636082,0.0021284799569877655,0.013864903059007894,,-0.015395080762861318,0.011332615723101574,0.029807549970687217,-0.007760596442291743,-0.00592767938750006,0.023699077155538664,-0.002194017229397658,-0.09056734387920228,-0.18353167982029056,-0.23029128344602495,-0.26521966213916165,-0.19155571660236476,-0.16610037112162815,-0.13668751610913016,-0.154095780664957,-0.18524562251258028,-0.1466236238287021,-0.15634878672941496,-0.06973486669207235,0.07795132828240228,0.09569734677292827,0.12628353769680167,0.34770357015066866,0.4738097613295043,0.5747740884264968,0.662284974226721,0.7422884360470532,0.6829394700637087,0.6243332435243848,0.559215526035795,0.39867822430086036,0.014862773889775405,-0.29755470336748313,-0.4857507249802996,-0.6334398233153002,-0.6035844746399373,-0.564241322879076,-0.5532461770113448,-0.08453638737791588,0.13713017442170483,-0.315828066699172,-0.40698415007285155,-0.24489950179604775,-0.21800033345820385
stat_3,1.5261591014525597,1.5778297059559214,1.5743814271498338,1.5684856454613052,1.5222497116026363,1.533877490523803,1.478766233261465,1.4648344075767616,1.6074697095486183,1.646479870504324,1.602374226187825,1.6027761856668672,1.5254967313958068,1.41701030929153,1.3908808513424273,1.4267052052169167,1.4728550308977832,1.5226593868792566,1.5237567289838847,1.4835833897862079,1.3913167589575626,1.3212602804098743,1.2797047182020909,1.2832885159470644,1.3611863823564503,1.4298535273330235,1.4799759609381091,1.4848260337951884,1.5135208062682022,1.5449180395196025,1.6152684119294722,1.6373552405936136,1.5273227494431905,1.5085616455855166,1.5183510057764176,1.5067721418914741,1.3828025426304569,1.319773279636637,1.2329153507419042,0.3504070709118468,0.31608491814591144,0.8068737415339634,0.8524925196581905,0.8281866817933826,1.0609110595948101,1.1994972111425664,1.3520506437351303,1.4232127183550949,1.4535997493993098,1.5707344628546795,1.8089686747818257,1.7845220756362759,1.4782192073606033,1.4209987639436021,1.5772478290376302,1.5531712780928946,1.364182909066569,1.2034810759819534,1.1647694837312028,1.2749204964912686,1.4787614310774193,1.593871765780166,1.5907849825384992,1.525488089452345,1.4462903941456686,1.4395414702094425,1.5519493055303675,1.699872885208893,1.7136572163829678,1.64201766727319,1.5386178164027655,1.5135810139741672,1.6328234150538612,1.7584737800264338,1.7450505876737847,1.7059083038942429,1.6604875653640971,1.6381737984969624,1.4404953790479573,1.5143933102459106,1.472659025985457,3.0730523089673882,-0.1427385210339486,-0.4158578538957238
stat_30,0.31063046911969594,0.25205785848980944,0.22391847431907205,0.11209357333246833,-0.013707170250999245,-0.1253497144370153,-0.18001589186177203,-0.17402438281193264,-0.13790275431658444,-0.1013268510527431,-0.08364503322520415,-0.08121882416725902,-0.0399927368408284,0.05807566339974184,0.18585956298888662,0.20906469801380612,0.24345052822921653,0.2553462519135168,0.2609224773481629,0.2402758316975055,0.20128384957441983,0.15307085420779795,0.13329776567644436,0.12930344444348213,0.07326431941987538,0.0021441301258185927,-0.027595761515172183,-0.028310449534021058,-0.02268809655786336,-0.059009326831518785,-0.11581585428916512,-0.1368483933511937,-0.12399699462500348,-0.09948735793401588,-0.09675163237928411,-0.08552817181431982,-0.0856301452844764,-0.08262094258908664,-0.07087409234760252,-0.05025184075861985,-0.05699704172002164,-0.15428653359428113,-0.1500412169012509,-0.061104234720080475,-0.046132570040953606,-0.14204477306368013,-0.1506105624469357,-0.08952465333665738,-0.10474131871160526,-0.20220515413806367,-0.23066288775744012,-0.1941079969749192,-0.15457033476326637,-0.09441932467342658,-0.09934878311135784,-0.09880812450507044,0.05451525923543573,0.16190261339874046,0.17339786926462372,0.22677070652361092,0.3382829557318166,0.4329882991489335,0.40442175014034143,0.26339280634718026,0.21978772705995162,0.057213630987245905,-0.13492886714252444,-0.2654673838423077,-0.30159290362158375,-0.29157940352339873,-0.23046830628668855,-0.30698514952361233,-0.393101748811607,-0.2246512946025275,0.04490230235442544,0.17223371412270186,0.28043277533974187,0.2950498386238441,0.14705093685424067,0.01314391963621831,-0.2096063311021289,-0.02134884759547274,-0.5191940062458504,-0.4211310198591825
stat_31,-0.10603872899204649,0.0038197390672429312,0.1350994221527125,0.14690611169071802,0.14222118455621932,0.21925970484167426,0.22434165744092363,0.1939119603303053,0.1642125596693984,0.06960194599299459,-0.02510311639781372,-0.02972350133192499,-0.09558081789565036,-0.03579447758795025,0.03687111283299647,0.0725690871995376,0.052192604169192525,0.03643364041137497,0.024821749119324363,-0.0002240982364621843,-0.10893301902753622,-0.15141835881732515,-0.12341744930324515,-0.11702484036335147,-0.1364055848557755,-0.14147360278410157,-0.1380065695735776,-0.13704697440752192,-0.09916015217790394,-0.08172598368445974,-0.1279967762091686,-0.16915432141854736,-0.15157160271084485,-0.08716892406545748,-0.08208742747310804,0.01784543156060684,0.09311092185993484,0.1204381928982345,0.14250269048502687,,,-0.16173188648199038,-0.07384996156137331,-0.027758376103202732,0.05317437686428762,0.035498039142204396,0.10072383761355731,0.012709129245007975,-0.19283848176899498,-0.2919001992884487,-0.3483114803536746,-0.38223748727284984,-0.2637322810310945,-0.24856799672296442,-0.2618360513597499,-0.29162856779918794,-0.22295764701346252,-0.23107742263788003,-0.2852999359618125,-0.36463822171703686,-0.3656841620267276,-0.2338769932197496,-0.07586575346819602,-0.1530178727989504,-0.23279983774949298,-0.2670787390733197,-0.3788666064796819,-0.29028916743767275,-0.03295410561230621,0.2137329969814471,0.3302535774174648,0.33212527569267647,0.24609479069710186,0.03608334763693028,0.03311258673790312,0.05331975778519296,-0.12140814640120268,-0.36928969680201645,0.1175940489896632,0.24164083115752324,-0.06563912931934192,0.018942159406691556,-0.1973582745469294,-0.09542391331082042
stat_32,-0.05959771888899986,-0.17407245247751438,-0.2357720562491161,-0.2645984339906756,-0.19879413432620477,-0.10833966915993985,-0.1404684687054415,-0.21094324284632823,-0.2903846491778405,-0.3353249567468936,-0.3612408321742557,-0.35671341150740626,-0.32811591292593867,-0.259426678887758,-0.24727424293744488,-0.1845828954198884,-0.06679966721876658,-0.04905735577648285,-0.047069121238412656,-0.11247956518210439,-0.15470940074651737,-0.18302161429657263,-0.18654561420377383,-0.1869378070588427,-0.17868898432095442,-0.16343809749719923,-0.12104358671563135,-0.12239062589225437,-0.15639264228489258,-0.23260946396419704,-0.27132283850805766,-0.33478584717287047,-0.32926542142551374,,,,,,,,,,,,,,,,,-0.49216095007685395,-0.37605616516249724,-0.2646071015006404,-0.24676314847286854,-0.17116001629459573,-0.10669555356714651,-0.12473532758929,-0.07184918054761824,-0.13127402959996917,-0.23335481204656774,-0.25010929495100315,-0.12092892176922163,0.03466133842454275,-0.03271959990743232,-0.19173394286583617,-0.3594836992497686,-0.4085782365126147,-0.4197665159475764,-0.414352053207094,-0.4646954353574883,-0.4142682631961114,-0.2488832014283544,-0.0681474061893727,-0.07840755442068194,-0.19264598430669838,-0.2722567689672584,-0.2861241390463641,-0.20256850951416192,-0.11041806526737002,-0.06339892711629631,-0.10833718023405071,-0.23809211511586015,-0.3243875159235889,-0.007587624187214837,-0.08134299253290207
stat_33,-0.1471460233689823,-0.24021435428892954,-0.3463180410571497,-0.38762700279031453,-0.3683259312116647,-0.34519272115223837,-0.37169716555876864,-0.4225424038797569,-0.46131885170597814,-0.4888277412268021,-0.48561498509972906,-0.4846035801732871,-0.45396651946608163,-0.372081248877071,-0.3239926499410992,-0.26080465633764,-0.15828951363164886,-0.16612536966340133,-0.17123144807051818,-0.14923356303255836,-0.1675404463613671,-0.11018349237251979,-0.05802148539710188,-0.05576032459960518,-0.0940614485448892,-0.06261622048893507,-0.03630757984638184,-0.036432066241985514,-0.06017057005172774,-0.09294683409021881,-0.16743833212774592,-0.2113222793572177,-0.24430480064625162,-0.2615499324813472,-0.26115774032296296,-0.2374843387640625,-0.23166971005532697,-0.1592908304508334,-0.10263917815785566,,-0.049771080011466864,-0.08956958026934267,-0.11046558137163705,0.0007507236983392298,0.01065382882000356,0.009537836808263825,-0.15081185074219233,-0.17182433567733751,-0.2281817770577838,-0.24132363155198466,-0.2701328192982299,-0.2072864585985094,-0.0769702514449549,-0.03663807544866328,-0.008562212990389523,0.04300291222344715,0.068393802007964,0.02516883157854996,-0.08212183864880368,-0.2155930909148794,-0.17914301000269592,-0.08849634457233985,-0.06300469323337443,-0.20669130520087614,-0.25771651337839013,-0.4048087623628792,-0.5489305090130919,-0.4107694617136387,-0.33729480246969507,-0.44436589388385483,-0.485132241178452,-0.3847767549293923,-0.3419418696586142,-0.37284894625140885,-0.49940631664832075,-0.44074928315559586,-0.26748862669356877,-0.16683360293408345,-0.04150634781092673,-0.2244895822994706,-0.3387625893214637,-0.5642517427871858,-0.17010052575510137,0.008869429614825931
stat_34,0.07078842448111189,0.024499518065151656,0.018605898743587587,0.06527660109551517,0.044855567576847104,-0.027937539001332654,0.019261706568130813,0.02305451760457919,-0.06008310152053995,-0.07305270742591344,-0.14740102021066392,-0.14586713525714354,-0.15590218632477348,-0.1367817812273485,-0.1802501338129982,-0.2303361584612075,-0.28415080813099963,-0.26535770058825786,-0.2334511157744077,-0.18535785903362562,-0.18352235964949695,-0.14124535386141296,-0.08541923168127631,-0.0860952368716478,-0.06842662777569812,-0.06389573546784633,0.04629635733308397,0.048982368237585255,0.05415190601920943,0.05606479619784949,-0.07613277262774559,,,,,,,,,,,,,,,,,,,,,-0.03335064332208558,0.14799083735892665,0.1655266535203687,0.17165467811457155,0.08447212584792593,0.04358788204502095,0.017600061911815422,-0.0901561886300432,-0.21995470550556243,-0.1554151296635431,-0.245400839708896,-0.46419340566746337,-0.383069445567335,-0.2739465369914388,-0.2282230981613529,-0.28557912011441133,-0.15799996809684716,-0.09993749283247162,-0.14461061772803133,-0.04233986780334592,-0.016954452910047556,-0.05774453823260067,0.039765106520990724,-0.016439624291953014,-0.1221170354956165,-0.014005200066988271,0.016177256390558843,0.011283592392544355,0.022346428608553074,-0.1348932278363077,-0.13275329249239695,-0.11093873680500312,-0.12155146130261
stat_35,0.759375419603704,0.5227989245946345,0.31469396076150163,0.1862884541552236,0.0707985273634463,-0.021445887806774065,-0.0128778901811876,0.03617933968752746,0.06158450262134053,-0.010156720419782266,-0.026028320476163186,-0.03095806464125603,-0.09566937662849392,-0.11572008381813531,-0.1300399258974947,-0.046061228219153184,-0.05925069412136759,-0.01934186930558195,-0.008298293141258708,0.0374591667990678,0.057846884030268865,0.12401196672137028,0.1794941382454107,0.1872061173799125,0.2017030308164372,0.30927187036492304,0.42077568969985374,0.41872774599093393,0.36376966473211125,0.3521193834523772,0.42165500627651364,0.48855733835553056,0.48348706245030376,0.45002357695546136,0.45507152795761663,0.45927380995134626,0.5306896154639732,,,,,,,,,,0.44397076872534735,0.4045815180891873,0.4003611592936137,0.44569785538560586,0.44545186749833504,0.44992855289080663,0.3622562702045453,0.30799217799657574,0.3718838667925025,0.2937187027733551,0.2841834931121089,0.3123743222343175,0.22008153924953003,0.018016454325692793,-0.13631467923122273,-0.05344308182820618,0.053981947897912864,-0.06912709758560691,-0.2055963023685441,-0.25146169906319865,-0.15055713102430585,0.06198224703509539,0.13104822068322103,0.04685350605786058,-0.051081400968587,-0.03878729449974338,-0.1907914778201127,-0.2378166820601423,-0.10075133233618615,0.10444902225908977,0.38049984099834944,0.6641303224605132,0.6690561989135947,0.280994547042759,0.6044664665186561,1.1457700460548423,-0.06183382494791677,0.08580281859958942
stat_36,0.0129618517252698,0.12071086748432604,0.16060043267027482,0.21496046396820032,0.22324488268694298,0.18231676893530704,0.1399623931717453,0.09590915002911958,0.11369709432276165,0.17189593910030818,0.19726598101149098,0.1946233103092834,0.11919157491654161,0.00717952734780934,-0.07197961670349479,-0.11206442473165622,-0.16906661787791782,-0.1711195715523338,-0.16404771329998422,-0.12570013432576457,-0.03083813765855887,-0.006119771572687074,-0.004674883068856014,-0.004702954419046171,0.010347554917046869,0.023081278870701605,0.05922856761011092,0.05591536810683104,0.03714105258919707,0.015435893487686517,0.057329261443503546,0.021317531470365088,-0.010522152359991955,-0.03431108994064285,-0.030598109950024464,-0.039977296284688456,-0.03025148965206434,0.03169238606018516,0.03477243112739725,,,-0.17986874859752175,-0.11997154306252439,-0.046344649754134146,-0.044731105898525095,-0.015393892818228842,-0.052058160716464255,-0.046909156630434753,-0.03046698371629297,-0.08430085407881305,-0.06830939634395036,0.07219658526810734,0.16666864449052488,0.1719124780174585,0.2246041755306249,0.15309645416860168,0.129556320641752,0.07114118779110894,-0.008538514465292425,-0.22917733594588124,-0.32092625964359905,-0.31290849386241226,-0.3939680316056284,-0.43038340362116456,-0.5241137122905486,-0.3872995879451031,0.05997812440620842,0.14530424041750792,0.04039631154739091,0.017120291592200257,-0.0012903008825490556,0.13625504459035456,0.24135067494552312,0.17252550123771968,0.2303172997783262,0.1770048522658686,-0.009454574088156122,-0.20645322047720063,0.15701049203329598,0.18341954050978423,-0.09483635712637184,-0.028626236502740522,-0.1907905710612243,-0.14467007840866933
stat_37,-1.1553418760457623,-1.2754504216876184,-1.3697814899781036,-1.5243922579665168,-1.68039395232198,-1.615512971067936,-1.3617080745181651,-1.136438715765709,-0.9644818868271992,-0.8186062045137849,-0.7079173500887902,-0.7018772233064876,-0.6206932044372447,-0.6121198228045011,-0.6145426413232918,-0.6318398098113005,-0.6244989350437415,-0.6079173450110807,-0.581521757296651,-0.5166111502677366,-0.46111968811670107,-0.404034334404343,-0.4008284329119838,-0.3995381500213272,-0.36040984164586337,-0.32635812103327727,-0.29437063081044507,-0.2913020482220817,-0.27498704756746406,-0.2852322773456367,-0.2737606654028719,-0.31022199150693325,-0.34112997228984593,-0.37479886061973466,-0.38341518785880657,-0.4078059698399105,-0.3983676924884195,-0.3582165189852642,-0.301680280347226,-0.040707764414728245,-0.01122626203968577,-0.13575046474700034,-0.1411164956952337,-0.0707441213383708,-0.15701430770542885,-0.16663894086067527,-0.2379423710333991,-0.2618548408944948,-0.23709132019519574,-0.2179774567621999,-0.15368247491643933,-0.09138983305591107,0.0034421132312694776,0.05402184192239392,0.059035747853468115,0.040714970630293994,-0.011474303617142176,0.04691399693352372,-0.0395157795528989,-0.2046525914972047,-0.15799460657169406,-0.31450592496753693,-0.5111547967322487,-0.4615340421104733,-0.45014219444344156,-0.35863874218311514,-0.26319027716650123,-0.25825536617324857,-0.4339460461785541,-0.6474208845452377,-0.9802374017091693,-1.457251119383578,-1.9376717485468817,-2.1076473461958347,-1.7422463584383447,-1.3396771547789892,-1.2465428639873406,-1.1548502005061243,-1.1660645584250795,-0.873736994052689,-1.5331569442909434,-2.850244658905401,-0.24805668834041222,-0.05859864048193784
stat_38,0.10034959886061097,0.14028861975126414,0.1423752347358563,0.10034718494123708,0.014225505415077328,-0.03160810514454932,-0.05985784824249205,-0.13971937959502279,-0.1961352380105326,-0.1866827767871377,-0.14552380073049798,-0.14561489501272568,-0.2109994866713121,-0.2899219413889661,-0.35469365844647494,-0.4095071481990168,-0.3965601981345602,-0.3472434154758785,-0.3261314323955071,-0.22866781623925875,-0.14761194701076236,-0.17598782517542635,-0.17405233175527524,-0.16410206903251345,-0.07175623847722726,0.0036432865403971757,0.022006434217864464,0.023023318167529474,-0.005739710960823384,-0.029290239969037107,-0.06383351013777193,-0.1261427673313793,-0.18311313518194658,-0.16219840225618534,-0.1604308745038775,-0.1230452320390242,-0.10681310861524483,-0.13178408922244875,-0.10664181731310463,,,,-0.12173238528358707,-0.13140239506124143,-0.07989999039108851,-0.08983602511189656,-0.11842498978538506,-0.051614494961588694,-0.04332951429488734,-0.17306082195062808,-0.188145617673621,-0.08002356006430078,0.0636694503182776,0.1297338324975999,0.176036788053608,0.19486713042134166,0.0681009391284309,0.05788648869855788,-0.032288901229530945,-0.20248335118644978,-0.2519306019657525,-0.5120651489183926,-0.6489575472630631,-0.6346286929505147,-0.5524953516040837,-0.44682051937354333,-0.16870028504005286,0.011991140889190094,-0.11443973147982174,-0.28205851173727775,-0.23947699195019748,-0.11287058015373998,-0.04776856787947877,-0.0688909272167806,0.02924368207635837,0.09830913886338948,0.1369565032340112,0.06437564933523321,0.08356784935617595,-0.08959539924761323,-0.1463897890823342,-0.13866831935767135,-0.2005865484919316,-0.13283780127522446
stat_39,-0.19831496730104753,-0.21629287473447392,-0.2172597719034936,-0.2606671188387451,-0.2478637217669671,-0.19397084676568108,-0.220631403663724,-0.24146674994155287,-0.28773173482995573,-0.33049859906402007,-0.3541702579885227,-0.35225922532636617,-0.3428043628546854,-0.3348342426849799,-0.23289099126382531,-0.16158996042824825,-0.10423238144307488,-0.1022467077551952,-0.09373657337946076,-0.10725841912966073,-0.16403828437852858,-0.16338596709640987,-0.14559874418601426,-0.1371139914618794,-0.13772480302227114,-0.157295355103168,-0.16302940733435636,-0.16569978636187183,-0.1858949224793854,-0.20673087580504892,-0.23187676464280177,-0.2286883424104675,-0.2509327887118567,-0.27730961587484476,-0.27015285794915195,-0.2657326538141952,-0.27532390803691875,-0.2448286282825681,-0.21172391588885905,-0.023156081889143757,-0.0696058659063315,-0.14850618592609205,-0.09854244114643432,-0.0879081413189577,-0.07388378768478339,-0.12371094462794757,-0.19387797440875815,-0.18823332254494907,-0.1989658643967192,-0.16153794468302662,-0.20062279321274465,-0.1936988548292309,-0.148215507099182,-0.10633849628704871,-0.07589327133088394,-0.01308671444692938,0.0448500461022975,0.009027443488445207,-0.046410257695985876,-0.07737691576626506,0.05253292874738246,0.21251692592658433,0.22089635239218303,-0.024959688346177403,-0.19144648677637974,-0.34515011122020567,-0.455536222848299,-0.2980708969470853,-0.18086279773663483,-0.14735980168175086,-0.12149078489400669,-0.10813811213235533,-0.11335308897237287,-0.27899942380225734,-0.37691421611483705,-0.38319372737300605,-0.26197334249757426,-0.16954401908817407,-0.2182359342274341,-0.2580161828692311,-0.22242556420372295,-0.6535616231164322,0.04425125320627101,0.3065180530901582
stat_4,2.2475836761329786,2.231932806123974,2.2502444751200352,2.240755553073712,2.1863785725408658,1.9937679885675317,1.844123427825597,1.7920665008043117,1.733905188897364,1.7214829409946293,1.7202167273747653,1.7289885451318174,1.8340515376405593,1.814825359942397,1.6941591667174984,1.6626719193392765,1.702263177990667,1.8039984884173828,1.8413694138900971,1.8801913787530897,1.8295282126081982,1.722735040353345,1.5011401087122889,1.4960215467375535,1.624651642216463,1.7148614268286329,1.6679010641594798,1.6653829430281049,1.6006381687304483,1.6118391974675226,1.555665647274443,1.5553187422242818,1.5594731534754498,1.576135616043331,1.572933183712886,1.5046731536322486,1.4130840102557851,1.2011896294015496,1.0694921152048973,,,0.6631700123922359,0.7310631735480447,0.7641546610042843,0.7882905358660756,0.9440647114215022,1.2224188713291586,1.3706891621622979,1.5734821087378086,1.691716420648093,1.6985211158110294,1.628169382056033,1.5848356117083553,1.565002758206033,1.679856298892801,1.788723413533096,1.5773981766586649,1.3395010845939024,1.5684748093161922,1.811552810472376,1.915080890973232,1.8291884748636222,1.6407473991952637,1.6149693956651012,1.8294808846359922,2.0874660432976837,2.0649655723295077,1.8394960508358742,1.7583549110390684,1.7983617505509093,1.9173005262301752,2.0253429439900534,2.148209676993154,2.3927504107771886,2.5060235168490665,2.4468777945022695,2.4251409816976155,2.5044433213461614,2.002006273179452,1.690876194438362,1.8262432498380654,3.9831010264003788,-0.550584389004649,-0.6000604942455946
stat_40,0.3208763804607112,0.2924489019630801,0.21402326790333645,0.06501331893262419,-0.01954013326943397,0.021595164231720664,-0.008555697721335584,-0.06550399581204513,-0.0562424870494228,-0.017391845574330725,-0.009830230591526847,-0.012742190216636638,-0.030839731464311702,-0.020737964452049208,-0.016140384812743276,0.000815634329865567,0.023458096420421206,0.010606388976928217,0.017138963906732273,0.009304851364522183,0.016054448167254234,0.07838909337534711,0.11419217041447788,0.11581424091836053,0.10044460949367127,0.01333696133520193,-0.05070216347290159,-0.054625292681728575,-0.09424414796262087,-0.1239890397426468,-0.15789336973518572,-0.16255192109172814,-0.1282262827580412,-0.14789837020694835,-0.15103973328297657,-0.18625315685545618,-0.20059144691733774,-0.18434668658013678,-0.13928709242130313,-0.10620360159228373,-0.1295114299213112,-0.16029145897950783,-0.1349412069825647,-0.14400583913582432,-0.3056142239695414,-0.3412747290319347,-0.3814705330876768,-0.4304907276486232,-0.3903077850075824,-0.24529419845885644,-0.15687569210683186,-0.1371871206555686,-0.19488405582983473,-0.2684596088721161,-0.231194547167111,-0.038936676438118455,0.11788873124408843,0.21648583322136655,0.249536177251997,0.17701371746000866,0.07144963877821583,0.03531248013320335,0.020128994064692707,-0.023053429375401283,-0.012275408817680352,0.07749053457130124,0.06110291197159366,-0.0004942563389401383,-0.07846304360640455,-0.10125387693903062,-0.11340061928662712,-0.12211002877703028,-0.04612196949036144,-0.09137724829166295,-0.00788174060110642,0.2354726148551123,0.36906570688036505,0.44288465975247193,0.10578994729633998,-0.018518082226403547,0.2076534556944189,0.24449193497661453,-0.28877583542570995,0.1283376749142824
stat_41,-0.07216305266245975,-0.0566775072111472,-0.08113877711574305,-0.13660313039965394,-0.06423688126514206,-0.007506013387462646,-0.053065745848874274,-0.06448012647047006,-0.12242841948850673,-0.19990574714427065,-0.23886008687279023,-0.24034701587232146,-0.26687852023975617,-0.17521974131536286,-0.18545324306666633,-0.12827847862237543,-0.13921969274919987,-0.1867104187358535,-0.18398554008604068,-0.16165907031375232,-0.15754445374545428,-0.14538322730471884,-0.1523651032184686,-0.14562220465983486,-0.17288738402654397,-0.16152154165382893,-0.1730192124233111,-0.17297900555030235,-0.1596412489860557,-0.21261934091020548,-0.25598276613962745,-0.305952568993762,,,,,,,,,,,,,,,,,,,-0.23260669843521772,-0.23782307812138687,-0.31518587660580916,-0.19536263809872975,-0.16297351018830267,-0.1801711515829343,-0.19291455461085677,-0.09093660659127849,0.029930549903824107,0.06436245767173587,0.057829315616996724,-0.10242800524460184,-0.1846337043199104,-0.23029963369822756,-0.3137476291529798,-0.2389273972743146,-0.24727558707027714,-0.19522481632763214,-0.18573824198915312,-0.17269726458347265,-0.07968752160209068,0.0204771103359842,0.021269162511323218,-0.13785106945540446,-0.1508101707436197,-0.04264821628883981,0.0974002130159238,0.1371453440693507,-0.10412409226466446,-0.20855105126437612,0.1873800500372846,0.14482305471038828,0.1957507901328799,0.15255414109285145
stat_42,0.01064053663217051,0.0032513332654019096,0.06121564617964647,0.17077529381021017,0.16637471445642954,0.1709987480205809,0.13388169694310315,0.0838821433734953,0.06996147229903414,0.0785384305929992,0.05959340611345247,0.05832142771966185,-0.026968478148107763,-0.05536323403222403,-0.0475828861253206,-0.06976363564857666,-0.07698649452978455,-0.08671142257540722,-0.08557776330173135,-0.05300432398285484,-0.11017718326333856,-0.15423009895498338,-0.18592232827548005,-0.1890624933285154,-0.2251510414600959,-0.24080632672426605,-0.2590695663553884,-0.2583350332626309,-0.256353682067809,-0.22185137077526343,-0.22299027409280667,-0.24470334391349913,-0.2469898338783226,-0.21539116405698647,-0.21083054006193916,-0.20230982415635237,-0.20900352444191045,-0.19906190435592078,-0.1974565179353781,-0.06223529759010061,0.021477297346658982,-0.0031954215238748237,0.056257623659592124,-0.053791390317079454,-0.06935721878180665,-0.1494223363372125,-0.19271099008250506,-0.1657124188757302,-0.20736222983999905,-0.28180841713940197,-0.3188924613927506,-0.29917391418993516,-0.27180922916308436,-0.3605623685626347,-0.4211344655211476,-0.3598098441015187,-0.292243402187502,-0.248802911666934,-0.17918650571070724,-0.13579791315209436,-0.16320698236125805,-0.3019460238336799,-0.266469416084842,-0.2711790570879705,-0.28270297573937997,-0.24404208103693198,-0.05548042186951736,0.11551677700623592,0.089943406366702,-0.027752119893138954,-0.014316239883397185,0.1277982662167336,0.1708903792130338,0.10883020271516877,0.07030676692085683,-0.03901723339920506,-0.07287169784857894,-0.02187461976347855,0.04964571632651839,-0.03636724659522516,-0.008296228112910609,0.08268040764628763,0.07320542664002738,-0.02291954665529656
stat_43,0.5656694023596063,0.42436352141654204,0.3697097023137881,0.2324705585790151,0.14511697449284852,0.07001594766559409,-0.0624611652971401,-0.15203278362205103,-0.1760100808541148,-0.22739860336410211,-0.2612521025562755,-0.2618631486873181,-0.2705282550324357,-0.2689303619729786,-0.2846100368319776,-0.3217965362602812,-0.31740739824613023,-0.3169555602183015,-0.3088075139163858,-0.27156233224412174,-0.2657289590719339,-0.2631143433898306,-0.2813976185058849,-0.27825317504993125,-0.27236835128431436,-0.2455636776436458,-0.17954895913697747,-0.17179135055269226,-0.13095720758846052,-0.11336793346950168,-0.13675818717618368,-0.17211535977355538,-0.2043558795022286,-0.2011523074602343,-0.20023575869719684,-0.19043864973755387,-0.12407790776157408,-0.09050291503209515,-0.09202824266297888,0.016115373239127227,-0.0015847904998545557,-0.05535432080311397,-0.1477428286251691,-0.15268054928420946,-0.06746715581931244,-0.06234996833068416,-0.08787295833452906,-0.13658822158143047,-0.22525836207637276,-0.24893937607283986,-0.2990487303413775,-0.2847172818332668,-0.1798614818129123,-0.2141708545576114,-0.2729025171789656,-0.2909126761575908,-0.37367878838276347,-0.3365514969503068,-0.2876562381275151,-0.3683216450696638,-0.5018905997623716,-0.6076210457477117,-0.5751908816485711,-0.47146645323339437,-0.3775996187463443,-0.42449590124481457,-0.5208161161993048,-0.5835724516852371,-0.5265280387768918,-0.4201665232299272,-0.4353806812028846,-0.3313804661383138,-0.041818212404849564,0.06116061487643234,0.04435475222899655,0.14584861285728032,0.2872454127103525,0.5800652077159616,0.5224449315198109,0.1972983580609089,0.6455112057323555,1.286860754711231,0.1107862792882766,0.045258767676745214
stat_44,-0.27757217955143565,-0.24712997827041094,-0.21723906636812415,-0.2388759736986373,-0.2388044853150385,-0.2726643824919187,-0.3027615432834139,-0.3319816530888543,-0.37270825868053103,-0.36043704063572174,-0.3913335091062653,-0.3928089856064833,-0.35964754914320596,-0.34133134921529157,-0.3122254395293367,-0.2711612626059612,-0.20833906413904144,-0.18352104292650936,-0.169624137028294,-0.11368157868638812,-0.12053834007746356,-0.16423991317095146,-0.17164157486781215,-0.16594747323221215,-0.17601329650026848,-0.200623790745395,-0.25477476092263224,-0.25744246322512077,-0.26289995944741984,-0.29715411269728104,-0.2928545128265617,-0.2617624481774525,-0.22117234148132253,-0.19016613891603007,-0.1895063025214198,-0.17322423585703037,-0.1838619311734024,-0.19752741698614182,-0.18861186690237378,-0.07422329046493675,-0.0899751022070364,-0.12149055601014273,-0.15435769716599398,-0.13431201409099233,-0.16725154045365084,-0.13343777410567167,-0.11783903932344135,-0.05036348140834819,-0.027802300926085922,-0.0811891257589573,-0.06026825653537605,-0.1641672009730375,-0.23158787726686517,-0.20056768862654198,-0.20474005398941073,-0.12595503530333657,-0.07012467990652842,-0.15561185875529532,-0.035135696609818835,0.09625676022796592,0.085417512798899,0.002931494864634572,-0.11981909733062115,-0.16031369496803333,-0.15256097128441806,-0.20010805570505502,-0.3513484305002498,-0.3742358566135755,-0.314297856260529,-0.2940015063282216,-0.3257960900935914,-0.30236012509077237,-0.21841392669638934,-0.20456674328020943,-0.16646646945545715,-0.13140606643154806,-0.2146939657371424,-0.32480016965846226,-0.3239411893481183,-0.38719564975873233,-0.2058746910732043,-0.5682646669575684,0.2549361103462545,0.15707414052511184
stat_45,-0.11100843695506496,-0.14844278481320936,-0.17803396961274803,-0.21623121264313644,-0.26342574240618555,-0.2590040814571613,-0.3389926331209765,-0.3768425322913508,-0.4125299807199011,-0.40831111731890524,-0.3635446817859333,-0.36147768614403647,-0.36602066525278604,-0.3474774345985759,-0.29089647568252525,-0.2509031424006529,-0.18800673280062158,-0.15336861343943697,-0.13803022258476802,-0.11732124133809127,-0.15759785518882666,-0.1630526109683377,-0.19570738167480795,-0.20325565259722436,-0.19800171577216763,-0.24827322107422228,-0.23511069274718827,-0.233297434994963,-0.20308759754775998,-0.19697381167527184,-0.1677110629583833,-0.17484021915998452,-0.1007820613965151,-0.05926512224935443,0.013073611402848746,0.01651447443504573,0.032562416075498306,0.014446301646630178,0.16283274379233043,,,0.17467431602892822,0.10816791023631231,-0.028876240510198974,0.23267894009469575,0.14429852321276185,0.17286348799787668,0.20427333118396956,0.19945992531894494,0.05410575487097759,-0.10856186663855953,-0.16065969420054801,-0.223882620137966,-0.25286562227939274,-0.2712292261132645,-0.23159172932360741,-0.17753975749081785,-0.20253448317405137,-0.12537592521202306,-0.03787153683685929,-0.045856679545022073,-0.06268611401833284,-0.09962068362081376,-0.17242900637885689,-0.26247839002308526,-0.32477755306329115,-0.39102331741112134,-0.4679612441535625,-0.4708546455902913,-0.47022424130937207,-0.42675472525489644,-0.40102946887618823,-0.3681154139681737,-0.3098319326328081,-0.25108870816414586,-0.21225905408433593,-0.11423971633119456,-0.023629822247814986,-0.22786752878989663,-0.26707869120108724,-0.19986986433137938,-0.42110071488914197,0.1444050028682237,0.07054165226977661
stat_46,-0.10143345766469519,-0.09331301000063434,-0.18691684847703605,-0.28172615061653744,-0.3210263646874351,-0.3383376715787235,-0.2707991061637655,-0.2477858989513951,-0.23466184668019666,-0.14678966949889086,-0.038955736070798185,-0.03414427054238497,-0.037442450001800145,-0.11150980668963319,-0.10154879245549804,-0.07880020856430228,-0.12365019786585657,-0.07595852924424337,-0.066567733344449,-0.0391676955288155,0.0006167816196539831,0.012518735185368238,-0.028591071869570044,-0.03960489057823052,-0.1456459939464977,-0.20961107680515229,-0.2228820737667716,-0.2236919798961031,-0.2465183759381725,-0.25905171641188474,-0.25458193977510357,-0.2577782106210214,-0.2686548839466083,-0.25411609285948833,-0.2456566178372347,-0.215692398103523,-0.21274100459352183,-0.19583625530558016,-0.1827807570727674,-0.03678597117813988,-0.09294239868712911,-0.06127545000543024,-0.08218908733161243,-0.04629222785755881,-0.09272838049723037,-0.14352704407347885,-0.14319649767162007,-0.07031759365909099,-0.11616386794902209,-0.1597058895188146,-0.2082919544456074,-0.2956974583787724,-0.26846765178815746,-0.26619378701333807,-0.295895503170086,-0.23414993988439506,-0.07892503652866664,0.058714416440381494,0.18950372152831998,0.186591686821878,0.13092263880583782,0.09706718835726116,0.1069807326156391,0.25611560533575184,0.2342468274896561,0.1449154966721808,0.10165025737457606,0.10055742747301077,-0.07513399151565334,-0.19469411321684812,-0.22421974742704356,-0.2897499153353464,-0.40561713371051983,-0.327855489553409,-0.20558116249374025,-0.014098790296638204,0.06138780161881785,0.04365576658246398,-0.2975040557847098,-0.37860702229198434,-0.2262953171030735,-0.560169281570684,0.20850146850096393,0.1712625567742374
stat_47,-0.09887541330675133,-0.022381576056012525,-0.07116435394254442,-0.08686867205356533,-0.11149260416721168,-0.13172558061768458,-0.0291325204960281,-0.045963184397099344,-0.1052847845262318,-0.11350705438091538,-0.07678628911970566,-0.07753334887563956,-0.08533903053868085,-0.10888895062087565,-0.06749891497883026,-0.09273672309556362,-0.04872387942974898,-0.04770670509172036,-0.04710483705799321,-0.02370688072289992,-0.012024943261742147,-0.018073935177527707,-0.005407704996778085,-0.00578041113162082,-0.015159801197670074,-0.08910887479492796,-0.08526436292344053,-0.08049863678001488,-0.005580854521280865,-0.052272569100845566,-0.05820250559588668,-0.04425389861093644,0.0152011860192061,0.04374345568039135,0.048818754166464425,,,,,,,,,,,,,,0.14426995424884387,-0.02456165849334069,-0.0874329836990242,0.00977148357173761,0.05697541220862846,0.02703089585443592,-0.14466844994793726,-0.09281175546361405,0.017724465961126243,0.05329550842666039,0.10721670140791209,0.11911640919099263,0.10112705181902934,0.08215864116376409,0.07250206761440858,-0.014258162943307917,-0.030856778275041158,-0.017399716373361383,-0.047071917124786186,-0.07945386099429033,-0.1609708723076665,-0.25790168828603566,-0.14641004913152134,0.034540921314557334,-0.2768667337593978,-0.39447019183483933,-0.2570430498019259,-0.2014175953065827,-0.029160075519271064,-0.17022010520632186,0.06896447827655375,0.22658256789274603,-0.2861169415441415,-0.33094486605006085,-0.2842614385755972,-0.09733563298812173
stat_48,-0.8207983454351887,-0.8142538299530209,-0.7756626237758766,-0.8460090644538814,-0.8158767187454542,-0.7835783496788553,-0.7670962161301289,-0.7792238024829684,-0.8273801463872994,-0.839256777821379,-0.7625035057858639,-0.7544488247317459,-0.6393092930452957,-0.6505176559176566,-0.6373392209645807,-0.657647816538352,-0.7085172019781326,-0.7145997074148038,-0.7138994937664407,-0.6875300660552678,-0.6339666722057684,-0.5871022700013785,-0.5886159728440924,-0.5845588744383994,-0.560133601684294,-0.5183988598145784,-0.471298754763232,-0.46738918237622595,-0.43308671037323776,-0.40332497073265366,-0.4010389409245722,-0.42536187322104,-0.4553469129582377,-0.46889210399809844,-0.4692495329054796,-0.42797230966674155,-0.3947669709788336,-0.38866745424360016,-0.37467826038477664,-0.04939223269248721,-0.007277637562574259,-0.16577746032281016,-0.08494036996384757,-0.04816115689200805,-0.10110801116430909,-0.17215352745299925,-0.21249251184308127,-0.23101695670931294,-0.33166043307910115,-0.40548233334452466,-0.4280885645045828,-0.4107097267928165,-0.3411670975278341,-0.3264535334964924,-0.40644247195407374,-0.5141477295344193,-0.5110990604980222,-0.4576656786475755,-0.4801716626109119,-0.5963784253800355,-0.7262223375892997,-0.7271954190491577,-0.6555903101197085,-0.5973311359609196,-0.609065884127678,-0.5375955769351357,-0.5451135668310785,-0.8642657387656308,-1.0457139141529619,-0.9023291648212559,-0.7567582484201799,-0.6261605007193077,-0.7057191384962972,-0.9268148273923718,-0.9596035571473389,-0.8819182364597797,-0.9463985959489403,-0.980651926219732,-0.7352197801189774,-0.7620279470504485,-1.0171005811084584,-1.7539377071966196,-0.1825817564879612,-0.17817258797932603
stat_49,0.6915493803358842,0.6996694393926646,0.7735917392383967,0.7793116450468377,0.6847151592318853,0.5848442677088836,0.474216011508338,0.3595424700044374,0.2925184432898504,0.28746905364209896,0.23399454098783543,0.23114639642580784,0.1887552108908939,0.18356186445258474,0.18239554063644126,0.1470519436796362,0.15896617224183235,0.13500159512666327,0.1405374391203242,0.16655218849628517,0.10813667358948763,0.05439497980821276,0.00921740233122715,0.0039011580048198395,-0.01846567544027993,-0.038575738149404126,-0.057370957225752306,-0.060315372703506204,-0.06473873950650622,-0.04085597169447701,-0.0733803655805681,-0.09550543660347173,-0.07916664519511372,-0.05553673741378998,-0.0526846200469139,-0.03137175089613583,0.025100752877837227,0.048600446562648864,0.036727009234657236,0.03436189102364403,0.002715117211479662,-0.020050230611870945,-0.027951271994041786,-0.06392878615109394,-0.11351757531851984,-0.0483181733595629,0.03279823546398131,0.013347911694276427,-0.10236713029235536,-0.16678024289383073,-0.22896206466139019,-0.2647277741653421,-0.18666996713796777,-0.22882676609276237,-0.2602083985117882,-0.21013370510013646,-0.18467495802993508,-0.12966435394327386,-0.031859434443243365,-0.00767264839555064,-0.052410637542082604,-0.15468361454555374,-0.09933622820415162,-0.09696618546425223,-0.15093543532945009,-0.12827684842740764,-0.030473406349398557,0.0927489219167054,0.07757563369656818,-0.015620102167155992,0.013194311358847743,0.24069240519789767,0.47505462219919464,0.6343435004438364,0.7528339419627385,0.7449191392858693,0.7536871704962432,0.7804596888021578,0.5681070290707381,0.42648933873550354,0.7153260139890788,1.337635940598957,0.13908166763729482,0.09355763532150221
stat_5,0.48600878444168844,0.45592420054344035,0.2952809482191053,0.3038866889481144,0.3331368611575708,0.3780373095849277,0.4542935550178224,0.45988814449455195,0.3667238927342376,0.3348945233412302,0.2914373736126316,0.2856240475185113,0.1646450002183797,0.07830083417125644,-0.01704368322439743,-0.06662582111971169,0.0024105437595194836,0.09105121273036065,0.12906094218612113,0.2659676685955206,0.36445922342149545,0.4308038406032652,0.3885265600385321,0.3875908388678823,0.34006885944721554,0.25602292444400676,0.23986790149024098,0.2406548560854174,0.2692109022019612,0.24778905637936444,0.21528395116132212,0.17101353325741367,0.1360540861424354,0.1293480380394796,0.13434256486361648,0.16462839249470862,0.2222080283070142,0.3008037546878155,0.11716691800175355,,,,0.09626812626384744,0.11033320488365048,0.069351738785068,0.27681402556704215,0.13957782382981399,0.023385507308187104,-0.009555781275176816,0.05239932766844705,0.02387935927375914,0.07040718733561611,0.14763628942345575,0.22006809178212342,0.22556712493700778,0.284410334461751,0.5003554364921304,0.6704631457716729,0.7259136427347644,0.6810591624696247,0.569091866806154,0.2875465139493292,-0.08480032834392158,-0.23685727868896111,-0.023172445958653934,0.17495984283757413,0.2822912593833202,0.3748770928550876,0.43344290102406563,0.5010337246657728,0.5935756690271544,0.5615755839511655,0.34664473628777526,0.25421446695486793,0.3453805622080942,0.3889822628904245,0.49020294664695124,0.5357515542026219,0.22820650826293315,0.21101744472894984,0.04978186524116249,0.40988923176022873,-0.20340820341768945,-0.39697366745621343
stat_50,-0.38270622280605376,-0.4950292134431871,-0.44451160392038847,-0.33330045440496314,-0.30501196420489735,-0.2603625680575856,-0.1708718960617803,-0.13998315067661135,-0.09577960545373224,0.006766535363884905,0.05005499242828757,0.04989878603391961,-0.024025685988219716,-0.06607116841206932,-0.07256846004412336,-0.11128020532217267,-0.1265808328651714,-0.13734112300440424,-0.13207235169329065,-0.11085861782916455,-0.1036692432657442,-0.11654817601232788,-0.1455076747747559,-0.15779406761441908,-0.2010009607948219,-0.21709754034739986,-0.24522088645232223,-0.24517520939481396,-0.22535297142772376,-0.1975518771911149,-0.2670983977523707,-0.2650112901985365,-0.24352020209328012,-0.24921242265626056,-0.2507642620590478,-0.2565302310396917,-0.28517592501706046,-0.26377874551915403,-0.25465750108204216,-0.055856729816042484,0.061115625513064716,-0.03260549229308483,-0.03731921838249189,-0.09329280012607864,-0.13154029828451422,-0.16444779299011558,-0.14958942755410645,-0.06278087212946012,-0.16504587058678782,-0.29653581682297825,-0.3524740045841938,-0.3316175876887149,-0.21614979419273472,-0.30558139048703614,-0.3822475798787611,-0.3131722824007683,-0.2530540000406254,-0.18466664663021232,-0.05746401389936677,-0.007909352548310516,-0.046036417366378334,-0.104690779522423,-0.03122051597136805,0.008470685425006617,0.04395626156844757,0.09872305486111646,0.17761864782608597,0.23605781852933483,0.1964144657791918,-0.03621464456642575,-0.17348993370887084,-0.17112479412541098,-0.284864478702095,-0.33918175748699697,-0.3706200967486278,-0.6398146068898415,-0.6766954386079448,-0.37716799435861287,-0.27578435133419077,-0.09432659661145552,-0.43382006079046703,-0.700828621829814,0.10095021027594907,-0.06293503800835991
stat_51,-0.20412236556184063,-0.1059426566455232,-0.01617466140555003,0.06088653215767472,0.054489295372584935,0.042860207630494945,-0.013643856672618134,-0.0912162263451619,-0.11724288947927797,-0.15754713494623443,-0.21182969156652182,-0.21592993696659854,-0.25135455239348703,-0.2584719040759222,-0.2842317583235962,-0.3404633059531304,-0.2763346631091451,-0.2587868954279954,-0.2577912271671691,-0.2364462501540787,-0.2743119535861008,-0.31107929929690725,-0.3700047935152989,-0.37209011354918065,-0.39332803785817033,-0.3671828418342064,-0.37101681967710426,-0.36927447993577606,-0.3550672221042577,-0.31152187831809924,-0.3129352013751729,-0.33945671623921875,-0.3398690651006099,-0.3205565465181867,-0.3153722830201279,-0.26323845531070095,-0.21202646739359166,-0.17861202851448546,-0.19206929017584076,,0.023402161806152563,-0.05109070778973187,-0.09260790601947907,-0.05154564012796664,-0.0032690828628713646,-0.023110951844965498,-0.03622251335820216,-0.052396645101109064,-0.21446597492828945,-0.2729534354694437,-0.32391635446069855,-0.32088578011728147,-0.25978114706932076,-0.3482264749190738,-0.41883881199863665,-0.3978149972377026,-0.37310935378616344,-0.3073428807182366,-0.2277463193343682,-0.17669703317314564,-0.1731304297067601,-0.28955041156552097,-0.407813400838199,-0.4342082936184012,-0.34959592236142645,-0.2609940878150949,-0.2406801535866651,-0.24958391226990437,-0.2566547953847359,-0.2405097197575559,-0.23019679010490182,-0.053319616375084214,0.07558309278851112,0.04295829077996713,-0.007605907799663796,-0.03035177656331338,-0.12635435114319366,-0.22998942168381772,-0.1953966792241772,-0.2897609373545366,-0.15338516428962345,-0.3120522460355893,0.08246662343989865,0.08709612751865686
stat_52,-0.011489919474184755,-0.043653350824686604,-0.045121663736810626,0.030453357821635687,0.062417249363764506,0.17675910889969673,0.18638840687801755,0.1834771745739797,0.1862696788333544,0.1905279803782936,0.1473453904537421,0.14512197384845088,0.06226192613513012,0.03918595269368548,0.017429071230057946,-0.022772304005100347,-0.011466365560857322,-0.003158001515833987,0.0037294593786770217,0.007465452013576359,-0.03928537198531937,-0.07545196408489348,-0.1333369094478469,-0.14145332110599157,-0.19364393238542962,-0.2259256660244544,-0.2657982928547618,-0.2659282880347827,-0.2462387509624921,-0.21140864416251776,-0.22124957655491645,-0.24277570485617328,-0.22042730306356473,-0.23050214364237862,-0.2235750924400279,-0.17453363887351975,-0.1116297267398939,-0.11678369990206962,-0.11198791182318867,-0.03366654122920294,0.08533735680962568,0.041576511714020034,-0.0018761901604127465,-0.015576565182258901,-0.01689948945364876,0.008879626913401507,0.024629792554769436,-0.02876890463653829,-0.20256327614855507,-0.2969637760282308,-0.3271075302931114,-0.26147003045834,-0.26856006907734187,-0.3725712045377538,-0.475198193933859,-0.39332715762644577,-0.2766807893644372,-0.2151763858246932,-0.09986519443736756,-0.042810968885453604,-0.12010586209451714,-0.23076133556112166,-0.20742643013149056,-0.17159749069620103,-0.16322327877398587,-0.14328245422018165,-0.008673611952593814,0.19080118703729032,0.22656309417203133,0.1300316655399515,0.15772823943073394,0.27045735759803935,0.1969846305533,0.029834248057321974,-0.12728660593219332,-0.19752654321703542,-0.12037344644569443,0.0016540815077032622,0.05973295819785148,0.03323282726663304,0.03605274610438375,0.12056853770146093,0.07170748929731628,0.07015288955541807
stat_53,-0.054383292597629834,-0.039395171036473935,-0.016192186963003733,0.04102277619856582,0.060368088216962386,0.16884276828115505,0.20123402800616297,0.1755459105259046,0.17647825946585427,0.15592066845898916,0.11962080229197969,0.11746053087562094,0.025046975044691482,-0.006196518877555513,-0.008058013867111018,-0.028240126786423462,-0.04264877962298856,-0.04729912555831636,-0.05179621255509318,-0.042809172051790835,-0.07573405304357679,-0.11875436984237712,-0.12865700966371407,-0.1321604464253048,-0.1768448237503195,-0.23056156344047743,-0.24981170884774503,-0.2503796124208712,-0.19970288837511052,-0.16376562583087828,-0.173323812029222,-0.21512815813627179,-0.22798478112533768,-0.22468898067879797,-0.22707089165158292,-0.208505622344495,-0.1606918216759389,-0.15875921013540653,-0.18674003978337841,-0.04064195404530002,-0.03137086658221315,-0.11838833391447061,-0.09463408285537489,-0.17054297745810598,-0.16131414180562023,-0.052618147488588216,0.015059327155818756,-0.012136485008243495,-0.14185810392264378,-0.1752148484231069,-0.1679358889720109,-0.18965291720424834,-0.17235149109164388,-0.26533257462321963,-0.3583032743060836,-0.30039491048721056,-0.22246581862369966,-0.16167434077456475,-0.057983439798213736,0.023827288533773562,-0.0174008027785739,-0.13630619159773985,-0.08905364930026095,-0.09600545894454111,-0.11090116637014072,-0.08833712214000886,0.015277511631135117,0.17691113084344065,0.22906508655043692,0.199218590523646,0.2324816619173899,0.28411253298258915,0.14116295913968085,-0.04048890612723057,-0.04228237538713238,-0.04875591557329376,-0.04504571946723413,-0.078107244931493,0.024368447662881588,-0.10371288892801311,0.023235081269385175,0.03442346176061709,0.14959443075696877,0.11033246273142731
stat_54,0.07156786273065728,0.13896732827282815,0.1595550299573756,0.19157940091058137,0.22366975508803924,0.2818266082507289,0.25625531132912666,0.18561172091271164,0.1978418269612485,0.212763274343881,0.16579315324571256,0.16096475624892223,0.051935796461857454,-0.001516985455586373,0.008493315715085053,-0.008672059331218606,-0.0043639125444643176,-0.001872598973973763,0.006732049102537924,0.026708076752300025,-0.013928322151683865,-0.04982421606473525,-0.0671320109421505,-0.07619728544424924,-0.12891557596109815,-0.16197325549262354,-0.1934332673291564,-0.19671675823651225,-0.16063912998309973,-0.1511003233735286,-0.15199667928304364,-0.1689222491542599,-0.1780424123962151,-0.1856378521156424,-0.1878564047829375,-0.14539180370495455,-0.11353238640756147,-0.09255491047029675,-0.08313125786038685,0.008863443969971222,-0.08120993162272916,-0.01358944856049907,-0.11417534495016395,-0.14763260827834604,-0.08044005141991425,-0.06334294233543178,-0.03268255090490555,-0.030096318468061604,-0.21541734421872868,-0.2671514535507154,-0.2857375151917239,-0.2801306290478086,-0.19543970680326886,-0.2598132360449617,-0.3587027780587405,-0.2895496303607896,-0.20852997052653743,-0.1639273961540485,-0.07292645851937145,-0.019086370674479044,-0.06278354811178115,-0.1576911768874424,-0.13730234371543462,-0.11156839984033781,-0.15731305415387836,-0.17707804276588116,-0.10587425637500307,0.09593936253721182,0.22262646721378312,0.1407072637817918,0.07428648055063283,0.16599832851483406,0.2720884578123956,0.2384163141924133,0.1386436823157433,0.0908891535062314,0.12428072708766644,0.08512163532889185,0.061043084583369885,0.09385567834425695,0.05186415657748806,0.14570989956705296,0.09667771602686162,-0.015807312205821145
stat_55,0.4134750906319561,0.5549915331329186,0.508538837321063,0.3526568701058685,0.1965598373887511,0.08209300222327517,-0.019299006837598248,-0.08419292926331227,-0.16651730218460237,-0.20600445724813246,-0.24125422768794355,-0.2420868642837456,-0.25877832249115545,-0.23047512671312387,-0.242001369900201,-0.264704690556435,-0.2617596729821033,-0.2665090458516528,-0.2594656449125703,-0.22367776662581945,-0.24113312146020321,-0.2748313124547103,-0.30358154839016444,-0.3013516767103832,-0.29495186965798526,-0.30139031427229973,-0.22664236553343708,-0.21894186973848884,-0.18019303192931338,-0.1261701013181649,-0.14989827106051662,-0.1988662764410349,-0.17494547422585868,-0.17435324410295117,-0.16826470853880013,-0.14320980042183412,-0.09699580013458568,-0.06087790911320365,-0.09698860150807735,-0.013763454619125612,0.053886999194544205,-0.07358027498711292,-0.12203975098583532,-0.11304389770036005,-0.04934213944756227,-0.014608347927735202,-0.032141118478147296,-0.05588982646131688,-0.14406481469437604,-0.20002452686984942,-0.29220197987070823,-0.28541032806487726,-0.17775306385507258,-0.20867042052432208,-0.2649713096517229,-0.29885825052786597,-0.3800609131619155,-0.31956038584862567,-0.26910536826371617,-0.355329308988571,-0.508997211190106,-0.5411113885095462,-0.42859229865354087,-0.3382643765192468,-0.27902414947467763,-0.32950160831281083,-0.4626450739966071,-0.4824437468611883,-0.4173870981279902,-0.22966399540455604,-0.21825934312917708,-0.3234758552404824,-0.2225222403996108,0.02014034786830272,0.3041347357967667,0.5436552706109373,0.5186332444985324,0.3940418826071913,0.403506570401214,0.15064959495243319,0.4688073071525973,0.9266305231111832,0.0036884568451782222,0.06753432938720695
stat_56,-0.19012052694806028,-0.13354054114266706,-0.04639111080489523,0.08207760707443562,0.12049585941399597,0.0800219537979129,-0.026639898518019657,-0.18019078517941095,-0.25035873819778276,-0.26834274726178137,-0.2815746446287937,-0.2822654246827468,-0.34178705558789485,-0.35873598911170756,-0.3317233856520027,-0.3501372461482667,-0.3194073181513507,-0.30728125223701536,-0.30475295915317097,-0.25583406989568735,-0.2600830602514913,-0.2433580968681643,-0.30741977618428207,-0.31733218279529823,-0.3272376776283888,-0.297669148670035,-0.3061225685866887,-0.3046190467293146,-0.2806220047808713,-0.1828289275377446,-0.21485386004205756,-0.2653962154064794,-0.31329738449679345,-0.29756639600380047,-0.2841696666430266,-0.24856671720235513,-0.22169417916604323,-0.17603436145736873,-0.1648990039648291,-0.0020005457278496346,0.020128339157319812,-0.031578546310416664,-0.06374590862553488,-0.008972173571625913,-0.04632420338331424,-0.11391370331603655,-0.10034644221452413,-0.09882268106555873,-0.16303369790051514,-0.2576357704852584,-0.30657425894920715,-0.25448415993432744,-0.19587270368123472,-0.2857076049974943,-0.3437971208064359,-0.31944291255166396,-0.3155844761440581,-0.2218431025702404,-0.11720665065846238,-0.08364332508740495,-0.1974537167811949,-0.4329041610606644,-0.5648201672303172,-0.5633516483260322,-0.4502918004884362,-0.3433976598322073,-0.3443386068545765,-0.3439856836158211,-0.3511940252535905,-0.38457729068716295,-0.38980349697710837,-0.13571802622348406,0.15504252916619274,0.15287641882536396,0.03802356932009134,-0.013243351279398685,-0.1445984088214203,-0.21652613776866944,-0.1838371100099053,-0.24164307443557576,-0.1577743975900727,-0.31956590562001513,0.14365009693257902,0.1397180336088265
stat_57,-0.8538095047346507,-0.8255156603158024,-0.8073061850645171,-0.7716563235047059,-0.7300005892846391,-0.6133951028452221,-0.5379299870186384,-0.47661249172862274,-0.4526258803110248,-0.4582333352311256,-0.48278617106080846,-0.48495642593372024,-0.5440009141109122,-0.568095411247451,-0.5734270906557866,-0.5578146672494143,-0.5213680283463593,-0.49859085223995664,-0.48466520110675915,-0.4020536095551446,-0.3178170442598906,-0.2657002733173485,-0.25786296546546106,-0.25982523915129585,-0.30041800296431226,-0.26095047926551507,-0.3255183710071949,-0.32409067941760883,-0.29978902610959957,-0.2862343639357518,-0.3149035599842482,-0.3232874680954718,-0.330968069699216,-0.3158144154057491,-0.3131601769131836,-0.27288836202223643,-0.25722313848168277,-0.2878508504540513,-0.26807826242795263,-0.035789267205145144,-0.024353770634687775,-0.002709209771108046,-0.06275730430849998,-0.04929375962316998,-0.07614107551630758,-0.10248913128203066,-0.028744509407723103,-0.004144909930715298,-0.12997317702620959,-0.19756662862698535,-0.21318491989751998,-0.23087073641082137,-0.22018537277749176,-0.28653905248320155,-0.32301871882574795,-0.2330090302266057,-0.18698993850865803,-0.12294023039159847,-0.04455340955424713,-0.01234222567161041,-0.13875514161288013,-0.3424529000546518,-0.4543970999326326,-0.5168062721920765,-0.5768511079880727,-0.6308220926882548,-0.6102142105711315,-0.4519878892753687,-0.3346545262194676,-0.43610498433694495,-0.5006331609100374,-0.438238916274254,-0.6122091539257356,-0.7425360497809893,-0.7547379166152427,-0.8993993952712733,-0.9593089559256655,-0.8459238441245304,-0.6644500144415967,-0.71658393317846,-0.566567356205478,-1.3167401101792413,0.42606332219529724,0.26087564476191366
stat_58,-0.1267856370886944,-0.22698202644203344,-0.21192978387914732,-0.06639906757002466,0.00030642913393455164,0.1720006455823928,0.26373853828955685,0.25915913217086256,0.2596382885175486,0.260736195798642,0.24556366352764386,0.24044609846457585,0.14497387310694487,0.14454942211400162,0.15564826418496883,0.1308512732007357,0.14972745370532983,0.17921166218054901,0.18231738967682687,0.19367413382019738,0.1592059075666462,0.03328441331328317,-0.0372783437260501,-0.039382397613858776,0.015020219334310556,-0.02574497222720342,-0.048050492955528074,-0.050173202700605955,-0.05036275555651953,0.04049243415856641,-0.013821176769827333,-0.05587632207204746,-0.053523642022824586,-0.04276553625736913,-0.042449143753906675,,,,,,,,,,,,,,0.023541809156397288,-0.05019211680718121,-0.047443250090178704,0.03289771999411324,0.10355245081032793,-0.13746927024348557,-0.32597606753343095,-0.23954718475819028,-0.13716110835382175,-0.10991038974153629,-0.014177605233084352,0.06610676074877408,0.0757024843340406,0.08483331435707335,0.06684120851545976,0.05087213593356811,0.09202021858922182,0.1444799930125855,0.21074106217273106,0.36496972568231384,0.41230741248668124,0.2740998756741129,0.285622088803745,0.4249858120374075,0.23708511771736676,-0.057095871070641076,-0.1287363536312406,-0.33561503081484456,-0.3626374317492033,-0.15959217050228852,-0.031166171860797696,0.16687631415448104,0.0012282207985881155,-0.051915310626995705,0.2249467208469419,0.16447912756357755
stat_59,-0.7513879752158834,-0.813662055543512,-0.6755755119752458,-0.5370303887506385,-0.5663000192950666,-0.6585430970514069,-0.6093941451192266,-0.5531352991728283,-0.6160168349493472,-0.6887884133538105,-0.6641560871083997,-0.6632046348947619,-0.6479841281121491,-0.5291589003614142,-0.435591087595105,-0.4311515847761545,-0.5143566409814108,-0.5614886366445184,-0.5646307239744769,-0.5033246491998039,-0.4605315303702008,-0.45444807065215365,-0.48107090704920025,-0.473921889633214,-0.4324440456860514,-0.39975989676979146,-0.3377791280892515,-0.3323818372140319,-0.31913689374914894,-0.3369475331902747,-0.3644586006392236,-0.43195027127743124,-0.49091656631978464,-0.4737506433746136,-0.4652074671351724,-0.42326547391825836,-0.4123829128883661,-0.37353110751058183,-0.3421356880382475,-0.018066477904038484,-0.002854932694716213,0.011022210531216369,-0.03983020084236667,-0.13419440646935166,-0.315940839964316,-0.30185934579351914,-0.3067653835485182,-0.2908048873368802,-0.3974727763860634,-0.5896145832536893,-0.6370343879733171,-0.49971354114373817,-0.3547864062153555,-0.2799486560432293,-0.3097148156990614,-0.36532131920156463,-0.40322783896043246,-0.45456843355421594,-0.5189645152503094,-0.6354803476922795,-0.7548873977152256,-0.7955674955495258,-0.6375486804140037,-0.47992020366571286,-0.4823932797308962,-0.618956278769472,-0.7463184517964532,-0.7396015316036468,-0.6820964873805607,-0.5327678148901787,-0.4412571220936676,-0.5883100415214791,-0.7330248869846201,-0.6429264800492053,-0.6566940468023126,-0.8646897118173316,-0.9852331208328732,-1.023749823533408,-0.7125374991757594,-0.5957121838275441,-1.0129993518564515,-1.5274798588937142,-0.24278859019205357,-0.3859741328678217
stat_6,-0.2955340643939411,-0.25415141910416467,-0.24317750228148471,-0.27413876588022534,-0.275988551747584,-0.2543894988852214,-0.18818640037338955,-0.14098958640651407,-0.13310026182663132,-0.07000888976278054,-0.010651800695724509,-0.0025129088194994543,0.028096036147727137,0.029716612406281033,0.04529980058165696,0.03071818973118125,0.029157584688323652,0.03894560101943552,0.04583368273433167,0.1140235712691176,0.15205524123291664,0.11039635074073553,0.06893056407504299,0.07513712802635596,0.09348705937602982,0.1262120438257928,0.13822692947087178,0.13790115333353895,0.12689800717487779,0.08080567988045718,0.08772679293755518,0.09378121751620484,0.11142131335986787,0.15665575390676406,0.16404972131255466,0.2766752557185833,0.27206447309123644,0.22609730972510875,0.2497889876185574,0.1882486763234517,0.22430927147691884,0.21347952643402723,0.177861362768596,0.3173341953710838,0.4130800738567904,0.44553298679762215,0.4368413334113906,0.31698754216399944,0.21236401020815965,0.17174636411799393,0.151697319887134,0.1554979653229924,0.17565654201698236,0.29105297391774976,0.4405575191965685,0.37488149836047296,0.214962412119723,0.14735285473564472,0.2572805047356001,0.4244442168251035,0.44757486354463555,0.26207205936708067,0.1179460730796258,0.11482427631154987,0.23088639749009826,0.24290636703275084,0.21662087285084278,0.13639948301437643,0.05344270104388496,0.035536543186623054,0.0586542816333112,-0.021481569777606863,-0.11762779766938382,-0.10698022860146182,-0.08581234822619736,-0.0027151341753126152,0.08111792439759288,0.0040593386326689684,-0.38584905747603526,-0.17140973637860854,0.007953820782458413,-0.31123973869192423,0.44148644731627096,0.3333673266721471
stat_60,-0.9015865368334213,-0.852027635348085,-0.7723724855169126,-0.6971553432794757,-0.7156877709882781,-0.6876176608679718,-0.6886251532574591,-0.6491397537033581,-0.6639269591527277,-0.7336771704141959,-0.8409086759654671,-0.8462059399694244,-0.8044872695002016,-0.7568733875958527,-0.7516675685477896,-0.7478120991215238,-0.7602885654505424,-0.7598562783420812,-0.7725297770086491,-0.7370489900749948,-0.6763620061065639,-0.6781348359928742,-0.6216442621311905,-0.6145788078305704,-0.5919886532483283,-0.5971955692501165,-0.5310654673168762,-0.5265547944022357,-0.42126853032304773,-0.3905304969488334,-0.414756669886583,-0.49875365132348726,-0.48759552084079344,-0.47998241802740904,-0.4731867771741188,-0.4295629625119524,-0.4015518536917605,-0.36736522078980727,-0.24751235581339417,,0.010723539817464347,-0.07345035856814291,-0.10755629620461053,-0.10122272662630863,-0.16052725977256868,-0.10041073422948135,-0.13888342869407028,-0.1847617428063712,-0.33930363219375725,-0.3819473400623105,-0.4222731502983993,-0.3612059693254438,-0.31376011505297025,-0.3812714047369179,-0.4753006196432213,-0.5132893155231378,-0.5006220386361107,-0.46410808954090876,-0.531442643635069,-0.6432754237847419,-0.774106923833292,-0.8239741606862051,-0.7669979514870293,-0.6724215885136706,-0.5712745517434218,-0.6164944158700076,-0.812733260432848,-0.9839887629771132,-0.900834091068581,-0.6101461928834244,-0.5513735579509141,-0.6758927428655218,-0.6356621885753234,-0.5562173568944154,-0.60487428911061,-0.8147832745732374,-0.9138565436730904,-1.0080556656073196,-0.7819281968307557,-0.7793205939168196,-0.8385911671868947,-1.586460910807751,-0.026301558183649886,-0.010561024886048284
stat_61,-0.754311379772637,-0.7055295322419173,-0.7337416084143442,-0.7853556872151147,-0.7843544722305236,-0.7653481183318286,-0.6717177198320167,-0.7027959983077736,-0.6324192779861869,-0.4931136709900757,-0.4699493774123008,-0.4708562105274201,-0.5526544568710139,-0.6137610809055702,-0.6188367706422532,-0.6035060439083476,-0.6352511852237217,-0.6793181323212923,-0.695224316621317,-0.698545219771133,-0.6267827796400273,-0.5537546538443792,-0.5949530810432919,-0.588373957421564,-0.5322325871897384,-0.4380464611302167,-0.33025191338355203,-0.3247714388658113,-0.3320497052858989,-0.4495319485271588,-0.5756767481131142,-0.6072384488623527,-0.5669579765880326,-0.5356086684545082,-0.5309779081524575,-0.543301338778437,-0.5233124634503509,-0.481329744628693,-0.4720020808987004,0.1576686597794549,0.18264478450591473,0.07895950600125247,-0.15315154504942868,-0.459036403297293,-0.6360816493825459,-0.5412707600943584,-0.582207077571008,-0.6833716795846279,-0.8116292962797419,-1.0060066937311887,-1.0328043188941987,-0.8052080008729262,-0.48342056100830605,-0.19932877942464064,-0.07275784397582462,-0.28599068829211666,-0.5424620787689423,-0.5767816557795117,-0.5039104286644659,-0.5873336181059269,-0.7291069787267648,-0.8160896105838223,-0.8220146278589255,-0.7988572521273639,-0.9313637991652802,-0.8814101000977196,-0.7015538013879891,-0.6414754517143028,-0.6802833395542089,-0.7097051202385176,-0.6986612273025334,-0.7195097704116226,-0.807777892180548,-0.8731002586940241,-0.8677025985667741,-0.8386295582320548,-0.7792333163272608,-0.9437429921366708,-0.7805099952061915,-0.6646599741747696,-1.287041367593756,-1.9948866375120602,-0.47119384759072125,-0.5386830274980283
stat_62,-0.4586254124727327,-0.41929589477655,-0.444404242684414,-0.4189621374508686,-0.4407916256123204,-0.4557469777641166,-0.4610320397920843,-0.4860097473099609,-0.5529875868635837,-0.5607694445211072,-0.4788083132153062,-0.4694650443396913,-0.4088475075998581,-0.3799047238039338,-0.34477327373757527,-0.2841965462121495,-0.26329645304478894,-0.2805109224173413,-0.27745118884085956,-0.27256208670213594,-0.2784519564691478,-0.3212999109725728,-0.3372408690396979,-0.3347103284634196,-0.3488956030554046,-0.36671221894764816,-0.43189076959706246,-0.431088650630686,-0.4641572643110652,-0.46650219429483564,-0.4981101819798069,-0.5286945776324647,-0.5147515610970282,-0.5097028735009147,-0.5050970773265185,-0.49799628740380025,-0.49905529982547703,-0.42161201890496874,-0.36126315342429527,,-0.012561486800162067,-0.09350981614736902,-0.029095305316493833,-0.11800570593411311,-0.2780962403099289,-0.3967204655520467,-0.5154951975867561,-0.5590440058396087,-0.5498164639957661,-0.45800963906000536,-0.3679153862923588,-0.45272209403788144,-0.5570964924848575,-0.571351854441356,-0.5885318257854224,-0.4827380312797095,-0.3754853877977238,-0.3009156121440995,-0.3131949700860127,-0.2818964984706168,-0.21480751945162996,-0.2764104829741501,-0.31923948762674054,-0.36202640991174007,-0.3804398329657448,-0.36722070662990375,-0.5065306684113152,-0.6966147132293187,-0.7735964213004406,-0.6787551144009153,-0.6618955689688807,-0.6358689361434476,-0.5995595154570104,-0.6048810276827183,-0.6231777364773942,-0.5853903722913675,-0.49823558283583436,-0.511193678750379,-0.447055153105005,-0.4276879125750557,-0.8145043388479858,-1.285120340927267,-0.44103736118754944,-0.33817166186517017
stat_63,-0.3028997549480072,-0.3211800553226609,-0.3556810583203099,-0.360870908169444,-0.40709708070265527,-0.4157256766612206,-0.4297311761620567,-0.4914458207857813,-0.5201542244760043,-0.4785362170531022,-0.3813769993908886,-0.3729581371745016,-0.297054903276929,-0.23011125225804904,-0.18108788327830647,-0.1098458109338402,-0.027592659931023455,0.05030983949711686,0.06783688849678643,0.061894709387609874,0.04235032823415601,0.0965590428266087,0.12834134621851523,0.13437949205549157,0.1598741157235447,0.09781441214765328,-8.195529930357346e-05,-0.006897289999752706,-0.10321666952523606,-0.15516748629473223,-0.175993993211183,-0.2290084233615256,-0.22123165768388814,-0.2098783662030151,-0.21161185765924007,-0.21930913140523095,-0.20570944248905734,-0.18733629128016333,-0.16267675180527008,-0.054898958823892105,-0.04833295619978763,-0.09897796043169843,-0.12669499093029896,-0.1332601803697365,-0.18939041095320952,-0.20746455301736594,-0.2204664680020538,-0.17683354948147653,-0.1575552722185946,-0.1640750182848029,-0.1262945417049628,-0.18919975587360247,-0.24753874059392,-0.18171399555024859,-0.07312120477722402,0.01867908963066603,0.11100175757459052,0.14713598947456258,0.08435852665673851,0.008517259262322708,0.05156881928670563,0.03810988611831555,-0.09199820771777978,-0.1941265972603454,-0.27722464492923704,-0.35353295156272924,-0.41652667065785814,-0.49161479179919326,-0.6226165323023177,-0.6710820387218996,-0.5846891403174661,-0.4696512814933856,-0.49127624333643766,-0.4510876864564516,-0.41168148231556734,-0.45328597733466075,-0.3280524095672659,-0.264041513329501,-0.27517546053217024,-0.2682384363095174,-0.4597372933168746,-0.806701512762682,-0.18481786210446635,-0.09323972872346302
stat_64,-0.7423020401879453,-0.6924044373886727,-0.7259020337264227,-0.7784562448683711,-0.8150509241888029,-0.8821810322164734,-0.9112960813276948,-0.9773280832775859,-1.0405296886127184,-1.005135984041983,-0.9009106211846887,-0.8921528236224654,-0.7845036457720059,-0.71145761875459,-0.629640713710689,-0.5311249741867843,-0.4926238141020984,-0.4860955147059719,-0.477539490814741,-0.4732879567269185,-0.4969823818977237,-0.4852875276646961,-0.46077846123282684,-0.45950676569663274,-0.4463302072731966,-0.45526633673007716,-0.4146307496492373,-0.41314976194476044,-0.405799636938049,-0.4082760902928872,-0.3850829357538989,-0.38303672265867045,-0.38202473193242686,-0.38156243183123467,-0.38360484211504176,-0.36386921059286087,-0.34720968588503603,-0.30107352379419217,-0.282110134752781,-0.08567643774231161,-0.12201760527081844,-0.15550411163814004,-0.12036200043559799,-0.21245235158419015,-0.2560921476897621,-0.2799461916438317,-0.34335088419800724,-0.35287474242878547,-0.3343443866754457,-0.3222158772793575,-0.27566695626331966,-0.287883902755851,-0.3811945823713666,-0.41711392461713415,-0.37791670195439947,-0.2976312162426646,-0.3255689724906553,-0.4024610131735202,-0.3953842368643303,-0.43402634371402077,-0.40615442984322897,-0.2337682582978842,-0.12052165478506706,-0.2422302582010791,-0.4574479102585416,-0.5510370509871454,-0.6772846094798124,-0.8954371420686285,-1.0068717215392515,-1.0097205920355263,-0.9897073648391048,-1.0023248662570743,-0.9465526482100363,-0.7887722034531987,-0.6780883046519586,-0.5996097201692817,-0.6094761721314178,-0.7909792574425898,-0.893415629367694,-0.7782500904456667,-0.934627337401146,-1.9022871428724764,-0.03547865579684297,0.16654680296776855
stat_65,-0.6333665616978084,-0.6126162273522187,-0.6535452473096809,-0.6727946849769002,-0.6127244020500531,-0.5835029058154918,-0.520121867262227,-0.46208013982752794,-0.3942506710511466,-0.3558483730344558,-0.3755016852157233,-0.38075406333511447,-0.47909217919991054,-0.5063025639983746,-0.5010075706837166,-0.49642621901281775,-0.4225204858291524,-0.3911861048854898,-0.3705588614845597,-0.357148930344753,-0.3871216273720868,-0.37233054433728247,-0.3348040864567975,-0.328471026437208,-0.33014895778719566,-0.34236381608807315,-0.3452052731318557,-0.3446663437760455,-0.3432015826987531,-0.3666001730769444,-0.38725863715785475,-0.3902307442615123,-0.38162352853391124,-0.35272243116431423,-0.3520415680125855,-0.334559624000716,-0.3054128499991495,-0.2765079906458465,-0.266397793082267,-0.04426065780575296,-0.036847339652439574,-0.04776763575586916,-0.11072805516992912,-0.18329465115096114,-0.2689672750476714,-0.2752152918621252,-0.32319114519102016,-0.37982009976581554,-0.4249734554887032,-0.4315995936421636,-0.3924677086658568,-0.3391671876395518,-0.2557285066856833,-0.16607613727913292,-0.20476128937635288,-0.29355027975527576,-0.360061147449227,-0.3972729673089536,-0.4650471152057293,-0.45264109410030046,-0.3536334173218543,-0.32158567666917737,-0.46304060926807367,-0.5884260890259363,-0.6483134641272172,-0.6243119811255444,-0.5423315901891277,-0.473384111279903,-0.3630417790841731,-0.2977434008343595,-0.4426472208746306,-0.6197101903468056,-0.6995188291776216,-0.7369131920245918,-0.7833528015383648,-0.6803728620334117,-0.6345668788505245,-0.7111440271652066,-0.5139005506201599,-0.481161968961322,-0.6902674684137032,-1.1829815791245155,-0.11064930033057949,-0.08782108595572023
stat_66,-0.3788181859996247,-0.27878810993428876,-0.2807959111539858,-0.2542544744825762,-0.290278097213252,-0.3240191697922488,-0.3737023209700532,-0.3747275929873064,-0.3602258959715452,-0.3694613060515845,-0.37781935986842885,-0.3760982490659098,-0.3639463366151692,-0.38385826699954984,-0.4830227504257001,-0.5604940124477764,-0.5841161968164502,-0.5336298847464295,-0.5131737799128339,-0.4809986351582152,-0.5354005351069568,-0.6650399934920376,-0.7271081766669082,-0.7307966728152003,-0.787483321965193,-0.8094917800488756,-0.7656372271316112,-0.7632597898953578,-0.7492725577668867,-0.7160026917693563,-0.6362575194562793,-0.6071974402781587,-0.5738821587775296,-0.5309549383875917,-0.5249142282085153,-0.49947121163136543,-0.4572583321973902,-0.41103540794465976,-0.3700780587131608,0.004708711298901386,0.1324491239498979,0.06258688085600925,0.005443415754080592,-0.08257690575228578,-0.15799111988514922,-0.18145687245296338,-0.2470671125538159,-0.28693215638461966,-0.32979217970215197,-0.38372377235378613,-0.4315532340188116,-0.527036744501744,-0.6674360699946632,-0.7220155449310596,-0.8533558828971514,-0.9984124790051756,-1.0273804728440605,-0.9521693127789604,-0.8619771061152274,-0.7414255336164147,-0.520143523796223,-0.5110702759663472,-0.6899802520003725,-0.7280156987102447,-0.6593290627221073,-0.5677273096082487,-0.5133623708074554,-0.5936569158009679,-0.6465884748371552,-0.4892550358790802,-0.5168778219640447,-0.728266324002532,-0.6696089150766443,-0.40089516407678133,-0.37219005706813496,-0.40719445269642857,-0.44296200372214634,-0.6809326932355232,-0.28767594655530204,-0.335728254596478,-1.0021441985804584,-1.2601441322368567,-0.6911711864233399,-0.5717697293135592
stat_67,-0.7569368132322701,-0.7326060107303679,-0.7314688567645943,-0.6731399197504574,-0.5872441526822225,-0.5568690173524543,-0.5411628864669751,-0.5199477623223064,-0.5674257807713549,-0.616271354702731,-0.6266875963891706,-0.6256247508684193,-0.6428651055694543,-0.5858486883555335,-0.5376556367970828,-0.5383083245922362,-0.5541363364738174,-0.5397602738249464,-0.5306736060483692,-0.5098538717916298,-0.49114942894804514,-0.5083688687098964,-0.48795167648608084,-0.4784077603559278,-0.47199912983126713,-0.49238926504422426,-0.45333321795551806,-0.44963062431395956,-0.42800031224862395,-0.42035120514804936,-0.3493192570975487,-0.26679370738137165,-0.2622900020259208,-0.27542380623182916,-0.27013335307674713,-0.2527561350310554,-0.19418474762921517,-0.1724721134666859,-0.1913667709987043,-0.10825500281285927,-0.10102586782550263,-0.13298921152907847,-0.1642911945437982,-0.17517283960333638,-0.1515185884156219,-0.13931175513039065,-0.18021143729416358,-0.20300082302365619,-0.20881815453055352,-0.1629211728252169,-0.07678599910411604,-0.15941142945601777,-0.3187844929560194,-0.3737002994407092,-0.42949361947271053,-0.4810098377628689,-0.47698813313840394,-0.43185711453197073,-0.4557522025727329,-0.46997885309582255,-0.34975209127578205,-0.3288295322818465,-0.45888852831009885,-0.4812192842039337,-0.4437188287623344,-0.5343500578889034,-0.5854723099143306,-0.6855699966142546,-0.6238044815622155,-0.4907269687495907,-0.48535384836340695,-0.6063499809861774,-0.6167553011280521,-0.6573310782982315,-0.7717825667549472,-0.8534213244385965,-0.8447552939458302,-0.7721991459937512,-0.6084991654480556,-0.6003099782885141,-0.9062772881734474,-1.5389109725466685,-0.12744807276983963,-0.1144260020002911
stat_68,0.24224407791988065,0.26913939586813196,0.2996140722832239,0.3412938239369818,0.2846425250029557,0.16054034950194784,0.04593536447186684,-0.038659816006003246,-0.1320726608413983,-0.25703168507085433,-0.3183011528291502,-0.32072005287623834,-0.3359320974519073,-0.33050408983916363,-0.3342910389298931,-0.34229472534587707,-0.36620281032955854,-0.35954690648727977,-0.3473695756889721,-0.2920727867845213,-0.26761217372055257,-0.27650521079324425,-0.28969743931882713,-0.2929145233249802,-0.3371294215584622,-0.3671155090128356,-0.3127094360737398,-0.3082884394568441,-0.3098097583940867,-0.2096854026749489,-0.10422368833370917,-0.051030160034568006,-0.04490435245983482,-0.025972534746167907,-0.023679689251885593,0.006240671461741751,0.015379880007372525,-0.05548600762864826,-0.05791017592639623,-0.0682331515800064,-0.1090445340391608,-0.17516072498824634,-0.16417381193547728,-0.0714301587071327,-0.05694999751909206,-0.04628898335060228,-0.040845884868976175,-0.02647414243391631,-0.06332592213077524,-0.09674631260775747,-0.06069913469304917,-0.0954968835887975,-0.2039573675329784,-0.31600256087389844,-0.3636713234859656,-0.3837597724584584,-0.35320706560262777,-0.31258520430815134,-0.28031496116677423,-0.22676807695810292,-0.1436084517618581,-0.16386703842328218,-0.3409411602805044,-0.41584734929362094,-0.39402232868767945,-0.42814339028416043,-0.42370452799237396,-0.4783711792629875,-0.3671393598172107,-0.10612650020581867,0.01425591695220104,-0.0017431855165356035,0.13049534820384565,0.3116647065097899,0.3479697141263403,0.3626267378102212,0.2570842236442019,0.2877991496350111,0.12404788097103203,-0.04137066757870554,-0.11612492539884589,0.06514102018411665,-0.1841716851565956,-0.2258771964788793
stat_69,-1.0175970388739732,-1.0072357218298464,-1.0166725508377192,-0.9638561136503279,-0.8672379309963941,-0.8111173756234819,-0.7802815082901581,-0.8107369376035231,-0.8657664282826283,-0.9005145472487313,-0.8807604872430616,-0.8800258783925082,-0.8537288344717037,-0.7708636630049993,-0.6764275130696239,-0.6685934495604849,-0.7121895393193977,-0.7365057613242824,-0.7427502122293861,-0.7374532741731514,-0.7014765401826649,-0.7263806388570877,-0.6904550995186141,-0.6821399516485469,-0.679061504630638,-0.701875254123605,-0.6657432448436124,-0.6627050066278674,-0.6567719482132194,-0.638339040764961,-0.5878915340694761,-0.5419383025596842,-0.5390318871912105,-0.4738396781895537,-0.4681039120543575,-0.4324575251599461,-0.41140689175805173,-0.3808437172699898,-0.37836348910017786,-0.08626563978113294,-0.18190786680531945,-0.19197450761796794,-0.17514695712787698,-0.19850014557001813,-0.36546359124775646,-0.3235007739571361,-0.3274641349175345,-0.36108533013722716,-0.42746460404161973,-0.41788456976167276,-0.3697579485638254,-0.4305245512207463,-0.565285197364358,-0.6021831312897139,-0.6037655176350404,-0.6813087485914824,-0.6839548726280433,-0.5849124372167195,-0.6467936307750423,-0.7308570676373598,-0.6593061139315023,-0.5864261887900117,-0.6122776921181369,-0.5518303004326379,-0.5184441558566589,-0.6968560536030391,-0.8577611197487276,-0.9209794630550152,-0.9291757172646042,-0.8602851783652531,-0.7916940721211577,-0.7952921667301579,-0.8358722488727403,-0.9568571267482876,-1.12323950244441,-1.17558440734345,-1.0949616061213885,-1.075173371374712,-0.9278074128438238,-0.8588187508016025,-1.2870834047096997,-2.2873767938703597,-0.010816313231271074,-0.02316536683355642
stat_7,0.678996463069012,0.7514530837389116,0.7488652727591473,0.6736378033736004,0.6503161814820642,0.692069010742917,0.7000013307952337,0.7010244530596144,0.6719106165631389,0.6050815593130409,0.6414364823180687,0.6492761436501377,0.7361998752428,0.7802402505947328,0.8072516623285054,0.6660129793083445,0.5360622357622442,0.48556470679426256,0.46308788101017384,0.4052445158485915,0.3234722762738576,0.34283237513583764,0.3293267546962278,0.32912452738540166,0.3762065800681136,0.4400672406130729,0.4767295421433844,0.4827315606740514,0.6176590979404444,0.6770165406442338,0.7748850132307483,0.7831498855885527,0.6561183536735218,0.5644786765362191,0.5538869876613202,0.422093412860183,0.22932682164627885,0.09578595900125769,-0.0055738727327702435,,-0.4779485375058236,-0.6844469533743563,-0.5600168486647494,-0.565611424672979,-0.5347627833614835,-0.3732479475552109,-0.1324709447898283,0.13561986037733512,0.4238611043655847,0.6535320789478163,0.8924429836915978,0.8203145981937647,0.7075463702530549,0.6429161902258294,0.4454417530966655,0.3470593694737539,0.23049534842771163,0.07173344901041002,0.0572634883362594,0.1417106664498319,0.2195567344103653,0.3494665410419213,0.3666140891312322,0.5758703403236425,0.8488838399290041,0.8001590097800868,0.7241281545758109,0.5400237832044162,0.46545015073859675,0.6321926317475535,0.7039517193755456,0.7537301697471644,0.8045686810242223,0.6650653830168431,0.7146291907305293,0.8808619620652649,0.8473155916603866,0.7587772165448202,0.5936078870548978,0.5871426654862895,0.36657329858597976,1.1828986965193353,-0.34469071743264984,-0.6833194705061209
stat_70,-0.6431266697838907,-0.7351104775659908,-0.825483884859566,-0.9144131295760113,-0.9905915261968508,-1.080904467579233,-1.1369557474294816,-1.1018644129321542,-1.036937990596536,-0.9339895988900749,-0.8340996110542187,-0.8307711845093417,-0.7597671453901504,-0.6770692024242957,-0.6085280192972984,-0.5609007800187036,-0.5202158346984989,-0.4933401793792106,-0.4807295596562086,-0.4398510118133797,-0.3901619265559156,-0.3610904675358765,-0.31737925225177355,-0.3086646848065012,-0.280647679927108,-0.29389801801406473,-0.3055325120408674,-0.30710350286731186,-0.3295291065442405,-0.34691339537580546,-0.351813713913986,-0.3617139817504319,-0.3488510167392926,-0.34617612712172924,-0.34207217594001127,-0.3178366232850108,-0.2930564665301036,-0.2794292995188429,-0.25916783027682744,0.037910621091627704,0.0541875038048366,-0.009502899540743178,-0.07150465959027981,-0.15916740366465676,-0.17876025059018305,-0.161935983225994,-0.1893896311225309,-0.2238404612167476,-0.25460361554866223,-0.2759423816199193,-0.3008561118842923,-0.3036194057675999,-0.28927237491887253,-0.24505292127952305,-0.1884429743623281,-0.16489628240824572,-0.10785850708642875,-0.12204184265383124,-0.15772018676236046,-0.13719626168771967,-0.16259554766309317,-0.21491150641828538,-0.3258139391117542,-0.39415888561613754,-0.4210800309273793,-0.5428552302408123,-0.7063774573084789,-0.885355659609472,-1.0778006922859718,-1.2154762514126822,-1.3339112665260429,-1.4523292959075325,-1.441561999840512,-1.3002622706471065,-1.1903973870593691,-1.086005160492641,-0.9929164879290706,-0.9022248044037385,-0.5607869520592133,-0.5157634304667484,-1.1940880997011494,-1.911176545694753,-0.5829648877480731,-0.3147416568787216
stat_71,0.5905143744321,0.6754228345434298,0.7261530770636285,0.776456674350743,0.8605528207384265,0.9452631653085173,1.0492088055642919,1.1820203950855357,1.2331292983940223,1.156570414732949,1.0497449115434756,1.0456307757964878,1.0045342969608784,0.945208392972892,0.8361823073864835,0.7518920692714859,0.7379482441387664,0.7114962259692811,0.7143822691691434,0.7067123145092838,0.6830060308993877,0.6697418940742259,0.6258034089182416,0.6175653254927743,0.5501990899847621,0.4704671103334235,0.43878994075833466,0.43717822933547157,0.35043226958515794,0.3129084864698385,0.26576451360542874,0.3252436128805341,0.3361593697221154,0.28112531590043477,0.28205631661003866,0.2463407881975516,0.19037971757165992,0.19357298942069615,0.2018788823416886,-0.04735802919808091,-0.04682426709409571,-0.11006366774464824,-0.1460703625115367,-0.11327340449664293,-0.04007817675890869,-0.046307593800051956,-0.009719154927926401,0.05633710988601322,0.13136474590689823,0.23392916896314178,0.2353089601874613,0.14945665415327541,0.09407986490616593,0.10640928773260455,0.23025448067034976,0.37459160522263446,0.46457707408084015,0.4992631554513594,0.5699082279150532,0.6450744591571852,0.7083553724754729,0.7733525330373099,0.7411805740542387,0.7413193985867189,0.8216703928517942,0.9521368643679857,1.0689024461807146,1.1305464222916648,1.2511636892863662,1.341089899369805,1.1308480111388863,0.9566446400882849,0.9347287558380709,0.8339934174476297,0.6534405153475169,0.581765808120787,0.5205446794357327,0.400979136976385,0.745275630544041,0.7107651570969752,0.8364385264050318,1.629313439327499,-0.14791517659621473,-0.019177644948530602
stat_72,-0.42999540173988693,-0.3904721748242388,-0.35915228473994365,-0.32257596309285336,-0.2859094619227294,-0.23358961236107847,-0.19779341519012605,-0.1931407563355377,-0.23235998590450535,-0.2848259429505632,-0.3050876175079264,-0.3095406529020106,-0.3546660941225131,-0.3463871564995109,-0.26297709951746073,-0.21838226090456878,-0.18729541081366904,-0.16723436206766165,-0.15800423127780522,-0.14230783751576187,-0.16279742859495988,-0.13940037175356187,-0.11492982995893006,-0.10566049642057836,-0.037333395514623155,-0.009741698672469492,0.028377958643351433,0.030357892033931185,0.040946782312815184,0.04617680478404043,0.041895798569265646,0.04314880277943941,0.03828705866301064,0.04840971279215176,0.04761127242838502,0.04728134905402186,0.06750310340167906,0.0976457548305631,0.11681774155433816,-0.12517724830308033,-0.07971604882812607,-0.05344037039263086,0.02287736102934582,0.07731058698882097,0.07744246989417122,0.08255229828902884,0.05543975548224578,0.005097563473434697,-0.018829148565159482,-0.029620064433836427,-0.008489638379456693,0.02967701273762235,0.044740008530727605,0.0744515751745572,0.0709027223875113,0.020494732292050944,-0.02218627913065494,-0.14008266275742257,-0.27661036687549556,-0.30605374823128584,-0.249484536855471,-0.2133741853404895,-0.1757181941966657,-0.2063507919602537,-0.27168409829839735,-0.35361031100928053,-0.3901175819329721,-0.3389971156781788,-0.2678824392113284,-0.19584375613052357,-0.21107065942048872,-0.22062531568225957,-0.25588073155667185,-0.3244460021072812,-0.3889172605386063,-0.4261691226523668,-0.5054307736634389,-0.5601591916078229,-0.29280705618294034,-0.28406531805528157,-0.042193076502036096,-0.42323458354267224,0.32328706847231214,0.4005958704512513
stat_73,-0.34350546904695245,-0.3734748819680401,-0.4192546377558432,-0.454177471850531,-0.4687113833437381,-0.42412033284361517,-0.38474568711734863,-0.40891448062505736,-0.3914925684365183,-0.3512032078340584,-0.3516656897288853,-0.354492741988445,-0.4275995660519969,-0.38650186761007416,-0.32877711605587745,-0.3303425252984595,-0.3698187720573333,-0.4048052365916151,-0.4029985270897373,-0.3973996875987327,-0.3861537721307995,-0.3850498553402758,-0.3826117951206459,-0.3833529069981715,-0.4015352329704324,-0.4127557318724221,-0.40249138118684025,-0.40096914357056335,-0.3658733703011232,-0.2856153270922141,-0.19124693990545583,-0.13365607337515056,-0.11750997958876161,-0.13060200966568752,-0.13295838655472547,-0.14517150004632368,-0.12770604304792263,-0.10553656257668834,-0.05108560290001133,-0.05567123010002448,0.0049025591703270146,0.010808965886980154,-0.01999907163414544,-0.09148307837185538,-0.08532404708456748,-0.015128362651843206,0.01985710949963474,-0.00248901501815369,-0.03241669678330761,-0.044807119814227185,-0.02024081427331584,0.0017377579155063117,-0.04914877500572129,-0.1525929621224511,-0.33588818316570007,-0.47868594927465496,-0.5190262396473085,-0.5182892959593286,-0.49488715967968827,-0.4646154660112305,-0.46401020058398973,-0.5523226428408698,-0.45424004468957885,-0.2795762163149147,-0.28544278604620843,-0.3688971390798293,-0.4456034528407136,-0.3770975355234216,-0.28089232264567837,-0.23803809984490482,-0.21727116933121157,-0.2288672255905409,-0.3335240423320361,-0.5234736360931561,-0.5974985273791342,-0.5397153312731103,-0.48901618744863146,-0.4253945781290981,-0.3953924864250008,-0.38553910097507665,-0.1948082885078372,-0.9382819352227044,0.3460865186882667,0.7804404986360547
stat_74,-0.49343538502738876,-0.42220171193812356,-0.4535829877294367,-0.4659973885507084,-0.40335493233254666,-0.39077288002144067,-0.35562639324015344,-0.35912307478837197,-0.2850217900007515,-0.2072987161920561,-0.12377718204882217,-0.11872712288870224,-0.12821415204922976,-0.12480290874224029,-0.0965223229736192,-0.09925323919258433,-0.09221767853875021,-0.07927721476267023,-0.06968345259406311,-0.03130197254438074,-0.02003692837430123,-0.052109037610561376,-0.1132827227082062,-0.11634175252577614,-0.18399016089373135,-0.2614845586305407,-0.3063411241589624,-0.3088821383827183,-0.3239896909056446,-0.32023375388311687,-0.2857773996724821,-0.2502976477853272,-0.23485229424319892,-0.20114664611483346,-0.1982508993615407,-0.16370915416563558,-0.12262586787978977,-0.09250138554974872,-0.09515906179587469,-0.12379498711798877,-0.10013814234328715,-0.18323391671513578,-0.15756085625835037,-0.10772539200314832,-0.11041268071828694,-0.11177635793461185,-0.17637385593065524,-0.24381035773511944,-0.27079694768600016,-0.31375019043533237,-0.3247251180707798,-0.35998797815084,-0.4490100038964902,-0.4945435691540946,-0.4982945995613385,-0.5012138411692025,-0.3714243645014587,-0.1145701925144171,0.004323646437776787,-0.004427045345927354,0.01033613291438467,-0.019093183107969796,-0.07444390080886537,-0.11042089276765331,-0.16156095541341883,-0.22575280993572847,-0.18159432242917214,-0.1352133843827335,-0.19035538377494177,-0.24063693281868095,-0.3616044923518391,-0.44116989672603685,-0.42531113425723965,-0.4142660611523317,-0.5224777924628732,-0.5528953073436855,-0.6038917044192038,-0.7369637149051321,-0.4505042957312423,-0.3447780379388912,-0.5329322752415546,-0.9150778779081875,-0.12023838526860917,-0.0035151736888550614
stat_75,0.06522746236795651,0.13997737054431914,0.1578641604737483,0.264407298895047,0.35930200282823604,0.3363422241429638,0.23043660416584127,0.16652224080026165,0.08305963398972425,0.07451450015275768,0.14987350059026422,0.1520417507897778,0.16921705460375247,0.22675616985059246,0.2673405569890825,0.2307614377164315,0.20667196700676393,0.1281962247429616,0.11588390704790018,0.08979535537171864,0.04652593250915735,-0.027818014265051854,-0.058295778662669405,-0.06072139154852215,-0.10239798924046974,-0.051475410474631465,-0.05217661746423703,-0.05504285766203571,-0.07205631011867253,-0.07128342075371749,-0.10183943394116579,-0.10484012564232939,-0.10814745689712142,-0.1081631872624698,-0.1093062537582577,-0.11919944784711917,-0.1276975863229993,-0.12137595865424292,-0.0580182409033393,,,,,,-0.041535119031671085,-0.11473051955635095,-0.09241990183866035,-0.10694775441676635,-0.15909656180334458,-0.18657575614665906,-0.20339203592103347,-0.17600714179145316,-0.1118815075104617,-0.10570564272860547,-0.09865087039091841,-0.15908500490376776,-0.2113803434502728,-0.16583173392362763,-0.06996415671547915,-0.03367326470818469,-0.03395384120746397,0.13298859992119752,0.22780795101535053,0.14301706213031803,0.11468645988835274,0.18444041082555407,0.169188239447254,0.2104239967702733,0.10506966130471847,0.022172025503038328,0.196662199339456,0.4173327347501617,0.5039154845143271,0.48384910817930765,0.3169639874364155,0.18502262910392628,0.12643861253554053,-0.018877333261980593,0.11087601155088816,0.14923092904510865,0.20632024760989806,0.4314307608417826,0.15134025036302254,0.01400627750376133
stat_76,-0.6842875688892959,-0.6958657299760875,-0.7403619550564446,-0.6639712539503935,-0.5865619782035684,-0.5410831133992474,-0.6267499989240016,-0.6704035856798168,-0.6878631704460804,-0.6689273853301946,-0.6150706413668102,-0.6147076034780539,-0.6122237741865977,-0.5823154755780239,-0.4900327598104051,-0.44566330517377073,-0.371244797813512,-0.3503221385781131,-0.3376019874525178,-0.28788535922522257,-0.25353817516063415,-0.21675693376651306,-0.17213516575341242,-0.1620085638837536,-0.0792625147187755,-0.06885636141133886,-0.08331286199291743,-0.0862207643642597,-0.15917213857179643,-0.21759216611043855,-0.2232437527890502,-0.2113806631546824,-0.19971261909960852,-0.19727614859638773,-0.19868497586576592,-0.1760181791384222,-0.1533024365513415,-0.10831359710052638,-0.07223683193906051,0.02377357841639377,-0.03002887913645037,-0.01462368800105711,0.0006816111754662756,-0.01675477237245722,-0.12852931875633944,-0.20771939491632713,-0.28311521609880436,-0.3104957776515817,-0.20511596394718865,-0.1592913932308026,-0.1675371479091365,-0.1989821320227081,-0.18990284757740075,-0.08374015312234022,0.04105584735266965,0.06064771202395616,0.032429136553189485,-0.02730567864445825,-0.1535801766186324,-0.22503129877778938,-0.21686774602243952,-0.21947282407344473,-0.27226992487240226,-0.33506473138798454,-0.4492824541523295,-0.492422981791632,-0.5017838416260071,-0.5283932481986593,-0.6709472655749348,-0.8212620832664289,-0.7234500528789295,-0.5423509305187408,-0.4415939521327309,-0.5404649896168091,-0.7265918491016802,-0.8370093690738761,-0.7635404002936836,-0.6410148160540391,-0.6622929419313287,-0.49127332565055165,-0.5453523376862203,-1.2859829503064273,0.157578037191293,0.4372490497375088
stat_77,1.0154758441533298,0.954970168334311,0.8684983595163306,0.816522415428524,0.8104761107163935,0.8315085269474859,0.8641148768046668,0.9366710129983582,0.9169863832640868,0.8889353535492018,0.8733136995487791,0.8726896477913925,0.8703335886827748,0.8864763898494508,0.8306024777363915,0.7258185895469421,0.6719133785038243,0.6632083364029684,0.6571730802931403,0.6125821045480774,0.5645389749178197,0.5559654498432057,0.542476570718809,0.5446883349968312,0.5615198757416449,0.5769641383538915,0.5648752047066181,0.5660474230078407,0.5739584550674219,0.5187718064708381,0.472735777790038,0.40379108186172546,0.35744358532152987,0.3399495342878612,0.3356090560710569,0.27999347521702245,0.29322666770998523,0.31870551655635865,0.33827242995990964,0.07165513640428968,0.08259609202311967,-0.06757266835164513,-0.016600409657826096,-0.020056467346922322,0.009048953526706812,-0.03121942754304969,-0.014603966742196007,0.041299494519403776,0.08832333963034483,0.0997100246678197,0.1421596050525156,0.3194936734087023,0.4822385709874121,0.5036185993688591,0.4256529980103066,0.40246853291501583,0.36681946411622857,0.35622593272553793,0.3089894358116341,0.22282051714930645,0.23421739757331367,0.20915671746458353,0.18076922037386614,0.366080817148406,0.46860428865017023,0.5465701125754193,0.6366104471985417,0.6719462278687085,0.7385584351839357,0.8553371509908525,0.8883163028204631,0.8105160141670451,0.7682207130724356,0.7124373451473771,0.7116708537738815,0.8517510138205057,0.906307002927267,0.9329020026748017,0.9342910878327612,0.901904661402995,0.785718100905508,1.7499253983960545,-0.26841034147845105,-0.26316959148788605
stat_78,-0.35736642408489133,-0.33725261497947295,-0.4510859091635804,-0.4490057226483087,-0.4368889806810863,-0.39493426363757816,-0.43673824212266976,-0.44067889033499036,-0.48847015354023254,-0.46644888389345707,-0.42961049028242076,-0.4272699175179978,-0.37514177123036724,-0.37503349116131107,-0.4189879810911708,-0.45214560712217317,-0.4877520252236649,-0.458807709185265,-0.43347353044055387,-0.3238536506520658,-0.28324409272808726,-0.28016191858652406,-0.2398216535249975,-0.2330488414101306,-0.24806717204134973,-0.2606087049344131,-0.27549693741448494,-0.2770307336371954,-0.3125382477501291,-0.3293783854045985,-0.32575807613071256,-0.29592888012746205,-0.3060361403198592,-0.3074579933394407,-0.3061366047394613,-0.3102332116581283,-0.31435266552456687,-0.30273146715319216,-0.3074725592903583,-0.07065340463793444,-0.04782984308623871,-0.07126268580183241,-0.09857361779508982,-0.12515926962975857,-0.28727549390974866,-0.3328080044718567,-0.31525468558180353,-0.2139729129052814,-0.14721072633459573,-0.13793760305183328,-0.13317523280032012,-0.1392834262789226,-0.15375045832365022,-0.14241734359821204,-0.1982266400350769,-0.28340163967197574,-0.24182066398847674,-0.14185329188208962,-0.08121432255446753,-0.06904811822102253,-0.16413125735885398,-0.2886595237339906,-0.23211192882895712,-0.1940682121035877,-0.2046382669074306,-0.23476270014345194,-0.3635733456404875,-0.5033397510811906,-0.49443109465670293,-0.4384556794356756,-0.3657703925841997,-0.3449147372996676,-0.46876042891785064,-0.5744116230358172,-0.616961049526828,-0.44998313739629303,-0.21206043264762073,-0.37206513751124975,-0.628004243481869,-0.5607816080785872,-0.2494770192032081,-0.9389654825788699,0.3865821886721061,0.6038538686230936
stat_79,0.41787071506840834,0.3525473480089793,0.37012301611071663,0.5239184977470508,0.5413642000313023,0.49690946832191646,0.4322570401931835,0.36388487266517516,0.26072691899740175,0.3876230538649955,0.48686797290381834,0.4879824449874012,0.5106857066793675,0.43526524235813097,0.4318744371083457,0.3409361446415354,0.21159236583812038,0.17530535432260688,0.163396331093065,0.20134919339758128,0.21939054028607363,0.31729564787753944,0.3183239065110609,0.3086546514029985,0.2432909082731682,0.19779712783531758,0.17404426657636896,0.1752719603779726,0.23454077979105206,0.26590839000858024,0.22629471367594414,0.19985997140777673,0.11648210496993873,0.047846636577290796,0.041700766113393746,0.07558769811416557,0.09759779935565327,0.07650527374978365,0.09992969886309892,,,,0.19089776840119746,0.01746160479281225,0.13944846732194485,0.07609747825832773,-0.05560184973150527,-0.16339460771631828,-0.19550557727669843,0.017003990382710006,0.1939126195499806,0.18741788574546808,0.26585369879126974,0.243827001050536,0.07264652945429798,0.11347464956213964,0.3055331808136396,0.389369126224369,0.24252100310726998,0.10466863523306887,0.04543682043354147,-0.06448647859742032,0.0662183021173199,0.40267557999915726,0.4228378842187145,0.40934788290180485,0.5965822796214177,0.716938953527963,0.43958887806152985,0.12156960149696251,0.2284289187713349,0.36690780437393766,0.49912838521605873,0.635065684335187,0.5566379954478226,0.3148550671815087,0.3148039934813869,0.5451208172678954,0.3567120729927285,0.4068366449330761,0.21204956067163389,0.6694666403266069,-0.20202874275179514,-0.34443153617625555
stat_8,0.068155139216253,0.0482028561867392,0.05838874081390783,0.13308608679466746,0.16420659476770844,0.15029981588876493,0.1512403408763208,0.19968910395875802,0.31424282640085494,0.32868007657411696,0.37051123401913655,0.37559392896851,0.4104987058960391,0.38151248471322935,0.337648457670792,0.2718065857912675,0.1979426677686268,0.1767886480537824,0.16822755664296568,0.14291391829990524,0.1336768711148701,0.1642066780229204,0.2567033126525763,0.27827112215745703,0.36755230535494665,0.3821534006039405,0.40389431662738634,0.4096733783573348,0.49045880712043677,0.5135328095706172,0.5646470830127452,0.5817799227348733,0.5478780968863863,0.5184459795775151,0.5184290729056565,0.4846548970613278,0.4496817869058546,0.4411615399594595,0.39925592016732947,0.0011808564970860957,0.1558458780719311,0.23477399382335593,0.2453212817383383,0.2997351891955134,0.41547914549964954,0.44320295298813184,0.37653462234769164,0.4597801935032129,0.6037280231762977,0.7392395218817231,0.8728934174910079,0.7769037849271045,0.6578876050471893,0.6457046624078033,0.5279316689905414,0.40365614763035385,0.44630528231686944,0.4401451840319302,0.3083177666386971,0.2165177469961082,0.10117511966556687,0.05377352975886347,0.07215638093449929,0.27903903923012363,0.4469553312084356,0.5010511093842899,0.48210856719349127,0.3979837226427092,0.37728153343766885,0.3475897336119897,0.15498984053008766,0.07168247838857342,0.07144839885452688,0.17206010064048324,0.22968113428893738,0.14232686638694286,0.03842748396903417,0.11907009624226303,-0.0426323432687478,0.14362893255220213,0.1851171372447152,0.15244732631572613,-0.11006887535132574,0.0030076017894502547
stat_80,-0.5950780967533119,-0.6371182381314973,-0.6463706376736484,-0.5568901100847751,-0.5067122309422103,-0.4636878123416866,-0.5182246143316289,-0.5397380189475193,-0.48259520369989195,-0.39319172039857136,-0.37545679021329875,-0.3758004704380628,-0.44713312976271125,-0.5046593085820305,-0.5000547509238089,-0.5107612607655458,-0.4930917568361612,-0.464638989324369,-0.4580970769717657,-0.4090191269707662,-0.3632810232926741,-0.3326207180903694,-0.3229276960037932,-0.3235360515376411,-0.33412579657020536,-0.31707699393670186,-0.36641053630226567,-0.3692836723899665,-0.32630120939188456,-0.2641675584836367,-0.3021931850915387,-0.3401240866096174,-0.3456589087098224,-0.324145848235444,-0.31418789567635386,-0.26784770259290325,-0.23743888489117163,-0.20269779103166524,-0.23654327275850642,-0.021976172923602523,0.030512014755454942,-0.05668574259337841,-0.06808302907657589,-0.1002001787865978,-0.06809751348551167,-0.07705472755645264,-0.1062854880379925,-0.11786857532215968,-0.211145292626069,-0.3262168426906287,-0.36002095880758295,-0.32222789507230093,-0.27044083765733234,-0.33773813972925587,-0.44097538908655964,-0.3763932121412195,-0.27724022045668123,-0.259585187667958,-0.1899566230182055,-0.18345910864950063,-0.4064296286135189,-0.5837934744483865,-0.5649765077350141,-0.5078748785782167,-0.5634211488544411,-0.6211893753345348,-0.5178145693827519,-0.33136878558435046,-0.3698616870455008,-0.5692496590016531,-0.688476855701225,-0.5240396463271465,-0.4361016063735909,-0.4556259727066317,-0.5241207488457035,-0.7382905037911406,-0.712081936706009,-0.5284002745937492,-0.591543427710128,-0.6165845185229709,-0.6450984120994051,-1.184308748727744,0.12816567490295436,-0.017201483841640736
stat_81,-0.02812540734959463,0.009581019009634515,0.10470946189687215,0.054226608050756686,0.03470871782161937,0.0476760789327236,0.0634731371981296,0.018380142394034335,-0.12696705799009214,-0.19967493645094156,-0.15434358283157237,-0.1523204408412028,-0.07464512608084801,0.012894542737526243,0.004601959516518871,0.045579003983837116,0.05529030098799999,0.04015843381797114,0.046375208151029294,0.04315257499959097,-0.02391429708038245,-0.03096000733287538,-0.052459140127586276,-0.08543284546719099,-0.08632010744445515,-0.052427665917057456,-0.011285845428420146,-0.00926708825901339,-0.00975867546416487,-0.07976604382515098,-0.1345734820606263,-0.17438328366907963,-0.17859238375462005,-0.1644898115822353,-0.16864539115962762,-0.12609389537325005,-0.10162713162823507,-0.06213492538864686,-0.09325413268069334,,,,,,-0.06844756608764498,-0.050670523943431356,-0.01744347921749838,-0.06589144400928783,-0.3027893118100338,-0.3088770218363081,-0.26816454191791017,-0.20106378149275833,-0.06003271909186895,0.04572172490968037,0.02795108494973526,-0.07279233694476953,-0.13882767764732018,-0.1581097013608206,-0.04226351559264699,0.010905361664789623,0.029646250809477692,0.17992755566671279,0.15001574753128183,-0.034515376323762254,-0.13560901572230363,-0.11519165234071012,-0.07349645495233098,-0.1809636600014388,-0.2788795026244422,-0.16141248566442706,-0.00815250837130222,0.05989684448270095,0.0717118005106768,0.035168631377321444,0.09104946699256973,0.13647834064196676,-0.057506277776606315,-0.14694232291907733,-0.08066658245913126,0.01929116125491286,-0.03851776067286182,-0.09421249136957077,0.1698367353686424,0.07868405025790802
stat_82,-0.08245596572801409,-0.09015723182312378,0.04507769917196544,0.10475060558828724,0.10457085491910553,0.17353872825853103,0.18892091792231155,0.17014553936477586,0.012830916989282076,-0.023739627786041186,-0.024312749755775083,-0.01417307336774421,0.08155486179836312,0.06560683727273772,-0.07594886317965573,-0.05710665344067558,-0.04744094664515671,-0.0015612771326668877,0.010633678413838252,-0.006329045020783412,0.07472828239672435,0.13129502753620684,0.10518933024591688,0.10356104551659866,0.07333796881027659,0.09529326841901437,0.039651345279195595,0.032823203288565736,0.008148067978325062,0.02206515773754981,0.1663151082974002,0.2425150616449683,0.2458664182019386,0.22352707470496236,0.21348054736737526,0.10323048938191959,0.038146997039330124,-0.03941577695851846,-0.07692974992391488,,-0.03129731444145755,-0.05015514601441667,-0.07267440049272855,0.051671483584858076,-0.05534991718161123,-0.10484764085596496,-0.06549483555553533,0.05992319516345962,0.2502334871790863,0.33971282531660113,0.3029409262289622,0.23119961403399705,0.1388602892182565,0.14285783758517268,0.179710629516305,0.1831819332296565,0.21857999562604757,0.2573028142255137,0.19634061158597851,0.04384574881212387,-0.0028491674318893608,-0.0001590265615190527,-0.05797980243102389,-0.13553915655451645,-0.016037017230865695,0.17085319906934873,0.18331960148871967,0.08448353972469731,-0.046987925194446875,-0.05836551087536346,0.15270610663876552,0.271535783158746,0.2516728283699503,0.17029690359468908,0.16573934486672093,0.11082405561817318,0.013639364371703233,0.051201448694257704,-0.11913734195853133,0.09938345550317902,0.16817285784135752,0.10174936475155359,-0.17791909100694692,0.05282048952675686
stat_83,,,,,,,,,,,,,,,,,,,,,,,,,,,,,,,,,,,,,,,,,,,,,,,,,,,,,,,,,,,,,,,,,,,,,,,,,,,,,,,,,,,,
stat_84,0.02958384440432248,-0.03867240795035742,-0.12775770730076283,-0.0947250863829728,-0.06766422025980418,0.006778802440398348,0.0313224486045111,0.021338880809294386,-0.0438109693686317,-0.15866481542654878,-0.16987766851741254,-0.1644542271700435,-0.05226345787351798,-0.04294129363675793,-0.20281532912054395,-0.2492676048599471,-0.22206205192857062,-0.2238620417392071,-0.2293867414975933,-0.2299374365296108,-0.12697661086236395,0.01929678596802147,0.06106250501140043,0.050891587553059905,-0.0008378604183381073,-0.05147599897976961,-0.044809503350175736,-0.046040214363422,-0.030876813436505182,-0.09092654421068687,-0.12552981507658598,-0.11390600625427252,-0.10137058742844983,-0.14783338793703732,-0.15260319590918126,-0.13086885289953154,-0.04016257018617191,0.0013285676967290825,-0.0240403492970132,,-0.1087432390951073,-0.018312946412084023,-0.07396930625998593,-0.03931213359634116,0.006691553878598735,-0.0441601248452496,-0.08763404566511547,-0.10838264354434625,-0.16613460119054868,-0.22611333192811495,-0.23305188628877677,-0.11662507619641355,-0.034984085353255936,0.005565511011519863,0.15105063879169575,0.1350226368087975,0.16258872151931034,0.28723882780675825,0.16465836476670667,-0.07042729418697317,-0.16365762901667244,-0.19207948507873687,-0.269150170717081,-0.24760535251315982,-0.20830399528389965,-0.006158685115255912,0.006325951795734431,-0.21469103961674524,-0.20667443969713534,-0.027585284486745413,0.09126759381375826,0.13929442472390097,0.06732942034925625,-0.049716024278321405,0.04180295500661655,0.1737329694649175,0.16218527802102703,0.12674835469496742,-0.13540457062597308,-0.0666522391804574,0.37513992951093494,0.18025237912089928,0.1653343903048443,0.3038722054231669
stat_85,-0.5089446631132531,-0.4160081710326622,-0.405708509397556,-0.39717903761451784,-0.4633805254411324,-0.4657044354354206,-0.522657859460288,-0.662447109911558,-0.7526507724061986,-0.8072791258689689,-0.7826414407168705,-0.7832287083938021,-0.818844256130533,-0.7807548631809934,-0.6127583546416671,-0.5828562612716688,-0.6061407792926031,-0.5496849773618202,-0.5382570454803912,-0.5965494266782984,-0.5223436947417314,-0.37814770526939956,-0.31251139522762017,-0.3107038828084797,-0.2767310637915368,-0.21454052054096032,-0.17077979285594472,-0.16749665979494216,-0.14201435466771897,-0.09394802581803295,0.017592309235156606,0.08520392041718408,0.1264619310595201,0.11827359479960611,0.11213948628467472,0.08871094479232768,0.016359109331830924,-0.05219999680900786,-0.09835623927565669,-0.1070930572326847,-0.10914795422558607,-0.09587773568764718,-0.011683720347454745,-0.04645850614203821,-0.08824725817499156,-0.0998069621565608,0.0007153849711153544,0.09602103360972587,0.1380374302866355,0.18255165401707643,0.18924759116808387,0.11158119930173252,0.007561112828583754,0.07016679077956268,0.1427352469220835,0.04148623181404061,-0.12885163591800392,-0.0790777002429558,-0.11541476655439553,-0.40654303054637647,-0.5115773421655153,-0.54109631019527,-0.5293516152836418,-0.47123582016169435,-0.5727978916635568,-0.6954379606463318,-0.7228988695558466,-0.7786365198088177,-0.8138338844173773,-0.8144764991800069,-0.6788076445451644,-0.4187331982918048,-0.32118152924947324,-0.3278952641193964,-0.19436975088773245,-0.03295235222562623,-0.0576224325527795,-0.2766557203676442,-0.5499613196721606,-0.4863445059894861,-0.08752722711061516,-0.7372734736182063,0.2245030837333919,0.5594492774556977
stat_86,-0.5849181190959519,-0.6047219409533761,-0.5116648777833485,-0.38148729913261104,-0.36980797750806127,-0.3591891875741079,-0.3379091281687588,-0.3446881396181595,-0.3535920402235022,-0.38065790043029524,-0.4426622651405366,-0.4481445190363954,-0.5026270647727873,-0.5356795335459112,-0.5052471576328117,-0.4344923193559375,-0.4262553964453248,-0.4235680128844146,-0.4330896094598529,-0.4024522830895437,-0.3278255099034732,-0.2959357540433538,-0.29451548632871977,-0.2930930759781726,-0.2623225255605882,-0.2152757221566943,-0.22023668839159977,-0.2209581885985849,-0.19997065047132284,-0.1403920759243671,-0.10929855282609444,-0.0664716235655925,-0.07905265441230486,-0.10082135667022389,-0.10132610255175896,-0.06735648749316661,0.01757045595029651,0.07335059542484233,0.08949524149827068,-0.1949822657494644,-0.14602933677047705,-0.05821849116885219,-0.03274584312703664,0.13640858145270932,0.1630576460322792,0.1509256261894718,0.0826403927132732,0.004148473872403887,-0.04106757942063908,0.008945608058893247,0.06041329909004896,0.007189752493072727,-0.06753934995551968,-0.0357074349993698,0.04347239204295142,0.10228308700741894,0.060710207348247544,-0.031184844513877562,-0.108694596482993,-0.16869999405770233,-0.25106799704593163,-0.2891479990309059,-0.3349539043636459,-0.4081109550236127,-0.5487684032288106,-0.5686902240092305,-0.40293765549460503,-0.30682878932082713,-0.342158645181985,-0.37642996015947805,-0.3133365036497908,-0.29797340821807394,-0.25772946677955,-0.1805324010538773,-0.32441935375693376,-0.5856167654856069,-0.6278981813870558,-0.7107870491582712,-0.49091057054724585,-0.4057615783133446,-0.1919111886221574,-0.8965726275816448,0.09906848720487556,0.411066359861778
stat_87,0.5156064459343239,0.3346168418934262,0.21572652821070396,0.18646302405049933,0.062118930045846246,-0.0858405060685925,-0.17812383585879185,-0.30393081475629924,-0.31582618503054694,-0.24718726902934657,-0.2565303229918315,-0.2566380369627135,-0.23717954037901423,-0.19463490918632917,-0.21948729990094704,-0.221914878973777,-0.24279192433180952,-0.23972356408701032,-0.25532671739661084,-0.22338175355231896,-0.19231340070892328,-0.07319848012946191,-0.02719326036613694,-0.03378732068264228,-0.0465675177245865,0.0002243535735727887,0.038921688124517774,0.04500318105193409,0.13890591241807912,0.24114157422865248,0.27062343141437434,0.3348915406720016,0.3525766451861843,0.34897518244261677,0.352976783623173,0.35793413390066825,0.3168456068564348,0.29408759670544216,0.30143753071352664,0.060842907174621194,0.12742012759457114,0.3084888264301393,0.3028326393571744,0.2683180144981989,0.24812629218741047,0.2829092605094513,0.3125124634955115,0.28235160399409076,0.30224987226876404,0.43490473344598995,0.4825653335850233,0.42258942144188927,0.34451839473452545,0.28483740171613386,0.17728592433387852,0.051224395088579844,0.04525607046970774,0.07166448948740926,0.005538805311370879,-0.08329513901601639,-0.20485922601734044,-0.29516614152794557,-0.2401759738947125,-0.2117143963212924,-0.22000538754867593,-0.28400027313292003,-0.3834646358254214,-0.39930652605917666,-0.4007516195252362,-0.4316155444910202,-0.5074507739667841,-0.3739976241475924,-0.11211898137302632,0.06302233222025456,0.19422017266773825,0.2711247366180915,0.45978302241691216,0.781333683552438,0.25680496230917205,0.14265691287901255,0.1748489019254449,0.561970002110497,-0.22407980753375892,-0.23361297176780862
stat_88,-0.8030123190162037,-0.7797930912548167,-0.6613941596037097,-0.7021494865803899,-0.6763758743715357,-0.6511655689061364,-0.5440527853187079,-0.6297087036590957,-0.6185795022757481,-0.5766873052060486,-0.5405326082130912,-0.5386376966938696,-0.41965108398934675,-0.4343764502995222,-0.5389051348818213,-0.5443158286971468,-0.48302090489941146,-0.47678888672698466,-0.5006404676377947,-0.5796502557394473,-0.6165039435507782,-0.6378113047357233,-0.5575363493876052,-0.5434496286601864,-0.4620494952352736,-0.442904008330497,-0.4563408400914698,-0.4535627512060336,-0.428728226626497,-0.4302328250196332,-0.4219259658974924,-0.3244870668939147,-0.20386570034284834,-0.0935410229891649,-0.08318770389833895,-0.08112464859910123,-0.08632048393392941,-0.06720435825003164,-0.05383983748322956,0.005227006952129294,-0.04312623303264448,0.11423293166579648,0.013245435015114429,0.031673445606009876,0.007852129404179791,-0.011200320130463301,-0.0039441493124565356,0.09268213648974112,0.19110456932225872,0.0748591628547957,-0.3242299437871013,-0.5411052879385301,-0.47177837386255495,-0.2496669264541091,-0.09151657463911475,-0.20946183112057898,-0.29348181732971207,-0.30956231889827696,-0.42226451185746583,-0.4783702891262032,-0.3928676473865812,-0.39409252639607983,-0.49603918249634077,-0.6863420737144263,-0.6012931010799543,-0.36438566574182435,-0.36222835048569774,-0.4915620898566811,-0.6633910674958116,-0.8838130704165659,-0.7791145251388817,-0.6401739944220284,-0.6735627406585205,-0.6887040139970405,-0.616032335855343,-0.5175598057671297,-0.7307113114026277,-0.7205519139011994,-0.6977496524686507,-0.5484478532517296,-0.7600717639930695,-1.4791322663204143,-0.052069617470670265,0.057492004738090796
stat_89,0.10178613280422712,0.1829118383424335,0.25904838383107087,0.1445230161040356,0.12802504435171752,0.1694579835228061,0.13243150497611614,0.10944884922913063,0.07586505136781851,-0.053432690377024014,-0.10883502504983811,-0.11454565817879994,-0.1863478895632513,-0.17358908548659813,-0.24703476749026893,-0.22107386902664725,-0.2944234335989388,-0.3358056886665163,-0.33754297184307996,-0.35252447657134445,-0.33921715275999204,-0.321205581159255,-0.3019374237294176,-0.2891211400340304,-0.2219872958386715,-0.24628521896932346,-0.2992931520837902,-0.3020886227063348,-0.36177376584451104,-0.3064890449220597,-0.2502803164904619,-0.1664773751408356,-0.12728436244329594,-0.07767786397402106,-0.07481967220999239,-0.11296558350412186,-0.18445799600524254,-0.21590298984374368,-0.15848382379253648,,,0.18804823351767452,0.0892165852261059,-0.031387243084458914,-0.1351462601366392,-0.1950535825724124,-0.13354795537127062,0.06157691754089852,0.11927491862996865,0.053333395640051004,-0.08779042932616564,-0.19873936677476708,-0.2657788050916077,-0.34203159563976915,-0.2730259314724317,-0.17512422989740978,-0.24286136609254655,-0.3241799737235259,-0.3252862156842282,-0.3471273616385229,-0.3534113493811161,-0.3514388089380928,-0.29100992568310374,-0.21878665563147598,-0.25162101465561937,-0.1796479561294587,-0.19292041419205733,-0.11777269813031807,-0.09600921900714787,-0.025154516741201827,0.13839676810747986,0.27324767862516425,0.4175593713512005,0.48621474788179264,0.4952071233640525,0.26495008351070093,0.19306183783585415,0.12734452336737906,0.028436431588646623,-0.1594316384888037,0.14010785244752,0.0339826522714526,0.13560766016797574,0.2542215533212305
stat_9,-0.7815780318033692,-0.758730768175275,-0.7188546713096211,-0.6006297729248868,-0.3778069415886685,-0.14766584828812948,-0.009485530646355302,0.12793261165035774,0.3134930421494584,0.5015855937444916,0.6175611933030279,0.6220596866053097,0.6273324784326515,0.5949054828374781,0.5475685496082452,0.5003480001707427,0.4399680627860992,0.39826845837409525,0.4080466727083702,0.39181392034161855,0.34816771069336105,0.30122058975520977,0.29124383757416294,0.29162208525852973,0.29618187257535483,0.27688225464859334,0.3075426569283861,0.3137936171902094,0.3830518673150532,0.46514238131588687,0.44876851860159195,0.280243881563975,0.21328078493562386,0.20960483601595115,0.20575009996540553,0.24113187266441583,0.23183570550755733,0.23078691415758543,0.22557451244772894,,,,,,0.15043101673176604,0.11354429304394523,0.3117830881227807,0.1667316794286313,0.15829522230145043,0.37631297348466297,0.6609917945041209,0.9476193158450956,1.0023535186649468,0.8637361281076897,0.557001915460833,0.32403477284452714,0.227927064340893,0.13284380785085584,0.19751339151453778,0.1308951895000206,0.08807022204900605,0.2691722725097152,0.4515704948694889,0.5928316019977186,0.6948356131358198,0.821151568078748,0.9818157174568419,1.014507428485373,0.8698384288168718,0.6858363432973931,0.421540486021569,0.1473783298219361,-0.045390824031884526,-0.32480902440255044,-0.7373160824862762,-0.9629715683993274,-1.058915641491272,-1.1251429477281316,-0.37425885361828587,-0.001201246728826244,-0.11754124653696,-0.4274725868474733,0.16885562683415345,0.1566797764850486
stat_90,0.4007434299568196,0.5703522108913699,0.6374617396331099,0.5564126311574846,0.5630189636517857,0.5473615239501789,0.5574628037495886,0.6206085234109512,0.7383855066434482,0.8065443659944757,0.7488261012923272,0.7416938726636687,0.7340774910033986,0.6697896095547159,0.6358618214291397,0.6503630170714146,0.6295947896056057,0.5309940691265373,0.5028150122153751,0.4326208663257792,0.46192269480677745,0.4147349607764885,0.38136142589395194,0.3604858954361349,0.2802850745542989,0.34578364403384104,0.28575875952643087,0.281317104314649,0.20905881075106852,0.2015847690698264,0.24343031116633704,0.22721637406554104,0.17181868648771217,-0.14675648540723488,-0.14424057045191235,-0.07751869263669461,-0.028169952767940955,-0.03991305778185411,-0.043125514138339406,,,,,,-0.12831012913761441,-0.13507115812836673,-0.08962329085618122,0.0018980405756635873,0.11556920561759658,0.40244861568089474,0.27163142029723014,0.06876081696296323,0.0009442965573611844,0.05493242042028347,0.22630011579807385,0.351479104912962,0.2887099636571107,0.30434013135519733,0.3241806279131275,0.36117287101963735,0.3730720269946425,0.5132936772599019,0.6723234736747137,0.7782618255015733,0.8281362908782033,0.8317615714034424,0.8737850156428423,0.9480948848513228,1.0016282058779664,0.9245869953847535,0.7383545291710256,0.643212492954663,0.6801252353172555,0.8604118218851503,0.8758895161741437,0.7417003159936144,0.6303110454486743,0.4783329476034713,0.4581720715302795,0.4063264009379962,0.73941763624436,1.2872623797937968,0.034536433988000645,0.04603047338391192
stat_91,0.14851770487415175,0.12565542693747617,0.14559262759465255,0.08726566466532441,0.2217662381937292,0.35542154866404757,0.43752212048910716,0.4820598031826685,0.49802400736839475,0.486771724597978,0.472031783293884,0.46893616834085766,0.4654726253948166,0.46141583949215437,0.3822979474240776,0.3052037520227551,0.26245098343476153,0.1496542113099922,0.11225481551825255,0.08314474910422824,0.11153178213587475,0.07031272657781433,-0.0001642930128725943,-0.007325170388368681,-0.0577886718900445,-0.15419001263211346,-0.2287775067881616,-0.23485554126061634,-0.31748875726643383,-0.3154450229392897,-0.2969293835345538,-0.2111462955413423,-0.1853499312789098,-0.16261902423836122,-0.1616980374098829,-0.12511976320509932,-0.0602449337715755,-0.019417713393696724,-0.021292462692275187,0.02963772325692501,0.008484993156605619,-0.030833737132066004,0.0494993108415348,0.0014582617794022352,-0.0015110944572955557,-0.04137303090092606,-0.04972712314675692,-0.04003800852012044,-0.035273660994264926,-0.06933701623301758,-0.1607519359979819,-0.26449633033371156,-0.31866643838811665,-0.33567272858143243,-0.2546992170396232,-0.1051255866260045,-0.008362553688488652,0.0034367054609483563,0.11829875437705636,0.13634030150375095,0.042331372421149316,0.06789222219090325,0.23702996092189066,0.4031341400327746,0.5281767803270908,0.585215292140582,0.5163970424573106,0.5735670094953306,0.6769780950807952,0.6433736584921473,0.5681764646063053,0.5135913120680745,0.5482848426000693,0.37527876419510675,0.14446093860695416,0.14205711340934535,0.046535948652037765,0.058720176174686736,0.32941613635711536,0.25090787268489134,0.5178196658231967,0.643212468201377,0.24493717705908652,0.3601826288271684
stat_92,0.18664445025816462,0.22494610060640527,0.23483749569478424,0.19396869121875412,0.18412555354119556,0.25127376408854374,0.3218628349869817,0.3471965278370181,0.3027399810768752,0.24946981862413506,0.20120325643940945,0.20367745999621462,0.17629076022084317,0.11947442217563733,0.09789915825639224,0.22232739349549513,0.34556341529864226,0.36174305614838115,0.3498635286403803,0.2710752082137143,0.18660610033396774,0.20550562893877472,0.26644820762424154,0.2694174713266059,0.30447828320018205,0.3143045638943414,0.2472002050718532,0.24394534699791495,0.23420195669328464,0.23190976416372355,0.2898989453927774,0.34891941379642455,0.35451293734665773,0.30462003226478473,0.2958618602329711,0.23498021765339316,0.21379583712082836,0.2656732973570269,0.3097167905855254,0.1792402139769825,0.05645226975742754,0.2135873342409296,0.22104507416824265,0.29588095901755107,0.2681011183323842,0.21196894584388887,0.15238221804732302,0.2194726960414178,0.4305615429885414,0.587187727668495,0.5896932590213825,0.5016497638799562,0.45832955459872743,0.37390279136845844,0.2940306548894713,0.4417077800010432,0.5077860811403537,0.3233358600026952,0.18817128030603356,0.18318264679277885,0.3754452600116623,0.57477472406137,0.4485702261351737,0.2538653786940603,0.19488717319537638,0.34326721379998604,0.32726170686670475,0.22274981864959853,0.31965553651870793,0.4004649240697673,0.36797164806274746,0.3616985160327843,0.3632994129916257,0.3547098716905523,0.36793294317218883,0.35515780265816227,0.31031765561333674,0.3706861198096626,0.16081939261169587,0.1451410211184458,0.3444791918528723,0.2741219646992193,0.3758389220129199,0.47102557878815116
stat_93,-0.15320060685035908,-0.07948430980186573,0.121174092824139,0.12088759412710214,0.0340902835201953,0.04236848051250872,0.0019606489642637285,0.014748194211796515,0.09161906137081988,0.18407633755602035,0.21789167524759517,0.22302500919320678,0.40977003985350957,0.48797495528046403,0.4140393043171112,0.4945207700160551,0.5395919437058522,0.6043593250781034,0.6304144132234312,0.4966055751828961,0.41802039578370753,0.42890861677862924,0.3079670763644393,0.2844562746443978,0.23328468339792877,0.20558867378742463,0.12322778356730245,0.12134589615593397,0.13530719952546658,0.1302269860703237,0.1983734922916262,0.09557325546014592,0.03047480405818225,-0.04087183049618027,-0.041494847151957094,-0.09897496530084093,-0.04138217030882965,-0.030784068134029376,-0.028958053683233727,-0.06161857754829705,0.04701999479976824,0.12314236342746461,0.11534605784650373,0.04894850105333941,0.0017639859760041037,-0.0970625739855665,-0.19600035015103354,-0.12422614450807326,-0.13322092348312414,-0.15940047600274346,-0.0775165876016578,0.09846786207174668,0.14486237566639984,0.08323623072164058,0.03102490840476404,0.07950390691702372,0.13811112485840146,0.2917896332200302,0.5134573879460038,0.45224290682268703,0.3944875019541908,0.4379014890173496,0.4389144427432855,0.493654910581129,0.42553543740720773,0.4058913360621398,0.3437557254439789,0.20097484649440486,0.1417632625525704,-0.005369252786652785,-0.15490052768621945,-0.11331349296791442,0.035248438318208807,0.1387087288037076,0.20713118049265583,0.14968159356596025,-0.1672258162615264,-0.22408172162910925,-0.02483141507746995,0.1641764555064721,0.0013531931915779774,0.2009240075253532,-0.1914533552561685,-0.29216556680593286
stat_94,0.46906821678461336,0.53883959774218,0.6760832410627149,0.6380934042939426,0.6677211622490549,0.6588842226598713,0.7113799730960898,0.691499184479575,0.6766287698150674,0.693722708901673,0.7042724117176012,0.7031556379555574,0.6905307046519783,0.6831491552342699,0.69569334139266,0.6968630473501298,0.6745265268501361,0.6205309135247988,0.5881633897171195,0.41728301081058733,0.37226755055260907,0.42503611361775306,0.47998150174371584,0.48287604098914205,0.4545799024356566,0.45477317373986303,0.3786921839971313,0.3741003053412834,0.3067036213620458,0.3040085874285558,0.3177502383034498,0.33646948867694376,0.4174750320479587,0.4566737537358885,0.4564731543417373,0.4169835497484548,0.356874766022615,0.36710881422934,0.31202978012557364,,,-0.01989593504292722,0.00195225357604545,0.15331063774434486,0.14247537321979212,0.20691373121666756,0.2770903654201042,0.4378791387198455,0.5706785331721653,0.525474896884579,0.38644475473579415,0.24806900465861167,0.1535911710930873,0.170185172847142,0.3381364975151793,0.5461355854531886,0.5906780682338734,0.4268198933412413,0.2754335409518802,0.2418207200460989,0.3694631894563472,0.7285615558610717,1.0026301100021973,0.897281869781596,0.7953229331611619,0.733898901850158,0.7063909047153568,0.837342752592433,0.8608657154589611,0.7481982229707801,0.6466993158952334,0.6794065783244139,0.7477655704221228,0.7794763543788161,0.8668483736081649,0.813345208330604,0.5958252265111608,0.43305687826107314,0.5317145460485679,0.5988046219781055,0.7729972442520886,1.3667172149263154,0.009780660077714765,0.12930902936816052
stat_95,0.2360769401524833,0.2691316149043488,0.3292885922836487,0.45325813251916525,0.6601302763339106,0.686440875103742,0.5909271502788787,0.487184444305919,0.4191801682811401,0.3368957880763461,0.26056973619508783,0.2583443149457101,0.21199659737271345,0.1815124212967526,0.14153064248437258,0.21424360582255844,0.2692989898545969,0.3301219896870818,0.30899061106820924,0.21797127675638903,0.22895377853555804,0.26058413423136056,0.20286746406212688,0.18738636071784226,0.1458239805055135,0.15446321583651185,0.19432905394799874,0.1980877282142782,0.22488274264154498,0.32938212174175235,0.3935896112107674,0.42829109970963214,0.3238138075606085,0.2510118906401315,0.2505852970452972,0.21598972209610373,0.2131671013616739,0.20016007758907164,0.1896446526102069,0.20316953725004755,0.20295931328014613,0.4327768878274036,0.3006446134519216,0.24965279817648897,0.18503891425796143,0.24153785341928263,0.2325171311690819,0.14635582680228257,0.1680330848190264,0.39341480309980814,0.6002624266034713,0.5308630861089102,0.42543296423876814,0.3178034396403806,0.19513769945825124,0.18662611536384355,0.1332273232216782,0.11528337727936541,0.2404749005548644,0.28682163963612956,0.2681333172235268,0.3679625612938966,0.39152483707166263,0.39156779561925853,0.2966263742513336,0.295462871795164,0.1596067135134726,0.10181830002973419,0.24964446179275565,0.44254311220813597,0.6202619686830946,0.6933821371108063,0.8762471041443106,0.8274897243369642,0.49517621093003383,0.36422512937574947,0.43572727304729025,0.348473723609053,0.3481428431470023,0.36461748710529257,0.6207531359332179,0.9945551207734062,0.262501042176251,-0.025567744591807155
stat_96,0.6806027923528488,0.7342236798132431,0.8607605436938013,0.9830020027713616,0.9826686588891905,0.9528994271251015,0.9536458740528959,0.9832483153953733,0.9820611065446053,1.0319088028099839,1.0238305338715583,1.0190837008092497,1.0061560641431488,0.9613131020905293,0.9697040508680158,0.9532748694117764,0.955639596146017,0.9604012139637867,0.9497995840767718,0.9108859208397801,0.8945046373424462,0.8397241702349747,0.7774113150036179,0.7686350511105161,0.752847831483817,0.7393129893567325,0.7836510509293345,0.7887072699447343,0.8614543067965021,0.7574293897459182,0.7857121849017533,0.7821798212203863,0.7902278872337803,0.674520369639548,0.6707950358670127,0.5834329868874174,0.49935839540908167,0.49040073002972534,,,,,,,,0.24114915216595495,0.19792634405805454,0.16063045318816388,0.30470790162814715,0.5742741743154535,0.5345937442780764,0.5842070066127855,0.6355571592920423,0.8617819220662407,0.8632754620677433,0.9772757565925125,1.028721237412554,0.9331852396449152,0.981823308819766,1.076896093705535,1.0847953659591265,1.161719549178985,1.175491238574454,1.1677268849253237,1.2225897113195847,1.2168210938331487,1.238646040099868,1.2831721750302671,1.270417922209957,1.230369965771634,1.205115208338273,1.2125976182647078,1.2318115767134745,1.269598760526401,1.2813434996004773,1.1178582130841093,0.9159358280001448,0.8948477370663811,0.6668020760577686,0.6983159621015534,1.3914303064302571,2.0396510072623824,0.6136102263162676,0.7530523362710171
stat_97,-0.3375884757724668,-0.29456447093821014,-0.055337947913191514,-0.0005639056974173924,0.012379370500274052,-0.09601610781594172,-0.01067556473850155,0.21525202659511505,0.3841258903417349,0.30458305406898495,0.12031379487852525,0.1107807637456162,-0.0379414702566932,-0.17570925645523452,-0.23557148940277278,-0.20447696629830894,-0.1859492247950601,-0.14030488435759256,-0.10258003149800629,0.002960675167478974,0.02324725016557066,0.01325044430231023,-0.060525276120629946,-0.06509699407924126,-0.16997718204080564,-0.3244906748826321,-0.3181410526948712,-0.3074228816291491,-0.15899023787541997,-0.035655435917848685,0.13383769288781358,0.24624556225465494,0.3408871533069321,0.4446630016007415,0.45632235346206795,0.4601124733071907,0.3820923653082402,0.3517613830420542,0.2682754015208351,,,,,,0.2522939538527748,0.36631246698025866,0.6336257991449693,0.941942159493402,0.960125923971376,0.6967420638338041,0.41276338919299727,0.1909053992250404,0.02754173459152753,-0.204634147444563,-0.41841256694217194,-0.45489944817019834,-0.2979685139531372,-0.10818877320856392,0.09101322271323666,0.2758319640318786,0.26560191404372185,-0.028720877175577933,-0.2079566889701067,-0.24458775563884835,-0.2590373693088584,-0.1621208051734741,-0.0061489637153462435,0.2343643157496837,0.5132869898775275,0.539791297964072,0.21226635957173004,-0.07642060995908842,-0.0990656898230742,0.0473494489393837,0.2498484411853128,0.14230355773589584,-0.2121261155252499,-0.29851052684342144,-0.11986718675105182,-0.0373106066322093,-0.23151289888561227,-0.17577626963951193,-0.04850220724652029,-0.29499581554401044
stat_98,1.217316559526708,1.2107845286616576,1.1980880072991889,1.2201313721839593,1.1704699338191982,1.0945713009626523,1.0552245762140873,1.0317773589721873,1.0867468851327402,1.0536285966945904,1.053420809821177,1.0623937082116774,1.108532926649327,1.0541787174678428,0.9809669109644666,0.9556805067561326,0.9227397368170734,0.8966789797296718,0.8838161702315547,0.8682367098334,0.8234956415699852,0.8070613159579244,0.7889472635908379,0.7830313610344196,0.7527525901648644,0.6819588942319168,0.6501213813981042,0.6434805733028207,0.6150505172826732,0.6962295790654036,0.7970298784625386,0.8996152270705209,0.9131505186024136,0.8976963847285427,0.8961870303249572,0.7999198180739533,0.6685974659520402,0.6138095117024729,0.5900174228320891,0.13241270215643983,0.15164055510850905,0.34575602633087665,0.2036189116278526,0.305935689609864,0.3593915014984498,0.2895028417530311,0.3267891596959336,0.6002105470833418,0.8823342650059234,0.9337777667025918,0.9458539325539115,0.8709512200437233,0.7157878639510444,0.6788102006184514,0.677908135827594,0.6672436757639634,0.7867252025623553,0.8537065086568172,0.7997488938182663,0.9054677055790258,1.0803225440408302,1.0114517909755711,0.8506830383027554,0.946249662376913,1.1534339367850814,1.2926277699645488,1.3815411791035976,1.2271426048526393,1.121048477982447,1.1734489650068705,1.1078383047042448,1.0413933019789297,1.1809188082485516,1.355733386463349,1.3988496363800578,1.36842159768548,1.3023980373978328,1.3508934667847863,1.0698639893115989,0.907620578973128,1.247681225530688,2.3035377618034154,0.34780834826656243,0.20830425259451632
stat_99,-0.12748710415630007,0.0037342943747968593,0.14440737689459876,0.21029409935145155,0.1280368450019233,-0.022851847836316223,-0.038415482366660224,-0.01448847818842588,-0.00497180099077194,0.03737833695209501,0.0548888874224513,0.05179876578633344,0.10583906182883476,-0.03473463080153297,-0.16965127950543785,-0.23608586279951715,-0.35867439477245794,-0.39388969827361703,-0.4008471634562323,-0.3628696372747551,-0.21876117821139301,-0.12797140660414616,-0.0960119068486162,-0.08892204323967955,-0.13025488295509005,-0.11500803541158057,-0.1754752381355214,-0.18018397200686814,-0.15951873012380988,-0.16317583630276208,-0.20915180238023665,-0.2704043585269735,-0.2158277015238461,-0.2585004537353547,-0.2558939225486887,-0.17796595456085965,-0.11843912255191578,0.05412202599664289,,,,,,,,0.23957420238706467,-0.02795068270344954,-0.30340407663612173,-0.5496371544489709,-0.4956129839481381,-0.4474314051073902,-0.3982782663244072,-0.23206263960810378,-0.20351653004412334,-0.14622866690324426,-0.008882596034549425,-0.10380894313567217,-0.12643155280482168,-0.1573818320498698,-0.2741832808195702,-0.5150141718439988,-0.6188363721267114,-0.47623103782458437,-0.35872637103530114,-0.22008893325308293,0.07188267661654935,0.23719485709358637,0.18085103094502478,0.08811125457801569,-0.02051818480040944,-0.10668367287405839,-0.33995942480282537,-0.19241934580017273,0.25437784209437436,0.5087183053510036,0.32762556132794457,0.008699469308215108,-0.18358063350100096,-0.0384770083158385,-0.060009451363904176,-0.5080777081494083,-0.44508326475672333,-0.31229943202437815,-0.4893389600775204
