,pSA_1.000000000000,pSA_1.072267222000,pSA_1.149756995000,pSA_1.232846739000,pSA_1.321941148000,pSA_1.417474163000,pSA_1.519911083000,pSA_1.629750835000,pSA_1.747528400000,pSA_1.873817423000,pSA_2.000000000000,pSA_2.009233003000,pSA_2.154434690000,pSA_2.310129700000,pSA_2.477076356000,pSA_2.656087783000,pSA_2.848035868000,pSA_3.000000000000,pSA_3.053855509000,pSA_3.274549163000,pSA_3.511191734000,pSA_3.764935807000,pSA_4.000000000000,pSA_4.037017259000,pSA_4.328761281000,pSA_4.641588834000,pSA_4.977023564000,pSA_5.000000000000,pSA_5.336699231000,pSA_5.722367659000,pSA_6.135907273000,pSA_6.579332247000,pSA_7.054802311000,pSA_7.500000000000,pSA_7.564633276000,pSA_8.111308308000,pSA_8.697490026000,pSA_9.326033469000,pSA_10.000000000000,EAS_0.050000000000,EAS_0.060000000000,EAS_0.070000000000,EAS_0.080000000000,EAS_0.090000000000,EAS_0.100000000000,EAS_0.107226722000,EAS_0.114975700000,EAS_0.123284674000,EAS_0.132194115000,EAS_0.141747416000,EAS_0.151991108000,EAS_0.162975084000,EAS_0.174752840000,EAS_0.187381742000,EAS_0.200923300000,EAS_0.215443469000,EAS_0.231012970000,EAS_0.247707636000,EAS_0.265608778000,EAS_0.284803587000,EAS_0.305385551000,EAS_0.327454916000,EAS_0.351119173000,EAS_0.376493581000,EAS_0.403701726000,EAS_0.432876128000,EAS_0.464158883000,EAS_0.497702356000,EAS_0.533669923000,EAS_0.572236766000,EAS_0.613590727000,EAS_0.657933225000,EAS_0.705480231000,EAS_0.756463328000,EAS_0.811130831000,EAS_0.869749003000,EAS_0.932603347000,EAS_1.000000000000,PGA,PGV,CAV,AI,Ds575,Ds595
stat_1,0.24287781075576084,0.2453363358799146,0.24345730776264993,0.24038936322999174,0.2398519305316953,0.2401973796992991,0.23823468383020782,0.23429065983922642,0.23385786423396226,0.231338409247781,0.22591508759126222,0.22558846776182026,0.22062008114623471,0.21599052642563304,0.21097808083923394,0.20618351023591955,0.20073217204544744,0.19722089940382342,0.19538489884175242,0.19382821639483336,0.19086846704160798,0.18768083976504116,0.18448660630023328,0.18439242557208624,0.18043042668153747,0.1733768581728189,0.16718700879644777,0.16693956413116168,0.16455057108591764,0.16089292763561225,0.1575358672140451,0.1563991966175723,0.1547467466950596,0.15374677766475067,0.1535225746335627,0.15108647755955876,0.14784212019596993,0.1431409794252918,0.14062653009410037,0.1075765463353381,0.1016188364638937,0.1119880837352123,0.11709249756567805,0.1201698442867195,0.1367841362560948,0.14907027456265923,0.1527629581330254,0.15811992394467364,0.17092146493663932,0.17385134036732156,0.17315673316394306,0.17137080111419556,0.17302196665104652,0.17486626807695346,0.1764089553914538,0.1846993999403395,0.19588441688648045,0.19819967328965368,0.20560799004334226,0.21440183481150585,0.21372830636401005,0.20978848162381233,0.21174859886343328,0.21634071442670988,0.22322858849588828,0.22404592971691512,0.22739142726172024,0.2389748057524413,0.2429229343696079,0.23605096826111654,0.232832724910456,0.24264759551263637,0.2464073925967549,0.24232783195903398,0.23878711175777745,0.24186195850813594,0.24723320616872885,0.24404116858591396,0.23212602589508127,0.20401601760167273,0.1640556324271324,0.37674487902696396,0.19281506875640733,0.16283254568942973
stat_2,0.16681325248247897,0.16853740142948123,0.167226784878367,0.16522859042796512,0.16502068304390763,0.16555729865581809,0.1645735418836901,0.16186005610195167,0.16158379077760007,0.15989727699181996,0.15608201191873644,0.15584643617358862,0.15230146863827154,0.14925908932844206,0.14599282510029712,0.14272483895135937,0.13884031360533258,0.13629576924683046,0.13498650486371275,0.13408212777990663,0.13214766466551764,0.1300366570959117,0.1281009727542031,0.12807598713403964,0.12514394365036685,0.12438225074686113,0.1198043760498102,0.1196222759966704,0.1179034386520199,0.11514499000540304,0.11255800887910437,0.11169725593881265,0.1106066056659156,0.11002885903345838,0.1098772121866613,0.1082641350524157,0.10622839578856923,0.10328075318125457,0.10190390965827924,0.08390233430946814,0.08215258213204234,0.08565122111584594,0.09023395207332015,0.09321670250713153,0.10155031485852972,0.11063643967219874,0.11186090466223106,0.11486820313412524,0.12334325449633081,0.12468044272921444,0.12359561052527537,0.12234691439220538,0.12422028952810711,0.12554209027374078,0.12632869264322766,0.1324699842230854,0.13643439000660157,0.13878672309218704,0.14393169255186122,0.14988269218981878,0.14852051281100542,0.1451283524255479,0.1464623615759463,0.14970442787872604,0.15434502989443408,0.15466652829706173,0.15677612950465905,0.16490854306132466,0.16773870871460114,0.1627735701893271,0.1605167170285782,0.16739434006914264,0.16954327314180268,0.16630635661071583,0.16378974953645692,0.16588833631212657,0.1696262759580683,0.16732645567429913,0.15990769973012545,0.14070587059886486,0.11479827726873652,0.2603049331676608,0.14311166957396637,0.11447635610099788
stat_3,0.17303560707461588,0.17482555412817083,0.17346205846338636,0.17138086328176258,0.17116619245494838,0.1717193193366907,0.1706891888462199,0.1678700114780194,0.16757932250070248,0.16582068481766357,0.16186290125202726,0.1616188375562824,0.15794128989866593,0.15477894011906188,0.1513911031704174,0.14800493773101703,0.1439763965887147,0.1413446517819685,0.13999005586966892,0.1390540674880198,0.13704741282785704,0.13485153765200134,0.13282346756018568,0.1327964600151011,0.12976612325422374,0.12435134132281776,0.11977141921939062,0.11958943167407475,0.11787731382634903,0.11511910986917419,0.11253836103654255,0.11168279247476957,0.11059403800643343,0.11002472251309167,0.10986725599396129,0.10825466317371292,0.10622866282096806,0.10327198721270124,0.10605261437276467,0.09555128492662537,0.08515746463462327,0.08941553545521251,0.09411147181230976,0.0971281267904265,0.10547206056277371,0.11061823130429738,0.11185207644717503,0.11484913135534915,0.12332477496155227,0.1246628981608985,0.12357976068437378,0.12232710007525142,0.12419139785511382,0.12551411177658509,0.12629595214573305,0.13243825962040298,0.14146460090203197,0.14385232957885077,0.14919834111986605,0.15538377319772848,0.15402089307329292,0.15052957756334115,0.15190122128258388,0.1552532140777668,0.16006389519566705,0.16038541150948415,0.16257564356691578,0.17102343307196388,0.17395787525421272,0.1688163693028081,0.16648211405358712,0.173615796707008,0.17585579116272215,0.1725012322856017,0.16986949588183048,0.17204799830010925,0.17592986916372186,0.17355342907545676,0.16584597375342108,0.14592086201852067,0.11866223262646398,0.2696051867354642,0.14777485862715728,0.11867344430936182
stat_4,0.18889122901871522,0.19084655023779087,0.18935256582737414,0.187064984364712,0.18682655838674395,0.18740885220846284,0.18624604960565208,0.18316860787771247,0.18284643472340975,0.1809135788701293,0.1765994280843315,0.17633416894183226,0.17232894424361772,0.16887496367556476,0.16515608395161036,0.16145709547438283,0.1570815278026414,0.15422710806913442,0.15275588233860612,0.1517201567197761,0.14951035578830382,0.14710631923906556,0.1521014648198621,0.15205841125361616,0.14863807511749352,0.14253667102936193,0.13734040068212003,0.1371342061075753,0.1351773394933184,0.13204866436953486,0.12913402362286577,0.12814832161139622,0.12685718737299043,0.12612497009934628,0.12593676266799753,0.12403269598630265,0.121608263413726,0.11807155014713534,0.12288115801955395,,,0.11174771107243966,0.11684534606929325,0.10665674253153268,0.12101700692273512,0.1253678949641558,0.12734081807566697,0.13110640791928876,0.14108768197378227,0.1429217996023115,0.14190117741441158,0.14049034141344552,0.142402089999955,0.14391815445056047,0.14490273505954132,0.15185974111755896,0.1618804010386243,0.1643671790115203,0.16251247134750882,0.16928267200686192,0.16796199832624542,0.16425508653982993,0.16574492381689454,0.16937816941393952,0.17463968050545683,0.17500257281370643,0.17738948743682123,0.18661605445349227,0.1898100572966224,0.1842238721013641,0.18168526277497737,0.189458641696147,0.1919419758645386,0.18829516386702577,0.18538106176464206,0.18776250751442602,0.1920104827041056,0.18943120663186244,0.18098809551223768,0.15922237008484738,0.1286275769100519,0.29350266731300473,0.15916932181598945,0.12916764746042728
stat_5,0.1667213633174449,0.1684443783265402,0.16713435816887276,0.16513576605224395,0.16492706428956302,0.16546427456915921,0.16448048945576466,0.16176623567269025,0.1614912501954689,0.15980426119513477,0.1559902681781999,0.1557548358847578,0.15221163618044645,0.149165382450271,0.14590384860841046,0.14263995095317847,0.13875309595003274,0.13621098474095464,0.13490291056919007,0.13400091005608702,0.13206885311474467,0.12995534170180395,0.1280253180190161,0.12800090952428755,0.1250728256182401,0.11983869406238176,0.11541738235663233,0.11524123821738295,0.11359018123479757,0.11092367842837517,0.10843509589192844,0.10761664761799893,0.11064302613796723,0.11007397276057695,0.10992691106487969,0.11804136938676926,0.12164124370474677,0.14308452521788997,0.15283119763316702,,,,0.13819143841829662,0.14069986328020448,0.14718717185371574,0.1490111352206752,0.12739348905383802,0.12500134456110712,0.12340266843438648,0.12472210222158972,0.11903606479344644,0.11781317949734098,0.11964748379340022,0.12092817643500693,0.12167170422234606,0.1276081682467117,0.13636245209567152,0.1387098715190595,0.14384804074244828,0.1497999689764984,0.14843697062964212,0.14504455674908304,0.1463747429805845,0.1496171484379856,0.15425248151922247,0.15456892054471136,0.1566830397711467,0.1648122508411424,0.167641400065926,0.16267996145702388,0.16042362710485825,0.16729901918487347,0.1694487595201037,0.16621581691709034,0.16370217866204173,0.1657997433300083,0.16953449212621352,0.16723787228450443,0.15981025505907265,0.14061839131157136,0.11473392572266963,0.26014526943855537,0.14306022687541442,0.11442461517783917
stat_6,0.1730388690493744,0.17483011585181849,0.17346522613977397,0.17138505830289213,0.17117490430895327,0.17173604485517935,0.17072035416692855,0.16790035711396908,0.1676127736784109,0.165853631942577,0.16189214138054614,0.16164782686765955,0.15796771114338012,0.15481093404152538,0.15142509230573023,0.1480413422363364,0.1440090572406085,0.1413751021960131,0.14001970981672507,0.13908897199538428,0.13708272706676267,0.13488815039909063,0.13288587703639837,0.13286028395472324,0.12982730430106326,0.12440977461259499,0.11983772390389809,0.11965558281037167,0.1179507407486483,0.11519114729562716,0.1126219509776153,0.11176878767096768,0.11069868921104213,0.11013083881802645,0.10998701261315344,0.10838089783971865,0.1063858568000733,0.1034805542753739,0.10630964259828493,0.08127635538430242,0.08550298060094663,0.08612931793189071,0.09061126818191939,0.09352244482939155,0.10574397932056599,0.11086729389644906,0.1120409942834739,0.11500454969545729,0.12347364262584673,0.12478495299195967,0.12367126388742944,0.1224125591965242,0.12427146432537114,0.12559328143248333,0.12636515289603414,0.13250100352575458,0.14153815784986937,0.14393289858015446,0.149257451375564,0.15544309751430846,0.15407137075780966,0.150568484497004,0.15193851461902388,0.15529163568002674,0.160098610978194,0.1604143726973954,0.16259644285873584,0.17105057412483932,0.17398920683528385,0.1688424627696016,0.16650477603346925,0.17364212322833814,0.17586572329494574,0.17249898304592914,0.1698600898016443,0.17203877675922122,0.1759231274434707,0.17354564479238002,0.16585154162363638,0.14592796721530196,0.11862702359705464,0.2695547091196033,0.14785416241438587,0.11871232369314574
stat_7,0.16121551723937105,0.16287825476174017,0.16161711996223316,0.15968960900822954,0.1594794726543245,0.15998821524190168,0.15903355239463732,0.15641213243572463,0.1561472901119997,0.15452448958329607,0.1508394201587334,0.15061187698426684,0.14719058845414426,0.1442450427664808,0.1410857948497497,0.13792454673666543,0.1341671514668961,0.13170590065045462,0.13043911159120072,0.12955813473733904,0.12768851585913035,0.12564566185231008,0.12378024256137023,0.12375619519401555,0.12091936820467591,0.11585245416643478,0.11155871705435032,0.11138769525283752,0.10978017912805395,0.10719862034523948,0.10478611664415559,0.10399296105376624,0.10299686082569195,0.10249342341911617,0.10235831994936372,0.10085853486044087,0.09896548757656966,0.09624795115697272,0.10607230285705471,,0.10754848854813712,0.10467989742375403,0.09838156294439632,0.09711510868052617,0.10547073857024915,0.10341006445232916,0.10438522413680923,0.10710081338794476,0.11492389101754716,0.11606914143383022,0.11498018440781983,0.1137901191785534,0.11559369101696415,0.11683819110942363,0.11756639372756872,0.12333399266012843,0.13182832744784148,0.1341315051682159,0.13910122848148784,0.14484869978651838,0.1435026967481815,0.1402156943804536,0.14151475204314903,0.14466174234523962,0.14915056594067091,0.14947757804638928,0.15152959718096423,0.15936986392868552,0.1621031486681762,0.1573057100860542,0.15512092017858742,0.16176616002605204,0.1638506233049205,0.16074317014335837,0.15834307483388935,0.16036989912884245,0.16397309026061907,0.16174663277091023,0.15454634059207717,0.13599152867891004,0.11137184815774102,0.25199212703472984,0.13877596393708877,0.11064651748689228
stat_8,0.1376001361535881,0.1389950509971942,0.13795315495608793,0.1363208160967982,0.13607117105018143,0.1364162373455386,0.13553653246138908,0.13331837776068467,0.13310740687674855,0.13176258431930826,0.12864635655723936,0.12845425411261002,0.12558200164377667,0.12302285117511669,0.12027766747666006,0.11755415734711945,0.11436839390199749,0.11226892839827508,0.1111837508576966,0.11036678958244932,0.10875231193719792,0.10700056782481501,0.1054030652618903,0.10538041231018361,0.10297275028878417,0.09867239949646453,0.09498185457308576,0.09483257425356778,0.09341494712657085,0.0912196651259833,0.08916687003722655,0.08851456785772147,0.08770770260670172,0.0873265159639433,0.08722320181125028,0.08595715015566602,0.08621671189584357,0.08388886918821652,0.08283592263764385,0.08089252042751569,0.07510894946014446,0.07484410892854652,0.0712265424701818,0.0737041291163328,0.08307242636886483,0.09044465892355574,0.09106226574411516,0.09125341338286824,0.09780895344768928,0.0986615315838002,0.09760346654658911,0.09651127047464512,0.09811970877509574,0.09920493568706937,0.09990072523794062,0.10489177532531761,0.11216399753069854,0.11419772432152099,0.11840941601130886,0.12328549448714919,0.12209426571744704,0.11933411368312838,0.12051234215991657,0.1232525469307054,0.12712523558851943,0.12754686579389057,0.12939498146345108,0.13594694737198504,0.1382495134240926,0.13418843293255212,0.13230149218776305,0.13793660840417762,0.13980518223546393,0.13731067761783716,0.1354503690071098,0.13717324033336467,0.14019327053725403,0.13827795962990977,0.13188933056450247,0.11605789567900644,0.09721434149274563,0.21732857341860085,0.11941200316414485,0.09408760583501942
stat_9,0.1803263024426216,0.18219272243385065,0.18076851920193007,0.178591788024735,0.17836753108665734,0.17893594396319598,0.17784775928170768,0.174908090177418,0.17460233320464175,0.1727622414948531,0.16863887319638707,0.1683849811752765,0.1645544656435136,0.1612555811758464,0.15771640345275456,0.15418916095840746,0.14999755489090907,0.14726355703778768,0.1458553915934972,0.1448762416617401,0.1427807501768863,0.14048766967578413,0.13835470254153454,0.138323460207073,0.13517724441105344,0.12955878451285754,0.12479882065342965,0.12460996586976271,0.1228305541813944,0.11996819470361109,0.11729049187212504,0.12177626390776033,0.1267937114141585,0.13344827618127542,0.13324357666775496,0.1400509210444405,0.14782361154272236,0.15616393903615886,0.15309880850832053,,,,,,0.1474001860478081,0.1606552649088765,0.15272237200092645,0.147225031551902,0.14907447899667303,0.1428546406550491,0.13482533261494836,0.12753740049953294,0.1294232045598337,0.1307963228744457,0.13162643460059392,0.1380047597063667,0.14733360394042075,0.14976175851885912,0.15533580751134962,0.16179242828238663,0.160440188651134,0.1568441674126458,0.15826674496760926,0.16174841733065207,0.1667626110755921,0.1670993094063282,0.16938153008030987,0.17819202002436824,0.18124751001758682,0.17590039826731826,0.17347301713759064,0.1809030710154105,0.1832522938529264,0.17976187927644222,0.17699821733805185,0.17927019693008173,0.1833206887306313,0.1808519406490631,0.1728078706117695,0.15203624579579322,0.12322504292526586,0.28056212318577883,0.15309578286984007,0.12353135669483611
stat_10,0.14423493238223545,0.14570621257580757,0.14460183209098063,0.14288932077221225,0.14265506516083254,0.14305316621392777,0.14216004015428654,0.13982898469434474,0.139603836668883,0.1381818682594997,0.1349041767249075,0.13470191055009112,0.1316727322440029,0.12900650209044362,0.1261471173544993,0.1233002899121957,0.1199522843581101,0.11774879030274911,0.11661179472348651,0.11577869614772515,0.11409387501207556,0.11226096031014002,0.1105801708690128,0.11055784781844971,0.1080287834783054,0.10624984955199866,0.10229313677007594,0.10213405892122383,0.10062791805284098,0.10100439095375147,0.09871941382709692,0.10776461785359409,0.12698172448127137,0.13370300705079105,0.13349990365269226,0.1314980003450413,0.1479235302864483,0.15616393903615886,0.15309880850832053,,,,0.1382248078732733,0.12925789646176858,0.1474001860478081,0.1606552649088765,0.15281604507699703,0.13867706934735297,0.14935099269647778,0.14305572163240468,0.11917624569122617,0.10706384179184142,0.10881226946063634,0.10697063360966313,0.10768336757589425,0.11301963484364429,0.1177085517713732,0.11982535582687624,0.12426117960423602,0.12938171597925519,0.1281369283181734,0.12522119061070952,0.12643426694009882,0.12929035820090118,0.1333356941622313,0.13372747855821124,0.1356296299631445,0.1425479627023712,0.14497384683095338,0.14070103233440112,0.13872893326407135,0.14465019115487723,0.14656912905154018,0.1438894936886204,0.14187083877856535,0.1436786064693045,0.1468653144220723,0.14485996713376523,0.13826500023540889,0.12167051755963901,0.10116155157966812,0.2270392794987984,0.12495566078523239,0.09876655775016979
stat_11,0.1885320528031267,0.19048251943648228,0.18899161034299922,0.18670316986390548,0.18646036890483922,0.18703544480296924,0.18587011385865662,0.1827950135398696,0.18247138851089148,0.1805380464548557,0.17623243723141974,0.17596784481063424,0.17197068463231235,0.16851542745092637,0.1648069432189813,0.16112109051738271,0.15675244069220065,0.15391017056490022,0.15244607247343886,0.1514179948076513,0.14922826124335098,0.1468343278125907,0.14458849282686403,0.14455265171710727,0.1412837484248068,0.13544859872389653,0.1304962560703382,0.13029970526082854,0.13499324926946404,0.13188217704241503,0.12898539867652012,0.12801107877580226,0.1267222517677333,0.1260147348673151,0.12582607133941137,0.1311294730840925,0.12851813308603507,0.13279051406663042,0.13066099742420056,,0.11470294830691374,0.13321970251994497,0.1168126932674877,0.11267035835653752,0.12801051083934636,0.1394812766504662,0.1341596529457987,0.13829832888547264,0.1409664456154552,0.14277733974045526,0.14176402400423385,0.14034894247553162,0.14224103554850354,0.14374074137323106,0.13766918263488398,0.14430231457826997,0.15394819745131105,0.15640427433255774,0.16222224627969078,0.16897437766771498,0.16764130263682706,0.16393671918064148,0.1654093817051827,0.16903091915953744,0.17427560711949575,0.17463034512427028,0.17702186601676326,0.18623206500041173,0.18941844772659244,0.1838484125453868,0.18131794988235928,0.18907663495275479,0.19156524606606645,0.187942736301338,0.18504224307052503,0.18741966398981058,0.19165500638263475,0.18908699252095612,0.18062426081125782,0.15889620115810302,0.1284029485404161,0.29293558677196857,0.15893120690058435,0.1289488160585215
stat_12,0.14417976252739317,0.14565050518891404,0.14454641312541613,0.14283394379606498,0.14259977116394768,0.14299619893265633,0.142100111744611,0.13976953805736966,0.13954311085181062,0.13812109464992617,0.13484444349759334,0.13464226327020787,0.13161490468270967,0.1289524357855365,0.12609586454008054,0.12325087947688805,0.11990362038173474,0.117703760760596,0.11656707101436349,0.115737345994277,0.11405793846521883,0.11222908431928874,0.11055164256290863,0.1105314751645282,0.10800839196151839,0.10614233249391666,0.10218924107520284,0.10203047878092061,0.1005346648374818,0.10086454430824618,0.09858900720177519,0.097847636325841,0.10303849172863584,0.10252682170027254,0.10238887442615457,0.1044086703933568,0.10244063968808309,0.09960823108186657,0.10194414799228266,0.10770526095165721,0.10762341416540366,0.09879102131217948,0.1037279685317053,0.09718688001179714,0.10157212605948455,0.10686207233780233,0.10796339043259,0.1108265457499502,0.11495330297234478,0.11611125240063118,0.10809087656837567,0.10694553672057144,0.10868298694682446,0.10688290628846024,0.1075829794111258,0.11291235369442701,0.11768739766310071,0.11979802953008264,0.12422871275023943,0.12934399592367726,0.1280939403837851,0.12517568676123686,0.1263848018561149,0.12923928604416043,0.13328209351765963,0.1336710838326736,0.13556966265508724,0.14248502154243728,0.14491011660957404,0.14063941929125753,0.13866963223645395,0.1445887077073837,0.14651061907018442,0.1438342513370261,0.14181643398618446,0.14362374112999365,0.14680902067251433,0.14480498455303628,0.1382126600002316,0.12162411582282566,0.10112378752788737,0.2269500059426184,0.12492900834565619,0.09873896547691707
stat_13,0.17313131248592925,0.1749219922678906,0.17355820354284293,0.17147629905394718,0.1712607518975504,0.17181608486403707,0.170783658182092,0.1679653777094271,0.16767780854220207,0.1659192149837164,0.16196029172177978,0.1617161287558792,0.15803773568075438,0.15487232037114831,0.15148084746974233,0.14809144704608157,0.14406513709376895,0.14143172647507676,0.1400761899813787,0.13913729542913258,0.13712820987530555,0.13493145497932316,0.1328984847049378,0.1328708453889688,0.12984140999855384,0.12442622235227213,0.1198482154755593,0.11966599188026222,0.11795197696446927,0.11519544804863181,0.11261461194046735,0.11176154667672866,0.11067736851020236,0.1101089635385153,0.10995212214395256,0.10834737578077351,0.10631649115510484,0.1033750871039879,0.10203468313504997,0.10118282179187595,0.08834922813681072,0.08928446305584163,0.08703055471458057,0.089930836667167,0.10165783570586827,0.11070145557110568,0.11192648585690505,0.11493215030902712,0.12340668928684126,0.12474638600098366,0.12365643615230681,0.12239698389576532,0.12426004683356569,0.12558236369696316,0.12636939384230053,0.13251224442507778,0.14153876096875356,0.1439241264346303,0.149275423747969,0.15546382498275674,0.15410449165035225,0.1506156780870854,0.1519908510118506,0.15534262107282443,0.16015803637952905,0.16048361903172484,0.162676987692386,0.17112681142036643,0.1740618506852706,0.16891776632530806,0.16657868377472848,0.17371376574912747,0.17595639150262532,0.17259749179870945,0.16996540708453498,0.17214511939167051,0.17602908822403607,0.17365055820945108,0.16593408327876477,0.14599859727950182,0.11873234035877428,0.2697651514862178,0.1478056539585195,0.1187145112880484
stat_14,0.18867918509159937,0.1906311464776936,0.18913943223562857,0.1868505654949918,0.18660774741093186,0.1871830510551611,0.18601600237044572,0.18293906484650332,0.18261577500131165,0.18068248609806165,0.1763740540329862,0.17610927303770202,0.17211025680530836,0.16865996286476456,0.16494775396371952,0.16125659867901387,0.15688548811197875,0.15404032838270612,0.15257438192658354,0.1515435475881197,0.14935132185500027,0.1544104354615804,0.15200237024846527,0.1519593124099593,0.14854567831039944,0.1424525073376921,0.13726040189824903,0.13705446495723336,0.14295773099894568,0.139689291066512,0.14586847607247513,0.14478619180552887,0.14328560345724045,0.14241094436430435,0.14218469724211094,0.1509596319456378,0.14769646786532056,0.15604426925825632,0.16976595491477284,,,0.1334411181604804,0.13814193230186206,0.14068154896971116,0.16106178845803487,0.16055405058529967,0.15260244999933906,0.15797576623550882,0.15875648928719693,0.1611994415520928,0.16034021866063303,0.15872263190786984,0.15056923629909408,0.1521601764953784,0.14482451388153716,0.15177467316675392,0.16178156222514603,0.16425935014224863,0.17038470967652822,0.16910305510685691,0.16777125742587162,0.16406695785502706,0.1655445789614919,0.16917106845788776,0.17442301043438796,0.1747812843388257,0.17716712002884166,0.186381568111877,0.189570166769626,0.18399541934328198,0.18146204133290902,0.1892265731364396,0.19171678644933143,0.18808927993903077,0.18518612973740015,0.1875652260005628,0.19180460154821072,0.18923282283814052,0.18076946138899386,0.15902524814427108,0.12850664917759233,0.2931817149419899,0.15900644054394245,0.12902700867492467
stat_15,0.13496352663303204,0.13632625497469036,0.13531168478477615,0.13371153391845514,0.13344976108368056,0.13376363295678137,0.13287850351338235,0.1307067938088571,0.13050223104421765,0.12919131139985268,0.1261428589707369,0.12595511995114986,0.12315076426313214,0.12063185411072828,0.11792575132983069,0.11524739274785714,0.11212996139580744,0.11007645943000063,0.10901152859936633,0.10819282131399909,0.10661033776607719,0.10489026332891324,0.10330280134999877,0.10327888027491793,0.10092979116787532,0.09672882662192243,0.09310389166212024,0.09295676219838213,0.09155435192524089,0.0894127429294372,0.08740343971870933,0.08677693465406598,0.08599691394722879,0.08747377028057618,0.08736398937938795,0.08802718431954361,0.08635484802052897,0.08402224242266913,0.08296537841203057,0.07554003450743574,0.07503949648831824,0.0692241247780169,0.07133595175552283,0.07379279069819018,0.08318186469093243,0.09055924603507802,0.09118712381618208,0.0934543926088734,0.09794997386791117,0.09668387851450495,0.0956219433569435,0.09452353154619492,0.09610360464979935,0.09716827570929572,0.09787881110858436,0.1027888169141368,0.10989896626318946,0.11188536433293225,0.11602147490484833,0.12079839699605159,0.1196360955320469,0.11695566156204056,0.11812583708029076,0.12082485842695859,0.12463555304756534,0.1250843325679989,0.12691710533186193,0.13331057375424873,0.1355603309352538,0.13158888816373476,0.12973468444517747,0.13525179946637053,0.1371120133580888,0.1347037758739815,0.13291640033971705,0.13460533616619377,0.137556564952744,0.13567594238933517,0.12935214790526134,0.11382338365890854,0.09570778096492602,0.21356779708955467,0.11701088358974356,0.09213519870185206
stat_16,0.14101356298898265,0.14244766466500935,0.1413743710100929,0.13970313679795096,0.1394616973507987,0.13983347629161902,0.1389462298518277,0.1366706852738747,0.13645661454054406,0.13507524733295204,0.13188166775913093,0.13168432871444063,0.12873261043993628,0.12612103323391982,0.12331612214542492,0.12052649078046516,0.11726624029525197,0.11511506819078227,0.11400182608625228,0.11317484407217207,0.1143197561032957,0.11248884203349171,0.11080734762146419,0.11078819533468588,0.10827512978423263,0.10375855365526755,0.09988578947688723,0.09972935284793143,0.10073810534595547,0.09838837582367088,0.09618407898404699,0.09548917846005935,0.0946160706699542,0.09420758348739902,0.0940891152097043,0.09273562652261257,0.09102248681935972,0.09365385113316145,0.09247922102742491,0.08104322832518371,0.07974249701192473,0.07752168253158602,0.08167259411871289,0.084403268989159,0.0924918827888765,0.10069734215634912,0.09609480871370321,0.09847662918511824,0.1055754989722347,0.10651267235620507,0.10539753857674547,0.10423120299896038,0.10593246893477236,0.10707335432258845,0.10509117181475015,0.11032478714923363,0.11795983939387365,0.12006283716726358,0.12449856495513298,0.1296218685760517,0.12521319445948914,0.1223747099849141,0.12357463454534227,0.126371589005422,0.13033685072077675,0.1307488755023763,0.13262271189928226,0.1393588167873534,0.1417195367413206,0.13754824255784395,0.13561273859174985,0.1413952034583003,0.14328829686336064,0.14069516596294057,0.13875353615191274,0.14051996454487503,0.14362677548753627,0.14166192462741262,0.13517774364393,0.1189554301968064,0.0992631875300868,0.2223662085084992,0.12220277881897404,0.09645757349097388
stat_17,0.14098135245654755,0.14241471459389302,0.14134189622323212,0.13966996354118422,0.13942690297446725,0.13979635708346347,0.13890727094782945,0.13663237472590387,0.13641477214352932,0.13503279767455068,0.13183538271477488,0.13163818319440038,0.1286891424118746,0.12607767058756533,0.1232747123254382,0.12048678288079898,0.11721935137881256,0.11786190917021666,0.11672340994088383,0.11589021608941905,0.11714218076167333,0.11526600449118535,0.11354151510514383,0.11352214141045211,0.11092873237731189,0.10628087808569393,0.10513089694427025,0.10496808415929497,0.10342808236931403,0.10099550299922891,0.0987114916693111,0.0979688973330824,0.09705686176805652,0.09660213275404224,0.0993556379545134,0.0979113145862804,0.09915301623862707,0.10352469271818333,0.10630672597942119,0.10130365948042284,0.10763965045373218,0.10471233769105244,0.10381028933413022,0.09734882562077633,0.10568920130487532,0.11084104669301352,0.10456240802504044,0.10397160384235764,0.11152937877392644,0.10930661946990405,0.10820925527514287,0.10705828874751516,0.10880484405631241,0.10998765128723877,0.1107070035743027,0.11304994914524796,0.12088205815360435,0.12304010773951266,0.12759581882835866,0.13285232287644488,0.12825221501810297,0.12533412792033632,0.12352823376262126,0.12633127525236404,0.1302946852200678,0.1307048274540865,0.13257940516721833,0.1393116206373219,0.14167615078999302,0.1375079669322061,0.1355766494155036,0.1413565489466092,0.14325259407276064,0.14066510245762337,0.13872640903947597,0.1404923512523182,0.14359723559363627,0.14163428316513013,0.13514111697115067,0.11892148596367089,0.09924708190573613,0.2223178585719583,0.12216629363126198,0.09643332544504647
stat_18,0.13788145612628444,0.13927837987900882,0.13823563067398711,0.13660068955331106,0.13634781386230593,0.13668855956620737,0.13580140662070195,0.13357975270051656,0.13336893497600674,0.13202362681762259,0.12890312616527147,0.12871080686506017,0.1258371697201378,0.12327342346400964,0.12052101970372754,0.11778945805853822,0.11459985024456361,0.11250008185646265,0.11395674275541046,0.1131300501022192,0.11148315750828085,0.10968955485858807,0.10804088835754046,0.10801950438106067,0.10555662425201133,0.10358772317229403,0.09972308171744171,0.09956734779970448,0.09808947359474561,0.09578348518567792,0.09361876146870189,0.09292972272668852,0.09207708495999833,0.0916706387703489,0.09155026465181654,0.09022977676466426,0.09623285074019891,0.09985872277028736,0.10648762419597989,,0.10751442918622496,0.12111031044450399,0.10364435896454949,0.10164313279076585,0.10587632485240012,0.10710559284257633,0.10152974884184043,0.09580013126998163,0.10270136733944661,0.10363097622594106,0.10254771471449492,0.10142041557857313,0.10309901180076528,0.10423063413345846,0.10494198008494912,0.11015962888018194,0.11498422534028198,0.11705310933701184,0.12138280811501895,0.1263833992742625,0.12516464222552043,0.12232963035640448,0.12074726790788663,0.12349638520324353,0.12738129405232015,0.12781081612130515,0.12966389804101228,0.13622055332229224,0.1385257630503255,0.13445905290593935,0.1325673828966581,0.13821176505716073,0.1400895090448121,0.13759457114173457,0.1357341168433937,0.137460354797059,0.1404859957442997,0.13856547472137964,0.13215892715474495,0.11629514190550992,0.09742452622121929,0.21781213416629713,0.1195095332211999,0.09421709508172525
stat_19,0.1479320960466962,0.14944527832887197,0.14830654406545732,0.14654757853689476,0.14631936434905504,0.1467415492940397,0.14583352314893283,0.14343931230050155,0.14320470825836376,0.14173889934862985,0.1383720923102216,0.13816429290202628,0.13505035748632757,0.132326938131138,0.12940569411304603,0.1264907598425644,0.12305369780268771,0.12079746807883662,0.119632081242635,0.11879305612618198,0.11707825518335556,0.11520625337757165,0.11348421247833923,0.11346519404872434,0.11729408136528223,0.11237884848848605,0.1082099696453126,0.10804315998201403,0.1064789970743758,0.10398343473709501,0.10164454944980737,0.10088914366855772,0.10320826951953943,0.10271994495163929,0.1025750114188908,0.10108388875638101,0.10252559568925752,0.10344205022913433,0.10621654306713711,0.10758652602663821,0.10751442918622496,0.11195029030995743,0.10970131326518336,0.1128305122217581,0.10560112661807114,0.11075313936874223,0.10802928360179113,0.10731698993365882,0.11514566478124659,0.11628542101978777,0.11148080364174259,0.1102972274725753,0.11206753327573875,0.113272656739791,0.11398942937616297,0.11959951902093065,0.12785553271738553,0.12297943707563341,0.12753060264732097,0.1327807320688071,0.1315000890482501,0.1284971656381399,0.1297249068932834,0.13264385355025474,0.13678518446533167,0.13715870689263315,0.13908945686646434,0.14620829137344823,0.14870161599445628,0.14431402512880642,0.14229644649494538,0.1483755576134385,0.15033175513401292,0.1475582080391872,0.14545524846761315,0.14731061321451314,0.1505884428124968,0.14853473179849397,0.14181274992518952,0.12479158343675309,0.10337640136859419,0.23246472530888931,0.12800490819738547,0.101363969095506
stat_20,0.1732609410604387,0.17505295286966133,0.17368844704728265,0.1716078270218055,0.17139235621094553,0.17194507769848463,0.1709112815876704,0.16808930022579457,0.167799513892183,0.1660409994463943,0.16207989321720526,0.1618355727757409,0.15815564198169677,0.1549953608501274,0.1515999612610054,0.14820659995043842,0.14417487336900794,0.1415445704830258,0.14018762407075863,0.139249454534395,0.13724474001626244,0.13504496849599032,0.13301097900506734,0.1329855748268318,0.1299612106657986,0.12455230713363843,0.11996394783859606,0.11978134097408971,0.12291622253532469,0.1200503084641653,0.11736964958059178,0.12189061517607634,0.12068653863947867,0.12003344870223444,0.11985205067681522,0.12409534031361516,0.12869399000833368,0.14305169911721785,0.15292283213748384,,0.11470294830691374,0.13321970251994497,0.13795610782989565,0.12904378725604645,0.147252541243596,0.14896019696044863,0.13432530860886155,0.13116028937750604,0.1343829859814762,0.1360033510091915,0.13493766874131904,0.1276094080591133,0.12949852804217657,0.13087561102181344,0.1264802910514055,0.13263755121360105,0.14166112727577096,0.144041184455959,0.14939183045237586,0.1555861812224136,0.15422049543600214,0.15072858529184896,0.15210218063475728,0.15546165702588793,0.16028267122287304,0.1606121306014837,0.1627997607039509,0.17125309278885248,0.1741897997680116,0.1690417675713093,0.1667026616228989,0.17384492976491023,0.176088765473888,0.17272808207716514,0.17009348109484895,0.17227318535063513,0.17616075706700773,0.1737788563942932,0.16606673716180753,0.14611661526499328,0.1188256925660063,0.26998839484874243,0.14787478459262948,0.11878604029921638
stat_21,0.1410423676162033,0.14247708798336553,0.14140341574460352,0.13973303140508045,0.13949286906460842,0.13986673271190472,0.13897752890061146,0.1367018063647762,0.14327500220824269,0.14180980161559512,0.13844118385141338,0.1382332006736604,0.13511592367291578,0.13600766670148462,0.13301207576455995,0.13002053797830568,0.12648404945576988,0.12416001252622029,0.12296248721271247,0.1257985751362557,0.12397974427968912,0.12199789332317583,0.12017801071671093,0.12015893113038827,0.11741182004678664,0.1124975943262118,0.10832168221772434,0.10815449775395086,0.1099672984725975,0.1073861848768337,0.10496061650288259,0.10774894873428749,0.1067136399132312,0.10618291063300969,0.10603062342305651,0.12413884968755202,0.12869067693694736,0.13293564613612852,0.16965577705388377,,0.11491517031317837,0.13352412843856648,0.13819734875858414,0.1406757562089456,0.16097647948891,0.13961024496095809,0.1343253953411072,0.13120754235910684,0.1190192204992069,0.1202603912477623,0.11916340926085925,0.11395015381946264,0.11576535071099246,0.11701127601748475,0.11409638669685454,0.11971749242906608,0.12797650832153337,0.1302278994648294,0.13505096622008914,0.1406221329154038,0.13930045647336636,0.13210671198192475,0.1333611525706507,0.1363521641169375,0.14060072117259012,0.14096134263057658,0.13915524871610724,0.14627932080918643,0.14877457138086134,0.14438249608855996,0.1356423863779043,0.141426493658549,0.14332060326504587,0.14072247123936094,0.13877836933187088,0.14054498158335685,0.1436534742394609,0.14168692239996106,0.13520987653959107,0.11898510223135357,0.09927818423980081,0.22241047569523625,0.12222960198292386,0.09647727742208352
stat_22,0.17319338781474697,0.1749855639691928,0.17362062093042296,0.17153985813100295,0.1713274904740955,0.17188527604456894,0.1708572931931931,0.16803593904428335,0.16774817234373157,0.16598978102039716,0.1620267882489382,0.16178240581520478,0.15810025955761153,0.1549383957400546,0.1515472277212259,0.1481585485048098,0.14412506427418417,0.14149678788662,0.14014142994615894,0.13920673242906695,0.13720633233077917,0.1350132174586024,0.13846883415775127,0.1384376314594375,0.1352971019545137,0.13557403569936627,0.13061401103009398,0.1304170959976962,0.12855848095490513,0.12557723468381435,0.12278600334998621,0.12184792874928149,0.12064221554881893,0.11998679643995204,0.1198124289704867,0.12403727812962378,0.12866411174718445,0.14308539908002707,0.14055266982205475,,,,,0.1292210271966642,0.13670696129438514,0.14900646183644733,0.13431326843022376,0.13111714153358528,0.13435441568114115,0.13596407049947498,0.13489862566860006,0.1335513785920841,0.13546168583010956,0.13689323775208714,0.13778497288678296,0.14442950070446323,0.14746197160803162,0.14988757725771817,0.14937325903812906,0.15555958636346687,0.1541840510300859,0.15068567414250733,0.1520529270366492,0.15541193318862145,0.160226500008164,0.16055010876072762,0.16273823657746486,0.17119452494207388,0.17413387000967784,0.16898465988622158,0.16664454604961096,0.1737861104361911,0.1760225865139257,0.17265558329953687,0.17001741697895714,0.17219776411637452,0.17608533422778574,0.17370386681635258,0.1660007353003165,0.146059842426116,0.11875554447269349,0.2698425768897231,0.14788662422960985,0.1187698142912543
stat_23,0.13775992004919502,0.13915661164809925,0.13811382835586047,0.1364815486587774,0.13623259607961158,0.13657879005654433,0.13569512747730778,0.13347481833279412,0.13326712916173045,0.13192310348612502,0.13165325325148816,0.1314562532555534,0.12850836080142386,0.12890670744956187,0.12605231073095025,0.12320862293735298,0.11986252068858573,0.11766152604595245,0.11652517428862925,0.11870502020265734,0.11698103864053104,0.11510554999741618,0.1133921521790082,0.11337054076479135,0.11388735669906803,0.10911778293011877,0.10506044807185759,0.10489781803968971,0.10336145833158678,0.1009271418538214,0.0986490176774554,0.10083618700595925,0.09988182475523981,0.10265542386993073,0.10251339058402131,0.10835257686413345,0.1216547783263693,0.12493231122077118,0.12300496764652413,,0.11508324867899358,0.12135114601062734,0.12618721197167446,0.12012403794454886,0.12112052203678615,0.13200324484765713,0.12738555669182036,0.11493810258977981,0.11508225471821189,0.11252592835441745,0.11142940284047129,0.10699831499986444,0.10874139710547075,0.10992484505015487,0.11063796914225295,0.11610275491890211,0.12413351524229377,0.12289025797240286,0.12743753503212743,0.1326896142016275,0.1314148068999383,0.1251338652223474,0.12634306006594032,0.12919538626667912,0.1332360400596707,0.13362261758699487,0.13239008826661128,0.13911847539453054,0.1384176375240322,0.13435049557350554,0.13245746885886095,0.13809951354976735,0.13997115411890276,0.13746883208469984,0.1356046826774839,0.1373295432934248,0.14035453195992983,0.13843424500182816,0.13205028538804886,0.11620192129155196,0.09732526807354594,0.217598439463435,0.11949185758330369,0.09416941367770156
stat_24,0.18027652460248966,0.18214231360580152,0.18071856026782226,0.17854203522185252,0.17831736568354495,0.17888645480376206,0.177797934314398,0.17485896048823268,0.1745533169486714,0.1727134383768256,0.16859280451062253,0.1683389944553853,0.16451024472915443,0.16121389517461798,0.15767874594536985,0.15415239482858456,0.149962657102055,0.1472353716065155,0.14582749972436834,0.14485150765417132,0.149233403039666,0.14682930744190528,0.144575771115926,0.1445399139874908,0.141270510256113,0.13543127242213535,0.1304751335167453,0.13027862387465827,0.12842755618657029,0.12544754209372108,0.12266770665331872,0.12173814863012858,0.1205261071291976,0.11987295922221959,0.11969595487197345,0.12397296396468925,0.12851813308603507,0.1328868518667671,0.13076020172024752,,,0.13331420978005062,0.11696206933474312,0.12003295271223954,0.12809139766525252,0.13956047398742039,0.1341596529457987,0.13104316680448896,0.13421864204238168,0.13583479550683555,0.13478584119075165,0.13343533662370785,0.13533085980849763,0.1367626062414927,0.1376474887713269,0.14428408472369675,0.15393384637455249,0.15639053419496304,0.1622166089678921,0.16897992813332974,0.1604129412277594,0.15681448098296588,0.15823042542303314,0.16171010309139702,0.16672306962857578,0.16705624338611483,0.16933627648711952,0.17814367464032663,0.18119656505017406,0.17585139012691026,0.17342470595337436,0.1808525580509057,0.18320218842514854,0.1797128061443114,0.17695068477936657,0.17922206811519031,0.18327105709818906,0.18080344186151656,0.17275861879207483,0.1519924070829858,0.12319453728094179,0.28048643855926475,0.15305870065941682,0.1234990000383114
stat_25,0.1377380332466397,0.139133566773034,0.1380915559064206,0.13645712803333007,0.1362045060295978,0.1365451790504083,0.13566007003181998,0.13344011148155652,0.1332290137996816,0.13188368741330592,0.1287657936228345,0.12857365051376413,0.12570176801410562,0.12314135655183796,0.12039303320604165,0.11766570149333182,0.11447867435137986,0.11238108048201699,0.11129456716846327,0.11047520509793059,0.10886582373001442,0.10957560573527225,0.10793332409388358,0.1079117888444665,0.1054498251977339,0.10104460874811401,0.09961730238576057,0.0994619043734857,0.09798691070444271,0.0956849603537552,0.09352702986951487,0.09529206950605064,0.09441121461697657,0.09659572501737525,0.0964683521202245,0.09506850553406654,0.09601365539536177,0.0997196284385998,0.10205631168229526,0.10783613728661587,0.09698744168120918,0.10499830728580078,0.09866091139880413,0.09730638231581897,0.10166213298959406,0.10695034763592912,0.10130825202402079,0.10096347782062928,0.10827766031582471,0.10629836539380154,0.10520885285791957,0.1013358764053038,0.1030079334712412,0.10413498015846331,0.10484037756581348,0.10743334056254296,0.11487602948056039,0.11694453563198065,0.12126793475827369,0.12339485736163892,0.12220128245002997,0.1194445408344274,0.1206242436145283,0.12336838055899603,0.12724722902843055,0.12767271442271785,0.12952282755429867,0.1360754276418693,0.13837865774463642,0.13431633817609975,0.13242743034185503,0.13806632415474054,0.13994198233043892,0.13745135298478858,0.13559308497113856,0.13731773558611052,0.14033964164870882,0.13842255648210922,0.13201790333104652,0.11616997549413464,0.09732421813799504,0.21757294094172713,0.11944043507969188,0.09414312644037132
stat_26,0.14422678504090697,0.1456979955462108,0.14459369544524742,0.14649560642624995,0.14626928944208933,0.15071279995234663,0.1497963301456473,0.15167765060533425,0.15627012610500846,0.1546480407595686,0.15096777452665788,0.1507400349534152,0.14731573434052117,0.14933144411479266,0.1515749460603041,0.15436762821990369,0.15019441200668468,0.14746183832096357,0.146050553191432,0.1450705792500813,0.14297905067664884,0.14068254176535044,0.1448907520169756,0.14485453499370674,0.14162209998965952,0.1506094278896737,0.1548417360103595,0.15461167014801336,0.16433832233740067,0.16069943915941,0.15734215811642724,0.1562126299168861,0.15454374139258176,0.15356506389797356,0.15332156596256907,0.15085700300067248,0.14761388014625196,0.15598411359547504,,,,,,,,0.16050616108143614,0.152534073997593,0.15788382570741366,0.17070038671153545,0.17362936371401239,0.17295978810931886,0.17117418230361053,0.17282509604998453,0.17465247714710452,0.16340843915108416,0.16048088281446055,0.15429944266299897,0.15672201555469725,0.1555457249488072,0.16201069468956986,0.16064614181762096,0.15704351211548398,0.15846621023386234,0.16193229986908825,0.1602548155848942,0.1547430171867601,0.15165952526305118,0.15950464942614295,0.16223253504853036,0.1574303941546929,0.15043648593528802,0.15239194056800462,0.154379208038345,0.14750306136117108,0.14539826049162288,0.14367038837464569,0.14685697005581128,0.14485158411486132,0.1350498128667013,0.11884086841228467,0.0991810719969677,0.222161805952188,0.12212354973754846,0.0963845354443215
stat_27,0.1377911893033135,0.13918778682563743,0.13814513711362,0.13651172049098875,0.13626118106746102,0.13660358016971252,0.13571729828225096,0.13349648051507082,0.13328827808669694,0.13194380284200075,0.12882830328539024,0.12863599077569823,0.1257623716229561,0.12320016217942181,0.12045090934106303,0.11772236251392172,0.11454087539644058,0.1124409130387419,0.11135341762132929,0.11053391368072005,0.111426561039619,0.10963721375599413,0.10799776098197982,0.110582235219158,0.11084827084668182,0.1062084358327335,0.10224693455884039,0.10208787391690224,0.10058645075736407,0.10086454430824618,0.09858900720177519,0.097847636325841,0.10307949702801668,0.10613304165994039,0.11002535958037571,0.10840244692426697,0.10635342625598714,0.10339668192035173,0.10617085186630575,,0.11508324867899358,0.1049886403483024,0.10381968140607975,0.09719344745809397,0.1055678958745139,0.11072627662619443,0.1119702647988175,0.11499713450481142,0.12349345260167394,0.11615309399057099,0.10809087656837567,0.10694553672057144,0.10868298694682446,0.10692760538964377,0.10763386721630526,0.11297461460217162,0.12080065979277423,0.1198529677376391,0.12133674971335336,0.12633109240556356,0.1222633641093079,0.11950317725129019,0.12068566490526458,0.12342600685322692,0.12730641045559418,0.1277328910561712,0.12958389233381296,0.13613951034734326,0.1384404335807578,0.13437414026140274,0.13248128465578982,0.1381236451900899,0.13999896792217295,0.1375017310191572,0.13563945559162616,0.13736482132827132,0.14038958840241392,0.1384696010532711,0.13207813723822895,0.11622545531813759,0.09735434351062218,0.2176582212073362,0.11949042731497486,0.0941794219909965
stat_28,0.14794155230009423,0.1494547325867842,0.14831598006117724,0.14655668278134124,0.1463280511055432,0.14675141777791947,0.14584727169989217,0.1434529481810917,0.14321949002519732,0.14175345359363684,0.1383866805730421,0.13817886743647012,0.1350650082102444,0.13234300308914074,0.12942177560790855,0.12650629632985816,0.12307040616381355,0.12081447065025874,0.1196487321323162,0.11880923226750102,0.1170942144317532,0.11521962382498216,0.11349864805076475,0.11347823497587327,0.11088732284300006,0.10625172993591735,0.10229766217988968,0.1021385761489687,0.1006372470421977,0.09828340337431882,0.09607689098377466,0.09537192284940796,0.09449411533089537,0.0940737566761476,0.09395624529172648,0.09522455503579076,0.09346762913320522,0.09096229360592663,0.0898457127482218,0.07841261532492515,0.07760411832782639,0.07513646610919797,0.07713240504279738,0.07970663216400731,0.08992788004469555,0.09787682239438204,0.09864869875851488,0.10112028118705697,0.10543032003389596,0.10638459994413534,0.10528545321300191,0.10413543167195123,0.10583524339195398,0.10697950129587713,0.10768800836027512,0.11302195829517261,0.12083908295235944,0.12299277813555994,0.12754428323599898,0.13279786184792616,0.13151748495623125,0.12851483992129595,0.12974249198484927,0.13266017439896247,0.13680225910708543,0.13717546228370633,0.13910471759757745,0.1462238830338669,0.14871702526378272,0.1443291845274611,0.14231029796916614,0.14838973945024284,0.1503423798638232,0.14756817050456358,0.14546563726851322,0.1473210628016077,0.1505988221011728,0.1485453327664673,0.14181832963048865,0.12479600790333996,0.10338232299795143,0.23247624019083377,0.12800506970298386,0.1013673451948506
stat_29,0.13777471142368972,0.13917049250854563,0.13812838088677756,0.1364934913437989,0.1362403909588328,0.13658020113952457,0.13569355740608124,0.1334730445159041,0.13326184010141365,0.1319164306334435,0.12879791686077863,0.1286057502849862,0.12573251758491213,0.12317070169210466,0.12041954330390225,0.11769090346443126,0.11450292398920053,0.1149912745879104,0.11664569311049588,0.11581346506049116,0.11413012821904195,0.11229775683430457,0.11061380899671673,0.11059164372065598,0.11089549556467133,0.10625180437340496,0.10510664293276739,0.10494385822737279,0.10340287217703156,0.10096648100408705,0.10494468484534038,0.1078372481469572,0.1068121802177964,0.10626937220097296,0.10612160369246958,0.10457009463107286,0.1287657358870003,0.12493231122077118,0.13084749171080318,,0.11491517031317837,0.13352412843856648,0.1263883026848151,0.12012403794454886,0.12816424858574427,0.13200324484765713,0.1343945029098735,0.11098533545794244,0.1191259956803853,0.12036875455534735,0.11925020843381072,0.11393468285930203,0.10877924026266561,0.10996456145424834,0.11068245994680752,0.11302040012270374,0.12085038177810074,0.11986093517291753,0.12430066632370879,0.12942145624804188,0.12817367103521318,0.12525579536091722,0.12064883833743432,0.12339450360298215,0.12727516796045463,0.12770369973112763,0.12955531299028394,0.13610973355070274,0.1384133667655682,0.13435042458254837,0.13246104511323406,0.13810118102178592,0.13997864514205968,0.13748834470660162,0.13563014386209754,0.13735531788576133,0.14037791891534163,0.13846019242221175,0.13205316090464822,0.1162009594163288,0.09735197566236256,0.21763656214015117,0.11945298251960586,0.094159925910705
stat_30,0.1349827461322209,0.13634579486626353,0.1353310254731346,0.13373122849514482,0.13346994274433988,0.13378453118324568,0.13289972183136675,0.13072792189401522,0.13052352282767266,0.12921275164080562,0.12616384588227583,0.12597605915316806,0.12317126563734557,0.12065239633123023,0.11794606271082667,0.11526719907630106,0.11214931449311513,0.11009487101142829,0.10902970011750478,0.10821113678076857,0.10662846226645004,0.10490984409627592,0.10332276301705197,0.10330025998693497,0.10095278410793279,0.09675131200971822,0.09312673402167043,0.09297950187047646,0.0915841126868764,0.08944629036501481,0.08744254300436678,0.08682146901210691,0.08604374364791506,0.08569707729040585,0.08559557182740259,0.08436371310538657,0.08463286674042204,0.08238331582523555,0.08316086902483952,0.07330250604810344,0.07301195433509028,0.07285432967775653,0.07488519383692334,0.07395729120151665,0.08337744847829805,0.08880876496946012,0.08936244072184955,0.0895215548173761,0.09593247213048714,0.09673346902530214,0.09566252283455118,0.09455619291725015,0.09613396034756273,0.09719527834001686,0.0978996598189728,0.10281057001812222,0.1099228225999603,0.1119082768669617,0.11604299432831873,0.12081862397706102,0.119655571741512,0.11697413901573349,0.11814532814504634,0.12084518723141682,0.12465654871792937,0.12510546759999164,0.12693793789912627,0.13333231307514715,0.13558252661715564,0.13160991991137563,0.12975515212637784,0.1352731916453362,0.1371327487281199,0.1347224824967468,0.13293402673201724,0.1346230485643813,0.13757512081771625,0.13569369368939196,0.12937228160031675,0.11384167588600817,0.09571888735162569,0.21359753707662382,0.11702603062450641,0.09214739435932157
stat_31,0.17315886912658357,0.17494995804486088,0.17358587139799858,0.1715039597089593,0.17128888975797812,0.17184233030372575,0.17081836384437424,0.16799748978484114,0.16771011794364826,0.16595148219200334,0.161989915279328,0.1617456853594863,0.15806618814043955,0.1549045738760518,0.15151308534798458,0.14812476222229934,0.1440933287305859,0.1414609763252959,0.1401063865266219,0.13916917239381377,0.14282977394323815,0.1405357733554083,0.1384046058476677,0.13837334097241233,0.13522856454893514,0.12961032881901177,0.12485303119636071,0.12466397692633188,0.12288410009067124,0.12551096967600006,0.12272718521524859,0.12812181009096224,0.12683975628392907,0.13351810507499842,0.13331229836718436,0.1401495738638327,0.13728036570045046,0.15600587719734782,0.1529595733397576,,,0.13352836941262433,0.13819441556863263,0.14066965165752918,0.1472898401092601,0.16052591696213203,0.142679201942926,0.1473274164063934,0.1491499713298816,0.14290420285264913,0.14187611192574467,0.13349305582651674,0.13539344134307268,0.13084699710489986,0.1316779127601638,0.13805567862323484,0.1473873606418614,0.149815178073424,0.1553885298674954,0.1618473447372473,0.15413971296434978,0.15064751939241983,0.15201998430026725,0.1553771507300298,0.16019162092404102,0.1605166997142469,0.16270577121196222,0.171157606083281,0.17409530129480436,0.16894961895119126,0.1666098026165021,0.17374865382785837,0.17598255516411737,0.1726243943932272,0.16999117958063892,0.17217123640257898,0.1760561465209317,0.17367688487443614,0.1659608035492356,0.1460225952153899,0.11874779889507717,0.2698042401092474,0.14783235628722488,0.11873373542315865
stat_32,0.15633659277623796,0.1579450593141307,0.15672826887923402,0.15486333792048784,0.1546489987189417,0.160046026197165,0.16456193747253006,0.16184683466492167,0.16156994403058358,0.15988313828979914,0.15606716848241434,0.15583172794885425,0.15228784136900878,0.14924015549162956,0.1514705835164616,0.1480829296398352,0.15001551574758226,0.15400380755612308,0.15253510992020017,0.15150508860756123,0.14930797566922976,0.14691463085109066,0.14466458605688118,0.14463448168403717,0.1484750876220984,0.1506601749266043,0.15486837589191013,0.15463823515364394,0.16438107864125232,0.16075160999018306,0.19331541575926042,0.19207935047070002,0.18988308013901004,,,,,,,,,,,,,,,,,0.21201955005141998,0.21224697300629725,0.20983063166356367,0.17287597424465417,0.1746941691954134,0.16343471631799236,0.16053505827461634,0.16171692402964488,0.1564976646033854,0.1623180283418578,0.16907176479462363,0.1677401899871205,0.16403205737641982,0.15828592705673758,0.1553337324017033,0.16014657070343274,0.15464894803079227,0.15676528240515766,0.16489512545161344,0.16772569571986962,0.1627635520551664,0.1605075909289649,0.16738517552232574,0.16391143469909436,0.1558972190949812,0.1536025151171758,0.15556663660887754,0.15905177905346,0.15688770329036864,0.14987070011135104,0.13188053809884823,0.10841625414037134,0.24479509918014972,0.13488013150272493,0.10725583939989387
stat_33,0.1349656663202804,0.13632893391441833,0.13531400444927597,0.1337151040517194,0.13345538223308143,0.13377222435061847,0.1328906757475553,0.13071882867429588,0.13051789097787111,0.12920781301094875,0.12616256256511188,0.1259747052848315,0.12317066160787463,0.12321147716553693,0.12046271382972641,0.11773407201823607,0.11991860369600056,0.12073056403278508,0.11956544360970445,0.11872592364853791,0.11700393660330664,0.11512929433382058,0.11341361208329608,0.11339398435417496,0.1108016382876946,0.10615961914692791,0.10220811265924097,0.10204927274121024,0.10055482199905741,0.09819608956874731,0.09861537573799317,0.09787623817617563,0.10308156916068524,0.1025651752298431,0.10242770084722001,0.10841723828925509,0.10638384486522677,0.11256722473840941,0.11098797757571313,,0.11484480277342449,0.11202207995096411,0.10372460351450169,0.10163492766861203,0.1100910532679513,0.11995084495945442,0.11201294212541668,0.1150206290877906,0.11499683066499447,0.11615717703302754,0.108118232654249,0.1069690909620141,0.1057539744351383,0.10690164820700733,0.10760052696426099,0.11292924713175954,0.12075296576229676,0.1229102846177728,0.12745685083784036,0.13270848919079828,0.13143375717136976,0.12843066387287383,0.12639997230132052,0.12343800504087166,0.12731857867674728,0.12774449319682488,0.12693566465205056,0.13332935140192845,0.13557620303246135,0.13160207985939487,0.12974402740725988,0.13526269578792144,0.13711785811317675,0.1347034935095031,0.1329130615243986,0.13460201543265132,0.13755468908935153,0.13567249201479376,0.1293598869749488,0.1138320862804687,0.09570165834237263,0.21356542965333086,0.11703310955135832,0.0921436078170521
stat_34,0.15630597631161855,0.15791396209613198,0.15669748965504868,0.1548324357033121,0.15461743979596632,0.15509684185805442,0.154162393946832,0.1516252233994786,0.15137132401317693,0.14980620599665861,0.15087380660959104,0.1506462746309654,0.15230420360962732,0.15488820364785355,0.15149635918413717,0.14810526336909707,0.15688965273342448,0.15404750148925617,0.15257841639079234,0.15927215072360013,0.15694593642168214,0.15441018556910316,0.15200841960005287,0.15196841783764398,0.14855400870485627,0.15075396185675602,0.16717735325648922,0.1669298529846086,0.180048485107826,0.19695901859146975,0.19322911150843847,,,,,,,,,,,,,,,,,,,,,0.20974821642848046,0.21045992346024325,0.19100856910121441,0.17639455097387657,0.16063035050408456,0.16179936688823324,0.16428045990590404,0.17040003025097353,0.17752756330603087,0.17625593287534716,0.1640768226550445,0.16555122017692153,0.15535673165091587,0.16017334803899408,0.16049814301929274,0.15678179861546487,0.15940716510788294,0.1571563183642717,0.15250855403318558,0.1503857526886906,0.15682243712756688,0.15885585384561843,0.15586754305201136,0.15357430847039658,0.15553799585949157,0.15902194449597373,0.15685893242525534,0.14984282460225395,0.13185534348158562,0.10840022406461437,0.24475375676244984,0.13485577750703107,0.10723763179494021
stat_35,0.18923816690361606,0.19119757198847684,0.18970090559724775,0.1874150565419281,0.18717842533700216,0.18776713081911298,0.19611164466297373,0.19287132884058975,0.19253017175248774,0.19048774746990316,0.18595723524289928,0.1856791443061283,0.18147614056736316,0.1778242374577669,0.1839222692193712,0.19177722045741824,0.18665802497809672,0.1833431835386485,0.18162012048664863,0.18026508135180014,0.17756605387386382,0.17465768760462455,0.18501806825479417,0.1849307668055572,0.18097085805464969,0.19002148494990873,0.2049088616075995,0.20460795385003738,0.20152342572771842,0.19738354598642374,0.19364428932964944,0.19240861349000857,0.19023200973450993,0.18878756816138556,0.1884583887179454,0.18515492589742277,0.18045338829916496,,,,,,,,,,0.18239473852134214,0.19038737823665036,0.20733022197139955,0.21238079739287222,0.21258288655168855,0.2101524664513522,0.21086128905759094,0.2131488200508491,0.2159567545193063,0.2023347456184705,0.19642959901859133,0.19873304396327565,0.19194304684948416,0.20005955130234304,0.19908161734090854,0.19513076069378557,0.1969287012195147,0.20121174097002986,0.19452514080014843,0.18429543397815537,0.18682665897270478,0.19652869133280565,0.19987565477495914,0.19401991862161375,0.1913502885633821,0.19952233072392478,0.1923066500200031,0.18864131642552426,0.18571774186279333,0.18810043049254233,0.19235867169956106,0.18977100621495252,0.17339115339092692,0.1525573858756153,0.1235923702784895,0.2814784880009739,0.15347288939345538,0.12388377188720397
stat_36,0.180911372595433,0.18278527589345966,0.18135625059811084,0.17918216659232425,0.17896334969039662,0.17954831280331013,0.17846990376230612,0.1755255095641938,0.17522498104832984,0.17338468554032851,0.1692502059010942,0.1689952508421752,0.16515236950527354,0.1618551992563566,0.15830327245100434,0.15476001676871326,0.15056087435619034,0.1478141909883562,0.146399410404771,0.1454130717910422,0.14330151627464427,0.14100737010990486,0.13887319546358334,0.13884541388782118,0.1356906597315941,0.1300561523813284,0.13100977160649926,0.13081168591877257,0.12893758998002985,0.1259339313889834,0.12944753577824164,0.1284648949793511,0.12718648111880237,0.12646693815906457,0.1262756923633904,0.1244366851855114,0.14834590728432454,0.1561909019525673,0.15313178019340218,,,0.1334411181604804,0.1263066317539902,0.12920625484644216,0.14742817682959802,0.16067827970857199,0.1532193188082121,0.13152674738044384,0.1414598474765728,0.14327774621266046,0.1422247735798099,0.14079631063566472,0.13580657996241907,0.13725910427285992,0.13817202564242367,0.13850599638980207,0.14787054384155077,0.1503108845796118,0.1558911278662149,0.16236197197110697,0.16101186274888135,0.15740607942616044,0.15884350498514996,0.1623395049838067,0.16737576734407708,0.16772052425481204,0.16999582525980356,0.17883293392579888,0.18189748771796715,0.17652509599160948,0.17408162933682308,0.18153595540719758,0.18387230381250083,0.1803406552841552,0.17755744096191606,0.1798335046176263,0.18390315431609344,0.18141792033834792,0.17339115339092692,0.1525573858756153,0.1235923702784895,0.2814784880009739,0.15347288939345538,0.12388377188720397
stat_37,0.15182640096812045,0.1533842525356794,0.1522085439690914,0.15039947331266182,0.150179266847368,0.15063123748268475,0.14971450668933484,0.14725213725739075,0.14700799290687508,0.1454948205355068,0.14203281535206916,0.1418190850755275,0.13861209252203563,0.13582269662451688,0.1328355747176594,0.12985132576559294,0.12631718252205365,0.12400159483432562,0.12280686768124562,0.1219597156838694,0.12020331251492913,0.11828368531933307,0.11652582536480563,0.11650476208760076,0.11384179882227825,0.10907628912773204,0.10502408844252013,0.10486157221641786,0.10334021479407807,0.1009298637562631,0.09867012750834582,0.09794538997786852,0.09702122918195372,0.09659330686232694,0.09647484076260583,0.09506546384760543,0.09329228230306207,0.09338668252470007,0.09219671532830075,0.08350983126308671,0.0849311459060866,0.07972146996828539,0.08139511544955523,0.08416152432563019,0.09222573235445866,0.10044053638053477,0.09849011364804176,0.10097406330829954,0.10829272465503681,0.1092718748868348,0.10818055480519763,0.10701345243090132,0.10874236483542715,0.1099039748285639,0.1106027309117125,0.11606141327987186,0.12408637906368,0.12628700124638015,0.13096020908462447,0.13635448837861938,0.13504434764393444,0.13194931328327486,0.1331924217481384,0.1361776912104547,0.1404167036968479,0.1407688404220265,0.1427344002657735,0.15007084339648952,0.1526365413875649,0.14812634812776077,0.14606058164151126,0.15230842096490824,0.15429679390122897,0.1514196730710258,0.1492251422638768,0.1511314273683839,0.1545058431379669,0.15240184360417694,0.14554784681063276,0.1280773842887028,0.10569154056749464,0.23814613258144543,0.1312596319727904,0.10412699085638477
stat_38,0.19836058568225592,0.20041034169181035,0.19884158269421462,0.19642039927048824,0.19615094214652518,0.19672952406926214,0.19546280513683123,0.19222707227847047,0.19188751800122256,0.18984583622628254,0.18532528474830892,0.1850481350704323,0.18085738706804053,0.17720658398288028,0.17328410220815502,0.16940423611655606,0.1648205942448713,0.16184298518246118,0.1603055673629955,0.15920542353952824,0.15687990282574577,0.16323251149070578,0.16062992489901173,0.16057647704655922,0.1570079039571398,0.15063365141634344,0.14518407009678197,0.14496729532234098,0.14291070835558056,0.13964935334177203,0.1366121741167113,0.13558982229710692,0.1342170836146767,0.13343660316890907,0.13323357083383616,0.15083138261488013,0.17988656293046046,0.1733226661815462,0.16943040108291654,,,,0.13793858224176053,0.14048960175471875,0.16080354194059,0.1752557667693278,0.18190829940099784,0.15785972582499003,0.14906426634094513,0.1511367175844978,0.15016661836757222,0.14866107695900171,0.15053439185273734,0.1521173171803947,0.15320796278604615,0.16050402404902514,0.17088851964359744,0.17335915923724673,0.17983574261725904,0.17745534952557035,0.1761842350535913,0.17237414276196517,0.17392866638797777,0.17772912606435018,0.18325650907524993,0.18365258650665564,0.1861864614376396,0.19586305294801595,0.1992028185748351,0.19336967310738049,0.1907097324221938,0.1988586030851404,0.2015229641753807,0.19774685962850494,0.19468933404855407,0.19719275785121254,0.20164817231233265,0.1989593577918581,0.18997809437262175,0.16710528604028405,0.13465390522238996,0.30782952681422243,0.16568303510557011,0.13533966364513222
stat_39,0.151993490386441,0.15355338425836576,0.1523764360511958,0.15056863610343232,0.15034970305320453,0.15080643391371035,0.14989393566843726,0.14743098213911426,0.14718916630985177,0.14567619953536412,0.14221108507997854,0.1419970555947937,0.13878622201416518,0.13599802157780636,0.1330032133693026,0.13001249537184276,0.12647756555561643,0.12415391293619708,0.12295676832899728,0.1221041251000076,0.12033350090118725,0.11840707283313756,0.11664214860676426,0.1166205904372657,0.11394952104956414,0.10917650098695371,0.10511850059538003,0.10495570269449649,0.10342001814182655,0.10098436932825419,0.09870168182517172,0.09796126216908722,0.0970536041543715,0.09659946195624879,0.09646988950551348,0.09509153610541343,0.09602839609189057,0.09342267123594303,0.09225080935033379,0.08382659791721069,0.07963188167063094,0.07986364478515491,0.08145685748659162,0.0817633609685057,0.09227658295947196,0.10047219984797795,0.10133415065599,0.10099632094714732,0.10828434375631135,0.10930743860561686,0.10820153835627278,0.1070488965085355,0.10879717523487235,0.10998175083446185,0.11069497647472136,0.11616234264915602,0.12419803215276831,0.12640742158508497,0.13108947431616938,0.13649450053245615,0.13519640892155105,0.1321027644763328,0.13335570709967462,0.13634422012992084,0.14059162580399057,0.14095076371989476,0.14291374681910674,0.15025784850530835,0.15282607316591226,0.1483086129439123,0.14623733410637438,0.15249139709734183,0.1544746381726513,0.15158575964152243,0.1493860972101417,0.15129315673979463,0.15467293493826045,0.15256412491698224,0.1457134374002066,0.12822528523060028,0.10579851910134627,0.2384114602449846,0.13135702106214583,0.10422164534316113
stat_40,0.1275616158590743,0.12883643838507694,0.1278952561498619,0.12638517974500968,0.126097400865736,0.12633756560449805,0.1254520013028989,0.12340873671449867,0.12322356688203127,0.1220035851756161,0.11914330660141484,0.11896736264843508,0.11634635718347587,0.11393814702164629,0.11134878612213749,0.10880309996560009,0.10587731825033904,0.10394148004519739,0.10293448988550456,0.10212020502413592,0.10061035540206026,0.0989778925858422,0.09746457848976571,0.09743923993132372,0.09695863190780601,0.09293601009167052,0.08944553745925687,0.08930312622547634,0.08794481881027667,0.08589469608965894,0.08397565537905843,0.08338748378731285,0.08594892813983208,0.08559770984900866,0.08549975656311645,0.08425323718910531,0.08264485951206027,0.08042106611339997,0.08110456225074113,0.08055563503538808,0.07748284415896439,0.0728859948032187,0.06980760987291686,0.07219913452052573,0.0813551363249574,0.08672551724813948,0.08726899413005756,0.0894097106114669,0.09583212260330795,0.09663507228450893,0.0917988760809933,0.09071139186566325,0.09222878704997564,0.09325816900269639,0.09397095614477478,0.09870932007877307,0.10552443421000074,0.10549409656647839,0.10938387290560433,0.11388758239731345,0.11281027844597623,0.11033152362089323,0.11147565521584342,0.11404775433485959,0.11767473237827128,0.11818079818467647,0.11996771236339034,0.12593336433692168,0.128037207440399,0.1243097449304047,0.12254655385432545,0.12773802329254394,0.12955875639437087,0.1273755086411838,0.12577983246218616,0.12737362242809383,0.13013500054633528,0.12835322772469665,0.12223385656258969,0.107555660396743,0.09140737487725568,0.2028871074133665,0.11049461193479161,0.08677671511162317
stat_41,0.2672868418285306,0.26994158997558765,0.2679219837612304,0.2644712210714441,0.2636872379680603,0.2637605273180864,0.2612815217464031,0.25696248306122055,0.2564956847786937,0.2537259763658696,0.24785496504853588,0.24750612047715556,0.24219346986881113,0.23696887357535698,0.23127888996051602,0.22596902526609747,0.22009200777110355,0.21633145882070948,0.21434408161534818,0.21245267888885574,0.20911467213865342,0.2055499284513793,0.20181012688419878,0.20168293953002994,0.19751612506119895,0.19009011643724766,0.18345092625612525,0.18318015634071086,0.18048591303749026,0.19759316538952804,0.19385993034382273,0.1926378725704947,,,,,,,,,,,,,,,,,,,0.21281898293268994,0.21036576151968212,0.211063716247379,0.1914383056225489,0.19347601397631198,0.2024104616496027,0.21391148097312165,0.21593249036845114,0.22403008386279008,0.23373574816542336,0.23361364112263658,0.22982888632612566,0.23205856158460678,0.23709992440186786,0.2447785933303138,0.24598719193282925,0.24988632832618118,0.2623586440000741,0.26658257032788435,0.25924060865837806,0.25570188721612325,0.26636365404708534,0.2708989045645891,0.26689015886287665,0.2632392107519994,0.26662757622478545,0.2724472913943757,0.2690055870646131,0.25504430549141227,0.22403499010733294,0.18089195250732207,0.41548113229274936,0.2055204063199092,0.17688762395147034
stat_42,0.1408473189289446,0.14227929865566155,0.14120718738588353,0.13953548360480295,0.13929230884785837,0.13966183612897645,0.13877421799438203,0.1365010329890117,0.13628321413821537,0.13490093361535405,0.13170648024880321,0.13150945522702964,0.12856255930080926,0.12595460537281217,0.1231552363683922,0.12037036620497787,0.11710730249687837,0.11496061870200652,0.11384969243910534,0.11578337918093719,0.11410320529709729,0.1151561555697451,0.11344351815824809,0.11342302823512404,0.11083009349071524,0.1061990830868401,0.1022458564635819,0.10208689185990784,0.10058694401271766,0.10092870448929919,0.10160874279552455,0.10084529003300262,0.09989823601622871,0.09941944762262843,0.09928752257086558,0.10105313893026222,0.1064317356931941,0.10353792897302987,0.10641462988987622,0.10758652602663821,0.11470294830691374,0.13321970251994497,0.1261105697348897,0.09763385575071387,0.10583165732041187,0.11089078040455402,0.11205929377253403,0.10729743967974689,0.11146344648759414,0.11254339861776701,0.11143964591384309,0.11026612407971693,0.10874374113148783,0.10693239812018614,0.10763692658562478,0.1129687056207259,0.12078277718917255,0.12294078557457777,0.12748546123869903,0.12939374854824898,0.12814321539358486,0.12222187597506105,0.12341521463790442,0.12621119533625502,0.13016988041773367,0.13057617695924836,0.1324476097024423,0.13917568325259064,0.14153771775837382,0.1373740022802171,0.13544528865994604,0.14121971131993738,0.14311460682880878,0.14053178812190253,0.13859568228380942,0.1403600590364265,0.14346113356923626,0.14150186268948095,0.13500830040980263,0.11880317806874763,0.09915363829140889,0.22209314477377756,0.12210140262192652,0.0963648204513879
stat_43,0.1408109926093338,0.1422425617078195,0.14117072865095384,0.13949910531422618,0.13925581453330904,0.13962465880297506,0.13873344028406426,0.13646064463566646,0.13624252816895963,0.13486037261763628,0.13166652219006525,0.13146956301204782,0.12852309374075052,0.12591353830078847,0.12311489941301218,0.120331675633916,0.11706824829764532,0.11491959213543752,0.1138092860169537,0.11298454185733782,0.11134071865167153,0.10955381858656028,0.10791196962318124,0.10789160851137476,0.10543007109919424,0.10102075157640816,0.09724849657826169,0.0970961498388122,0.0956557947090339,0.09341925242124256,0.09132221819120499,0.09066211589376882,0.0898285942814277,0.08944555247221384,0.08933745663219402,0.08803591096424139,0.08636635641765351,0.08403786698595046,0.08950813654281913,0.08046936384676427,0.08497349531764785,0.08235055740011016,0.0811967235597679,0.081626087566905,0.08960039827497969,0.09057493094999564,0.09119975583025879,0.09346467724868009,0.10019790525768446,0.1010707383109201,0.10000171900083198,0.09888175851654658,0.10051687647812267,0.10161379342839874,0.10231159757255999,0.10740937365899039,0.11485541712747561,0.11692358230308107,0.12124488745578917,0.1262344486243133,0.12501407087946503,0.1221799479966708,0.12337500009137049,0.12617103618251957,0.130127634625216,0.13053363322991005,0.13240701824264084,0.13913368149234734,0.14149528899588878,0.13733308808616393,0.13540535854412936,0.14117819123136163,0.14307668562486697,0.14049563844747112,0.1385604047857437,0.1403244703970353,0.14342453908848518,0.14146604136376292,0.1349723263234044,0.11877127150419534,0.09913041464861541,0.222036118136028,0.12207912286068588,0.0963429594326987
stat_44,0.13782867286570555,0.13922526217832581,0.13818263500920341,0.13654826095795486,0.1362961482426504,0.1366377959777465,0.1357518718689146,0.13353087851395634,0.1333199798000226,0.13197477682102274,0.1288551595584834,0.12866287465803322,0.12578846783407663,0.12322637306267521,0.12047414699467268,0.117743705271061,0.11455513669200766,0.11245569550523633,0.11136823168615399,0.11054700583361922,0.10893610377528488,0.10718431415678016,0.10557024280509478,0.10554855547809446,0.10314687196113248,0.09884837038024638,0.09515157841233034,0.09500173293113708,0.0935872719291754,0.09140019630105839,0.0893542069132633,0.08871823181843178,0.08792000915890903,0.08755820696061634,0.08745322214288015,0.08619978106926934,0.08458931470947186,0.08234667068091966,0.0813496443163124,0.0714551247708967,0.07140342840224718,0.06793901628581148,0.07157724101374434,0.07248554586037105,0.08161415641527214,0.08879072171611532,0.08933123037132083,0.09149888341323845,0.09805203570314328,0.09888057156031506,0.097797676211107,0.09667826019199471,0.09828368211974559,0.09936355172567359,0.1000622946744928,0.10506605056661832,0.11233871813248653,0.11436425946649358,0.1185904267184957,0.12347027610054094,0.12227640460801596,0.11951951899366432,0.1207018564852,0.1234489180345886,0.1273318773352964,0.12776111426474182,0.12961238918509374,0.13616932104730817,0.13847397404456865,0.13440818903399557,0.1325174500678929,0.1381601620023363,0.1400362706066364,0.1375411251251974,0.13568044824783143,0.1374060443043941,0.14043073201194006,0.13851111004512906,0.1321088350606835,0.11625116960110994,0.09738424176252035,0.21772052812523807,0.11949303614689544,0.0941938348809786
stat_45,0.13782867286570555,0.13922526217832581,0.13818263500920341,0.13654826095795486,0.1362961482426504,0.1366377959777465,0.1357518718689146,0.13353087851395634,0.1333199798000226,0.13197477682102274,0.1288551595584834,0.12866287465803322,0.12578846783407663,0.12598091283727594,0.12317844946578392,0.1203926256586292,0.11712806133510008,0.11498075650794715,0.11386966105002237,0.11304444063378133,0.1114026888031571,0.109615153506999,0.1079700816002643,0.11064642622300816,0.10812474049852061,0.10629370441081828,0.10515594220281446,0.1049930053055839,0.10346809997178218,0.10401005887351265,0.1016690083037574,0.10414352835951339,0.10672154074136866,0.10620007753605044,0.11452795339859184,0.11285934210744175,0.11076707858832645,0.11258129726956531,0.12333839477891337,,,0.13337301182807695,0.13809772535684545,0.12000441907029234,0.12145897050180295,0.11996979701681376,0.11646286823086578,0.11962490002632947,0.1284977529174475,0.12027067924311392,0.11512390450378435,0.1103205672184036,0.11209289402127308,0.11002321528634786,0.11072924185874675,0.11306267644955748,0.11780552654301671,0.11991391636574011,0.1213087996232814,0.12630032639869634,0.12507635095398184,0.12224133616816542,0.12343586296328869,0.12623409996382381,0.13019418959829174,0.13060397893509104,0.12961238918509374,0.13616932104730817,0.13847397404456865,0.13440818903399557,0.1325174500678929,0.1381601620023363,0.1400362706066364,0.1375411251251974,0.13568044824783143,0.1374060443043941,0.14043073201194006,0.13851111004512906,0.1321088350606835,0.11625116960110994,0.09738424176252035,0.21772052812523807,0.11949303614689544,0.0941938348809786
stat_46,0.14088918724114616,0.1423214609999304,0.14124921819371408,0.1395769764990926,0.13933329292240962,0.13970188800682007,0.13881263754372328,0.13653880202102506,0.13632085894656762,0.1349384603435365,0.13174325503983164,0.13154620099155123,0.12859766510667825,0.12598814347578122,0.12318558762550239,0.12039963047053068,0.1171353895881786,0.11498828766725233,0.11387702620167539,0.11305165499093231,0.11140946706475445,0.10962030227841035,0.10797619107933153,0.10795372213943427,0.10549135759025782,0.10108972596814364,0.0997488775673208,0.099593043704717,0.09812042537773369,0.09582384515872014,0.09367130411941163,0.09299154066192303,0.0921424952454131,0.09174402420425544,0.09163044517783217,0.0903175854098592,0.08864988344747722,0.08630043567416926,0.0873578619824133,0.07780361666790792,0.07947548153843913,0.07713007141641748,0.07691426995973435,0.07757399734588297,0.08750037063313605,0.09297728216039526,0.09360354602023394,0.09589854105735449,0.10279265501437267,0.10370060155538893,0.10260583821428006,0.10146577585297831,0.10313605353501225,0.10425927892432563,0.10496622086027425,0.10747813556031972,0.11491906582210243,0.11698823708358243,0.12131398932918797,0.1263076566243368,0.12508429287583905,0.12224940960816245,0.12344379434787833,0.12624155959757133,0.13020187547928067,0.13061154009169829,0.13248462542669776,0.13921492503405017,0.14157746621904405,0.13741300256280353,0.13548375618271574,0.1412596327946988,0.1431564664820668,0.14057396397783536,0.13863787577940695,0.14040285709701558,0.14350473757235896,0.14154474762051994,0.13504851586353364,0.11883852145511456,0.09918494088367044,0.22216505795281394,0.12211674100196286,0.09638455361678522
stat_47,0.15669435023508171,0.15830693382690253,0.15708774424321797,0.15522414429621167,0.15501158461672995,0.15549873486155305,0.15456901790272537,0.15202779109923734,0.15177706714691408,0.15021245639817388,0.14663612596516137,0.146415144065398,0.1430990856573555,0.14023144632454354,0.1371515016536401,0.13407022380209446,0.13042388703142385,0.12802863305707096,0.12679485056527356,0.125924282034315,0.12410114010718745,0.12211517793407724,0.12029297467029514,0.12027199483679893,0.1255029008047058,0.12997333743402353,0.12519090810547076,0.12500079484529952,0.13549887574797795,0.14004999906175855,0.14619216230375442,0.1565852522438137,0.15491399361009833,0.16850479500940446,0.1682277778171131,,,,,,,,,,,,,,0.1864275674815277,0.17401783102113197,0.17333825144863912,0.15903975991880037,0.15092072736658438,0.14422867605596773,0.1320054265830138,0.138419520936916,0.1367989481254355,0.13034757982928002,0.1351773734223159,0.1407562189706556,0.13943469963998228,0.1362458760114333,0.13752971028506822,0.1406043941760168,0.1449796654988221,0.1453294960355322,0.14733742521930746,0.15492886552514967,0.1575812007035149,0.15291766952019117,0.15078450728395132,0.15723770171546156,0.15926460889734817,0.15625295257623048,0.15394885762802824,0.15591556820229552,0.15941162685320623,0.1572375963019312,0.15022897192244827,0.13220013101359365,0.10865545008665917,0.24538008462762204,0.13508252771285936,0.10745606211545085
stat_48,0.14092185159504336,0.14235491517423285,0.14128221432818336,0.13961104905904417,0.13936921160231963,0.1397402760365899,0.13885343094548452,0.13657906344602777,0.13636501007372312,0.13498351978317202,0.13179159905432108,0.131594397254782,0.1286443748308245,0.12603407816307563,0.12323153457219739,0.1204444849254312,0.11718649797411998,0.11503471209090056,0.11392256926793556,0.11309520294477116,0.11144826999489485,0.1096605642574505,0.10801727440522356,0.10799603239035376,0.10803181569304414,0.10350897737077758,0.09965030075279098,0.09949475538253431,0.09803110820114272,0.09573820780267156,0.09359008939231828,0.0929109229335272,0.09206262412506085,0.09166278236205998,0.09154767021207628,0.09022681243720726,0.08854305703936832,0.08617016320326079,0.08512213525471973,0.07005488040356994,0.07147532939809624,0.07113344680856942,0.07495392305769212,0.07751204193091515,0.08532381008261536,0.09285393877874125,0.09350452283352464,0.09581392048173111,0.10271054773064131,0.10361890054643237,0.1025252056002222,0.10138884845920804,0.10305651588336244,0.10417522689672236,0.10487053199940277,0.11008060548636704,0.11771167040323437,0.11703466342627541,0.12135977600507775,0.12635243705599883,0.12513024146593146,0.12229424643817877,0.12349373190095128,0.12628689088908965,0.13024851212479638,0.13065834012292965,0.13253136079598268,0.13926408182331862,0.141623466820583,0.13745555468934154,0.13552167737820128,0.1413002112871969,0.1431932247693176,0.14060429115236617,0.1386649377858015,0.14043032857029333,0.1435343776240751,0.1415720707683218,0.135086281809297,0.11887383997476207,0.09920176308512134,0.22221615201573738,0.12215130731401398,0.09640709030790225
stat_49,0.14082146401286819,0.14225318145040905,0.14118125305063955,0.13950983011701262,0.13926669766332908,0.13963569280194651,0.1387483191727188,0.13647553415418237,0.13625770514471738,0.13487559967713772,0.1316813438060162,0.13148435351733545,0.12853766313664358,0.12592697014778056,0.12312854719271434,0.1203452403663475,0.11708138322016323,0.11493443767192126,0.11382389898064031,0.11300075688715257,0.11136005212003476,0.1095728229400224,0.1079327523895617,0.10791285744146435,0.1054542276076245,0.10105030948947227,0.09727870246580277,0.09712622102547325,0.09568824777136155,0.09345679921387252,0.09136576444598907,0.09070639373375798,0.08987998190495312,0.08950124043574176,0.08939594904335289,0.08809734197578152,0.08852227372993722,0.08613992252566234,0.08507097989399502,0.07774555654800755,0.07697348775415738,0.07492241013338918,0.07691702547794116,0.07749793601720698,0.08526897558541822,0.09281941173307891,0.09348297840177185,0.09353476975780034,0.10026511738394558,0.10112544610164963,0.10004256117734216,0.09891860249432544,0.100550872693541,0.10164330853032247,0.10233923970276781,0.10743798375849557,0.11488063732401221,0.11694643575191348,0.1212657548017227,0.12625616278410307,0.1250314078008629,0.12219492291202054,0.12338835978730078,0.12618501919788092,0.13014180820014737,0.13054747457774024,0.13242186986623047,0.13914910110556736,0.1415111023311398,0.13734815542299064,0.1354198687793146,0.14119323026485991,0.1430877725076297,0.14050604357555832,0.13857037590148108,0.14033440604415276,0.14343485466412512,0.1414760191394293,0.13498279689710552,0.11878068178731148,0.09913665823848265,0.22205211504626313,0.1220864197910289,0.09634933400291783
stat_50,0.14794155230009423,0.1494547325867842,0.14831598006117724,0.14655668278134124,0.1463280511055432,0.14675141777791947,0.14584727169989217,0.1434529481810917,0.14321949002519732,0.14175345359363684,0.1383866805730421,0.13817886743647012,0.1350650082102444,0.13234300308914074,0.12942177560790855,0.12650629632985816,0.12307040616381355,0.12081447065025874,0.1196487321323162,0.11880923226750102,0.1170942144317532,0.11521962382498216,0.11349864805076475,0.11347823497587327,0.11088732284300006,0.10625172993591735,0.10229766217988968,0.1021385761489687,0.1006372470421977,0.10098548367250837,0.10164360865353908,0.10088140170932203,0.09993732086580719,0.10264187481509476,0.10249966677959213,0.10458445872467144,0.1065295101897686,0.10786106002551342,0.10642198134802083,0.10783613728661587,0.10769702552346842,0.12134847962341072,0.11739334835345074,0.09740588354431728,0.10580252865671978,0.11522674255817747,0.11213817969125972,0.11099075487617825,0.11506507412579099,0.11258112981097049,0.11147722330542659,0.11030096806410679,0.10879561338672664,0.10697950129587713,0.10768800836027512,0.11302195829517261,0.12083908295235944,0.12299277813555994,0.12754428323599898,0.13279786184792616,0.13151748495623125,0.12851483992129595,0.12974249198484927,0.13266017439896247,0.13680225910708543,0.13717546228370633,0.13910471759757745,0.1462238830338669,0.14871702526378272,0.1443291845274611,0.14231029796916614,0.14838973945024284,0.1503423798638232,0.14756817050456358,0.14546563726851322,0.1473210628016077,0.1505988221011728,0.1485453327664673,0.14181832963048865,0.12479600790333996,0.10338232299795143,0.23247624019083377,0.12800506970298386,0.1013673451948506
stat_51,0.14440196423071114,0.1458752632747419,0.14476972106692662,0.143057320412686,0.14282431866085263,0.14322483811233908,0.14233242176059804,0.13999908426610885,0.13977809118064588,0.13835665724475005,0.13508048432202352,0.13487791625592493,0.13184713303844722,0.12918162361855837,0.1263194989317439,0.12346798516915734,0.12313136529671387,0.12087234784721121,0.11970585759714505,0.11886544786352676,0.12041391561325822,0.11848575159548726,0.11671930838233184,0.11669918625147895,0.11403267174868527,0.10926713324553454,0.10520585910375964,0.1050427831558992,0.10350579534263926,0.10405828423019606,0.1017089619478768,0.10416195604000593,0.10317794822134457,0.10267493038876842,0.10253283313396923,0.10862005276671069,0.11097264197538119,0.11256631805355312,0.12299062155555943,,0.11470294830691374,0.11183169891891738,0.10359393089150278,0.10672685579738392,0.12110758518416956,0.11992382430239945,0.11666119803249361,0.11521190263893062,0.11510263761905969,0.11625566768678812,0.11514487324071672,0.11036092570849525,0.11214114258026792,0.11006084193397933,0.11077859281860132,0.11625224907815987,0.12428139941585777,0.12648511757416764,0.13116727307041298,0.13657621922649596,0.13157743769143798,0.1285734358925009,0.12980434296675036,0.12946317312123723,0.13351515912161013,0.13390931051808214,0.13580947780986868,0.14273266686598907,0.14515643610253148,0.1408764885868144,0.13889726443267716,0.14482622013878158,0.14674346665374371,0.14405431924218542,0.14203081200189158,0.14384055750803865,0.14703262276433227,0.14502227227127037,0.13843327006299883,0.12182113701801296,0.10127187983133983,0.2273115529342671,0.12505345504383691,0.09885981786765399
stat_52,0.13503489514833766,0.1363989005762648,0.13538354805480993,0.13378450416615248,0.1335249037310185,0.13384208145295345,0.1329594014101775,0.1307867512834233,0.13058529081824022,0.1292752191933047,0.12622859474849965,0.1260406428623047,0.12592893619832793,0.12336463402917877,0.12061127542999027,0.11787735862216736,0.11469273000136394,0.11258992080586226,0.11150049093809308,0.11067840703247732,0.10906702068030065,0.10731343620574242,0.11075708768997741,0.11073787141565823,0.10821920554790568,0.1037015137514055,0.09982872547432448,0.09967248097909426,0.09820346696012272,0.09832044374540627,0.09610812790341244,0.09800380431643267,0.0970950493068646,0.09951721745027294,0.09938120269433104,0.10453151152896924,0.11086926778133942,0.11265505208387201,0.11108440165438056,0.10783613728661587,0.10160608015493265,0.11195029030995743,0.11701726831455105,0.1200902573288776,0.11016443647657283,0.12001399379578946,0.1165519391393916,0.11094204868954327,0.11155686724159004,0.10934734763839392,0.10824434172075095,0.10416395181054193,0.1058703515949001,0.10433172603498596,0.10503673913959598,0.11026816263479929,0.11790297348879313,0.12001209972471515,0.11872581475000843,0.12361073172121378,0.1224130544962956,0.11965263037037059,0.12084008168278741,0.12358633856591598,0.1274742712761123,0.12790449979171603,0.12975690993591088,0.13339894918513603,0.13564690508562738,0.13167046327313905,0.12981172819204756,0.13533315018633651,0.1371893544580257,0.1347723553812082,0.1329804886980809,0.134670189001651,0.13762480327216492,0.13574086571370145,0.12942867591062426,0.11389328384170758,0.09574854002686414,0.21367905806708218,0.11707066547176855,0.09218131146438076
stat_53,0.1442979477419294,0.14577108345984538,0.14466538284880862,0.14295509851971178,0.14272546490301516,0.1431307661291477,0.14224388689577505,0.13991177097090224,0.1396907446672337,0.13826991436916275,0.1349937793791747,0.13479119788696742,0.13175846494984003,0.1290968525472394,0.12623803065325565,0.12338893623500907,0.12004615847102712,0.11784157408855876,0.11670249499630014,0.11587224003398823,0.11418671848135573,0.11235492632470628,0.11068394440695614,0.11066266720296337,0.10814096023261285,0.10362604976621743,0.09975706438408175,0.09960097827616556,0.09812900117138834,0.09582605219826631,0.09367169511692831,0.09297604897181844,0.09214021405758313,0.09175592626675584,0.0916428627223683,0.09253757463594008,0.09327385770928409,0.09076136015000195,0.08961738143370603,0.07180493206935104,0.07326348184297121,0.07297202578961152,0.0768938468709259,0.07953581243814674,0.08972900080965578,0.09770743797155708,0.09847730522190716,0.09829209841416456,0.102827261755572,0.10370264446199777,0.10258049805611634,0.10145231893580413,0.10313494244534349,0.10426328039085621,0.104966263059329,0.11019215412026925,0.11782754466112091,0.11994332020607212,0.124372918664363,0.1294944804610069,0.1282406900655877,0.12531460763342217,0.1265284224924547,0.1293807792766019,0.1334284031784619,0.13381846232996383,0.13571369398171995,0.1426385022484925,0.14506320399300376,0.14078308695919636,0.1388053629643584,0.14473223923853415,0.14664195405193034,0.14394676221709368,0.14191984704064795,0.1437282853894153,0.14691973483303078,0.14490999145133326,0.13833916298791157,0.12173996064995168,0.10118265098636321,0.2271211510508927,0.12504273945045108,0.09882362489842968
stat_54,0.1408473189289446,0.14227929865566155,0.14120718738588353,0.13953548360480295,0.13929230884785837,0.13966183612897645,0.13877421799438203,0.1365010329890117,0.13628321413821537,0.13490093361535405,0.13170648024880321,0.13150945522702964,0.12856255930080926,0.12595460537281217,0.1231552363683922,0.12037036620497787,0.11710730249687837,0.11496061870200652,0.11384969243910534,0.11302636403803255,0.11138553653620313,0.10959673946238141,0.10795875139336591,0.107937884256228,0.10547556331112458,0.10107566932087236,0.09730088574208705,0.09714836052394613,0.09570390815823784,0.09346430703280278,0.0913683303743402,0.09070749541336007,0.08988166971822971,0.08949574262774312,0.08938953666147421,0.09019410731288036,0.08850806831375338,0.08614022499130727,0.08723080134097823,0.07548519916402278,0.07943366903335107,0.07284584396147253,0.07490979089550551,0.0774648709092093,0.0873809899867466,0.09281149836303752,0.09346094069806705,0.09577554717571805,0.10025608450046815,0.10112773468587803,0.10004702357540458,0.0989248650693335,0.10055985636958113,0.10165965162201646,0.10236189027385394,0.10746413176081925,0.11490305434877333,0.11697240322265105,0.121290848596315,0.12628376969375407,0.1250587564773819,0.12222187597506105,0.12341521463790442,0.12621119533625502,0.13016988041773367,0.13057617695924836,0.1324476097024423,0.13917568325259064,0.14153771775837382,0.1373740022802171,0.13544528865994604,0.14121971131993738,0.14311460682880878,0.14053178812190253,0.13859568228380942,0.1403600590364265,0.14346113356923626,0.14150186268948095,0.13500830040980263,0.11880317806874763,0.09915363829140889,0.22209314477377756,0.12210140262192652,0.0963648204513879
stat_55,0.14081254660716327,0.14224410336446036,0.14117227705857388,0.1395004410428871,0.1392570325500492,0.1396243073339411,0.1387328582193871,0.13645988621395244,0.13624082513880925,0.13485858777602105,0.13166461103553254,0.13146766226505183,0.12852118650646865,0.1259119814107735,0.12311304469796404,0.1203299967819719,0.11706605238699525,0.11491993416164588,0.11380968090746243,0.11298658533046513,0.11134637836643375,0.11222908431928874,0.11055164256290863,0.1105314751645282,0.10800839196151839,0.10349006131344209,0.0996307206077177,0.09947523103415573,0.0980090891909989,0.09817518301205692,0.09858900720177519,0.097847636325841,0.09980529453780929,0.09932235134386799,0.09919021994821223,0.0977381575221193,0.09589618820437804,0.0932738637792939,0.09206656005323859,0.09576231755687932,0.10158710753316329,0.10466438911363289,0.10969325300267029,0.08986219965826721,0.09207861895481684,0.100303044142039,0.10118809853877982,0.10379703844499714,0.11135436795919813,0.11244396772390845,0.10809087656837567,0.10694553672057144,0.10573439004927261,0.10415357560333922,0.10485124826689163,0.11006124012465666,0.11768739766310071,0.11979802953008264,0.12422871275023943,0.12624058421726456,0.1250161589609924,0.12218036876262534,0.12337286579705896,0.1261693764303201,0.13012580590598968,0.13053211427384603,0.13240521852775783,0.13913183625880798,0.14149354912793186,0.13733160442848458,0.13540481660046966,0.14117771716817923,0.14307655570173733,0.14049719566789198,0.13856209821226542,0.14032630095480106,0.1434263328900301,0.14146789633303938,0.13497557107174313,0.118774096220777,0.09913278692681322,0.22204166847940981,0.12208027663984419,0.09634480346462587
stat_56,0.1891202270600081,0.19107799880509432,0.1895824536025837,0.1872966948348403,0.18705853663909544,0.18764980996460393,0.18649506296795346,0.18341559802321422,0.1830982985076494,0.18116468494950919,0.17684853505756845,0.17658291131844034,0.1725742700103194,0.16912044980863566,0.1653972334948831,0.1616918319068329,0.1573150903091313,0.1544571189979267,0.1529835658681614,0.1519442678766561,0.14973095576950063,0.14732503235712943,0.14506535214365407,0.14503410770379893,0.14175658021629614,0.13589705430173754,0.13091908838753163,0.13072127380676873,0.1288472106683039,0.12584909114097212,0.12304811525366516,0.12210429350415945,0.12091207608293963,0.12023498945122114,0.12005982196098201,0.11829212196556879,0.1160482177789462,0.11859444694732096,0.12343271914956373,0.107763746161775,0.10763965045373218,0.12129220106752601,0.10405122707373067,0.10712567572596043,0.12152302493374718,0.1258675611239061,0.12178825406978046,0.12522821431410014,0.13461353445135166,0.1362477470387639,0.13515495726301444,0.1338003191077916,0.13572072139228555,0.13716913642418338,0.1380824056919878,0.14475449450077235,0.15443986018365108,0.15690594048146356,0.16274081056471484,0.16951883726661343,0.16819894003131003,0.16449061063143755,0.16598508184875774,0.1696219421523447,0.1748927335248543,0.1752579815660604,0.1776432109527471,0.1868787289921629,0.19007343555079545,0.1844787758364298,0.1819310512374994,0.1897133257867256,0.1921885929137293,0.18852583060833167,0.18560684511632233,0.1879880560400146,0.19224223536431653,0.189657910040273,0.18120771881031994,0.15941697667418028,0.12877683482103416,0.29386184228999324,0.1592933730988727,0.12929604875644515
stat_57,0.13795992746433794,0.1393582130404907,0.13831462748054574,0.1366807680876545,0.1364301090925172,0.1367742370851081,0.13588954609890438,0.1336668406016955,0.13345961078907057,0.1321151435972362,0.12899693366484105,0.12880438791285798,0.12592893619832793,0.12336463402917877,0.12061127542999027,0.11787735862216736,0.11469273000136394,0.11258992080586226,0.11150049093809308,0.11067840703247732,0.10906702068030065,0.10731343620574242,0.10805978532797005,0.10804052940257539,0.10558096604594645,0.10117880831497013,0.09977707935243263,0.09962112545867208,0.09815442121374288,0.09585351841164687,0.09370119233684074,0.0930249711147813,0.09217677585159247,0.096645784883408,0.09651550181399098,0.09513347999621233,0.09337766036491651,0.09643292290358842,0.10205914849781643,0.10783613728661587,0.11485571921889426,0.11211588674333833,0.10372688951890092,0.09733436937311832,0.10167444851376639,0.10357570523464388,0.09855735494340283,0.10102612641077642,0.10832396890991769,0.10373675147550872,0.1026365003176166,0.10149112797838038,0.10316299756113978,0.1042904079140477,0.10499222897689443,0.1075665842946321,0.11500964870470187,0.11707558739196786,0.11872581475000843,0.12361073172121378,0.1224130544962956,0.11965263037037059,0.12084008168278741,0.12358633856591598,0.1274742712761123,0.12790449979171603,0.12975690993591088,0.1363174023936194,0.13862029022004466,0.13454828520060574,0.13265147422620496,0.13830049353706284,0.14017419541627513,0.13767016346833444,0.13580502437444095,0.13753211868256562,0.14056135834314,0.13863734166134284,0.13224252713166848,0.11637134668018652,0.09746988660693105,0.2179346756189628,0.11957380325666635,0.09426741322041063
stat_58,0.14099003138111135,0.14242357851040396,0.14135060504399902,0.13967878110308826,0.13943606810534745,0.13980626497756662,0.1389172031485306,0.13664223394508623,0.13642462348602613,0.13504259495720236,0.1318451896837752,0.13164796049101862,0.12869743419082016,0.1260861567401723,0.1263322104254536,0.12667764650382518,0.12323713300699833,0.12800261023870554,0.1267689285100875,0.12589887927455282,0.12407837333034104,0.1303626917710038,0.13319018086427456,0.1331657607211395,0.14886988328590467,0.1427728978537879,0.1375618223173346,0.13735500208684318,0.14334853462881791,0.14940871439514208,0.15786625183987982,0.17156920330059403,0.16969826238146124,0.16850992777880902,0.16822627385473704,,,,,,,,,,,,,,0.18642370664137206,0.19018981189266815,0.18980936260774786,0.17168138634471988,0.1608656244656528,0.1525393118055674,0.14511976205760146,0.1520982684146882,0.16211858051491174,0.14423051343874002,0.14425846439389992,0.14073050664244238,0.13940749942976993,0.13621939115351156,0.12991144367258517,0.1328368218319089,0.13352971821104798,0.13071331878564427,0.13258747393447412,0.13932169075836248,0.14168619029430854,0.1375173776009181,0.1355859020621817,0.14136629940321813,0.14326219008575689,0.14067339760668363,0.13873402610907465,0.14050001685908478,0.14360530685780767,0.14164207883660032,0.13515062161355476,0.11893010357860641,0.09925083210147845,0.22232916549539217,0.12217868817431025,0.09644158817461967
stat_59,0.21083444580883626,0.21300518982023614,0.21134424647855313,0.20875979190379002,0.2084397944953041,0.20899921379524852,0.20758822222298876,0.20415870355727292,0.20379949641565323,0.2016282351725415,0.1968490229110252,0.19655679831151998,0.1921338348132796,0.18822745230835114,0.18401609899418872,0.17987660672101546,0.17504911277505136,0.17190962075371782,0.1702836243760205,0.16906743468272875,0.16656708637256665,0.16385686557984613,0.16124504114815846,0.16119669912075577,0.15762065049365553,0.1512285005365513,0.1457444524550455,0.1455261376909717,0.1434384498681413,0.14015875752372095,0.13709685297873228,0.13605996873078474,0.13469420170213553,0.13388908370213123,0.1336837230913262,0.13167762299149957,0.12909573119104703,0.12530838097786043,0.12344834911421082,0.10129877072861528,0.10194601556804847,0.11240888238633538,0.11735087594267032,0.11322617630399469,0.12153963177812921,0.13237140113555784,0.13472240483709394,0.13884305732135835,0.1495383065088957,0.1516413112128134,0.15064310226955505,0.1491296606862539,0.15102646214540527,0.1526281087319654,0.1537600082515055,0.16110677510058086,0.17152078745218233,0.17399449364343142,0.18047995145852216,0.18806927929826311,0.18691675335704236,0.1830253647473098,0.18469580485171683,0.18871663500514985,0.19462418786763588,0.19511330858431256,0.19784539935686518,0.20808155532428851,0.21160074485730768,0.20544854063329976,0.20262245815190366,0.21124925424368127,0.2141550245478787,0.21021517969217535,0.2069852602429961,0.20964321329848165,0.21437077435004742,0.2115265063562002,0.20184660576348168,0.17751775490161714,0.1427649041508597,0.3270088119830316,0.1737178527944276,0.14320582627998601
stat_60,0.1409875507195315,0.14242084607562375,0.1413480587934345,0.13967578215296808,0.13943220153277397,0.13980123936698408,0.1389113561104063,0.13663648382204746,0.1364188708226747,0.13503662116773585,0.13183960397476382,0.1316424153151477,0.12869400179824914,0.12608267449460897,0.12327948815100871,0.12049089174049271,0.11722494214903814,0.11507588006213193,0.11396361829741218,0.1131378124083445,0.11149560468400327,0.1123500814591721,0.1106700482371127,0.11064961584491644,0.10812472905255002,0.10629787108220196,0.10234023169970698,0.1021810003772855,0.10344947850182337,0.10101707437650038,0.09873721575786952,0.09800380431643267,0.10670719395302482,0.11011675443173151,0.10995947709093747,0.11285245954540594,0.11071128730577479,0.10759989501374981,0.1404976092220162,,0.11485571921889426,0.12111031044450399,0.12612506577653404,0.12003564442738839,0.13664710710286918,0.11496935337431086,0.11639699772274263,0.11961279563484681,0.12341359687660997,0.120255492073791,0.10824434172075095,0.10708310451433287,0.10882593270810852,0.11000857205944978,0.10772883702013902,0.11306785991843085,0.11780585410690989,0.11991711472663377,0.12435015230641182,0.12639682401988764,0.12517285917057255,0.1223368708844857,0.1235345068696217,0.1263358341913095,0.13030006276135309,0.13071024960763628,0.13258478411530844,0.13931648651089773,0.14168046649693855,0.13751263841481826,0.13558130710320876,0.14136102529883454,0.14325829891730182,0.1406719815688271,0.13873398562356334,0.14049993786738246,0.14360457874985588,0.1416419887519549,0.1351456673103226,0.11892501411234693,0.09925284785787272,0.22232834378989938,0.12216612355568483,0.09643576494759641
stat_61,0.24244659453499282,0.24490034628261792,0.24302472999822344,0.23996031449185454,0.23942211628304838,0.2397650929344914,0.2378049447869391,0.23386741775458852,0.23343452046820842,0.23091777652029233,0.22550397985274592,0.22517798166309774,0.22021846349115962,0.21559713162042773,0.2105944508060241,0.20581104384418364,0.20036505845102234,0.19686422186645114,0.19503195469459794,0.19347989314394826,0.19053209746922412,0.18735074521635497,0.18413650057995334,0.18404301671632017,0.18009354713666287,0.17305536667767804,0.16688319225140824,0.16663640713822936,0.16424311640874645,0.16060389108197892,0.1572433349506782,0.15610590898039214,0.15444523595136994,0.15345412984272433,0.1532113717891439,0.15077113073763243,0.14753496802148724,0.1428413985783785,0.14036303915341333,0.09562604876923436,0.10145896304839819,0.11180730956648667,0.11690511145524854,0.11996691050268501,0.13654059291949017,0.1487803572005156,0.15245962794734771,0.1577996056865923,0.1705838994053829,0.17352378937494772,0.17284853139610593,0.1710745672721914,0.17273016414885553,0.17455771672103623,0.17610032419359645,0.18436629463959459,0.19552933994837382,0.19783490630998424,0.20525691938430124,0.2140348864559009,0.21335371811198983,0.20941726490442752,0.21136683336294743,0.21595216271464432,0.22282464659779064,0.2236376924343647,0.226977697408388,0.2385411426935676,0.24248188376563024,0.235623890774442,0.23241265961738175,0.2422094438083324,0.24596569624572992,0.24189974270576278,0.23836871797186232,0.24143826432791793,0.24679813519803306,0.24361407991922215,0.23170658973311123,0.2036451235921156,0.16378281043373544,0.3760818978385112,0.1925575018618481,0.16257104141377812
stat_62,0.1324716331868175,0.13380496330899233,0.13281537109607727,0.13124775499609623,0.1309784135231726,0.1312688840721853,0.13038492777812677,0.128257094193265,0.1280618045299561,0.12678375693573535,0.12380147527585841,0.12361765484399637,0.12087700274619398,0.11839527753283391,0.11572950868185301,0.11309510142654787,0.1100466243479466,0.1080313485183625,0.10698506441165698,0.10616733878057738,0.10461039843069417,0.10504054909283249,0.10345218085892592,0.10343064617462644,0.10108975605862658,0.09688880832188916,0.09525619172877547,0.09510592486815937,0.09589944520638764,0.09596544077435433,0.09379652879250308,0.09310831980898727,0.09227140693805772,0.10305527533504813,0.10291198337704283,0.10499161977352083,0.10696317106510596,0.10835092560889144,0.1069203308325302,,0.1079906951562448,0.10489949610577061,0.09546837477645237,0.09809237525784814,0.10633454118784848,0.11577028856231542,0.11261182606226455,0.11143575030632481,0.11551920147996676,0.10383337575659414,0.10271045800087236,0.1015682023797004,0.10326126168929037,0.10183719535104914,0.10015889499746182,0.10294372573096713,0.11006196667062863,0.11204313212739776,0.11618031321440314,0.11848566630156118,0.11734939835372368,0.1147366957429034,0.11590262196305776,0.11855844549049224,0.12230850084947974,0.12277826583124216,0.12459568772854941,0.13084147841181928,0.13303974686633427,0.12914847908965998,0.1273216909258347,0.13272972289764365,0.13457338678096117,0.13223558763346763,0.1305113051320605,0.132167952047296,0.13505657087270598,0.13320657452584425,0.12696333734361737,0.11172252072311996,0.09426584620614863,0.20999277602377756,0.1147909347346589,0.09031197942789188
stat_63,0.1443339112256133,0.14580661469209721,0.14470133644293995,0.1429895193502515,0.14275683431402883,0.14315779901056871,0.14226627311312953,0.13993412700430086,0.13970940586583258,0.13828775245598934,0.13500786505046442,0.13480539472111575,0.13177533160363414,0.12911270496864974,0.12625470847421422,0.12340452227667498,0.12005526400726106,0.11785272799978064,0.11671397979000371,0.11588315829373538,0.11420478399787383,0.11237570759634741,0.11070232509802873,0.11068367078912815,0.1081602027694272,0.10364227298568503,0.09977623234138386,0.09962021804943164,0.09815535070824757,0.09586177839243984,0.09371308429471843,0.09303651358408885,0.09218896907893026,0.09179337758327819,0.0916836393253121,0.09037320218556434,0.08871415625739225,0.08636228258920127,0.08532182412637523,0.07821654152266512,0.07159374374796368,0.07130396268913937,0.07514696696231844,0.077661309479564,0.08553258224981063,0.09306077902734855,0.0936866517100192,0.09597065951168057,0.10285979928160435,0.10375173548209578,0.10264492902054057,0.10149838535915211,0.10317088062467755,0.10429066866435757,0.10498934046489175,0.11021179119584133,0.11784463755318571,0.11995788087283851,0.12438496633797845,0.12950376688593315,0.1282477764904843,0.12532575584293174,0.12653884458754147,0.12939784203742047,0.133447575163003,0.13383718987931392,0.1357346173955302,0.14265610227841447,0.14508400105741268,0.1408062530249606,0.13883182555175655,0.14475786144391642,0.14667417263577848,0.14398643732929334,0.14196356522913608,0.14377223003724685,0.14696263667069895,0.14495392598901324,0.13836624116170265,0.12176163139402285,0.10122186704814021,0.22719435094273482,0.12502599503679365,0.09882772559621233
stat_64,0.1325608273063895,0.13389615202451982,0.13290548674812394,0.13134132452307756,0.13107655066445226,0.13137408532659064,0.13049567052099043,0.12836737963203768,0.1281707775310373,0.12689531246498392,0.12390650683451734,0.12372237051775076,0.1209782088984731,0.11849683222542079,0.11583081282454705,0.11319298232943323,0.11013407879021406,0.10811467471925373,0.1070663877360934,0.10624734177428269,0.10468831115969854,0.10299751856212803,0.10143184529424738,0.10140999100107852,0.09911053777987121,0.09498997059854251,0.091419805979229,0.0912741591839116,0.08988668864944205,0.0877834204173602,0.08580754285564625,0.08520212756147252,0.08444662717847166,0.08412180637925758,0.08402362495527825,0.08280535067434813,0.08122449315691721,0.07905556432227745,0.07961133480481972,0.07344023118716905,0.07130706363848073,0.07105041067406101,0.07492692724952292,0.07569622640121663,0.07987367481453028,0.08524637889056245,0.08574857188593764,0.08783608606899927,0.0941255746908462,0.09488561749917496,0.0938062593829424,0.09269833124806777,0.09426588979506649,0.0953214424048261,0.09604531209710993,0.10089104291083331,0.10787425905366273,0.10983152720274647,0.11388694680402836,0.11857325310097504,0.11743179309932494,0.1148150850360179,0.11598685057603299,0.11865683875336228,0.12241095045491213,0.12288199964515319,0.12469734410285306,0.13094826315425073,0.13315375866287424,0.12925410430531056,0.12742616769253795,0.13284040388115945,0.13467479141867786,0.132319735193804,0.13058754928526767,0.13224473652761132,0.13513888151915798,0.13328281768490438,0.12706607641637985,0.11181864953875974,0.09431549348457857,0.21013757330579358,0.114869531741314,0.0903661814894382
stat_65,0.1351094652628626,0.13647413814003082,0.13545845033967052,0.13385901080590284,0.1335990714738035,0.13391603361451376,0.13303251453616205,0.13085893959453507,0.13065800205797085,0.1293479186497966,0.12630009386816615,0.12611205804198555,0.12330626511566418,0.12078509407794384,0.11807763556681761,0.11539560840031449,0.11228143270931212,0.11022409624407119,0.10915702590272752,0.10833758875796462,0.10675490638604952,0.10503433112324675,0.10344691301428045,0.10342569102549647,0.10108576639406237,0.09688635447132413,0.09325388425012254,0.09310614190828916,0.0917076942681105,0.08957129586313689,0.08756772027306398,0.08694956997385161,0.08618271678482038,0.08769137224127603,0.0875869827209083,0.08632792661905656,0.08469663427374684,0.08244477685218933,0.08142321635063088,0.06838649974453909,0.06825565912757194,0.06942079253770038,0.07170342687318838,0.07250021813373812,0.08168373079565554,0.08888989016716366,0.08944236809694761,0.09163360905689533,0.09819448923143122,0.09687584931832179,0.09578039159642257,0.094661597220002,0.09624427961251018,0.09730631400567666,0.09801740156730937,0.1029414124310023,0.11005792022920252,0.1120378912746312,0.11617339225154913,0.12095415854872521,0.11978702112085758,0.11710228318695576,0.11827806617167189,0.12097723315040759,0.124793196474882,0.1252431068090526,0.12707686500232776,0.13347465736753564,0.13572345339218744,0.13174490290814483,0.12988436912693893,0.1354085843475823,0.13726575839968602,0.13484703029025466,0.13305434606646027,0.13474490646532594,0.1377013345089784,0.1358157167240031,0.12950127386674692,0.1139575747568862,0.09580160686062729,0.2138043062648796,0.11710325719310724,0.09221825942271102
stat_66,0.14115294640965623,0.14258867741483963,0.1415144540432089,0.13984340294513306,0.13960279324818153,0.1399765382024804,0.1390894375307722,0.13681229221681787,0.1365989228583975,0.13521786288676224,0.13202138390690682,0.13182382136784088,0.12887138598519093,0.1262573236140834,0.12345094874583025,0.12065783436580865,0.11739494033937249,0.11524138389613253,0.11412643131714639,0.11329823380545828,0.1116543500868624,0.10986274011498841,0.10821699278426936,0.10819734236608951,0.10574475512084536,0.10134123722664445,0.09754971393828443,0.09739621229734813,0.0959483775062529,0.09600768417787751,0.09384604762883648,0.09316622842581751,0.0923325655608221,0.09429915775594203,0.09417477752746159,0.09284365123334744,0.09112811620201437,0.08872610076275372,0.09265508099762315,0.10780954452451748,0.08577277490610284,0.08323554945533934,0.08441565137353631,0.08469481153136434,0.09269388567586102,0.0955585750886529,0.0962193289622545,0.09860045330304702,0.10567151217493885,0.10389817825860105,0.1027644718139068,0.10161106987578059,0.10330020796175508,0.10188189968189874,0.10259365030378884,0.10772314135962972,0.11517771449933328,0.11724109822916316,0.1215691710197211,0.12657109333964905,0.1253414421376262,0.12250116119722673,0.12370511216274727,0.12650718308812486,0.13047754973265255,0.13089066259486382,0.13276618737831647,0.13950553901651203,0.14186872091226466,0.13769190700766995,0.13575314919853104,0.1415416071399941,0.14343388931147777,0.1408331757223315,0.1388878101763268,0.14065568547637208,0.143766824522404,0.14179794377762475,0.135317441321567,0.11908028241274246,0.09935603082499594,0.22259398958972157,0.12228340029938616,0.09653468941104082
stat_67,0.15233809275320934,0.1539032546779622,0.15272337880816933,0.1509187876958141,0.15070721579053858,0.15117260207728,0.1502634684153779,0.14779535743713743,0.14756058089033597,0.14605162281334702,0.14258416197890222,0.142369313565413,0.13914994751243576,0.136353200253848,0.13335378259816344,0.13035531884028956,0.12682125068530903,0.12449145496151597,0.12328906471943205,0.12243403956323715,0.12066960472193361,0.11874461864824387,0.11698082871667098,0.11695968963425508,0.11430501493257987,0.10952382588164764,0.10544086709908063,0.10527657517554309,0.10374366082506682,0.10133519006241362,0.10201890690511582,0.10447045817682404,0.1034932489059245,0.11053334450568957,0.11037774287018266,0.10874877722877833,0.12213573193638921,0.11857309802199252,0.11682748145296235,0.10247153395404741,0.10869127528196687,0.11312097728206777,0.11029147143748592,0.10716831332962157,0.11551047077294349,0.12586818552179116,0.12787068736347976,0.1153558293182754,0.12386920438518823,0.11658211738492204,0.11542440509206787,0.11061240405213871,0.10910417873731536,0.11026651360246977,0.11098536480003986,0.11649328737415168,0.12455912690705558,0.1267638312656416,0.13145113738725295,0.13686146897392498,0.13553920547866705,0.1324337324904946,0.13369716376263538,0.13669430614288727,0.14095268811342046,0.14131735523511554,0.14328528140129584,0.15064445445212246,0.1532149726461842,0.14867730522713113,0.14659203496377565,0.1528656600837605,0.15483972845068666,0.15192012499205193,0.1497044401860468,0.1516159922942178,0.1550098891506293,0.15288674701755958,0.1460782322513826,0.12855714415856737,0.10601819640810882,0.2389762608436533,0.13159900616987225,0.10442053872215874
stat_68,0.14827221841476218,0.14979125602730706,0.14864906830544108,0.1468948448877213,0.14667632589952564,0.14711311232330512,0.1462160382462475,0.14381706637929137,0.1435903732127007,0.14212890506396206,0.13875849425312786,0.13854976085750412,0.13542516304641963,0.13269803182407916,0.12977025524976998,0.1268466963460111,0.12340932207599681,0.1211415087339837,0.1199701888371442,0.11912639904996933,0.11740581945202161,0.11553061420554747,0.11381095995607257,0.11378982495381379,0.11120586023477758,0.10655450393291635,0.10257399218899033,0.10241352246634294,0.10091105331468504,0.10431250797163362,0.10902139240290679,0.11238545285823484,0.1113182831889036,0.11082939315057738,0.11067781552172622,0.10907551854198817,0.10700274557639473,0.11277898077564989,0.11117270016329563,0.10247153395404741,0.09716031331684817,0.09931931803340083,0.09886583155625117,0.09739539666034813,0.11027888118818681,0.12017194016037376,0.11266823895880307,0.11571409669635802,0.12420282201832587,0.12541831945008125,0.12424744226893823,0.1183207962399954,0.11235886876413873,0.1072186452575377,0.10793338473400725,0.11330807815925925,0.12116501240738384,0.12332615880387163,0.12788551988003447,0.13314619225085605,0.13185091751119984,0.12883602298680352,0.1300788558130784,0.13300718139016024,0.13715990502426725,0.13754005737424393,0.13946971818233908,0.14660703197315594,0.1491042532884724,0.1446937720414533,0.1426610794089848,0.14876084775245552,0.15069886654232695,0.14788569001293986,0.14576299611995855,0.14762236866801168,0.15091573689440516,0.1488465227704932,0.14217658044194598,0.12512409374421712,0.1035782333158703,0.23300419042975395,0.12827265183985692,0.10157333836056759
stat_69,0.15704088049957132,0.15865923072558782,0.1574367051792327,0.155576914084268,0.15537354906835665,0.15587141590059053,0.15494669303702585,0.15239987128602644,0.1521565267692582,0.15059631203292315,0.14701712727020125,0.1467952393774927,0.14346884623175474,0.14059661146593053,0.13751210666203373,0.13442227680435614,0.13077667883306549,0.12837424478811324,0.1271346171323161,0.12626235749870757,0.12444493076431767,0.1224624636516651,0.1206450752852077,0.12062391900293155,0.11788656334882308,0.11296539372705992,0.10875762240623055,0.1085885168857353,0.1070174939692243,0.104533370137896,0.10217702286578358,0.10464898567341481,0.10368093288086595,0.1069128818683837,0.10677303661545547,0.10526069240035758,0.10333392674931302,0.10434409971668909,0.1029668753516552,0.10946804650553628,0.10243123432863081,0.11311562431776782,0.10413352757641048,0.10210467378059544,0.10262718500181925,0.1117521871466417,0.10891708084373934,0.11173014921926919,0.11984096134048057,0.11678079573244612,0.11559736471947857,0.11075549268299345,0.11256582629595534,0.11376211706489396,0.11449508743021244,0.12016811446297065,0.12846494718480056,0.1307227780428983,0.13555628395972355,0.1411381986023887,0.13978923750224234,0.1365854050126441,0.1378802504606139,0.1409635729208992,0.14535027608939452,0.14570509712466947,0.1477131585649038,0.15532228771941034,0.15797770856354013,0.15329195829262285,0.15114427845298545,0.1576186033249786,0.15963361544626073,0.15658680422853494,0.1542639265195905,0.15623543054136543,0.15974678704244888,0.15755737780396142,0.1506007622765877,0.13253959191047224,0.10886787097223134,0.2459390021234808,0.1353487674158931,0.10766619271626156
stat_70,0.1519931344037468,0.15355260393979744,0.15237607400223105,0.15056644973170114,0.15034599199244933,0.15079983406555061,0.14988545052187713,0.1474209802896406,0.1471789417811061,0.14566600588458087,0.14220158210778422,0.14198762666307832,0.13877928499849784,0.13599100288571414,0.13299936643682414,0.1300084885295847,0.12647250713708813,0.12415087001162961,0.1229540510243843,0.12210175694866435,0.12033859863885504,0.11841565099781634,0.11665299842362938,0.11663277202864598,0.11396623573993034,0.10919880985473851,0.10513994355253134,0.10497705667615076,0.10345332116247387,0.10103603023652988,0.0987704995981741,0.09805355570928026,0.09714716629577114,0.09671524621991265,0.09658973062479849,0.09520622121179267,0.09347372812141898,0.09098818458248017,0.08989647680300446,0.08703513556315194,0.08314594271930685,0.07798970868272934,0.08200684386654124,0.07985869700578564,0.09000834738200121,0.09793304042621982,0.0986727125703976,0.10111321197122057,0.10841076907767787,0.10940244759004783,0.1082873972734382,0.10710713573886019,0.1088409461582721,0.11000949629804016,0.11071380124139775,0.11618311183410787,0.12421219080306241,0.12641609252243044,0.13109314105779046,0.13649409943536248,0.13519013651097192,0.13209778050903942,0.13334963261705898,0.13633997528560698,0.14058795166804422,0.140944676355001,0.14290847825032174,0.15024894971190036,0.1528163320883717,0.14830049643558676,0.14622960409023675,0.15248427262901612,0.15447017109111238,0.1515860184869698,0.14938892898495418,0.15129716558840825,0.15467599624415138,0.15256778804119606,0.14570938654482413,0.12822085847099404,0.10580850910335374,0.23842307998392498,0.131336304416961,0.10420993690012216
stat_71,0.15697556186269992,0.15859289782561592,0.15737101246784616,0.1555115448796294,0.1553068685694762,0.15580262401792222,0.15487670234620182,0.15233069664259977,0.15208731099864597,0.150526774633057,0.1469497797275953,0.14672803552281438,0.1434030423918592,0.14052778501772678,0.13744414503871674,0.13435673067888013,0.13071363623007073,0.12831296675080472,0.12707435445753992,0.12620256042074862,0.12438496854514314,0.12240232098698943,0.12058522406890243,0.12056535142799805,0.11783376244713341,0.11290664761395336,0.11221660015969492,0.11204294673033323,0.11867480663063143,0.11593135933982174,0.11804492366040509,0.12265943931963619,0.1274377621611293,0.1342481577200067,0.13403883602556216,0.13198034385934784,0.12933552557459077,0.1254817851192215,0.1314975059723001,0.10824955210454668,0.11508324867899358,0.13377141960081018,0.12719770916740455,0.11336994285875665,0.12877544851815323,0.13255482460310025,0.13496874817222476,0.1391532550286003,0.1499131736474506,0.14352527544374405,0.13567559748990513,0.12820831468655092,0.12493484000337177,0.12624788363116526,0.11817745314358122,0.12011021750766042,0.1284098025291763,0.1306601634877924,0.13549055071661653,0.14107126738569964,0.13972540834071145,0.13652373350784758,0.1378164040622484,0.14089612045259844,0.14527981238547463,0.1456341806439631,0.1476461069477561,0.15525229341161512,0.15790555512085455,0.15322331841226086,0.151076951494232,0.15754788338913905,0.15956496208153745,0.15652409269295942,0.1542043592712311,0.15617441672091456,0.1596831341803697,0.15749617444713138,0.15053287605656984,0.13247822215226374,0.10882869751262329,0.2458368105652265,0.13529769226224234,0.10762442334813835
stat_72,0.13261259183577237,0.13394885787249206,0.1329576239281458,0.13139421706244603,0.13113109271461199,0.13143118068600154,0.13055485188868604,0.12842574219495517,0.1282327004483061,0.12695794388148127,0.12397179929363988,0.1237874980428669,0.12104189383330291,0.1185600346406696,0.11589328084492292,0.11325399102433681,0.11020060219662617,0.10817925654489216,0.1071298167090281,0.10631032023735974,0.10475107648146281,0.10306004557504239,0.10149671159618763,0.10147484677628883,0.09918257915754222,0.0950641980821811,0.0914877913040468,0.09134179148689432,0.08995482278144665,0.08785527963835432,0.08587958469489773,0.08527350392363413,0.08452765100395503,0.08422375219903265,0.08412603780954228,0.082920254314611,0.08134525773269283,0.07919612272306437,0.07820869275638702,0.07362032829294254,0.0673821668198795,0.06681894137854015,0.07026750121092276,0.07120548552588903,0.07851548078135033,0.08542233433817828,0.08589364147982913,0.0879707908174344,0.09424285009214733,0.09496925703526284,0.09386734803254235,0.09275307636123775,0.09432690066845086,0.09538026918283883,0.09610515368358555,0.10096085061820101,0.10794812770250556,0.10990127862719963,0.11395598673748089,0.11864390501109845,0.1174983613770804,0.114878650098141,0.11605295493230249,0.11871910643629817,0.12247510669012286,0.12294683089462169,0.12476176200824289,0.13101549053905387,0.13321832312677914,0.12931484862032055,0.12748232171263843,0.1328998870346259,0.1347309802642721,0.13236928792222902,0.13063377291465725,0.13229162381318874,0.13518827179169574,0.13332972444295862,0.12712202089059668,0.11186984900750542,0.09434513277837114,0.21021875321045994,0.11491312676953855,0.09039940094497173
stat_73,0.18892834425729818,0.19088343131733898,0.18938970732825827,0.18710062879779388,0.18685990223510016,0.18743903821285104,0.18627286046324856,0.18319248686521938,0.18286995664776814,0.18093651819672982,0.17662232880826248,0.17635712101834516,0.17235221526178732,0.1688890107749977,0.1651715266316454,0.16147559652225957,0.15709691855954755,0.15424661509727167,0.15277818252463007,0.15174485368948204,0.14954917073149873,0.1471567632335149,0.1449038435431678,0.14487193139620022,0.14160350253793397,0.1357543982557987,0.13079186702472687,0.13059441404164815,0.12874804132927617,0.12579192180435525,0.1230235245484217,0.12211707381880488,0.12090192926813376,0.12028870450203644,0.12011639949819902,0.11832522540999808,0.11608766638681914,0.11279272645648285,0.11664575247147067,0.09617363324171174,0.08878557742588712,0.09401655614281092,0.09879206432437299,0.10179288472041766,0.11533155793771378,0.12017434969824142,0.12183201163747635,0.1252642140784459,0.1346741294789781,0.13623411077248848,0.1351628995780831,0.13377166748463332,0.13566161339295096,0.1370709339077869,0.13795679582117873,0.14460951915874468,0.15427918251713954,0.15673557702616384,0.16256076366275976,0.16931908728534012,0.16798555207945357,0.1642775012634385,0.1657611184522511,0.1693979054398287,0.17465691320143353,0.17501867952114933,0.1774158728293196,0.1866419796566852,0.18983552163551576,0.18425060878705252,0.181712038426593,0.1894879628632159,0.19197622747089954,0.18833488730461323,0.18542390484350718,0.1878058809585727,0.19205320728747605,0.18947461033693552,0.1810186655355548,0.15924776390213383,0.12866586561872095,0.29357553817516596,0.1591703051700452,0.12917809267305513
stat_74,0.16204556806033235,0.16371902657653659,0.16245186708130052,0.1605293775477413,0.1603286410469984,0.16085241239676545,0.1599032190239491,0.15727206439271502,0.15701906382342656,0.1554010087753425,0.15170563734970033,0.15147651556398375,0.1480378430082828,0.14507549569172162,0.14189787246932611,0.13871428750953205,0.13495428531692796,0.1324784557602958,0.1312013725676594,0.13031044592645727,0.12843898756419866,0.12639310575914917,0.12451646397161843,0.12449616917769804,0.12168144472221283,0.11660119479681726,0.11226997748508245,0.11209616290420239,0.11047858814383171,0.10792430780233409,0.10549609281940277,0.10471024331032276,0.10373422331035785,0.10332274545406296,0.10318949096281843,0.10171060874382407,0.09982572335196975,0.0971317648709993,0.09587466262567597,0.08183959132432272,0.07795977598317955,0.0803721183492387,0.08237584415780581,0.08490555011009782,0.09583887799753556,0.1043621199319366,0.10529903210901395,0.10800263393267356,0.11582659249330035,0.11683662154395318,0.11565685628138682,0.11441134207471802,0.11625289106991099,0.1174758330149321,0.11822950284834026,0.12406403067075587,0.13260677652375244,0.13490131295310873,0.1398885619849648,0.14565579170323537,0.14428567394074382,0.14098376164163415,0.14230628191059058,0.14547338889140046,0.14999351980181289,0.150338901458971,0.15240151839056149,0.1602749957051,0.16301672107802687,0.15818041287486506,0.15596793375191226,0.16265227602906987,0.16472374443952204,0.16156087143505976,0.1591329268127234,0.16116776287378126,0.16479954932272353,0.16254537809282157,0.15539307512601136,0.13675323506559592,0.11191975700832464,0.25335176632271017,0.13928317481144972,0.11111019271147086
stat_75,0.16682211094055419,0.1685460416521531,0.16723567113521265,0.16523698144335017,0.16502797816768489,0.165561758628769,0.16458261624962425,0.1618672237729155,0.16158969083866162,0.1599031847200247,0.15608625147890537,0.15585070991733266,0.15230508246445343,0.14926086715227108,0.14599505619172032,0.142725694801314,0.13883673728783705,0.136299091496075,0.13499114917093147,0.134088947381303,0.13216545736246643,0.13005512156213286,0.12812569994877027,0.12810029119513708,0.1298572790543596,0.12445268764219776,0.11986587632299216,0.11968356864143552,0.12286788052396663,0.12000552540633266,0.1173324285847308,0.11644343653742179,0.1153086214249415,0.12001453272739471,0.11984317571392523,0.12402156467062295,0.12865899272677342,0.1330735240076052,0.14077896197635908,,,,,,0.1369205299226231,0.13976639967559193,0.13431894583876347,0.13110958702934059,0.13439418225523087,0.1299720692431264,0.12887924661246733,0.12757624596174635,0.12946335003004159,0.1308349280471598,0.12638705378716183,0.1325395232301574,0.1415616371367078,0.13880957917594808,0.14394775384936845,0.1498981931577198,0.14852516810877395,0.14513163148707262,0.14645810226666714,0.1497052505574747,0.15434761652131787,0.1546692315050544,0.15678121401682368,0.16491376559335785,0.16774552541674523,0.162781028501714,0.16052531531663222,0.16740464271638372,0.16954951756676043,0.16631651276353926,0.1638016259161679,0.16590036569620806,0.16963782027387314,0.16733827778309984,0.15991433183712414,0.1407111182410842,0.11481260479883004,0.2603294309374864,0.14310421146842855,0.11447400613148996
stat_76,0.18068505631917567,0.18255568365680314,0.18112896984404617,0.1789543908989417,0.17873220112018184,0.17930668826450913,0.17822565993231473,0.17528417405394214,0.17497843279746442,0.1731385703700266,0.16900948758916173,0.16875500000193358,0.16491712037320744,0.161617255526903,0.15807590944607278,0.15453562235551394,0.15033761493796083,0.14760489333265103,0.14619386670683407,0.14521525028905174,0.1431298616650587,0.14084239206919152,0.13871992964720492,0.13869248460129383,0.13555302471819447,0.12995090484302418,0.12518183329115623,0.12499174610842978,0.1232115460964883,0.12036597243461114,0.11769766137408864,0.1168227592646573,0.11569287921042655,0.11511607584041285,0.11496101926824616,0.11330163744986349,0.11127005747784595,0.10826462135570115,0.10691566363539508,0.08472940801992232,0.08615712248426526,0.09029858284201704,0.09155193789981769,0.09419137578450665,0.1063144956871062,0.11566691695793738,0.11698160209403564,0.12008501540740331,0.12896908135234333,0.13037388538838365,0.12925319012630657,0.1279168316920194,0.12980217061145552,0.13115938380884032,0.13199644227830665,0.13839689449162149,0.147722721043478,0.15014592496044024,0.15570958824738754,0.162168469789821,0.1607969126517009,0.1571906311371235,0.1586132014118224,0.16210667478254026,0.16713818019851365,0.16747516904550883,0.1697559677775775,0.1785813572505115,0.18164121487398788,0.17627971919564447,0.17384562388119765,0.1812889762804694,0.18362958780992963,0.1801191327570512,0.17734573631581843,0.17961951777569166,0.18368101238028064,0.18120234168707464,0.17316600402223978,0.15235581309745486,0.12346395489914515,0.2811443156749522,0.15331079538482645,0.12373680272879567
stat_77,0.14782553832810436,0.14933811076636558,0.1481995803174843,0.14644193023482757,0.14621551993807178,0.1466401987921293,0.1457359225065939,0.14334305023247884,0.1431076204294511,0.14164214179125476,0.13827671541715825,0.13806897266099072,0.1349547430964487,0.1322309554136783,0.12931347085245135,0.12640053642253452,0.12296372199553757,0.12070896656103472,0.11954438859320411,0.1187071721791962,0.11699359479807517,0.11511962896153824,0.11340860604993604,0.11338759765263272,0.11079461824189503,0.10616263041141127,0.10220920589924926,0.1020503388230569,0.1005522480538541,0.09819911397466802,0.09599221780276092,0.09528566800042688,0.09439178143184691,0.09397409963833375,0.09385966678978225,0.09505004324105494,0.0959939601544342,0.09338617372910558,0.09221771999377451,0.09614640306414622,0.08850767543889641,0.08586445210097081,0.0839844441944287,0.08419708460272984,0.0922486204786275,0.10043907969042862,0.10130250587995798,0.10095755389494165,0.10533394824630803,0.10627884540512225,0.10519789769202786,0.104053598961631,0.10575585133429603,0.10689844044858476,0.10760062872744963,0.11293150158389595,0.12074592216659889,0.12290434150177812,0.1274474063157816,0.13269787933628935,0.13141407078160247,0.12840916887377307,0.12963347846670542,0.1325502338300824,0.13668789101806972,0.13705726834560597,0.13898810366203182,0.1461061667309622,0.14859882131855456,0.14421274873049794,0.14219765699024203,0.1482736136431335,0.15022503990089645,0.14745001560162693,0.14534623141610384,0.14720029322991007,0.15047637166744537,0.14842428224986617,0.1417121194115011,0.12470348886069704,0.10329374579334555,0.23227854923489397,0.12797544614192014,0.10131785303694774
stat_78,0.22536147728003988,0.22766685748957685,0.22590352330181476,0.22311067832050993,0.22270780888155514,0.22319313898798104,0.22154925354463686,0.21788924999964732,0.21749181932573233,0.21516487435691894,0.21009100458010646,0.20978245822877806,0.20510026814091437,0.2008906325415457,0.19632676953822037,0.1918891873626683,0.18677175754373515,0.1834563126249662,0.181732220580055,0.18037197368955787,0.17766793347913187,0.17475203540484882,0.1718854378755266,0.17182219181423025,0.16806376017168304,0.16136404062712506,0.15554484447758002,0.15531286467168037,0.1530839259639509,0.14961680368767272,0.1463983932138632,0.14531971826687737,0.14382196335894995,0.14294486267576656,0.1427204095935602,0.1405850172033974,0.13780354008956922,0.143402923896069,0.1408962896927432,0.10801299440919067,0.1078315306596817,0.12151291700198869,0.12648514290666704,0.12935465590963585,0.13699583995845063,0.1492744282716206,0.1431805187005644,0.14775447010106016,0.15932350384718677,0.16176953693148308,0.1608848666605317,0.15924034279881202,0.16106908021516422,0.1627901704188936,0.1641013692885698,0.17189631918313766,0.18269533893561155,0.1851233592026014,0.1920280147445807,0.20015484489223523,0.1991859255419748,0.1952414802831158,0.1970432437493775,0.2013275781132894,0.20767744419372258,0.20829849482597781,0.21127687162357686,0.22214283996676548,0.22586118472830338,0.21936615458784176,0.2163656870233516,0.2255375732402432,0.22880445139114028,0.22475833290888253,0.22136371113757072,0.2242073238817277,0.22923649789885142,0.2262258701140484,0.21561433924933301,0.18957783164467362,0.15233574779931278,0.34947244737074046,0.18266145643197082,0.1522186170231985
stat_79,0.15621704598186845,0.15782470585442607,0.15660814856938307,0.1547449084077047,0.15453204871879384,0.15501468450328204,0.15408447282005547,0.15154838566317236,0.1512938163294097,0.14972865239468444,0.14616121964648032,0.14594089336418226,0.14263086266339028,0.13977154166843264,0.1367047191397845,0.13363655878450217,0.12999719656705414,0.12761017831499227,0.1263812855506972,0.12551990438957042,0.12370669779609969,0.1217290075626797,0.11992488880488268,0.11990307116955082,0.1171535905093382,0.11223931438365628,0.10807499141364815,0.10790860436717231,0.10634407261124762,0.10384139969413694,0.10150312164874228,0.10073883376695804,0.0997800482108907,0.09930057858499369,0.09917282459084102,0.10087516436451567,0.1024494288613012,0.11248965809667325,0.11645559294116575,,,,0.10960907601627026,0.10679406700920918,0.11517445889011299,0.11989705910859341,0.10799847092151887,0.10713108369028093,0.11134882515169961,0.11242307395622693,0.11133662604552633,0.11016990458165565,0.1119410246976381,0.1131501839457402,0.11386083623865537,0.11946182914861128,0.1277180159059857,0.12997436452838929,0.13478519423946322,0.14034570137258331,0.1390177469250644,0.13582747394272204,0.13709720580428048,0.14015636794120953,0.14451245519953346,0.14484928897964403,0.14685064755284735,0.1544280639575344,0.1570734234065604,0.15242630273644114,0.15030556845444024,0.15673997715003118,0.15876819120444846,0.1557772267949452,0.15348225943428126,0.15544422514097347,0.1589269468956408,0.15676545083992185,0.1497591382143127,0.13178218029058028,0.10832432093373974,0.24458743674794495,0.13484557029994307,0.1072070708573525
stat_80,0.15186978865214512,0.1534283675815981,0.15225222023135956,0.15044465974020374,0.15022558050776755,0.15067927972389858,0.14976338659582908,0.14730172297662553,0.14705735482957882,0.14554457833190818,0.1420818392029915,0.14186800178528317,0.13865944491711074,0.13587240182829374,0.13288264237222938,0.12989427866999506,0.1263599311623658,0.12404181249407588,0.12284568840409912,0.12199743036379117,0.12023623790559834,0.11831373866799577,0.11655307891018685,0.11653342532187534,0.1138707005963697,0.10910226511486978,0.10504792886999963,0.10488531533669608,0.10336105341057235,0.10093888656045617,0.09867446647694715,0.09794891699452624,0.09702464294900619,0.09658341103364604,0.09646009960892295,0.09505162138265277,0.09327557985496587,0.09074905375734521,0.08960328153155263,0.0805529102672489,0.08204865006077532,0.0796063802955677,0.07893388098365266,0.08166248545676263,0.08970300756373026,0.0976800199095901,0.09846938935445247,0.10095768452013613,0.10827556162034845,0.10927508878315889,0.10818406641954918,0.10701722945520595,0.10875030387216864,0.10992293467194438,0.11062479272072939,0.11608666023360649,0.12411583745085564,0.12631672505117406,0.13099211378628764,0.13639042475734628,0.13508393843539832,0.1319884494202809,0.13323528999036113,0.1362217025646922,0.14046533971661385,0.1408200771906789,0.1427826518017417,0.15012168067327,0.1526881019362675,0.1481752369546082,0.14610872656418883,0.1523578110371748,0.15434450175684972,0.151462456052762,0.1492653330434865,0.15117125150759908,0.15454764878028035,0.15244171031475312,0.14559380805372346,0.12811915585130015,0.10571692149982882,0.2382146432823564,0.13129070854576066,0.10415387204601229
stat_81,0.180364320598599,0.18223153300287032,0.18080679039679143,0.17863241822364442,0.17840971243744877,0.1789804452436697,0.1778938730813856,0.17495550099928261,0.17464913291097983,0.17280935176050252,0.16868463775368892,0.1684306241906947,0.1645984242546895,0.16129953342706366,0.15776049795466635,0.1542297326551452,0.15003752778326604,0.14730172694998386,0.14589293465199407,0.14491419136917938,0.14281820801381437,0.14691881259519968,0.1446667223601544,0.15194135689117771,0.1485288681704146,0.14243420750081914,0.14523015528679137,0.14501327043716505,0.14295087779260457,0.13968687923181253,0.1366505536547234,0.1356321287909789,0.13424687740581398,0.13348063200513766,0.1332730142065657,0.1509890627215671,0.14774659953696484,0.17350623588070008,0.16965456483768104,,,,,,0.16097916887994573,0.17539797694865855,0.1526516804463249,0.1580050632353762,0.14909981956343243,0.1511652315839338,0.15020913929870436,0.14869796276663955,0.15056830379314695,0.15215482866708444,0.15325336269549616,0.151759163220478,0.16177026619535553,0.16424868155023917,0.16231719155878738,0.16183742757760222,0.16048237807485652,0.1568832915417702,0.15830741897149964,0.1617901221924018,0.16680811735848639,0.16714414139252956,0.16942559020795034,0.1782390987294399,0.18129600213437852,0.17594594919907608,0.17351827186283578,0.18094907613851943,0.18329568864162532,0.17979953156926112,0.17703269661957483,0.17930354276794064,0.18335609450550325,0.1808854442623277,0.17284916986949042,0.152074070673961,0.12324384230449545,0.2806175415830562,0.1531342513293238,0.1235600006212478
stat_82,0.2688034758693454,0.27146707800456177,0.2694447483763457,0.265977383105595,0.2651696826770792,0.2652024221387956,0.2626512889711922,0.2583148566216523,0.2578326675564702,0.2550610037620507,0.24917000413779483,0.2488201930098834,0.24349913945011395,0.2382171119025655,0.23248286273286153,0.22713173750253082,0.22122892585945728,0.21745143582055776,0.2154524534116868,0.2135262247917191,0.21015902111019913,0.20657285178705848,0.2029104722207369,0.20278510444185646,0.19860691381912166,0.19116302735770546,0.18448747984176686,0.1842136153933569,0.1814822491649234,0.1775979959313039,0.1740249975922391,0.1728611160011396,0.17098480687286438,0.16983249646415524,0.16956304220693846,0.16672987747385262,0.16301521355617232,0.1575986007198524,0.1544688409275623,,0.11587509469064645,0.1355977371554341,0.1397203777535034,0.14180550705716008,0.14854498587940446,0.16186609263343665,0.16676516788005472,0.1731175227718049,0.18775090021453905,0.19150134989601733,0.1910970861508434,0.18896655614614288,0.19030624836533777,0.19234835475592704,0.19447039685776363,0.20347572011801493,0.21498550294123825,0.2169961450534036,0.22500691919284616,0.23475880599181195,0.23468394342186294,0.2309351919333836,0.23320938169702993,0.23830417362954567,0.2460461901195436,0.24730601632864152,0.2512683683997985,0.26376275263544907,0.26799755751228677,0.26063036073952683,0.25708377848054187,0.2677908861375951,0.2724123792773492,0.2684304155909933,0.26479378288209304,0.2682001885767028,0.27404397141024994,0.27057853485534633,0.2565035496511942,0.22531663248122238,0.182134578408583,0.41820482152315874,0.20606341086320107,0.17756897716859218
stat_83,,,,,,,,,,,,,,,,,,,,,,,,,,,,,,,,,,,,,,,,,,,,,,,,,,,,,,,,,,,,,,,,,,,,,,,,,,,,,,,,,,,,
stat_84,0.27238595568170515,0.27506630865202586,0.2730435014226879,0.2695390236720771,0.26866187369068983,0.26860078409636184,0.2659172045919129,0.26154233181400766,0.26106701415930494,0.25829764977423064,0.25236484669220705,0.25201331562409696,0.2466811593504569,0.24127672678116927,0.23540029272630983,0.22994779627724757,0.22400138239486161,0.22018626284327616,0.21815968635961516,0.21611746240769916,0.2126616625756679,0.20900789479667836,0.20527572652631823,0.20514034646220974,0.200960609223843,0.19350032588188656,0.18672827103907536,0.18644722966626806,0.18360355263791317,0.17968312413759438,0.17607097439125313,0.1749119993784713,0.1730250158669487,0.17188600219713682,0.17161562897807145,0.1688071194469121,0.16499003386281125,0.1594144273435791,0.15611472703266197,,0.11732864929087115,0.13870672066687,0.12958241016821534,0.1315867387521662,0.14982374777535928,0.1632592283608813,0.1683836922761194,0.17489534130800632,0.1896836939527973,0.19349828390704185,0.19306070050712112,0.19080424392786097,0.19212554771699022,0.1942442451970778,0.1965904590245582,0.2057707453109685,0.21726272755255335,0.21921841844284207,0.22726721821511173,0.23714113118701297,0.23721346365916215,0.23359424068057671,0.23599012268874967,0.241212567439709,0.24911480777991787,0.2505539739287099,0.25466038750807257,0.2671830553557868,0.2714369964921883,0.2640185230378308,0.26040660248648895,0.27121445820895673,0.2760024250999332,0.2720859258769102,0.2685070029684067,0.27195517992529133,0.27785019267963756,0.2743241478576632,0.25990196539517857,0.22829973424640992,0.18522837746608745,0.42484704999089645,0.20712658900163863,0.17900977982089794
stat_85,0.2150826313554194,0.21728004314318652,0.21561228389091275,0.21299014664613863,0.21261355451495212,0.21308993176941485,0.21154765636559747,0.20806586671281388,0.20770750396961482,0.20554259909982966,0.20069969489433642,0.2004042211339109,0.1959549421312423,0.19191452738650117,0.18755863481280968,0.18330609263719028,0.1783976824360247,0.17519912024721662,0.173535490616082,0.17220488727900388,0.16960551786207467,0.16682023382021288,0.16421342514348744,0.1641565465812467,0.1605588305687515,0.15411320012886146,0.14852803417070337,0.14830039124394298,0.14610344831829855,0.1427618938169,0.1396558852921097,0.13864924503501452,0.13728093205005978,0.1365314658885352,0.13635019507728846,0.13430224085351516,0.13167360876318643,0.12776786067500615,0.12569451434251006,0.09421219780127077,0.09888174101690651,0.10882688126533938,0.11299224273015053,0.1089747664825035,0.1234138238537814,0.13443818024779383,0.13697587812524498,0.14120541068890705,0.15213832782023382,0.1542114516240602,0.15312409168991972,0.15142373065775472,0.15332072645036493,0.15502277816436058,0.15638634847870958,0.16393519192240577,0.17440260759699897,0.17686274577885158,0.18332455783640056,0.1910561270594653,0.1900291228098677,0.1862402305087907,0.18805810128199968,0.19225511136175258,0.198339113316289,0.1990055784554469,0.20188551488693424,0.2121810727791651,0.21574132029080462,0.20950131367288669,0.20660376694468782,0.21537163695263167,0.2184349817277353,0.21451591114639748,0.21131601903357394,0.21402763960532833,0.21883063696036448,0.21590411596709583,0.20594045716562487,0.18112993261323146,0.14625405486334778,0.33468389156786016,0.17529602201040478,0.14506463366205086
stat_86,0.26914271168571907,0.27180935583684973,0.26978567676797627,0.2663172936518179,0.2655083811191718,0.2655400712290226,0.2629837411191692,0.2586434767316822,0.25816235059344,0.2553916974945884,0.24949481119076303,0.2491446019117642,0.2438195937469768,0.238528837795842,0.23278443688859868,0.22742395350768518,0.2215145037554431,0.2177309414588487,0.21572839850090877,0.2137938642442506,0.21041948556775786,0.20682773997934692,0.2030505225040721,0.20292515030016453,0.1987452865764697,0.19129711577957947,0.18461606941875203,0.18434179112658197,0.1816047678100108,0.1777180962383726,0.17414195947112363,0.17297864722858738,0.1711027930576931,0.16995321726588,0.16968447239707515,0.16696423078162553,0.16314455747471945,0.15772576365636362,0.154589193233928,0.1034709125773902,0.10925463540863516,0.1239385164268064,0.1282134019883026,0.13051580797003678,0.14865102732114727,0.1619797037509943,0.1668854765278112,0.1733353906706119,0.1878748348853124,0.19162235883331094,0.19121182552423044,0.18907367262834635,0.19041550637000942,0.19246118682410107,0.19459330985047518,0.2036086682948523,0.21512449244817985,0.21713597614030974,0.2252574915595787,0.23502105117998076,0.23495309448084123,0.2312096459161585,0.23349617424387065,0.23860518211521184,0.2463612073519887,0.247632766993277,0.2516034260831661,0.26410603784974823,0.2683453619887923,0.26096786074557526,0.25741423338135894,0.26813414929149176,0.2727607730024424,0.26877009756905473,0.2651299823957101,0.26854021588184424,0.27439239762741036,0.27091856226310557,0.25683741052089065,0.22561342669763795,0.18238681168866352,0.41878841616689766,0.20619393248925072,0.17772613017517555
stat_87,0.22826943290873525,0.23059411597146412,0.22882459267130734,0.2260031145304189,0.22556482691318983,0.226001165264688,0.2242813441221443,0.22058177797996564,0.22019001957372258,0.2178653484619929,0.21274284076548705,0.21243188008911396,0.2077342305169648,0.20342086550411212,0.1987662931623683,0.19425732938076637,0.18907996932656007,0.18572290859495064,0.18397292305098484,0.18254243763296543,0.17977559672642657,0.17680635253181323,0.17389196778471044,0.17382482027792426,0.1700529570930085,0.16330652730849923,0.15744829952049277,0.15721024145521637,0.15491304756326355,0.1514210227521534,0.14818317122717264,0.1471282272241971,0.1456386158021295,0.14479476645458614,0.14459711071031078,0.14241521889144057,0.13949409043690245,0.13527007945920264,0.1330073490904105,0.10339564620026911,0.09854933505831501,0.10779205615285936,0.1122234367383153,0.11464885473398732,0.13002639900862725,0.14164863423212484,0.14466584856359346,0.14941687046523666,0.16117389078055627,0.16359405557443304,0.16264045372391905,0.160867972094066,0.16268590989213463,0.16445624280314336,0.16591437374804696,0.1738137651055001,0.1846623099815722,0.18708026374778605,0.1940204352530225,0.2022488318037209,0.20135629118195472,0.1974700633617794,0.1993687662397148,0.20377350942948091,0.21023661869568006,0.21096518623295812,0.2140548728773202,0.22496350526084305,0.2287152044319658,0.22215679443970496,0.21910248314777195,0.2283763608659397,0.23173657637733572,0.22769572122673412,0.22431570572686374,0.22719844816416299,0.23228064374755453,0.22921490052500032,0.21841322927927576,0.19204750332695433,0.15467962670660879,0.35465198840211287,0.18378612135213998,0.15352710170333908
stat_88,0.3017430979852814,0.30463673738633296,0.3024565171165667,0.29841647833231677,0.2971477212124111,0.29660412018049453,0.2931277066857623,0.2882953355433953,0.28774270431435967,0.2846260539873061,0.27818529167948974,0.2778116002054023,0.27210175252251695,0.2659256905782732,0.2591860186227699,0.25311882968291044,0.2467140308156229,0.24266142579257377,0.24047991991842557,0.23801060928364567,0.23409610618017965,0.22997105699383835,0.22542064538170453,0.22523182135557834,0.2208420707414639,0.21304519619553874,0.205789721603759,0.2054872375363176,0.20241983326556004,0.19831664350176487,0.19460626448320179,0.19345057264113608,0.19128362050404152,0.18991762972662568,0.1896437113269293,0.1863298397465095,0.18167876743167152,0.1751717413818047,0.17125337270488253,0.10983650748511584,0.11609153946466992,0.1353281303499386,0.13970094299958571,0.1418563497725791,0.1622524189067647,0.17674572530229513,0.18344543995819423,0.19144367547369762,0.20850863258456387,0.21347479338932623,0.21367057816364945,0.21112442770061549,0.21176921653040925,0.2140317877079047,0.2168558720318514,0.22667500163815096,0.23824682348721657,0.2396630514912413,0.24863512333854498,0.2596210607573395,0.26054847587773644,0.2572653825127369,0.25991714766342555,0.26558359547217986,0.2744431279251414,0.27638877972813114,0.28124824526276787,0.29479509955591093,0.2993313869604485,0.29146540496826706,0.28752223808261745,0.29928696935957805,0.30525245015108216,0.3017271380597102,0.29813872016466275,0.3019713760907168,0.30834331187145825,0.30460055013545717,0.2871800392934963,0.2520273464107936,0.20561966058523984,0.4714232421333359,0.2212371884958653,0.19558194779732155
stat_89,0.26914271168571907,0.27180935583684973,0.26978567676797627,0.2663172936518179,0.2655083811191718,0.2655400712290226,0.2629837411191692,0.2586434767316822,0.25816235059344,0.2553916974945884,0.24949481119076303,0.2491446019117642,0.2438195937469768,0.238528837795842,0.23278443688859868,0.22742395350768518,0.2215145037554431,0.2177309414588487,0.21572839850090877,0.2137938642442506,0.21041948556775786,0.20682773997934692,0.2030505225040721,0.20292515030016453,0.1987452865764697,0.19129711577957947,0.18461606941875203,0.18434179112658197,0.1816047678100108,0.1777180962383726,0.17414195947112363,0.17297864722858738,0.1711027930576931,0.16995321726588,0.16968447239707515,0.16696423078162553,0.16314455747471945,0.15772576365636362,0.154589193233928,,,0.13451043690710887,0.1389605754317115,0.1412315569166782,0.14865102732114727,0.1619797037509943,0.1668854765278112,0.1733353906706119,0.1878748348853124,0.19162235883331094,0.19121182552423044,0.18907367262834635,0.19041550637000942,0.19246118682410107,0.19459330985047518,0.2036086682948523,0.21512449244817985,0.21713597614030974,0.2252574915595787,0.23502105117998076,0.23495309448084123,0.2312096459161585,0.23349617424387065,0.23860518211521184,0.2463612073519887,0.247632766993277,0.2516034260831661,0.26410603784974823,0.2683453619887923,0.26096786074557526,0.25741423338135894,0.26813414929149176,0.2727607730024424,0.26877009756905473,0.2651299823957101,0.26854021588184424,0.27439239762741036,0.27091856226310557,0.25683741052089065,0.22561342669763795,0.18238681168866352,0.41878841616689766,0.20619393248925072,0.17772613017517555
stat_90,0.24267568839149684,0.24513216519849976,0.24325427967117397,0.2401871307645059,0.23964977324893316,0.23999499445737751,0.23803457479150633,0.23409315790082705,0.23365666670867488,0.23113732410763366,0.22571808835759669,0.22539173279439986,0.22043130955695617,0.21580665339416408,0.21080809917925664,0.20602194508191743,0.20056746161396105,0.19706143101712614,0.19522728560361968,0.1936826487898003,0.19073864939518925,0.1875607979045964,0.20140956589501324,0.20128739555331596,0.19711711278757732,0.18969729337914013,0.18307180884510643,0.18280212117991793,0.18013433382848296,0.17627882853073681,0.1727303635618784,0.1715608055244522,0.16968168812292186,0.18900044705009827,0.18868990158116558,0.18537686242285123,0.18074396821224575,0.1742779994980568,0.17036582459611985,,,,,,0.16155340444873817,0.17603370024183998,0.1826506821403776,0.1905943805613738,0.20756860744955527,0.1901862947339263,0.18981846369172425,0.18776319531325708,0.18910677974770257,0.1911030714780413,0.19310552896288638,0.20201551304615412,0.21350655799821575,0.21553696073056025,0.20548554493146126,0.21426607532890285,0.21357775502130755,0.2096284427262781,0.21158115057622517,0.21617360866458252,0.22305062821131372,0.22385394633694503,0.22719517527755093,0.2387668033368658,0.24271171679027723,0.2358462590670844,0.23263524709438155,0.2424420581730827,0.24619960089032195,0.24212650307059394,0.2385893623067423,0.24166185089214057,0.24702765872421162,0.2438405596420124,0.23192720125991223,0.20383949920848118,0.16391366739613114,0.3764093209375636,0.19271353643319117,0.16272474873811374
stat_91,0.24683327007955902,0.24931549863803193,0.24743064097021783,0.24432798085869473,0.24373250247999642,0.24400249607770383,0.24192097219859304,0.237932692271133,0.2375043783687649,0.2349871165832187,0.22950999780394582,0.22918062095480965,0.22419338765229624,0.2194404335095034,0.2142946112456205,0.2093946008567196,0.2038781786209104,0.20031763020154802,0.1984484193811705,0.19678711289630388,0.1937416505880316,0.1904906169700797,0.1873055615449606,0.18721163333968055,0.1832451385950427,0.17615890930841302,0.1698985951025408,0.16964254425859476,0.1671149002847069,0.16342381160730685,0.16000593273312552,0.15888727620166496,0.1572235861372853,0.15624239082100322,0.15600224871500934,0.15346690541243418,0.15024292938764552,0.14547292585196028,0.14279468693906494,0.10870957958067541,0.11587288341860277,0.13557302727881856,0.11955004020432422,0.12185539649290833,0.1385567215441896,0.15097963253227653,0.1548273542395104,0.16023611107033148,0.17332613267827132,0.1763206682398171,0.1755653859382938,0.17361821826141657,0.17527738523384417,0.17719328257882097,0.17899004004444455,0.1874433468530747,0.19864861599485337,0.2009200001030411,0.2082916025243036,0.21721379531432547,0.21666493275678594,0.21282524093332883,0.2149156199366627,0.21965839468717666,0.22671221775438719,0.22769153476669599,0.23117496793618728,0.24280824047833696,0.24678734448708925,0.23984039750159883,0.23655224085046894,0.24649028755818175,0.25039717834410957,0.24634127973734726,0.24283332476875807,0.2459541607413024,0.2513931848370053,0.248128103062352,0.23591288254793089,0.20735070164470595,0.1673141731971719,0.38388561474547106,0.19419912404387266,0.16454852256512803
stat_92,0.22482556923098387,0.22712596359828202,0.225364655005085,0.2225666319234147,0.2221652287188614,0.2226470988331977,0.22101136245096203,0.21735078723459464,0.21695106912404283,0.21462216999434766,0.20955168697092802,0.2092437489012832,0.20457421081329313,0.20036109236429495,0.19582143148133888,0.1914064132991545,0.18628603443080868,0.18298010357378489,0.18126146460282083,0.179922229482611,0.17723815683935873,0.1743273685801911,0.1714994230717518,0.1714377407388595,0.16768380565714333,0.1609870312856557,0.15522446785450877,0.15499369161310866,0.15279847061405774,0.14936290746174744,0.1461711509124178,0.14510646740399955,0.14360118933415084,0.14274288778491476,0.14254641457428485,0.14033463621906767,0.13749536253080746,0.13335401571072747,0.13122499507696464,0.10784710278220054,0.10794547255926866,0.11281314054178732,0.1101966967459431,0.1131913779898054,0.12853008123906395,0.14002635272660133,0.14289910832024424,0.14752484142358183,0.15915762620504542,0.16155165981134553,0.16068929778442556,0.1590454806154814,0.16084723344465712,0.16253523191784155,0.16380317238382688,0.17152827758079942,0.18231910658555958,0.18474588196093628,0.19161230268278395,0.19972404836532268,0.19873396739241692,0.19477396826113294,0.19655591999632357,0.20083037768249434,0.20714940626271494,0.20774225444763594,0.21072500131298538,0.22157213740561238,0.22528964753145014,0.21881097171156194,0.21582291379410884,0.2249810128769343,0.2282408260965282,0.22421750434980514,0.22083075301375588,0.22367383565544074,0.22868815837571013,0.22569332908333772,0.2150840620164859,0.18910595259364502,0.15193151494718826,0.34852952412456223,0.18244578740774983,0.15196423134849532
stat_93,0.267613442909756,0.27026967949619213,0.2682488510410145,0.26478958704427097,0.2639980560966855,0.26405191676527046,0.2615353586487745,0.2572116085573578,0.2567262384603801,0.25395179339055135,0.2480768871181676,0.24772794663792794,0.24241453608648042,0.2371699215243713,0.23147984023678167,0.22616344337426164,0.22027822551285936,0.21651682573778114,0.21452848272520575,0.21263895712116307,0.20930184604932778,0.2057380089816049,0.20202608573038944,0.20190453516661258,0.19773327305099722,0.1903050964177224,0.18367414845777918,0.18340319137814629,0.18074049370744977,0.17687957644507857,0.17334303659002478,0.17220083604418168,0.17034496481271147,0.16921221254702862,0.16896769027543324,0.18575417851923165,0.18108086290682537,0.17453375123848652,0.17064303141782264,0.10870402026736589,0.115398186102864,0.13444770422987187,0.13902333177994847,0.14138486142358833,0.16176779416140116,0.1762347735661834,0.18293204957855247,0.19092850867214634,0.1871874957556865,0.1908782511073581,0.19047976969004501,0.18837277474838096,0.1896882315877085,0.19169504657566344,0.19371268451105048,0.20264137326199555,0.21413591689849254,0.21615089799195117,0.22421466800168582,0.23392545185770378,0.23381040587906665,0.23002693529052212,0.23225808800634695,0.23730627114474204,0.24499495138224686,0.24619906171052958,0.25011946352949366,0.26259847423483346,0.266823561577364,0.25948079053678996,0.255957671280607,0.26662716636596334,0.27120751962945017,0.2672241718505413,0.263579291805565,0.26697216025038073,0.27279412108524786,0.2693535689027519,0.25535617239981556,0.22430372121243738,0.1811420932037809,0.41602941555577905,0.20565896929947555,0.17706549425480184
stat_94,0.2102760277854505,0.21244162806362643,0.21078286247504985,0.20819447146748088,0.20787624531302012,0.20842637667146244,0.2070111703314497,0.20358250747188922,0.2032124297212556,0.2010396259019885,0.19626616541468098,0.1959746145193727,0.19156028760855112,0.18766429910924165,0.1834749370149255,0.17935612161652584,0.17452392393334962,0.17139555738271328,0.16977525223916315,0.1685792113316373,0.16609712941767713,0.1633956690425146,0.16082633473269517,0.16077886320841336,0.157204439381829,0.15082454598736728,0.1453802906223834,0.14516326537156146,0.14311548932134463,0.13985182202019242,0.1368171352480527,0.1358009547796503,0.14337723416066017,0.1425176441574044,0.14231955698291046,0.14012075466913587,0.13727270292159272,0.13310854944912395,0.1408565975176539,,,0.12179300128490561,0.12673284744016708,0.12038643869638363,0.13698217951540206,0.13980132786948116,0.1426879092180781,0.14731622098710365,0.1589193435748275,0.1613122786606798,0.15039924843230662,0.1488821593666214,0.150752159692973,0.15233542343268444,0.15341714685858823,0.16071028743137486,0.17110611093697084,0.1735817894087896,0.18002535647315362,0.18759457536816548,0.18642317629457122,0.18251799611986091,0.1841672255323526,0.1881800165042996,0.1940583279619157,0.19452228080374875,0.19724460720979145,0.2074648627789649,0.21098103523919545,0.20484660009743835,0.2020421538387363,0.21065275793729774,0.21356364530503025,0.2096522454266343,0.20643005725405614,0.20908646626765034,0.21379895228472992,0.21097037650311498,0.20130243612060414,0.1770340728709216,0.14235103631952312,0.3260438752869921,0.17349418336360697,0.14294222480177055
stat_95,0.26754716685600544,0.270203216193263,0.26818244869357266,0.26472475362503217,0.26393512006739256,0.2639915338282103,0.2614781363466407,0.25715529841274387,0.256670137605112,0.25389639273426173,0.24802220021870358,0.24767326846175916,0.24235959493767137,0.23711727876994954,0.2314286368136029,0.22611339386746054,0.2202287221769339,0.21646740720359187,0.21447931487324168,0.2125902697020052,0.20925365446130106,0.20569073953511663,0.2019803366621022,0.20185856899034021,0.1976861955510397,0.19025704413706948,0.1836185327113573,0.18334766547621162,0.18068783669030178,0.17682698456636842,0.1732853675056396,0.17213402316333615,0.17026597916135264,0.16913077883604777,0.16888934592068125,0.16608571686123114,0.1809396012308563,0.17436579420564555,0.1704551724264843,0.10867288127150229,0.11534810807403838,0.1342795520897842,0.13888481273783812,0.14126080771332147,0.1616268757025502,0.17610813528042069,0.18281938692371053,0.1725583530538351,0.18711211775877065,0.1907970546065884,0.19041000835348618,0.18831428655405233,0.1896375215790728,0.1916434708451695,0.19365573884265877,0.2025911865699991,0.21408868931129696,0.21610715112472964,0.22417055163376864,0.23387909731865208,0.23376127184602313,0.22997639633501474,0.23220661093853442,0.23725372875839718,0.24494022473695334,0.24614310697633396,0.25006078576903534,0.2625392778460803,0.26676426468877823,0.25942160972801015,0.2558991423237102,0.2665670914254551,0.2711429102312234,0.2671559439216428,0.26350925936581293,0.2669012519802851,0.2727228315660614,0.2692823190556857,0.2552964723173244,0.22425232114578753,0.181088521597202,0.4159151799691953,0.20564083850323414,0.17703665953274558
stat_96,0.198447214902111,0.20049836863217213,0.1989281090330579,0.19650522162608655,0.19623722495541596,0.19681543072212546,0.1955511426483777,0.19231346216642153,0.19196783178124324,0.1899239979690235,0.18540056404291044,0.185123214638271,0.180929548900389,0.1772791548464482,0.17335955324334418,0.16947750611009266,0.16488981722766505,0.1619118741806735,0.16037381321545355,0.15927783275288185,0.15695301770979034,0.154418721651244,0.1520438857558806,0.15200564362324753,0.14858956638645868,0.14249332831992334,0.1454001143108094,0.14518303317644066,0.14313666778427206,0.14936290746174744,0.1461711509124178,0.15638274273654024,0.1547152845964273,0.168520353495978,0.16825224189038432,0.16544766607416814,0.16169336885253968,0.1738739151640417,,,,,,,,0.17571607629594582,0.16561784603626659,0.17196436548359995,0.18646515367563524,0.17382083193855896,0.17314618514259097,0.1590454806154814,0.16084723344465712,0.15235606858512787,0.15343668586217726,0.1518281571071253,0.1618442449921227,0.16432692330910822,0.1704209804989279,0.17754802209966866,0.1762726150930602,0.17245480447611633,0.17400624407300283,0.177807505738014,0.18333702027421886,0.18372547136280318,0.18625718205182942,0.19594149455828527,0.19928365206480686,0.19344693335225013,0.19079207758266498,0.19894557960910325,0.20160815643954355,0.19783122548212778,0.1947696498749392,0.1972743228066446,0.20173210798041452,0.19904325772127593,0.1900683182489734,0.16718461200558787,0.13469068552463428,0.30793450185716464,0.16578581023578282,0.13542367761377067
stat_97,0.24293793906344888,0.2453967387815317,0.24351744928397892,0.24044782727015787,0.2399089804199695,0.2402528335381755,0.23828811780561843,0.23434311115167045,0.23390677323905906,0.23138622717916138,0.22596199803238654,0.2256353517072271,0.2206709431488277,0.21603996037893908,0.2110336463370936,0.2062410094225513,0.20078139120358135,0.19727372864826226,0.19543739182517725,0.19388742890388863,0.19093794601323305,0.18775577214681402,0.18456894345589597,0.18448330963381204,0.18053396855024872,0.17348859778591239,0.16733092640185998,0.1670832279827027,0.16469871325603264,0.1610597516016529,0.15770420997189724,0.15659339778609474,0.1549392004714128,0.15397833262382005,0.15376083775919702,0.1513242956798278,0.16210490221703536,0.17469527160421522,0.17079653793406582,,,,,,0.16190741268626552,0.17638163707326143,0.16599934379495185,0.15835200827730536,0.17117098535270586,0.1740571995283201,0.17336096412561255,0.17154274879586467,0.17318841182735284,0.17501549448269982,0.17655708197638342,0.18481734852966658,0.19599323255395218,0.19829253916080786,0.2056849466671861,0.21447511015052903,0.21379206845654508,0.20984528306934636,0.2118015041362163,0.21640159080762905,0.22328819936753136,0.22409779635472515,0.22744476757430485,0.23902541961945012,0.24297387723684089,0.23610165082056672,0.2328862934740039,0.24270282523783457,0.24646604335958913,0.2423893974930912,0.23884987854996415,0.2419255302374614,0.24729709548980813,0.2441054687937354,0.2321795705496841,0.20406193097570277,0.16409888135735226,0.376838218606239,0.1928433330373372,0.16286582270562078
stat_98,0.2104442080059396,0.21261193513873003,0.21095179902123865,0.20836329121799455,0.20804649322644317,0.20859913948077016,0.2071843012104827,0.20375331123823662,0.20338360148864318,0.2012106611190884,0.19643351359897704,0.19614168180769118,0.19172386781892178,0.1878249661204543,0.18363207827768668,0.17950923770181168,0.17467296356076256,0.1715386945708565,0.1699166774883715,0.16871810406558152,0.16623027834978424,0.1635292817483811,0.1609574370921868,0.1609099253912969,0.15732987132406007,0.15094507643928542,0.14549684110425518,0.14527949035924176,0.14322732729751061,0.1399633407452643,0.13692542740904246,0.13590714058214173,0.1345245255485741,0.1337439827738008,0.13355886941853237,0.13151895155234025,0.12894326855882077,0.12517418316293055,0.12329645168198845,0.10789060840031899,0.10190695767838945,0.10501548894785788,0.1100031217642934,0.10708572797012615,0.12142502215415377,0.13228232940099957,0.1346018746598826,0.13871333174718184,0.14943038357108204,0.15148009443752547,0.15050814270056595,0.148987797759464,0.15086196587495554,0.15244493614919802,0.15353227218445034,0.16083250806820615,0.17123711202626002,0.17371885668622158,0.18016724388876573,0.1877394782141133,0.1865708492983665,0.18266411444542066,0.18431997747156004,0.1883386824859382,0.19422269188067678,0.19468891505079836,0.19741292328345922,0.20764051399881725,0.2111597977384473,0.2050186267867649,0.2022108141592571,0.2108290583727084,0.2137388039654889,0.2098179102153916,0.20659018601411022,0.20924853787540904,0.21396651276383763,0.2111332229911601,0.20147071906339317,0.17718428648017123,0.1424578797198595,0.32630965633514175,0.17360083963495365,0.1430440984663636
stat_99,0.24294248705165464,0.24540127725678557,0.24352193238189782,0.2404518745442654,0.2399127613665253,0.24025631430796202,0.2382913268821351,0.234346167619793,0.23390964601948072,0.23138875729933234,0.22596443644109732,0.2256377911422408,0.2206736124571269,0.2160425516953535,0.2110369991545127,0.20624468737971252,0.2007850619460325,0.197277796067942,0.19544151686638192,0.19389256455765547,0.19094362387363384,0.18776151981562914,0.1845752319232973,0.1844898601751246,0.18054136065209198,0.17349652233339527,0.16734416215539188,0.16709646206870726,0.16471044187795772,0.1610694363910239,0.1577185075269847,0.15661385795620705,0.169477860707342,0.1683384677725958,0.16806738190262197,0.16531678417491188,0.1615989726893425,0.17351404840029627,,,,,,,,0.1754128052158182,0.16553824368462627,0.17184411726466148,0.18627621198598412,0.18996984888647386,0.17338334989944817,0.1715585406339855,0.17319917451280323,0.17502819125117008,0.17657170627000868,0.18482659966269882,0.1960015121765327,0.19829945376785413,0.20569117535917672,0.21448152496054462,0.21379827828307807,0.2098506220004583,0.21180612946901725,0.21640578997913199,0.22329208112306848,0.2241004343470544,0.22744745376477793,0.23902820274872347,0.2429766490555284,0.23610459632151892,0.2328894520166939,0.24270605156294375,0.24646989534980787,0.2423942238405506,0.23885502274468173,0.24193077312509126,0.24730215958893095,0.24411097415958807,0.23218257977038406,0.20406417716276667,0.16410051745852944,0.3768414488752795,0.19284605883796846,0.16286957431492796
stat_100,0.1730426873236245,0.17483377682307372,0.1734689362914296,0.17138804700277177,0.17117707290866052,0.1717351684814909,0.17071141245942129,0.16789142399445783,0.1675996965833869,0.1658399828261978,0.16187902502097276,0.1616347636522212,0.15795454182365395,0.15479518435941444,0.1514101722846295,0.1480241215858271,0.14399164602161663,0.1413593981788496,0.1400044012849641,0.1390737673672873,0.13706909512232857,0.13487608009828206,0.13287124214935409,0.13284618944563378,0.12981116632081122,0.12439183584000968,0.11981222513158801,0.11963023604513429,0.11792667975744626,0.12002889561154152,0.11735988595234109,0.12832665459324297,0.12703711901126266,0.14248685056851032,0.1422701702792249,0.1510253307018801,0.14775970063409283,0.14306207466557533,0.14054836641041368,,,,0.1381968680388688,0.14067380987647427,0.1367090456759755,0.1489930308339736,0.1526815195626713,0.1580583206485934,0.15886500894464914,0.14313128809062295,0.14210034870977417,0.12761693589982687,0.12950003866072535,0.1255730894333151,0.12634353918467386,0.13248545704840445,0.141521868298081,0.14391711787456074,0.14924326519261952,0.15542707843763748,0.1540556018299024,0.15055404573286751,0.1519220230847889,0.15527448943351813,0.16008383811290045,0.1603984180735858,0.162583465646674,0.17103759998266466,0.1739755015474025,0.16883020230662982,0.1664969095350475,0.17363345948601921,0.1758659788589112,0.17250377288068683,0.1698660430286266,0.17204477653063435,0.17592856082673222,0.17355191500046796,0.16585724661028084,0.14593218250371695,0.11863367780201833,0.26956649762571966,0.1478551409283354,0.11871699735967854
stat_101,0.180419109196018,0.18228695784036955,0.18086177657210883,0.17868551039647787,0.1784630250703416,0.1790345560519186,0.17794833314337621,0.17500740490844555,0.17470107532440635,0.17286104794346985,0.16873506824679932,0.16848097182435412,0.16464754496874706,0.16135072249773286,0.15781230874590624,0.15428141710477106,0.15008597760104517,0.1473579330191477,0.1459508742740011,0.1449770086093105,0.14289592484469935,0.140619756210317,0.13849614050291284,0.1384693214648199,0.13533602050475257,0.12972588466644605,0.12497681361391462,0.12478737209149204,0.12303369721397245,0.12020959884035148,0.1175620137170757,0.11670100209425316,0.11556273526242636,0.11501327704268677,0.1148593987771255,0.11315728924386578,0.11605697454866687,0.11277058808694668,0.11124480285719247,0.0959148810690449,0.10169803755312094,0.09927571618122544,0.09901259555235165,0.09754470674395178,0.11036358532624081,0.12018468347241468,0.12182407680266426,0.11995284808311724,0.12887199617795192,0.13024193351001292,0.12913358068579697,0.1277911540801036,0.12965805493330934,0.1309932953168727,0.13179924355024236,0.1381727705498744,0.14750220481587506,0.1499197231364952,0.1554826215275279,0.16192348821800337,0.16055009925276034,0.15694389834539227,0.15835757191205413,0.1618438548617664,0.16686245383250722,0.1671971627140444,0.16947609757342044,0.17829214886217623,0.18135009780228567,0.17599818064500494,0.17356960920789727,0.18100448276883424,0.18335078090739104,0.17985228164832973,0.17708419528413932,0.17935714752369913,0.18341121045831496,0.18093941239885084,0.17290292523183945,0.1521218115969788,0.12327898153846682,0.2807026241141297,0.15317249181987955,0.12359419168395902
stat_102,0.18852998167513885,0.19048097958805443,0.18898951054748844,0.18670175598116723,0.18646092896172448,0.1870392322132559,0.18587714362598043,0.18280189801608526,0.1824773182912933,0.18054383050075737,0.176237425301063,0.17597274273436803,0.171974010019449,0.16852232869742925,0.16481557844892475,0.16112835746517742,0.15675569228480726,0.15391994856259816,0.15245551809653224,0.15143306568123063,0.14925324622120184,0.1468628484650188,0.1446239516378708,0.14458940358558642,0.14133041246558778,0.135506668628904,0.1305649284064306,0.13036817775386508,0.12853032958517482,0.13200176570557764,0.13676293042839605,0.1562192092924968,0.15457092848089315,0.15361291771263372,0.1533657101156834,0.16512522659407378,0.1800218542262192,0.17348014980582568,0.16964787727339534,,,,,0.14069363945174815,0.16097276340723815,0.17537545272374053,0.18201727418603778,0.17164386628015066,0.17073956524809183,0.17365376406352964,0.17296386469824096,0.14880971278905258,0.14236382593915087,0.13686781061159892,0.1377382582830303,0.14436273006716752,0.15400222533082067,0.1564501491323869,0.1622623104259085,0.16901137801004834,0.16766331455809413,0.16395001238190943,0.16541431079307817,0.1690387044457884,0.17428426072627076,0.17463578426524926,0.17702266445330694,0.18623583411098082,0.1894232301933539,0.18385133247093147,0.1813217485412965,0.18908160001734114,0.19156606884932148,0.18793836532732042,0.18503474520773858,0.18741206595991072,0.19164847986062236,0.18907992027307322,0.18062568258872802,0.15889851072311925,0.12838701159244809,0.29291284340016965,0.1589620288110814,0.12896398829823885
stat_103,0.24297374040766534,0.24543225110650493,0.24355386995180114,0.24048517985213286,0.23994430460311167,0.24028463304444506,0.23831567408217197,0.23437107283710185,0.23393539727759308,0.23141677947538217,0.22599354593228724,0.22566698080834,0.2206969597335612,0.21606281986577058,0.21104512769905626,0.20624383522598755,0.20078542530151217,0.19727632119308014,0.19543982296129497,0.19387824260235972,0.19092449518299112,0.187734877586121,0.18450668335110898,0.18441219730468994,0.1804555521765122,0.17340865373396613,0.16722003102034683,0.16697241662859127,0.16456152495247584,0.16091698906777968,0.15755428517034467,0.17151582453134703,0.16963069716999615,0.16848624527254513,0.16820206007087998,0.18508449042362693,0.1803547539941916,,,,,,,,,,0.1823068127430523,0.19032309695067792,0.18640203447547524,0.190122006890706,0.18975891634863035,0.1713809796029776,0.17303384896284088,0.1748679600182067,0.1764357602840028,0.1847266070119776,0.19590105919640052,0.19820804802741543,0.20564618508761323,0.21444280019964776,0.21376811797214404,0.2098360721255716,0.21179841522501336,0.216402049764921,0.22329902047588915,0.2241250313740631,0.22747688205938013,0.2390602889101912,0.24300763581954818,0.23613603836904748,0.2329190289448635,0.2427353318220157,0.246502531646837,0.24242758077347185,0.23889071764824735,0.24196655246297452,0.2473387171110865,0.24414443768520888,0.232215977488098,0.20409463385239932,0.1641564358675858,0.3769523335705028,0.19281126150731842,0.16285257219986757
stat_104,0.18028103129075992,0.18214815703912987,0.18072283087720079,0.1785468295859411,0.17832663475854096,0.178901417789223,0.17782059813581347,0.1748807461468617,0.1745736172659805,0.17273255856989558,0.1686079595765945,0.16835391830420454,0.16451967911102452,0.16122509261872314,0.15769096751905046,0.15416334440023707,0.14996866432017775,0.14723476574862432,0.14582664381636012,0.14485246228160029,0.14275817156975124,0.14046739560546892,0.13835819242964098,0.13832718502517805,0.1351765497208972,0.12955330474408283,0.12479060374951755,0.12460186449971129,0.12283368459934595,0.11996941215116971,0.11730250937564968,0.11640749195674283,0.11525957515292222,0.11465613324006227,0.11450336133253461,0.1128014000480096,0.11067349351527948,0.10757459287883671,0.10613583282516795,0.09588792440413313,0.08852876324541581,0.08953147053613283,0.09422928056874941,0.09723665266163596,0.1055622440232075,0.11498594463253606,0.11638858597958218,0.11958744638132468,0.12849076696096207,0.12992622677579768,0.12885206590699766,0.12755900493503447,0.12943851022443612,0.13081085233960743,0.13162532308865657,0.1380051552990006,0.14734450249059236,0.14978075585806477,0.1553362531415351,0.16179066727850072,0.16043030578220793,0.15682478667391142,0.15824242518256232,0.1617229580165877,0.1667356877972842,0.1670632577145781,0.16933899435126912,0.17815621095056058,0.1812134680867302,0.1758638248495334,0.17343859148704413,0.1808697125900883,0.18321022570305118,0.17971187019463586,0.17694256046638573,0.17921412577630533,0.18326537417939734,0.18079745895638755,0.1727684770571735,0.15200283352909466,0.12315793473495489,0.28043466495832897,0.15315118733429417,0.12354826684190376
stat_105,0.19857705005062776,0.2006293700237368,0.19905878134076962,0.1966362741741993,0.19636790259383585,0.19694560078743029,0.19567915837997774,0.19244023091203113,0.1920952459446075,0.19005242773601275,0.18552696862345305,0.18524948160208557,0.18105056574581094,0.17739631910042225,0.17346798113833764,0.1695787651050131,0.16498888964260625,0.16200829304365552,0.16046889940176226,0.15936462980987431,0.15703814909378777,0.15449832341046724,0.15210762948746862,0.15206439876881855,0.14864524534861198,0.14254326451728883,0.13734354446520516,0.1371374823659787,0.1351962886462907,0.13207859172058603,0.12918219440665232,0.12820990074991345,0.12692324897412754,0.13363269422877677,0.13344366627756293,0.1511117622101036,0.14786084167148694,0.1561787052970915,0.15316656862538208,,,,,,0.14746517188617358,0.16067450852203427,0.15276070029601307,0.15812505974200405,0.14929928848954177,0.1430004506976753,0.14197251093317229,0.14054762734610382,0.14244196430875342,0.1439464106973817,0.14491364992861108,0.15187267666916907,0.1618953669808641,0.16438115835683265,0.17049537192020944,0.1776299445724113,0.17635643576919388,0.17254614453845463,0.17410354451960475,0.17791099510624542,0.18344972618373492,0.1838489817863455,0.18638476381200134,0.19607515048794588,0.19941890459130968,0.19357818169059027,0.19092018250830828,0.19907847065153217,0.20174267225823111,0.19796108250028485,0.19489790209924734,0.1974039268605657,0.20186540494990765,0.19917216656289358,0.19019813400371596,0.16730055459676027,0.13479435732905298,0.3081729987706467,0.16583627574853624,0.13548111932155468
stat_106,0.19858319191985133,0.20063448147604804,0.1990650560070078,0.19664160433365188,0.1963693710800799,0.19694114020339726,0.1956686350408024,0.1924302011099457,0.19208532169132092,0.19004302291238875,0.18551932865041182,0.1852420238494939,0.18104625125239276,0.1773905338639194,0.17346235268007248,0.16957440826455403,0.16498819855413396,0.16201203751047322,0.16047648647297744,0.15937330665502553,0.15705480133430955,0.16338512861407933,0.1607785146748741,0.1607246269371089,0.15715215107886124,0.15077466046150356,0.14530816052532322,0.14509109524846142,0.1430258015314507,0.13976414773376516,0.14594425555992496,0.144869725956881,0.14335788759909457,0.15377549235507454,0.15352309357902189,0.15106989179882344,0.16157713613999575,0.17375486874199234,0.1698486833586861,,,,0.13846337244723764,0.14087808104348026,0.1611295953423123,0.17559698832630355,0.16549843813781115,0.15808366588576855,0.17090617563764454,0.16127827241970907,0.16042959349566158,0.1588019454029572,0.15064538700328037,0.15222963225440111,0.1533320126764929,0.1606481380494993,0.17103652566062016,0.17350873736778732,0.17999014504927469,0.17763045297462443,0.17635419528998697,0.17254672404904053,0.17409937132700712,0.17790577681593936,0.1834444180981923,0.18384657526693746,0.18638583482891422,0.1960700858364323,0.1994116567319333,0.19357457745754725,0.19091646758718267,0.1990723708032829,0.20174421837828266,0.1979718800353875,0.19491479281467705,0.19742084179024086,0.20188040055667297,0.19918781358931495,0.19019797840749067,0.16729860507074976,0.13482967729933837,0.3082261806013494,0.16577594289139344,0.13545055468568395
stat_107,0.18035368949274477,0.18222134615309896,0.18079603533305036,0.1786204125029811,0.17839962617397837,0.1789734986331041,0.1778906777192124,0.17495028475503968,0.17464362675174003,0.1728034983087458,0.168678068061168,0.16842397499977718,0.1645898332971265,0.161293514844497,0.15775855744052944,0.15422978608408885,0.15003482578148833,0.147300941287012,0.14589447074008235,0.14492007072177826,0.14282788042460154,0.14055149739202494,0.13843163551341198,0.13840393881651142,0.13525895732569948,0.12963698355988365,0.12488077819328816,0.1246916594591865,0.12851190260467277,0.12554808716347982,0.12277587267733356,0.12184154957338345,0.12062380136146851,0.11998441732280656,0.11982075506575264,0.11802366029932186,0.12158047618777834,0.1180587499911822,0.11637277051654359,,0.1018484807644409,0.10489827906656557,0.10367726743936415,0.10158556588634723,0.11508479474219911,0.1253728265575339,0.12732501730896242,0.12496922500372265,0.13436815567195376,0.13594739752154592,0.13489440960287163,0.133544820235399,0.13543740474638635,0.136851784888683,0.131707532953795,0.13808479185545733,0.1474250239856293,0.14985568148532794,0.15541731149025786,0.1618572009359786,0.1604948923080422,0.15688900674469497,0.158306646222893,0.16179060316724625,0.1668058173300621,0.16713597497312838,0.1694138402298644,0.17823065632539623,0.18128851572701324,0.175936992392206,0.17350983017836327,0.18094331087828322,0.18328546536763063,0.17978499783489993,0.1770153603545764,0.17928765234506489,0.1833408987142537,0.1808702496424945,0.17284137363967542,0.15206799532426896,0.12322049356187427,0.2805767855380581,0.15316471499355114,0.12357296191667339
stat_108,0.16189765176027032,0.16356943242307814,0.16230317490741666,0.16037956888769062,0.16017809612694656,0.1607006797748881,0.15975249361505203,0.15712319685780932,0.15686977883478861,0.15525125184271565,0.1515591584016843,0.15133026081434836,0.14789316775586,0.14493417244462067,0.14176009412140905,0.13857967798836354,0.134821947320894,0.1323489473144344,0.13107390835741578,0.1301850919075048,0.12831494026953108,0.1262733771140234,0.12439934061721059,0.12437722813773479,0.12156143592394843,0.11648378844434537,0.11216005361610422,0.1119866293021581,0.11037905869210198,0.11161007559510466,0.1091050513272845,0.10828413731979966,0.10726786360072811,0.11097088073843725,0.11081919615168012,0.1092210923036489,0.10717069895877619,0.10862296423267773,0.111877048241633,0.09156392634445311,0.09707341665962152,0.09438245349125446,0.09536826862551394,0.09811390777356599,0.11099827228835603,0.11608196514522665,0.11285108568261898,0.11587117661585797,0.12436008028275164,0.12084378479236654,0.1196651512259499,0.1183992292068222,0.12026790269920073,0.11738407816391017,0.11812550856999099,0.12394845278823592,0.13248481173202845,0.13477969208845536,0.13976528964325693,0.14552505896616977,0.14415612133149053,0.14085529999035712,0.1421727585975454,0.14533465613208116,0.14984988693122628,0.15019164022428763,0.1522515889303404,0.16012104691315565,0.16285992913842143,0.1580292909422731,0.15581993795573618,0.16249785164046399,0.16456903450766566,0.16141342694103816,0.15898926428514237,0.1610233172664501,0.164650530886172,0.1624007821505145,0.15524454992253778,0.13662049883756783,0.1118180554362301,0.25310498907350965,0.13920199988049176,0.11103042396481946
stat_109,0.16764827786654296,0.16938265302369057,0.16806633599415688,0.16607070472830016,0.16587006586950043,0.16641855983078394,0.1654377688530169,0.16271267832094513,0.16244855209566778,0.16076598392679772,0.15694188179463553,0.15670480793639271,0.1531416905554968,0.1500807151439747,0.1467962493367624,0.14350526663284452,0.13961707523015693,0.1370599586986022,0.13574154641362307,0.13482626098324257,0.13289045469077365,0.13077624102697183,0.13371138671038094,0.13368560462838974,0.13067730657995344,0.12524100558130596,0.12572254774778957,0.1255303143750055,0.12374818668196366,0.12092691638381074,0.14677113309183126,0.15746621517937515,0.15579870484073313,0.15483449852285536,0.15458475836559818,0.16682011484438727,0.16292793676383102,0.1574039263953559,0.17136908541965298,,,0.13512508375967283,0.13952811743622642,0.14190011554243553,0.16239707544165713,0.1617629539475772,0.16674214907295673,0.1732472983318319,0.17200320210342238,0.17492567239691742,0.17419250235647954,0.1595564530894897,0.13031051847370476,0.1316485316609191,0.13249976385470824,0.13331194890685158,0.14239911948099945,0.14477870059196155,0.14470559290943194,0.15067661439762242,0.1492933175073692,0.14588965877230095,0.14724458957799771,0.1505072815478847,0.1551801608331881,0.15551974774478763,0.1576425137979664,0.1658086189927705,0.1686453200075075,0.1636434810181755,0.16135890467729622,0.16827626428543804,0.17041632417422867,0.16713062568760542,0.1645895781813783,0.16669718169433934,0.17046223601585922,0.16813637093905037,0.16075298670398103,0.14146446588588743,0.11535887436563072,0.2616781517362725,0.1436031197482353,0.11493556964129056
stat_110,0.3000801552593066,0.3029638278367873,0.3007885623463002,0.2967736955597272,0.2955324646045442,0.2950249576095618,0.29160278038241016,0.2867926749095821,0.2862411068616345,0.2831351856024459,0.2767183427840224,0.27634564815465923,0.27062953416929464,0.26450402193270584,0.2578030148826593,0.25175830013403216,0.24537699330656962,0.2413429755849683,0.23917210739832778,0.23672319320965715,0.2328312579381064,0.22871825655545613,0.22416828146067172,0.22396312875327995,0.21956276507716638,0.21175725657930422,0.2044441990147849,0.2041445014665249,0.2010855328113787,,,,,,,,,,,,,,,,,,,,,,,,,0.21273496156130808,0.21550053214798295,0.2253498231676924,0.2369522001719939,0.23842099507067702,0.2474190641546702,0.258358983254024,0.2592331107659131,0.25592614364099486,0.2585390924936065,0.2641638793212254,0.2729777406062529,0.2748893349645774,0.27969418193696366,0.2932245117346824,0.29774884605210544,0.2899062425459566,0.28598674706497795,0.29770131795745847,0.30359303641087354,0.3000394292142217,0.29643895077601645,0.3002508221899198,0.3065975048390374,0.30287328576305506,0.2856232665010272,0.25066860402169694,0.20435268531017353,0.46860132975328933,0.22062987331499703,0.19478815410253797
stat_111,0.2722651059814099,0.2749453901324274,0.2729231667246925,0.2694250616024017,0.2685533264626152,0.2684996528576726,0.2658244180514507,0.26145229556331356,0.26097864209400773,0.25821429977738264,0.2522827791178357,0.25193116685476435,0.24658149605453553,0.24118177144488356,0.2352926661909416,0.22982472029800877,0.22387912638318339,0.22006248722324093,0.21803544823643484,0.21597779849933327,0.2125075609580783,0.20884066670551574,0.20495622201754538,0.20480363757890901,0.20060685824972385,0.1931267491314198,0.18627648385914566,0.18599631749772613,0.1831704905782307,0.17922852335675146,0.17561692837268258,0.17440613986104636,0.17250452857299237,0.1713430922766761,0.1710718946291201,0.16829745486750824,0.16428917078657437,0.1586548417113014,0.1553755449390558,,,,0.13997866838329548,0.13105433476870101,0.14924581584472754,0.16266495488446517,0.16779894611578272,0.17444961356716573,0.18915646210785364,0.19296467377040386,0.192539055304851,0.1903510532863812,0.19169000718598422,0.1938225207014298,0.19613364483143345,0.205383244777884,0.21690499749953077,0.2188924183139836,0.2271037305412121,0.23698480981660042,0.23706179230536947,0.23345452622696702,0.23585375209944215,0.241079180715185,0.2489955554756552,0.2504530419598121,0.2545539394956707,0.26709112687063885,0.27134580269226316,0.2639239803864546,0.260311088903334,0.2711172426276501,0.27589138913270134,0.271960170978886,0.26837672345007046,0.27182288975291197,0.27771878616078743,0.27418893408388556,0.25980576770906894,0.2282215407335277,0.1851504611420405,0.4246788191972512,0.2070756075632989,0.1789342433932726
stat_112,0.24299742224815563,0.2454565460452397,0.24357696934448694,0.24050575530014193,0.23996570529346312,0.2403079704591637,0.23834133186432654,0.2343952934992125,0.23395852815378115,0.2314370528939688,0.2260118069321697,0.22568512524888637,0.22071208632313818,0.21607956346845006,0.21106412007452635,0.20626362971034518,0.20080357739494772,0.19729426709333092,0.19545789377051054,0.19390007679179933,0.19094230397807133,0.18775281790102039,0.18456146260509723,0.18446708000048123,0.19736948689920017,0.18993137416490394,0.18324265502796394,0.18297260762458706,0.18032544021879174,0.17644948045129458,0.1729159841998149,0.17173285494775894,0.19069099751334642,0.1893019596175979,,,,,,,,,,,,,,,,0.21286257109620113,0.1899945782880586,0.18794581446632547,0.1892705614108212,0.19128828592191915,0.19327740567804014,0.2022557616736041,0.21376371922420723,0.19827555947406159,0.20568106566806724,0.2144790644979626,0.21380588938000825,0.2098679169213968,0.21182571903439626,0.21642580725502003,0.22332104673972036,0.22413934833032226,0.22748788925495156,0.23907893173888373,0.2430278823274756,0.2361551021930849,0.23293946477709151,0.242757815320385,0.24652412703958762,0.24244992203612936,0.23891114485575823,0.2419876966106474,0.24735978922631535,0.24416834995527523,0.23223315064813682,0.20410807530590594,0.16413972129106266,0.376929573212647,0.19286798073048392,0.16289774875950752
stat_113,0.22430953012591986,0.22660413037019045,0.2248472549727379,0.22205445710342012,0.2216520241297419,0.2221303728370146,0.22049689786665344,0.21684450966158442,0.21644530833542155,0.2141207759866267,0.20906208721483252,0.20875492027592665,0.20408969606960295,0.19988564304760495,0.19534918040058788,0.19093914581673527,0.18583126734393512,0.18253520553393612,0.18082109812986713,0.17947839926224707,0.17680185345332108,0.17389407476307722,0.17103584431742663,0.17096681928756197,0.16722030669634919,0.16053832505531035,0.15476195951643162,0.1545321034462845,0.1523368941313224,0.14890572575526873,0.14573241964803152,0.1446666008023151,0.14316654513238294,0.14231392971987827,0.14209400006588574,0.1398902453298119,0.13704245947220375,0.1328876694414646,0.13080712073581494,0.09118996762916998,0.09656759890260683,0.10471980929896185,0.10974340125255228,0.11282396577337168,0.12814358658051378,0.13957403422651965,0.14245056897144714,0.14707165463284982,0.15866551059862957,0.16107704255246005,0.16022243145363457,0.15859495019035033,0.16038204460085675,0.16206696304411283,0.1633292097430295,0.17105921633025328,0.18182642476701907,0.18425008986271976,0.1911462192864085,0.19924230471174903,0.19825118536881722,0.19430564599366504,0.19607951936641796,0.2003416214157194,0.2066512112168249,0.2072499498142581,0.21022744695732348,0.22105580868284705,0.22476424745155027,0.21830230059436842,0.21532171388920215,0.2244578617780315,0.22771350521171996,0.22370536419317813,0.22033033116860815,0.2231669282044935,0.22816809093493318,0.2251813782881643,0.2145848193148701,0.18866529498266904,0.1516155209215129,0.3477572260660545,0.18211406590026885,0.15163783677614548
stat_114,0.18023463704631051,0.18210059332798834,0.1806763861931831,0.1785003346880907,0.1782777504698771,0.17884870211749485,0.17776450860849258,0.1748257343581149,0.17451876140943196,0.1726784305070942,0.16855598599518318,0.16830213054591894,0.16447098287022344,0.16117878119264836,0.1576458741780127,0.15412014695487508,0.14992875732453362,0.1539494741475106,0.1524814918921005,0.15145405712521495,0.15683984039162224,0.15430330204832304,0.15190746578678405,0.15186449231999521,0.1484501079347555,0.1423565427713563,0.13716794484688236,0.13696235030907059,0.13502119945770985,0.13191451298036966,0.1290205696393725,0.1280407888412997,0.13423181017350364,0.13346170328715937,0.13326199523253107,0.131226161842733,0.12862563632749305,0.1329537133383892,0.1308427246653952,,,,,0.1292457015965567,0.1281834298055839,0.13964682165103331,0.13427522934795408,0.1384041952433714,0.14910032218441485,0.1511571132078163,0.14179979329342018,0.14038977726761215,0.1422811188641655,0.14377514547927253,0.14473952396598472,0.1516825548711293,0.16169153052559132,0.16417263517546316,0.17028878934414565,0.17741472165659844,0.16768774249129367,0.16397805884981734,0.1581984477069532,0.16167733891863298,0.16668847321047814,0.16701748219448365,0.16929232570949262,0.17810322402621717,0.1811583451368228,0.17581253471318278,0.17338790818236288,0.18081547579733442,0.18316008764915892,0.1796685723050556,0.17690393903622106,0.17917490103437064,0.1832237731311409,0.18075699274210408,0.17272001179331087,0.15195896947274706,0.1231479529101362,0.28039123320812503,0.15307912553994177,0.12349781177136232
stat_115,0.18885773472055853,0.19081252045170463,0.18931884749324543,0.18703094652820645,0.18679184401838078,0.18737343779066293,0.18621073431049057,0.18313134085673738,0.18282177995324342,0.18088874866195934,0.17659105565951255,0.17632580627655295,0.17231954699460017,0.16885917027598593,0.16514349799844275,0.16144672840895638,0.1570960553202543,0.15424530009747586,0.15277760489401815,0.15174580423976514,0.149550521575884,0.1471626500960134,0.144923975269928,0.14489195697492865,0.14165633931598803,0.13582259295375262,0.1308552396140974,0.13065748280320674,0.13537388145037724,0.13232067480329007,0.12945395680987207,0.12848290025317508,0.1272373932815728,0.13352658991087185,0.13333280373106998,0.13129957064557685,0.13704245947220375,0.1328876694414646,0.13080712073581494,,0.10157365402599235,0.10471980929896185,0.10974340125255228,0.11282396577337168,0.12814358658051378,0.13957403422651965,0.14245056897144714,0.1384720932062318,0.14916998358591974,0.14332121153844557,0.14222799584089424,0.1407827986265067,0.14265599372907029,0.14410348605184695,0.13801408055427136,0.1446749491817756,0.15433539814097774,0.1567613061377381,0.16257373864330668,0.169327346556566,0.16798962469356354,0.16427769073726298,0.16575980703169607,0.1693675485205871,0.17462657926433395,0.17498607407802474,0.17737970334741485,0.18660727488193277,0.18978410669130166,0.18419903403310425,0.18164852828497768,0.1894225927729978,0.19190643439635563,0.18826286064293896,0.18535080764872489,0.18773180845074858,0.19197817646922763,0.1894004974343435,0.18095279858399088,0.15919050960507367,0.12860789179719606,0.29344829227907193,0.15915178639108704,0.12914773937591878
stat_116,0.3007408915124522,0.30362881255483065,0.3014513728023284,0.29742722923357257,0.29617619187267674,0.2956560215640273,0.29221390940497344,0.2873949937553,0.28684312931824857,0.28373331358015,0.27730648834474725,0.2769333463045664,0.271210929470866,0.2650660856781235,0.2583427541350136,0.25228158196930783,0.2458906889401484,0.24184660973661326,0.23967148688019627,0.2372076287248128,0.23329632099460862,0.2291769660061614,0.22463006738594848,0.22442300399930415,0.22001549679038845,0.21220834824305812,0.20489134610119106,0.20459068989365967,,,,,,,,,,,,,,,,,,,,,,,,,,,0.21594966393081103,0.22581271657902072,0.2374107539854735,0.2388731689043229,0.24786736744975696,0.2588259200202904,0.2597290466123887,0.2564373370512373,0.25906796581028146,0.26470947286255214,0.2735489050991001,0.2754813594039883,0.28030667608453763,0.2938531795450074,0.29838295077208643,0.2905297959357769,0.2866006300974717,0.29833581779401974,0.3042544418732211,0.3007087406849984,0.29711136588234943,0.3009314240298751,0.3072888914338242,0.3035565255092412,0.2862448931769449,0.2512121437790277,0.20485065751202888,0.4697174677353122,0.22087816628504076,0.19510640223978842
stat_117,0.30068157834071413,0.3035689927648572,0.30139183313142875,0.2973681965161125,0.2961175854352491,0.29559795340695916,0.29215713130518994,0.2873389951124051,0.28678709405537306,0.28367749335348824,0.2772516575371725,0.2768785703196374,0.2711568745346868,0.2650136183690018,0.25829216244115766,0.2522325238462412,0.2458426033684112,0.2418037913458552,0.2396290823510589,0.2371663680100067,0.23325611496463858,0.22913244343728634,0.22458724244238537,0.22438033088803325,0.21997680793628188,0.21216872150106278,0.2048439444173248,0.20454339661376975,0.2015066892157964,0.19736574278262234,0.19367665071882145,0.19248649010695987,0.19033314625889058,0.1889448574527469,0.18866269305308117,0.18543117466461845,0.18080477713147713,0.17427756081871074,0.17043047191394217,,0.11526689645247779,0.13417275464477166,0.13880014017216905,0.14122745292969593,0.1616139842291466,0.17604373133126489,0.18270903370968267,0.19064755886684012,0.20754310574595478,0.21249286263394054,0.21267239886592174,0.2101960002199813,0.2108549457004998,0.21314263514983164,0.21590217096632025,0.22577225729812658,0.2373713412939811,0.23883069533718354,0.24782315865815124,0.25878486648500393,0.2596865350523992,0.25639402512819187,0.2590186673748877,0.2646584687761879,0.2734955861388788,0.2754262856265689,0.280250048027205,0.29379488080954885,0.2983240017613777,0.2904722026188955,0.28654403727354183,0.298277143596716,0.30419419800456965,0.30064924426800355,0.29705244609874076,0.30087180135714486,0.30722789810078954,0.3034966933493794,0.2861877938237303,0.2511618470701087,0.2048081722206096,0.46961843522871605,0.2208529805228796,0.19507594840317266
stat_118,0.26654139158490403,0.26918860654730453,0.26717382093448067,0.26372859075386496,0.26294572679433115,0.2630090790388089,0.2605139712704963,0.25620588816533685,0.2557215152966364,0.2529552483043551,0.247099834992941,0.24675196461751417,0.2414406077837017,0.23622832200037241,0.23056505363767837,0.22526588026053454,0.21940572101468,0.21567342492806305,0.21370542687380456,0.21183197040277207,0.20853321102598327,0.20500946670311954,0.20129310443140255,0.2011587748585103,0.1970047657372692,0.18960407720503888,0.1829519062805059,0.18268233081116203,0.18003047981036638,0.17622222929078815,0.17272520514674733,0.17156552799063268,0.1696941238723915,0.16859815847620344,0.16833847330799434,0.16557324991876105,0.16186070968230887,0.15653487993110327,0.1536758712890127,,0.11499928551005682,0.13376600995419818,0.13844218684700618,0.12974835890016626,0.14790931232008003,0.1609918918549073,0.16576198714251958,0.1720702130896826,0.18654052332922208,0.1901858552850753,0.18980700089361027,0.18773887320790458,0.18903341723755995,0.19098664975307414,0.19297515406642451,0.20191132396538133,0.2133795266749289,0.21539461213974592,0.2234717752801803,0.23312023994046036,0.2329599051208859,0.22916754068468329,0.23135096902303895,0.236368212438,0.2440272921516043,0.24521455146765328,0.24910463744799638,0.2615595949078253,0.2657720177541072,0.2584530173816964,0.2549450685396249,0.265576227841426,0.27012643657033764,0.2661473544314789,0.262509819699164,0.2658891932836223,0.27168975009016705,0.2682631431192034,0.2543380711051095,0.22341078593831168,0.1804047100885664,0.4143165661914932,0.2051496944294649,0.17647994434089512
stat_119,0.24252224045331908,0.24497635704445958,0.24310053682843355,0.24003460395040807,0.23949480036128387,0.23983579210450595,0.23787309871647488,0.23393450808423844,0.233498274343482,0.2309807738712554,0.22556592145665968,0.22523989041707504,0.22027681890285017,0.21565761952539075,0.21066004793738,0.20587394622191288,0.20042799762956567,0.19693531558220473,0.19511168984185345,0.19356742655933482,0.1906387453420835,0.1874825420379039,0.1842849129742322,0.18419113668179943,0.1802519850703428,0.17322693418645416,0.16706319130667954,0.16681602016950697,0.1644299576552321,0.1608327108761361,0.1575124678024047,0.15639945029155353,0.1547379348209792,0.15378776687684576,0.1535572907706255,0.15112345755365506,0.14794895724291568,0.1433496019296305,0.15303814142360053,0.10791308530845861,0.11493181929871063,0.12140151705963641,0.12638533167060376,0.12921258876170738,0.1473634924088184,0.14924971309187487,0.15285455819718766,0.15814372518014103,0.17094676226809843,0.1738341129541693,0.1731504653571785,0.17134072610192388,0.1729541998175556,0.1747421840382343,0.17628223773645382,0.1845432975544489,0.19569311583136428,0.19798488421661667,0.20539038950214028,0.21414516808860815,0.2134450195227679,0.20950018248674712,0.211432476682828,0.21601813143856585,0.22289443658506683,0.22370153788655145,0.2270394886452834,0.2386077519863022,0.2425489414158036,0.2356903172149918,0.23248143153352624,0.24228033363150583,0.24604040677024516,0.24197698360266906,0.23844718503608336,0.24151769644526924,0.2468783373801636,0.243693951353561,0.23177582257658894,0.20370512131242477,0.16384137764476292,0.3762089340960157,0.19258835746414704,0.16260864476915446
stat_120,0.3000539412218513,0.30293656493678806,0.3007625093134581,0.2967479610334658,0.29550420137567746,0.2949928057675682,0.29156706409801414,0.28675798987362777,0.2862067916791019,0.2831020865870805,0.2766871232800298,0.27631458576906814,0.2706015259081424,0.2644831347190745,0.25779554880366173,0.25175774788644256,0.2453857823996701,0.2413693824353154,0.23921605982738042,0.23678139733708808,0.23292234069358952,0.2288592482360177,0.22431847867111032,0.22411273682549646,0.2197307709802955,0.21196335037491093,0.2046772245872766,0.20437692876880445,0.20133610197783205,0.19729444179450112,,,,,,,,,,,,,,,,,,,,,,,0.2107760660799761,0.2129692315914937,0.2157285019523217,0.22555627514682888,0.23711502539474436,0.23855943947674288,0.2475442251458017,0.25843667049795677,0.2592822781180422,0.25596336380136275,0.25854382083558897,0.2641620879895313,0.27296971241903295,0.27487048024858585,0.2796695528215935,0.2931932717015872,0.29771572347380604,0.2898760922157292,0.2859565235560796,0.29766826848394023,0.3035641727801287,0.3000166784793338,0.2964212740802887,0.30023264675471917,0.3065774046831686,0.3028533522675615,0.2855957596789588,0.25064377069230626,0.2043671902228165,0.4686057442901253,0.22058271340518373,0.1947478914790392
stat_121,0.30004417497235947,0.30292657447556615,0.3007526469263122,0.29673776113079686,0.2954935333339293,0.294981502459636,0.29155535300656743,0.28674637509360545,0.28619508080491113,0.28309018430524924,0.27667549222903537,0.27630298289536903,0.27059020029824205,0.26447211172672447,0.25778501590389724,0.25174771536169077,0.24537629419122003,0.24135998851469542,0.2392079232307581,0.23677445637648814,,,,,,,,,,,,,,,,,,,,,,,,,,,,,,,,,,,,,,,,,0.2592749484754529,0.25595537176466093,0.25853453284226824,0.2641519127656039,0.2729589453316686,0.27485913449287896,0.2796580536196204,0.29318130570786266,0.2977034482384172,0.28986458035839263,0.28594535628252626,0.2976564699141507,0.30355317201196563,0.3000075398493169,0.2964131546540853,0.30022445072661974,0.30656853018004937,0.30284519894184053,0.28558467649808134,0.2506335184867234,0.20436225112422296,0.4685901327070141,0.22057614024662311,0.1947416524788899
stat_122,0.30004417497235947,0.30292657447556615,0.3007526469263122,0.29673776113079686,0.2954935333339293,0.294981502459636,0.29155535300656743,0.28674637509360545,0.28619508080491113,0.28309018430524924,0.27667549222903537,0.27630298289536903,0.27059020029824205,0.26447211172672447,0.25778501590389724,0.25174771536169077,0.24537629419122003,0.24135998851469542,0.2392079232307581,0.23677445637648814,0.23291667892434859,0.2288546542475494,0.22431999428162097,0.2241142067541057,0.2197382758107706,0.2119671540404246,0.20468224435858845,0.20438195987097543,0.2013377191452501,,,,,,,,,,,,,,,,,,,,,,,,,0.2129714559397293,0.2157343817083059,0.22556074808151133,0.23712244113761172,0.23856024751781876,0.24753896669003508,0.2584303094823116,0.2592749484754529,0.25595537176466093,0.25853453284226824,0.2641519127656039,0.2729589453316686,0.27485913449287896,0.2796580536196204,0.29318130570786266,0.2977034482384172,0.28986458035839263,0.28594535628252626,0.2976564699141507,0.30355317201196563,0.3000075398493169,0.2964131546540853,0.30022445072661974,0.30656853018004937,0.30284519894184053,0.28558467649808134,0.2506335184867234,0.20436225112422296,0.4685901327070141,0.22057614024662311,0.1947416524788899
stat_123,0.2664438408636162,0.26909070648390954,0.26707586445222264,0.26363195172366105,0.26285145251351244,0.26291815147462877,0.2604274922953403,0.2561204834829336,0.25563600886704646,0.2528699006931579,0.24701543116647331,0.24666757923296156,0.24135620335049462,0.23614742396305907,0.2304879371345903,0.22519184662620878,0.21933242379011703,0.21559785371770085,0.21363021405560087,0.21175968797364175,0.20846226517794833,0.20494174525782763,0.20122919335367256,0.20109514643178847,0.19693632810061276,0.1895318678776932,0.20468224435858845,0.20438195987097543,0.2013377191452501,0.19730678354578343,0.19364984140477684,,,,,,,,,,,,,,,,,,,,,0.21015973688041334,0.2107882853262915,0.2129714559397293,0.2157343817083059,0.20183915318543522,0.21331320628414305,0.21533573684385404,0.22341059646031514,0.23305424332783795,0.23288974386620323,0.22909341701066815,0.2312771479069729,0.23629150020176973,0.2439457718464142,0.2451282358568551,0.24901402720857102,0.2614686717812769,0.2656808694886723,0.25836259645103865,0.25485627914173065,0.26548503995210215,0.27002955971228704,0.266047390250278,0.2624078248185006,0.26578602876800805,0.2715853926236464,0.26816018773680445,0.25424692293198375,0.2233312757539517,0.18031984950274932,0.41413475514948433,0.2051267822035012,0.17644247875878527
stat_124,0.2664438408636162,0.26909070648390954,0.26707586445222264,0.26363195172366105,0.26285145251351244,0.26291815147462877,0.2604274922953403,0.2561204834829336,0.25563600886704646,0.2528699006931579,0.24701543116647331,0.24666757923296156,0.24135620335049462,0.23614742396305907,0.2304879371345903,0.22519184662620878,0.21933242379011703,0.21559785371770085,0.21363021405560087,0.21175968797364175,0.20846226517794833,0.20494174525782763,0.20122919335367256,0.20109514643178847,0.19693632810061276,0.1895318678776932,0.18287672162085106,0.1826073429506708,0.17995864825794267,0.1761494435200209,0.17265611931153346,0.17148725775720383,0.16960929525121476,0.16850009469919983,0.18796746307937473,0.18469157459321886,0.18003927022902608,0.1735357781081323,0.16972535515795012,,0.1149243631540068,0.1336012878051796,0.13828389459261822,0.14075394868564234,0.16104174687654396,0.17543037537064377,0.18204006638085007,0.189971310873202,0.20684332409685333,0.19010119582823434,0.1897294142096254,0.18767411217336338,0.18896787017943814,0.19092042162812772,0.1929019481667759,0.20183915318543522,0.21331320628414305,0.21533573684385404,0.22341059646031514,0.23305424332783795,0.23288974386620323,0.22909341701066815,0.2312771479069729,0.23629150020176973,0.2439457718464142,0.2451282358568551,0.24901402720857102,0.2614686717812769,0.2656808694886723,0.25836259645103865,0.25485627914173065,0.26548503995210215,0.27002955971228704,0.266047390250278,0.2624078248185006,0.26578602876800805,0.2715853926236464,0.26816018773680445,0.25424692293198375,0.2233312757539517,0.18031984950274932,0.41413475514948433,0.2051267822035012,0.17644247875878527
stat_125,0.30004417497235947,0.30292657447556615,0.3007526469263122,0.29673776113079686,0.2954935333339293,0.294981502459636,0.29155535300656743,0.28674637509360545,0.28619508080491113,0.28309018430524924,0.27667549222903537,0.27630298289536903,0.27059020029824205,0.26447211172672447,0.25778501590389724,0.25174771536169077,0.24537629419122003,0.24135998851469542,0.2392079232307581,0.23677445637648814,0.23291667892434859,0.2288546542475494,0.22431999428162097,0.2241142067541057,0.2197382758107706,0.2119671540404246,0.20468224435858845,0.20438195987097543,0.2013377191452501,0.19730678354578343,0.19364984140477684,0.19245180744298776,0.19026006691346972,0.18892492457675883,0.1886275658123087,0.1853216629354713,0.18071643209900018,0.17426013776042465,0.17058145868920976,,0.11617409406710527,0.13489186824652247,0.1394235817411002,0.14143474216654003,0.1617392913956117,0.1760240263478341,0.18262878495156692,0.19054103632183275,0.2075004829543291,0.2124092947165509,0.21262813662898847,0.21015973688041334,0.2107882853262915,0.2129714559397293,0.2157343817083059,0.22556074808151133,0.23712244113761172,0.23856024751781876,0.24753896669003508,0.2584303094823116,0.2592749484754529,0.25595537176466093,0.25853453284226824,0.2641519127656039,0.2729589453316686,0.27485913449287896,0.2796580536196204,0.29318130570786266,0.2977034482384172,0.28986458035839263,0.28594535628252626,0.2976564699141507,0.30355317201196563,0.3000075398493169,0.2964131546540853,0.30022445072661974,0.30656853018004937,0.30284519894184053,0.28558467649808134,0.2506335184867234,0.20436225112422296,0.4685901327070141,0.22057614024662311,0.1947416524788899
stat_126,0.30004417497235947,0.30292657447556615,0.3007526469263122,0.29673776113079686,0.2954935333339293,0.294981502459636,0.29155535300656743,0.28674637509360545,0.28619508080491113,0.28309018430524924,0.27667549222903537,0.27630298289536903,0.27059020029824205,0.26447211172672447,0.25778501590389724,0.25174771536169077,0.24537629419122003,0.24135998851469542,0.2392079232307581,0.23677445637648814,0.23291667892434859,0.2288546542475494,0.22431999428162097,0.2241142067541057,0.2197382758107706,0.2119671540404246,0.20468224435858845,0.20438195987097543,0.2013377191452501,0.19730678354578343,0.19364984140477684,0.19245180744298776,0.19026006691346972,,,,,,,,,,,,,,,,,0.2124092947165509,0.21262813662898847,0.21015973688041334,0.2107882853262915,0.2129714559397293,0.2157343817083059,0.22556074808151133,0.23712244113761172,0.23856024751781876,0.24753896669003508,0.2584303094823116,0.2592749484754529,0.25595537176466093,0.25853453284226824,0.2641519127656039,0.2729589453316686,0.27485913449287896,0.2796580536196204,0.29318130570786266,0.2977034482384172,0.28986458035839263,0.28594535628252626,0.2976564699141507,0.30355317201196563,0.3000075398493169,0.2964131546540853,0.30022445072661974,0.30656853018004937,0.30284519894184053,0.28558467649808134,0.2506335184867234,0.20436225112422296,0.4685901327070141,0.22057614024662311,0.1947416524788899
stat_127,0.3096697600850991,0.31258926874249743,0.3104192603421717,0.3062832295991085,0.30482103449746545,0.30401106467584205,0.3001856552400186,0.2952718794116601,0.2947336174647955,0.2916224258649591,0.2851049846657896,0.2847292450053766,0.2789920676434226,0.2725227022101497,0.26541730398429086,0.25909530284557664,0.2526142073921119,0.24849535706582165,0.2462588285528021,0.24348438705839098,0.2393420292143344,0.2350363077800437,0.23039210709576916,0.2301496204291073,0.22574989051580618,0.21792621921276648,0.21035119278096628,0.21003370978894853,0.20674189401478804,0.202521179827464,0.198759079609285,0.19758280255764862,0.1954084163822975,0.1940308221114797,0.19375570152605934,0.19028960906498305,0.18544857619265373,0.17848189540199846,0.17421725449250622,0.11137201286039139,0.11740353770442802,0.13884281314680189,0.14246994324950693,0.1437653214975926,0.16443059940670768,0.17911813041139513,0.18638186086372266,0.1946840948033324,0.2122589286910242,0.21743104950312692,0.21757073711998373,0.21478979940595425,0.2153476751312023,0.21782385063349777,0.22113386613453323,0.23143885270284206,0.24292312402297508,0.24420484781936758,0.2532005928269953,0.26447355710768516,0.26580001375656076,0.2628868875163488,0.26581229747639096,0.27175367173723647,0.281007087129626,0.2834258344169393,0.2886461764592483,0.3022343635665986,0.3067924759654047,0.29885124178119954,0.2947664374837997,0.3067293143932101,0.3131399228346061,0.3098646158403028,0.3064720564694334,0.3103974076716074,0.3168576131303651,0.3129950927153937,0.29462447048987556,0.2585394944388754,0.21281534361683252,0.48654058870883926,0.22323497879645446,0.19852937773915605
stat_128,0.24723122795124153,0.24971651328285402,0.24782971179455746,0.24472147097785799,0.2441217729818669,0.24438678493993427,0.24229608910466283,0.23830208288454205,0.2378733479912759,0.23535309742961402,0.22986888900079028,0.22953915393696184,0.2245346361882217,0.219771667417072,0.21460241331367585,0.20968246891917924,0.20415975746115111,0.20059523115875785,0.19872353657830436,0.19704412715679123,0.19398042103238616,0.1907129776035095,0.18749388983409063,0.18738695214639386,0.1834072634780932,0.17630151603147537,0.16997851496903676,0.16972242404264096,0.16721892432976024,0.16351068633922403,0.16010809139771934,0.15897613295883437,0.15733109086692829,0.15636142054775146,0.15614302389018422,0.1670503094814977,0.18108086290682537,0.17453375123848652,0.17064303141782264,,,,0.13902333177994847,0.14138486142358833,0.16176779416140116,0.1762347735661834,0.18293204957855247,0.17340275024326082,0.17347912565985704,0.1764404414401236,0.17566456562234067,0.17372871771012535,0.17537267970164597,0.17730406377653032,0.1790781546399737,0.18759516906680007,0.19882151549473492,0.2011029365430405,0.20851821140241555,0.21746335680909248,0.21693516033412014,0.2131119102095313,0.21520828120506982,0.2199593273065137,0.22703798925484756,0.22803844923129174,0.2315314968850781,0.24319050134030856,0.24717407766991514,0.24021917223297204,0.23692549720530987,0.24687720665732374,0.2507970324416857,0.24674228032380466,0.24323345941483432,0.24635934538486803,0.25180562124135436,0.248535754571723,0.23628886591236475,0.2076799119272486,0.16759627543416836,0.38453127688928423,0.19437852512914125,0.16475826571117236
stat_129,0.3012982560518737,0.3041890221121446,0.30201028495270626,0.29797649625425565,0.29671437164246034,0.2961794179016824,0.2927166814935638,0.2878902684507893,0.28733779846420554,0.28422390061763175,0.277789645768416,0.2774162444416605,0.2716901060214392,0.2655277462843414,0.25878440579343776,0.25270971665835334,0.2463121074730183,0.24226435835064855,0.2400861013482776,0.23760912581536667,0.2336861098658498,0.22955171557384604,0.22499628762333382,0.22478790020769762,0.22038163252267076,0.21256702389997248,0.20523209673673687,0.20493079705501216,0.20188179641538836,0.1977554648816094,0.19405383644871738,0.1928483941703916,0.19069099751334642,0.1893019596175979,0.18902016504844502,0.18575417851923165,0.18108086290682537,,,,,,,,,,0.18293204957855247,0.19092850867214634,0.20789415990545573,0.21286257109620113,0.21304951760841137,0.21057546896713566,0.21123121694832203,0.213509429196809,0.21629543317413458,0.22618343908009178,0.23778069780733688,0.23922817930901494,0.24822706520899085,0.25921083428660585,0.2601375708988429,0.25686188694590556,0.25950299490424633,0.26515681082138093,0.27401782594060065,0.27596939185395025,0.2808142508339908,0.29437196904945984,0.29890486642854064,0.2910457530607075,0.28710914599214704,0.2988600948038008,0.30480718087915076,0.30127660937713463,0.29768635501468743,0.3015135182223049,0.30787806916143406,0.30414089368996855,0.2867616709450471,0.25166166316281696,0.205284514349723,0.4706710420152453,0.22106832507078616,0.1953653329079995
stat_130,0.30462745775049777,0.30753329208416413,0.30535324464246366,0.3012785560514295,0.29994836261960983,0.2993211244775294,0.29573038611624897,0.2908663766284817,0.2903177734323054,0.2871995375859927,0.2807263743781538,0.2803515475726997,0.27461218374581836,0.2683360952249308,0.2614593381436043,0.25529112605464216,0.24885479154988063,0.2447763532082653,0.24257475117237365,0.23999299663561177,0.23598812644569292,0.2317889354410772,,,,,,,,,,,,,,,,,,,,,,,,,,,,,,,,,,,,,0.25031021829633326,0.2614107479543139,0.2624814134718071,0.2593270392176141,0.2620695691627765,0.2678303421884775,0.27683876908268723,0.2789507354870086,0.2839292514668245,0.2975210151755119,0.3020702229927521,0.2941697728786865,0.2901765944606836,0.30201913166531613,0.3081310537786895,0.3046760585637966,0.30114141488043805,0.3050081955128669,0.3114175471595267,0.3076312350395978,0.28989701712215266,0.25440601542560465,0.20812079880743514,0.4767667349286441,0.2220609486163347,0.19673437062660326
stat_131,0.27285750343120757,0.27553842519945027,0.27351725452858305,0.27000608172638896,0.26911413815402735,0.2690324583953823,0.2663237695338407,0.2619444600713673,0.26147001046691837,0.25870136233681384,0.25276509027610616,0.2524135693359553,0.2470650701155538,0.24164173642778278,0.23572597046549273,0.23024259420343762,0.22429365215554284,0.22047607729646673,0.21844691919570125,0.21636970793380017,0.21288496452931654,0.20920573126370973,0.20545639205261473,0.2053006539395372,0.2011072749206033,0.1936299966630068,0.1867688440341061,0.18648745691871227,0.18367440576996066,0.17971462714817601,0.17612859673684714,0.1749634776229493,0.17311212558774539,0.17197706626337272,0.17173283318539487,0.16887249997999226,0.1650217977969322,0.15938496688722692,0.15613693452094063,0.104058016396358,0.1096116429580766,0.1251741154327902,0.1294295045503392,0.13142623883772556,0.1498225506140957,0.16321300911520076,0.1683884165011378,0.17493160644528638,0.18977718061816967,0.19356652611929448,0.19309130657309576,0.1908334944638482,0.19212784103343997,0.1942874606478701,0.19661472902655303,0.20588875225154382,0.2173905806979503,0.21935404213457144,0.22742907310688548,0.23733126736364057,0.23744394750294,0.2338661887130514,0.2362783188843517,0.2415159447180066,0.2494581262813156,0.25094622949944295,0.2550771226477419,0.26761565505013907,0.27186951330552367,0.2644493650259976,0.2608291366351834,0.2716468333085299,0.27646723978056437,0.2725743273491441,0.26901326616910015,0.27246697395384684,0.2783649761823441,0.27483295671797886,0.2603393099305845,0.2286807726545041,0.18568730677120038,0.42578395460279517,0.20721549228285469,0.17916179984947622
stat_132,0.3012982560518737,0.3041890221121446,0.30201028495270626,0.29797649625425565,0.29671437164246034,0.2961794179016824,0.2927166814935638,0.2878902684507893,0.28733779846420554,0.28422390061763175,0.277789645768416,0.2774162444416605,0.2716901060214392,0.2655277462843414,0.25878440579343776,0.25270971665835334,0.2463121074730183,0.24226435835064855,0.2400861013482776,0.23760912581536667,0.2336861098658498,0.22955171557384604,0.22499628762333382,0.22478790020769762,0.22038163252267076,0.21256702389997248,0.20523209673673687,0.20493079705501216,0.20188179641538836,0.1977554648816094,,,,,,,,,,,,,,,,,,,,,,,0.21123121694832203,0.213509429196809,0.21629543317413458,0.22618343908009178,0.23778069780733688,0.23922817930901494,0.24822706520899085,0.25921083428660585,0.2601375708988429,0.25686188694590556,0.25950299490424633,0.26515681082138093,0.27401782594060065,0.27596939185395025,0.2808142508339908,0.29437196904945984,0.29890486642854064,0.2910457530607075,0.28710914599214704,0.2988600948038008,0.30480718087915076,0.30127660937713463,0.29768635501468743,0.3015135182223049,0.30787806916143406,0.30414089368996855,0.2867616709450471,0.25166166316281696,0.205284514349723,0.4706710420152453,0.22106832507078616,0.1953653329079995
stat_133,,,,,,,,,,,,,,,,,,,,,,,,,,,,,,,,,,,,,,,,,,,,,,,,,,,,,,,,,,,,,,,,,,,,,,,,,,,,,,,,,,,,
stat_134,0.3149850396465164,0.31791483610374294,0.3157607781102131,0.31156010994610905,0.30994560069478583,0.3089232619276317,0.3048314777109959,0.299868432445648,0.29934300770774575,0.2962451814509486,0.28968796777775946,0.289311846516913,0.28358762716442304,0.2769049640712089,0.269546541134992,0.26305743774887524,0.25653586547857965,0.2523777637336383,0.25010468033092925,0.24711211527919313,0.2428191274642056,0.23839794330508596,0.2336301177969547,0.23336251655037385,0.2289828291283629,0.22118330012030304,0.2134583855345057,0.21312996323106503,0.20962392388905277,0.2053637698938966,0.20153724050101293,0.2003317997861236,0.1980961690914613,0.19667152328012127,0.19633924502498631,0.19292168035835472,0.18787801561850317,0.18061802124666376,0.17603679454026616,,0.11840551086425141,0.14126495678231285,0.14408761486553198,0.14504264497605746,0.1656923088020009,0.18053782971410698,0.18816678444470167,0.19673694778722092,0.21452244065603007,0.21993810352436904,0.22010321080598233,0.21716559377590242,0.21767891445382348,0.22027589489786692,0.22399920411529872,0.23457437471882495,0.24593201936776193,0.24708742205514608,0.2561272183885268,0.26757963832000514,0.26919414464818825,0.2665619298131727,0.2696928107039959,0.2758324244260409,0.28535349250476033,0.2881243436003919,0.2936174352952307,0.307176419350699,0.3117364260292772,0.303762464832417,0.29957854138966594,0.3116597995115043,0.31840804109885595,0.3153519576937461,0.3121348966397355,0.3161214002291082,0.32262762182095667,0.31868416763216717,0.29959740942796154,0.2628852666320107,0.21793772105645615,0.49708080002207017,0.22431642502024668,0.20029465018671938
stat_135,0.3149850396465164,0.31791483610374294,0.3157607781102131,0.31156010994610905,0.30994560069478583,0.3089232619276317,0.3048314777109959,0.299868432445648,0.29934300770774575,0.2962451814509486,0.28968796777775946,0.289311846516913,0.28358762716442304,0.2769049640712089,0.269546541134992,0.26305743774887524,0.25653586547857965,0.2523777637336383,0.25010468033092925,0.24711211527919313,0.2428191274642056,0.23839794330508596,0.2336301177969547,0.23336251655037385,0.2289828291283629,0.22118330012030304,0.2134583855345057,0.21312996323106503,0.20962392388905277,0.2053637698938966,0.20153724050101293,0.2003317997861236,0.1980961690914613,0.19667152328012127,0.19633924502498631,0.19292168035835472,0.18787801561850317,0.18061802124666376,0.17603679454026616,,,,,,0.1656923088020009,0.18053782971410698,0.18816678444470167,0.19673694778722092,0.21452244065603007,0.21993810352436904,0.22010321080598233,0.21716559377590242,0.21767891445382348,0.22027589489786692,0.22399920411529872,0.23457437471882495,0.24593201936776193,0.24708742205514608,0.2561272183885268,0.26757963832000514,0.26919414464818825,0.2665619298131727,0.2696928107039959,0.2758324244260409,0.28535349250476033,0.2881243436003919,0.2936174352952307,0.307176419350699,0.3117364260292772,0.303762464832417,0.29957854138966594,0.3116597995115043,0.31840804109885595,0.3153519576937461,0.3121348966397355,0.3161214002291082,0.32262762182095667,0.31868416763216717,0.29959740942796154,0.2628852666320107,0.21793772105645615,0.49708080002207017,0.22431642502024668,0.20029465018671938
stat_136,0.3149850396465164,0.31791483610374294,0.3157607781102131,0.31156010994610905,0.30994560069478583,0.3089232619276317,0.3048314777109959,0.299868432445648,0.29934300770774575,0.2962451814509486,0.28968796777775946,0.289311846516913,0.28358762716442304,0.2769049640712089,0.269546541134992,0.26305743774887524,0.25653586547857965,0.2523777637336383,0.25010468033092925,0.24711211527919313,0.2428191274642056,0.23839794330508596,0.2336301177969547,0.23336251655037385,0.2289828291283629,0.22118330012030304,0.2134583855345057,0.21312996323106503,0.20962392388905277,0.2053637698938966,0.20153724050101293,0.2003317997861236,0.1980961690914613,0.19667152328012127,0.19633924502498631,0.19292168035835472,0.18787801561850317,0.18061802124666376,0.17603679454026616,,,,,0.14504264497605746,0.1656923088020009,0.18053782971410698,0.18816678444470167,0.19673694778722092,0.21452244065603007,0.21993810352436904,0.22010321080598233,0.21716559377590242,0.21767891445382348,0.22027589489786692,0.22399920411529872,0.23457437471882495,0.24593201936776193,0.24708742205514608,0.2561272183885268,0.26757963832000514,0.26919414464818825,0.2665619298131727,0.2696928107039959,0.2758324244260409,0.28535349250476033,0.2881243436003919,0.2936174352952307,0.307176419350699,0.3117364260292772,0.303762464832417,0.29957854138966594,0.3116597995115043,0.31840804109885595,0.3153519576937461,0.3121348966397355,0.3161214002291082,0.32262762182095667,0.31868416763216717,0.29959740942796154,0.2628852666320107,0.21793772105645615,0.49708080002207017,0.22431642502024668,0.20029465018671938
stat_137,0.3149850396465164,0.31791483610374294,0.3157607781102131,0.31156010994610905,0.30994560069478583,0.3089232619276317,0.3048314777109959,0.299868432445648,0.29934300770774575,0.2962451814509486,0.28968796777775946,0.289311846516913,0.28358762716442304,0.2769049640712089,0.269546541134992,0.26305743774887524,0.25653586547857965,0.2523777637336383,0.25010468033092925,0.24711211527919313,0.2428191274642056,0.23839794330508596,0.2336301177969547,0.23336251655037385,0.2289828291283629,0.22118330012030304,0.2134583855345057,0.21312996323106503,0.20962392388905277,0.2053637698938966,0.20153724050101293,0.2003317997861236,0.1980961690914613,0.19667152328012127,0.19633924502498631,0.19292168035835472,0.18787801561850317,0.18061802124666376,0.17603679454026616,,,,0.14408761486553198,0.14504264497605746,0.1656923088020009,0.18053782971410698,0.18816678444470167,0.19673694778722092,0.21452244065603007,0.21993810352436904,0.22010321080598233,0.21716559377590242,0.21767891445382348,0.22027589489786692,0.22399920411529872,0.23457437471882495,0.24593201936776193,0.24708742205514608,0.2561272183885268,0.26757963832000514,0.26919414464818825,0.2665619298131727,0.2696928107039959,0.2758324244260409,0.28535349250476033,0.2881243436003919,0.2936174352952307,0.307176419350699,0.3117364260292772,0.303762464832417,0.29957854138966594,0.3116597995115043,0.31840804109885595,0.3153519576937461,0.3121348966397355,0.3161214002291082,0.32262762182095667,0.31868416763216717,0.29959740942796154,0.2628852666320107,0.21793772105645615,0.49708080002207017,0.22431642502024668,0.20029465018671938
stat_138,0.3080679482902368,0.31098111312856475,0.3088117127725484,0.30470025494353664,0.303275018279506,0.3025153352891005,0.2987567836280636,0.2938621300607984,0.29332360856196577,0.2902185458080587,0.2837192599063613,0.2833440310594176,0.27761193410514945,0.2711982364884813,0.26415714570784393,0.2578777753491369,0.25141359316639,0.24730625162993208,0.24507934983504331,0.24235313935486597,0.23824806908494284,0.2339731171522522,0.22938668958321304,0.22914901775186275,0.22474810384474947,0.21692774023798567,0.2093899240161857,0.20907476570097616,0.20578211937519597,0.20157027323870694,0.19778752295749769,0.19656515184250292,0.19435655034194818,0.19292313033967898,0.19259618204240553,0.18913027675626043,0.1843414840510618,0.17744502727423436,0.17320455027923648,0.11018934007204687,0.11686005689108052,0.13784869645528652,0.14160294906021917,0.14307278743440263,0.1636559668649652,0.17832545461875735,0.18547490041034526,0.1936897200673367,0.21115224623364362,0.2163747575043712,0.21654966394899988,0.21385832487256878,0.21447081485644004,0.21692235168662358,0.22018675590900733,0.23042937250370657,0.24193406727651456,0.24325205924992155,0.2522115090072193,0.2634278637720094,0.264680573903815,0.2617074747852158,0.2645909347819389,0.2704880463621741,0.27967308962416315,0.2820183986897724,0.28717272739245653,0.30074401054046335,0.30529600783900007,0.2973691377842016,0.29330879569335755,0.3052299220773511,0.31155149231420426,0.3082247710418323,0.30480003146430573,0.30870576063213706,0.31514785166744325,0.3113032980752702,0.29313428003877184,0.25724113252092534,0.2114566090635576,0.4836367538268023,0.22275979301269958,0.19785899106079435
stat_139,0.3149850396465164,0.31791483610374294,0.3157607781102131,0.31156010994610905,0.30994560069478583,0.3089232619276317,0.3048314777109959,0.299868432445648,0.29934300770774575,0.2962451814509486,0.28968796777775946,0.289311846516913,0.28358762716442304,0.2769049640712089,0.269546541134992,0.26305743774887524,0.25653586547857965,0.2523777637336383,0.25010468033092925,0.24711211527919313,0.2428191274642056,0.23839794330508596,0.2336301177969547,0.23336251655037385,0.2289828291283629,0.22118330012030304,0.2134583855345057,0.21312996323106503,0.20962392388905277,0.2053637698938966,0.20153724050101293,0.2003317997861236,0.1980961690914613,0.19667152328012127,0.19633924502498631,0.19292168035835472,0.18787801561850317,0.18061802124666376,0.17603679454026616,,,,,0.14504264497605746,0.1656923088020009,0.18053782971410698,0.18816678444470167,0.19673694778722092,0.21452244065603007,0.21993810352436904,0.22010321080598233,0.21716559377590242,0.21767891445382348,0.22027589489786692,0.22399920411529872,0.23457437471882495,0.24593201936776193,0.24708742205514608,0.2561272183885268,0.26757963832000514,0.26919414464818825,0.2665619298131727,0.2696928107039959,0.2758324244260409,0.28535349250476033,0.2881243436003919,0.2936174352952307,0.307176419350699,0.3117364260292772,0.303762464832417,0.29957854138966594,0.3116597995115043,0.31840804109885595,0.3153519576937461,0.3121348966397355,0.3161214002291082,0.32262762182095667,0.31868416763216717,0.29959740942796154,0.2628852666320107,0.21793772105645615,0.49708080002207017,0.22431642502024668,0.20029465018671938
stat_140,,,,,,,,,,,,,,,,,,,,,,,,,,,,,,,,,,,,,,,,,,,,,,,,,,,,,,,,,,,,,,,,,,,,,,,,,,,,,,,,,,,,
stat_141,,,,,,,,,,,,,,,,,,,,,,,,,,,,,,,,,,,,,,,,,,,,,,,,,,,,,,,,,,,,,,,,,,,,,,,,,,,,,,,,,,,,
stat_142,,,,,,,,,,,,,,,,,,,,,,,,,,,,,,,,,,,,,,,,,,,,,,,,,,,,,,,,,,,,,,,,,,,,,,,,,,,,,,,,,,,,
