,pSA_1.000000000000,pSA_1.072267222000,pSA_1.149756995000,pSA_1.232846739000,pSA_1.321941148000,pSA_1.417474163000,pSA_1.519911083000,pSA_1.629750835000,pSA_1.747528400000,pSA_1.873817423000,pSA_2.000000000000,pSA_2.009233003000,pSA_2.154434690000,pSA_2.310129700000,pSA_2.477076356000,pSA_2.656087783000,pSA_2.848035868000,pSA_3.000000000000,pSA_3.053855509000,pSA_3.274549163000,pSA_3.511191734000,pSA_3.764935807000,pSA_4.000000000000,pSA_4.037017259000,pSA_4.328761281000,pSA_4.641588834000,pSA_4.977023564000,pSA_5.000000000000,pSA_5.336699231000,pSA_5.722367659000,pSA_6.135907273000,pSA_6.579332247000,pSA_7.054802311000,pSA_7.500000000000,pSA_7.564633276000,pSA_8.111308308000,pSA_8.697490026000,pSA_9.326033469000,pSA_10.000000000000,EAS_0.050000000000,EAS_0.060000000000,EAS_0.070000000000,EAS_0.080000000000,EAS_0.090000000000,EAS_0.100000000000,EAS_0.107226722000,EAS_0.114975700000,EAS_0.123284674000,EAS_0.132194115000,EAS_0.141747416000,EAS_0.151991108000,EAS_0.162975084000,EAS_0.174752840000,EAS_0.187381742000,EAS_0.200923300000,EAS_0.215443469000,EAS_0.231012970000,EAS_0.247707636000,EAS_0.265608778000,EAS_0.284803587000,EAS_0.305385551000,EAS_0.327454916000,EAS_0.351119173000,EAS_0.376493581000,EAS_0.403701726000,EAS_0.432876128000,EAS_0.464158883000,EAS_0.497702356000,EAS_0.533669923000,EAS_0.572236766000,EAS_0.613590727000,EAS_0.657933225000,EAS_0.705480231000,EAS_0.756463328000,EAS_0.811130831000,EAS_0.869749003000,EAS_0.932603347000,EAS_1.000000000000,PGA,PGV,CAV,AI,Ds575,Ds595
stat_1,1.3292555176027012,1.3191753919782874,1.482884861502418,1.5886602222582218,1.6816456373447475,1.6192288879008716,1.5939378163760203,1.6367684382507168,1.6705969438002017,1.7088726038153603,1.6997205029201445,1.6913872050961631,1.7559581792923786,1.6609243836945742,1.427166423044181,1.1917806895681284,1.0074842193015505,0.947954779689885,0.9630480525935442,0.8764454368083866,0.8434853667573385,0.878735974434825,0.8668118929239054,0.8708488161107197,0.8242544036966126,0.8289003204358468,0.8279455491143363,0.8256415167264304,0.8532706486886292,0.8630415987174116,0.8186362483707033,0.810609480029241,0.7671762206165631,0.7321829555608385,0.7265810535080875,0.6689044373459118,0.6594014644302616,0.592209942076373,0.507968021575594,0.288732931564599,0.30870889630637516,0.4142824597443044,0.40953933143813853,0.3035600797974328,0.3910985107897162,0.5458234546849918,0.6756767538824592,0.5945004606920152,0.5091400847905259,0.6436568742531567,0.7677463499732059,0.7548006744153306,0.8714648393298979,0.983830033257859,0.9826901088275443,0.8551699337392116,0.7111298276233151,0.8576047415406169,0.9908424345588258,0.8971061443564968,0.8216799177235653,0.957680960099269,1.071690212339662,1.300600407727565,1.5549917195497764,1.8413199404838798,1.9634096822238016,1.9328473243272692,1.9217609337192867,1.899593206095421,1.8143901954429875,1.815404621571232,1.8907134068311604,1.982269228588809,1.9032199757688544,1.78620103308712,1.645537086760247,1.5052454765968117,1.194885001174788,1.1384394817868548,1.6173604481916064,3.140171969416808,-0.09620319986656843,-0.2088215699674949
stat_10,-0.26434687242699606,-0.2678744288454425,-0.25602673281640903,-0.1720080766859631,-0.1385369831867932,-0.14156223654623587,-0.18401011036679352,-0.16041321823167848,-0.1188232063830398,-0.04143389546241808,0.06768410585506421,0.07275702895413494,0.15752431362609493,0.2652517674941815,0.2950903165151819,0.2827310374872829,0.26185863136003507,0.19964660536763199,0.18354895288868908,0.15181506870086425,0.11996392743388756,0.04656117757858055,0.04801888171812126,0.05913197778716016,0.10548637699198316,0.09020868731700062,0.05787434430993972,0.05563010208244395,0.036085959771616195,0.0008639917496261067,0.0007130896066070662,-0.10893287299793739,-0.27442943328079233,-0.2903618528144803,-0.29160775199812883,-0.29265355095109474,-0.18035554395876302,-0.09963121359166129,-0.011946796734633005,,,,0.06172181327187755,0.10821906340339255,-0.06826145963108478,-0.11933787376451298,-0.1885754900902307,-0.3695196880920406,-0.5173646282255874,-0.4595308837493611,-0.10991680375585364,0.09818065483487104,0.09397015006823384,0.1269357448883651,0.18977151665457298,0.2502915722670914,0.1719643923246515,0.028828942775483795,-0.009246188460827358,0.10977536893343809,0.17110822534348719,0.22252431279124302,0.374083420547734,0.43678290476889287,0.45200424023029834,0.46467591817382387,0.30090556043157896,0.13007573217364465,-0.02886549433306945,-0.22677569864558753,-0.26669892966497083,-0.31348538339143106,-0.23028416706082103,-0.13714859628448758,-0.11900634285586356,-0.20914243879151706,-0.26414984481442205,-0.296295188466103,-0.17154661875610624,0.007725560178000742,-0.2564304506884621,-0.41498491702651136,-0.06993078632799667,-0.11084542539399635
stat_100,0.8953358394051093,0.9805770023078222,0.9944649951432033,0.9780081863441359,0.9553431402936072,0.9042113007193685,0.9774869341917867,1.046709936472906,0.9846188718498015,0.8541784606117655,0.8349509281195623,0.8336106510776148,0.8469736513175911,0.7847527557188473,0.6726283330539956,0.5602331922322278,0.4755500294475499,0.46331169369796527,0.4421492277783491,0.3897583751232964,0.36582573088433573,0.38165738181869224,0.3852693150301206,0.3841011797194468,0.40718937939921307,0.3892486175230625,0.41607604147813815,0.4167116955804046,0.44096568658951013,0.5371672268263324,0.5408606359541941,0.5396022597579417,0.5171245548080341,0.4282761106597711,0.4267566284712315,0.36127924769278913,0.31635201159176785,0.2703728525646365,0.21525347415648416,,,,0.14057383983106186,-0.04936085537312766,0.14591876462001702,0.14901190241256415,0.15112626076300567,0.20925860463580545,0.43212582916580555,0.4643576412042617,0.4753036669096208,0.5473159450991709,0.541349422666716,0.5001388088405061,0.461859257410537,0.3742245072571858,0.3697537917004827,0.4304558307182966,0.4062497061205788,0.37190002881399487,0.4210077448270279,0.42321701817887175,0.4306545993957524,0.5547721827022046,0.8101018426620143,0.9976626760977619,1.0466614635214104,0.880976927371151,0.8611177448971675,1.0958936906900445,1.2043404892304177,1.032502694636255,0.9153250836383658,1.0122206218686554,1.1220533693572683,1.0916116135513503,1.0440911201868366,1.0043297513674723,0.7528604134114216,0.7312188796182967,0.9635636760334062,1.671197875894311,0.023991350362556927,0.12218374697652441
stat_101,-0.6791203823886752,-0.712350580639883,-0.715325771565591,-0.6488408968375691,-0.5635469611493492,-0.48901660321025986,-0.4880713292379206,-0.5235548347065259,-0.420276487032383,-0.4554017109419139,-0.566234982372695,-0.5716159670326881,-0.5617235544563218,-0.5181422627639266,-0.49963504243142476,-0.4527775127190176,-0.43824342804681254,-0.44865081489048236,-0.446428856802485,-0.4826088308663039,-0.4840817064687162,-0.4557647328919224,-0.4564875138220271,-0.45849939609684,-0.4483450055335712,-0.412274342011209,-0.3380753994208882,-0.333121280049305,-0.26364343502856014,-0.2794035622778626,-0.25567874383391537,-0.30510792939254794,-0.3624561364352397,-0.3758228446338807,-0.3755642331524084,-0.3516499755572584,-0.2724899264964141,-0.2394271784018495,-0.2120195451599919,0.005342302833908314,-0.06233382536142043,-0.16781475990811462,-0.10391447012157287,-0.04163754162693125,-0.10759322364434237,-0.1752742377739106,-0.24618405617484798,-0.29219427091761113,-0.3195950710980672,-0.29078304330127375,-0.25205204810823295,-0.26081141780708483,-0.2406293399418322,-0.24014854824858006,-0.3045805134947973,-0.4064607057592363,-0.3887703070222413,-0.31756886441177545,-0.39110056681823546,-0.5601449938473829,-0.6146340567686318,-0.48432416254384825,-0.37434411501043663,-0.4556409996858254,-0.5177324998264781,-0.5029044933360661,-0.7112431465189077,-0.6366794846683677,-0.36063105970033593,-0.2482063918283085,-0.4733937802474617,-0.4932980498455767,-0.47122169001148123,-0.6252849717267025,-0.7615535452108638,-0.7276156384130412,-0.7052066359829521,-0.8317286450521426,-0.5247396180622808,-0.533258824455453,-0.8353655971011377,-1.3384567689157525,-0.099597711646904,-0.2348452426139236
stat_102,-0.01925917046475456,-0.015709007107265412,-0.0008416808654576386,0.04724651356505462,0.07109423789849897,0.18489728262940971,0.18326603164518432,0.1428971351305928,0.10285993829792946,0.12781139740266345,0.10870188327318578,0.10608307322587467,0.0614249840167571,0.01248378477674207,-0.01893169571937863,-0.07252876892222286,-0.10930367301768767,-0.11215316364528882,-0.10907695317054518,-0.08017431916335789,-0.08766350302925567,-0.15043480779603333,-0.20826439191225513,-0.21704935680902837,-0.23844405376611844,-0.22987933542396424,-0.22052936147537516,-0.22065812405459154,-0.23208356719657267,-0.27486466086279165,-0.2742196851108382,-0.2784235034809361,-0.289372141298984,-0.24603282181153266,-0.2428380255564426,-0.2954319711475234,-0.2337223514727143,-0.20577768207923378,-0.18326801700399287,,,,,-0.0792657364989894,-0.09003990537472048,-0.1751837345782112,-0.1978003775123416,-0.17859126587342178,-0.2063822127418417,-0.28957264152509377,-0.387396278079974,-0.2851763099374422,-0.2429133420300543,-0.2557028106706272,-0.3456128588772454,-0.3651796272615658,-0.37761986096275746,-0.3421095111355967,-0.2418336482991133,-0.1413789744541087,-0.15352467408844497,-0.3283599691427281,-0.3083149089608137,-0.16938988713765735,-0.17007226474612658,-0.16885693802089544,-0.05477855816351899,0.09743708245794783,0.11098484595390526,0.062402118686677256,0.14368803185929466,0.2728595365492546,0.20080971178049747,0.08060468100303178,0.015839257058157082,-0.074044222338972,-0.06221442962338566,0.05504514747659356,-0.0351496720970679,-0.09279046406878057,0.0048036818670967,0.03533236665599769,0.07104469429964844,0.059407449498204604
stat_103,2.54279546906512,2.531349726359383,2.5099767481339326,2.2877477188301736,2.157382090753831,1.9169132935334152,1.695624302153729,1.6526382106910258,1.6450624911046414,1.6292980461316364,1.5560983650945794,1.5578288618426694,1.5650016088312944,1.3854801107885815,1.250066299375326,1.1115498207960697,1.0339413943015585,1.0401850695934847,1.027908761477269,1.0929990607585254,1.1703683512869123,1.1256272491976942,0.989268776025958,0.9818872930424833,1.085102018612589,1.1679086482002117,1.1620535385356372,1.1661766130794324,1.1815191848212705,1.1664305700325635,1.1736173939347776,1.0560188603259517,1.0839637556432151,1.036884291448028,1.0187196553945854,0.9176797070331979,0.7072856320093845,,,,,,,,,,0.4602401264285911,0.6741028153734695,0.9747648410478974,1.202003047349373,1.2546689170417868,1.3505019692216447,1.3084692462685736,1.3036841150388143,1.3892879749902494,1.4043100378975342,1.1739017438851973,1.0390291328650834,1.1375184071400892,1.2551942906943918,1.2019653752658808,1.133004636141575,1.105634821486549,1.166078690203299,1.2736037547375396,1.4114989343077051,1.6515349513179567,1.6727571987822538,1.7596410393863673,1.7399239554444745,1.7345872358408265,1.839248453105577,2.136107480317664,2.4522889469190385,2.697644955133378,2.8268365987759436,2.9054189431042645,2.976588087835125,2.0509590041690324,1.416129686398377,2.0496366213511137,4.045059120244204,-0.16879903585349196,-0.2527975083309421
stat_104,0.3806196842154686,0.2738582857692798,0.23868043184411944,0.15476539165017958,0.07471904618356899,0.026962236683902095,0.015293064289363785,0.08930120515527767,0.11576040619715358,0.10450803680322139,0.058444142063906614,0.05703101842427257,0.07487663501663346,-0.005367759719300515,-0.03607773799946908,0.044133542317004025,0.037857998745828694,0.04192342036240543,0.032028472076010284,-0.0165053727323675,-0.04477698384100618,-0.011945399153849812,-0.010798585281166504,-0.019959677689189277,0.0071059040720231085,-0.0017939476647892154,-0.01333898880789853,-0.013124339538397421,-0.052983427545078086,-0.13198703192767883,-0.11908872628029014,-0.0330337366266466,0.11094143898631702,0.1640292709822911,0.16250836195242632,0.12628336093000908,0.11150643986043625,0.1440908876796593,0.1571869359532804,0.1602112061163478,-0.001380434950502943,0.2775192453549653,0.2597397651860848,0.1666489182529299,0.211256737043545,0.2152954645749446,0.17664494051321078,0.1603812395327556,0.29585662396134854,0.276348465391106,0.058945423661232024,-0.11705867949580993,-0.1873447402661393,-0.03771852653339653,0.1365432321598803,0.16111589138621318,0.1546246560516348,0.05607044441238307,0.014410585825223296,0.016768057497910067,0.03431156097358288,0.1325659652770429,0.13484211245051655,0.12164118681720144,0.16156240683494172,0.11512801749785392,0.19041653077063248,0.22963806362997657,0.2206703697271675,0.20033774194492773,0.09012058478055923,0.042131484354638024,0.10744941460559573,0.20213632036468127,0.2881552050504618,0.3657345946156727,0.47077527058311003,0.5428492780403608,0.11328550878052532,0.08648345377264424,0.23331584531639693,0.32564705903220104,0.09912226571588409,0.06012214999052177
stat_105,-0.21314714834692536,-0.19726479777052544,-0.08654920428570384,0.04263959599066374,0.1016729513389509,-0.004054094203984018,-0.004683784219993944,-0.0718701132658303,-0.1522520085509681,-0.18992167731769743,-0.2203435487061983,-0.20927339902331565,-0.1701673608041268,-0.16091460519636275,-0.032873674710944385,0.08358676244598491,-0.009918586200156355,-0.010065125779198167,0.0197606745208709,0.09744093523973983,0.09418283535200485,0.029430399735016616,-0.027166958181478514,-0.016460260268914485,0.03960726066729268,0.08995249450197028,0.12050814531003534,0.12395077105822964,0.17278120495342394,0.21416915759374233,0.2446291688794637,0.22441878802654325,0.19318171106245444,0.16583867922324655,0.1669869799676958,0.04700237545341991,0.011758097025865782,0.19359913552111616,0.2057430061349182,,,,,,0.14615032365388267,0.02574837431325151,0.07249660041841167,0.1589118197380755,0.3578929372536581,0.3671314264461115,0.6374592314544317,0.6493094740907442,0.3931740128446871,0.1915361752047213,0.11337170244411711,0.10506843625342834,0.05205803772887588,-0.12245707687623512,-0.044446298398393015,0.12805811077006105,0.15739589439593032,0.016954154270479287,0.09457643954267922,0.35819405551112543,0.20243916474030452,-0.021085892752498572,-0.0546702938735624,-0.23025583358389676,-0.32919054725372227,-0.30180125817864206,-0.11904104735498816,-0.04190426225927761,0.045160211380075324,0.22090022034206344,0.07096959113633022,-0.2274456694600959,-0.33872429088395545,-0.3390221221051557,-0.17579056357303918,-0.12492177220239502,-0.2687523245700209,-0.4773416358212052,-0.08390559606252951,-0.09122309866462444
stat_106,-0.193481071922689,-0.18635219359200617,-0.18540850629416392,-0.25227033087342776,-0.3911994942747686,-0.3531530041167028,-0.3329165564863047,-0.38806642237092515,-0.41434341345096376,-0.42168461739330576,-0.44767499903693964,-0.4472524035366798,-0.4501440405153513,-0.48595563536009617,-0.5236460524439501,-0.46869236060198144,-0.3562211962032052,-0.2944456215368671,-0.28251555288309366,-0.2721810041008209,-0.26686679201025415,-0.21599883991969143,-0.2093515556889617,-0.20183835068891623,-0.16105032640473887,-0.0953696993329094,-0.056891099958339464,-0.05757724067763119,-0.06476497099045526,-0.13728467066146863,-0.21932070874303017,-0.20755475348498015,-0.2331503264970819,-0.1911366912184848,-0.19056958765158794,-0.15422219431142334,-0.1589103386185517,-0.1283255290776079,-0.07800031681324483,,,,-0.0514289521103491,0.03309382944217411,-0.01565962576586487,-0.09500215484833016,-0.05653690871266461,-0.20901743108447268,-0.2786790461911901,-0.2360673842337021,-0.22450111187323527,-0.23546383725054643,-0.09633001435657668,0.06429812030106578,0.03906699348739855,0.039751578187671596,0.016205116034109388,-0.07764841671646946,-0.15254012668361377,-0.2494381097477448,-0.14146762713956118,-0.16257091907147114,-0.43197379132239994,-0.5370834998242565,-0.6322554317476258,-0.5801070940990922,-0.3909026109364868,-0.32479813838365784,-0.3581070200026078,-0.2812233090729734,-0.22778201240530419,-0.27302792692020605,-0.37738724786105443,-0.35187074248151873,-0.28445104901744483,-0.22543994605718948,-0.11116337798407808,-0.07967366345294068,-0.2670880332685946,-0.244489984547917,-0.3671286431746269,-0.6249137586171954,0.021478465782300078,0.01833274570533747
stat_107,2.1847426406475567,2.308674310152049,2.4135649360675173,2.4388655027201382,2.13786514185759,1.7695771466571397,1.5085813203893303,1.3114544349248696,1.167312022376375,1.0719107676092778,1.0572099736795095,1.0520760173003167,0.9601523216011826,0.9363302761666281,0.9103804614869033,0.8826958008364251,0.8369809236730504,0.8428496814311734,0.836035828747809,0.7643950747334588,0.7003773484599527,0.692536662758113,0.6534164757247618,0.6474244286064499,0.6087744479547524,0.5666641178253359,0.5626938468918098,0.5623080707181342,0.5626330882623434,0.5034954149349036,0.48091127706026365,0.46196276134157715,0.45628668872607475,0.4599109523156814,0.4612593496792199,0.4663575634791326,0.39245804490387387,0.4016768903814299,0.4330195141248067,,0.09676471046128532,-0.040023838288391685,-0.12483663228346877,-0.0775514029247675,0.04119281600823127,0.03285870910187941,0.0070849208583273,-0.06305458828922154,-0.0681409714666326,-0.038794123369635974,-0.08105363707399361,-0.01781527952347415,0.028084702671077197,-0.0070617915566868784,-0.016734448420036324,0.05626147049332524,0.16608124517516726,0.21679156440120936,0.23258558219039652,0.06722272661510925,0.026494455420649682,0.12220364955937878,0.13592930019395014,0.1297278338562701,0.21225744278592346,0.17143968021135658,0.15212272931610482,0.3035420104518126,0.4700447203813374,0.47228481212811574,0.5573119987805749,0.8921140985019476,1.3439852983443246,2.0708615181986776,2.6075021871895054,2.561266918708205,2.4192262242547313,2.317096330150807,2.005362979637419,1.6683826931724182,2.2327843684336828,4.34043480584501,0.0679744850022822,0.016757483461935625
stat_108,-0.47098592516175175,-0.47442841312757317,-0.5570735245309164,-0.637660890292063,-0.7096787160084942,-0.767577321257775,-0.800562055031494,-0.8096775516616386,-0.8447013727093755,-0.8245157861780485,-0.834168763549739,-0.8346072204341043,-0.7851331094511901,-0.7079325051525964,-0.6434136228799736,-0.5695171045378257,-0.47513644006060657,-0.43389781978309383,-0.4255902406666359,-0.3595814785638807,-0.3890446154054209,-0.47753136955775494,-0.4921713214345395,-0.49202685657938305,-0.4895420493267148,-0.5230272853897955,-0.4700665767642975,-0.46590992968511546,-0.4376464271693382,-0.4401033421035219,-0.45224740650433576,-0.4620556206521105,-0.4655441812181708,-0.4609361984927056,-0.45935944341459684,-0.43317869132644105,-0.4299297024636821,-0.3687026153683389,-0.3314366134229948,-0.1167967068137167,-0.1414785754382509,-0.22546979019986782,-0.2246474673814106,-0.22305838263392208,-0.2754177671512073,-0.30272919438046864,-0.39770474080758733,-0.49881688612699987,-0.5012212703935861,-0.4087866537825249,-0.35127813252006196,-0.3479105942607235,-0.389682361830563,-0.4417065689789589,-0.42114021285927844,-0.4746591587136805,-0.5710929237195679,-0.5322788413743474,-0.3836565881505978,-0.2764408472193556,-0.1906186738016619,-0.29299462429077866,-0.5174696433722571,-0.5474220759120603,-0.48880899124710836,-0.5249976254138735,-0.6646368036714859,-0.8266316412871381,-0.9026751749605652,-0.8713667990165406,-0.9497096512093053,-0.954650778396386,-0.8352149838939912,-0.78390883931331,-0.7146858737507775,-0.5499771645337411,-0.4570439148718088,-0.4732342818582427,-0.6319848724553055,-0.6208735189022562,-0.7891156360644971,-1.3052567422201768,-0.24042019093691389,-0.28506336520674685
stat_109,-0.4704845556503577,-0.3822083579499485,-0.3627639405033885,-0.3401957024565907,-0.394844386391879,-0.5222050460907207,-0.5480365691164942,-0.5508537710624342,-0.580607168349691,-0.6076952141255744,-0.6498570535082385,-0.6581718450393317,-0.7441197533287134,-0.708619096572628,-0.6956075391312103,-0.7001144518321067,-0.7341787362807872,-0.7183169748533289,-0.7031941360600555,-0.6400373321587983,-0.5949597345980698,-0.567391940033841,-0.516967009550737,-0.5166753640319012,-0.5359292242102065,-0.5685265890769786,-0.5322111168607845,-0.5324258126997014,-0.490993164197191,-0.4518039828664704,-0.4706687100953438,-0.37464773989483663,-0.3116883967044052,-0.29606964208213593,-0.2903633889071771,-0.40564494920068744,-0.44970773968834393,-0.4361651666135639,-0.24952410386825938,,,-0.17486146848356815,-0.17463937413131936,-0.18792087401728885,-0.2874393398914215,-0.44282862898520503,-0.41101704616976115,-0.34684192115495455,-0.3380499916201394,-0.3938983364917353,-0.3738005590769233,-0.34460622948795255,-0.3762125149613614,-0.4991753480120929,-0.5235237608597065,-0.5475247051565802,-0.5009458685790774,-0.41923319430834466,-0.4296284239461275,-0.3629125469251353,-0.3958103589956003,-0.47875579116676475,-0.6061170026926187,-0.6564158279476275,-0.6481009024986184,-0.6768550459141399,-0.7216392907862685,-0.6910917829352189,-0.5353532735873374,-0.48239882609066354,-0.4958606390830462,-0.6238229261890331,-0.5521905252989505,-0.31953802283029037,-0.23128840048586058,-0.3346099821831442,-0.4703739114989295,-0.6615909827634578,-0.5364905424383839,-0.5965962574840907,-0.7712897749957368,-1.2740327549680512,-0.03810110479768492,-0.13430039075006497
stat_11,-0.35467186177319565,-0.31155734148816916,-0.41480085151874113,-0.5573812462072384,-0.6472483725590282,-0.7256160280804267,-0.8249379950839288,-0.8775336388846126,-0.88057990490301,-0.9247677545524545,-0.8668487147974651,-0.8646556899990674,-0.7920083595498659,-0.6994934494453782,-0.647418741287343,-0.5821372189068512,-0.48477500068459045,-0.4438122504241117,-0.4423363968426848,-0.4226972340464276,-0.4806494828109266,-0.46634726917374275,-0.42597049076803833,-0.4174394274737567,-0.38435150084717046,-0.3050049587385413,-0.2665824718345177,-0.2647659880692059,-0.26479468509578236,-0.19364818763080655,-0.14023937453102703,-0.13404371061661513,-0.08080505695917001,-0.02705722250681069,-0.028048882843918814,-0.03505594417001239,-0.06381374251904876,-0.02272942533102944,0.016343859880097924,,-0.0164214370772508,0.030482376673096275,0.08743615691779566,0.2254805847214831,0.380107589874462,0.3558568401550698,0.22559808074755766,0.11114350056939859,0.12169372119683942,0.11362284267314185,0.07007277558385021,0.1537059557065352,0.17230592839297038,0.09852127432866543,0.2189094764168665,0.08142102290776437,-0.12012658244430678,-0.19039490868601275,-0.24659982325993293,-0.29706015001994746,-0.2918285534970768,-0.21653344976578281,-0.24780197463824352,-0.4522676516142795,-0.5745031231417537,-0.7031408662065665,-0.8015138031233271,-0.8691518949211765,-0.9778769474503548,-1.0787523937645234,-1.0430534234082347,-0.9053472428789536,-0.7453624564089328,-0.5800906665383657,-0.4022885495251893,-0.21403951146889572,-0.12496326069286877,-0.22254365945453325,-0.5898659147302698,-0.5368848441716843,-0.8472558229108289,-1.4572381394470013,0.09925480676483815,-0.18142253406931608
stat_110,0.839030065022667,0.7679013775736749,0.6883268601591723,0.5494348266767317,0.5201257725813553,0.489592963700803,0.5432846907120659,0.47971909462588486,0.4676818173544277,0.42818816945682103,0.4164423045828457,0.42815918825276944,0.4638494138727364,0.44086568366726137,0.4683990160477697,0.4167119855751559,0.38793407421602444,0.44473339433128506,0.45347339757773586,0.42504137036858614,0.40898100072825544,0.4232360496725319,0.441101848883779,0.4388867724298073,0.49442441894134054,0.4711801158116064,0.4794524532155228,0.47635962386245967,0.40577287475722124,,,,,,,,,,,,,,,,,,,,,,,,,0.5248183040724518,0.6549678128138221,0.6447792943776289,0.5674188369212816,0.575182410093993,0.6068178504876418,0.6105445483342598,0.5818634728877422,0.43417099933437897,0.3677387925238038,0.505731036837623,0.5119726753690025,0.4223304958954835,0.4719229886842474,0.46266752490331187,0.4788037060691192,0.5683738283476026,0.6935152406983259,0.7702274967758523,0.7069373548858037,0.5447942536833639,0.6922383290917076,0.8694407222371053,0.9710589922749904,1.1620798016797498,0.7137513112485036,0.5743717022029984,0.9016644765069167,1.4943354808930605,-0.17317481254971798,0.036104399150315644
stat_111,0.16316353574564182,0.09254526524179629,0.035567325535421954,0.04903669321216569,0.05763044075470003,0.16981706316874773,0.15281647318522706,0.06482699899330507,0.038498273242879695,0.06835412527150624,0.0016437293604434184,-0.010566064996203764,-0.0828291080043486,-0.07379208094863873,-0.22984792952674973,-0.18136264050108492,-0.18643471917149076,-0.23725565856836697,-0.23287881298382007,-0.16713634821218176,-0.06943382457721183,-0.02937569737440897,-0.07209754824054458,-0.0964698900996778,-0.26493972974209473,-0.22127819167355745,-0.23491301701527614,-0.2361352855366251,-0.21887911893849832,-0.1991543012862305,-0.08001559922027654,-0.024994229693879308,-0.09250084256507281,-0.10047141239823339,-0.09857997765151541,-0.16154485420145676,-0.19333469611655654,-0.21328710453477653,-0.20328364516449288,,,,0.026819016253448,-0.04350531774187046,-0.24397301396617868,-0.26767981030404175,-0.17876544808009112,-0.03895472291765946,-0.015619173436082868,0.04603622172267545,0.22169182180690905,0.16469638677307225,-0.08507981746743654,-0.07339984207144601,0.0010922548970453494,-0.06084794790289664,-0.15123125719648509,-0.017665417323886195,0.08278755452761405,0.042981898017400766,-0.037705925578543235,-0.09986117652979358,-0.10845294358316372,-0.11493169953408333,-0.09930880695627466,0.027273159659479816,0.11945454714189536,0.1487359801721229,0.106907787820631,0.020118861610954053,0.11772901018829428,0.34655786606510014,0.3608027812604242,0.11498126545075,0.02415680939177139,0.008228832465899182,0.11562675733481682,0.2596741559857552,-0.07784246886017061,-0.015366637775822242,0.12205774527479277,-0.16527843464189892,0.05705516194537659,0.25407154851736924
stat_112,1.6407712056242094,1.6465475069648126,1.620705069497841,1.4742792909276972,1.398469845646438,1.3791964681680373,1.2918587210820767,1.2896833938568353,1.362621082294126,1.2446720295594762,1.1866383576157888,1.1835418522302925,1.2055153658939157,1.1552759879689014,1.034847709523582,0.9253721128589629,0.8800072005352472,0.8588138428437967,0.842248103894721,0.8616518428559284,0.8940249243289778,0.9053240573519111,0.8294549242188071,0.8115313488319766,0.5894008281279892,0.6208240015937985,0.6639129472148815,0.6606593456036127,0.5404699258820977,0.4284856750371412,0.34120395550268373,0.30539767626383707,0.31448804470438213,0.2686869937994906,,,,,,,,,,,,,,,,0.21983796489598584,0.18421280907580465,0.2053822138604498,0.3371706672156042,0.6352525377504477,0.6996089135619911,0.49595190037035075,0.4701593889738903,0.704737743670642,0.8793460752311066,0.9377316777108777,0.8940822821879184,0.8379728509961099,0.9035414053884655,1.016583087448992,1.0887518504498284,1.1328242147213998,1.198174895035432,1.206166730606835,1.3045964873196305,1.4420933556610627,1.3686908163686495,1.2831674037052139,1.4964275921409624,1.5740434882071686,1.5610671984691984,1.6655088322728324,1.7499419703136971,1.753091580303891,1.6617416408637575,1.2036398532454693,1.7304844894736096,3.434137360801511,-0.19410447599822575,-0.25532813890013634
stat_113,-0.07639533602689436,0.05921505462418492,0.17614761436838342,0.24761342148631107,0.3234727940090373,0.3151810290203982,0.31387003574185013,0.3765593805095551,0.44398611285694567,0.49006620665180456,0.4552925322879206,0.45353200100375074,0.48632594175414834,0.494118394459412,0.47164887162934116,0.5271853087487416,0.6520306139712111,0.7013171919793328,0.7043389919651748,0.7419437919464835,0.7293706376248473,0.6883830316998905,0.7273456891601172,0.731006587093528,0.7296946114573264,0.6838164948873685,0.6976806057236491,0.6950988026525912,0.6530245792344117,0.5952211095294481,0.6834800739687557,0.808093536172078,0.8071168350398736,0.7741774778705462,0.7628895260681556,0.7066460242892917,0.6203295035609647,0.5948309751310356,0.5845054984331143,0.14393580897928024,0.0967513570277875,0.2926871468978899,0.34900782364252125,0.23295272723736823,0.36290904151373754,0.3953611736533514,0.4360982721509232,0.5663291232679665,0.823056002716725,1.111906970358873,1.175275186786865,0.8296823027044251,0.6984722161847616,0.767141977864745,0.7292695820892899,0.640287414452461,0.7054049134366734,0.7879625451073948,0.8537558201410294,0.9536487243083253,1.0358586014932811,0.8725002342557953,0.6753689188227052,0.6682304798871045,0.6611474802372617,0.6928459615185236,0.640080314637995,0.5661109702388409,0.5766284718704106,0.5339568058114811,0.49216075823693717,0.378093362115254,0.4010861382223748,0.4467893396533043,0.3741054610884924,0.2763076513986728,-0.017688178776644747,-0.20183926940317212,0.007750495993708812,0.2187899913163093,0.3526783426743524,0.5219304800025069,0.1622567098646151,-0.0543037115122663
stat_114,0.177587049203609,0.03414178550260241,-0.05384897925674169,-0.09801135299091807,-0.1667275357915987,-0.21092121445963133,-0.2550384656533799,-0.3132774272795941,-0.3693087623539989,-0.30775611674382103,-0.31330645804015606,-0.31420476507236217,-0.29783825825202104,-0.22072584490971842,-0.18708882492040455,-0.12715195436688342,-0.032670235945525386,-0.07630029038767233,-0.09773546716356649,-0.11137755318939492,-0.07629011659876632,-0.0524478306685963,-0.04522529757858332,-0.043969657876711976,-0.03043261311638963,-0.03812701591304326,-0.049945872933488095,-0.05173163038188349,-0.011755631248537611,-0.05796110832342017,-0.11031493230733093,-0.1791114083361289,-0.16055113873972443,-0.15860492376367463,-0.148769324050206,-0.09062690144141869,-0.08419303630800248,-0.09388979355439915,-0.07355329885919927,,,,,-0.0376329136184091,-0.00014785671351415426,-0.05138416039561873,-0.0730796063418654,-0.21484881621138782,-0.28934497531322856,-0.28796777807297463,-0.21366122531669554,-0.09293421039470053,0.009316564141425203,0.023970738206426822,-0.04336289794598696,-0.02274156557219633,0.038152125304197156,0.057960303123899166,-0.005120334193103488,-0.0864790945288818,-0.08976524822774173,0.015915145840935365,-0.045625735047095606,-0.2074761833517443,-0.3204349459728498,-0.42975202601016366,-0.5160269945534597,-0.3664893283803909,-0.3890348783715245,-0.4754891276340558,-0.3641139217000208,-0.2890036379256809,-0.37241163732892624,-0.39965009100093196,-0.2853618843577499,-0.07408868367632931,0.08380245966827245,0.25355479276560206,0.17855963138966158,-0.07220316612293179,0.022546561660694995,0.2038629769495538,-0.08143536294043537,-0.17368765520444826
stat_115,-0.6715319416586127,-0.6807012541964877,-0.6335027550993532,-0.6350090122835113,-0.5738854580218927,-0.4671729573074487,-0.3840491958745584,-0.294126446563497,-0.26687275336153243,-0.32089300201350396,-0.36341761463215994,-0.3672635603603676,-0.4074957089317579,-0.46524142026714516,-0.5251407207141549,-0.5371943914487783,-0.5079384557149261,-0.47556943539246815,-0.458767723950853,-0.42313274052555033,-0.3861661409056021,-0.37562258765281975,-0.29419779735059326,-0.2803722265641624,-0.23037074601717125,-0.20397050873177705,-0.15208348930427557,-0.1509407566046933,-0.09888031382852946,-0.0834041073488832,-0.038827593387342735,-0.036445840533582824,-0.07082072234316796,-0.09141212953942576,-0.09640511738669545,-0.11665018224687138,-0.1448054961499503,-0.13373692146479044,-0.09613401988707675,,0.05164968608323723,0.003651886854649188,-0.04670299438274807,-0.07210949491403928,-0.007036123674723282,0.02717151116047104,0.018559339163578593,0.016022643368473463,0.07537683790074833,0.13676833749153314,0.23502065969579103,0.20992584999827013,0.1096778850805401,0.08793999129670986,0.12406169953155055,0.07449133777446466,-0.03885856261214674,-0.1909006135162165,-0.3548378553749983,-0.38045753635404733,-0.4246943530938524,-0.6862804248504489,-0.7507405144165036,-0.7612690049086039,-0.7620287716002854,-0.6700128422042052,-0.457239872236804,-0.5041044128905602,-0.5341885891546672,-0.45816859319513276,-0.4425242003509836,-0.5008048747805741,-0.6293026668077456,-0.802462597704558,-0.8779321899515642,-0.7957888423724518,-0.9184907412932904,-0.9992455286184985,-0.3495885652553643,-0.2676059975281226,-0.9501998663636518,-1.5243842492204847,-0.2586016997987605,-0.2735909953508558
stat_116,-0.08645701184745215,-0.07771650298730255,-0.03460556779766066,-0.057033891075283345,-0.13666937988292632,-0.23565740042589514,-0.2219814619626972,-0.05593262320392885,0.00021087143406957974,0.08507425521248688,0.10937528160144341,0.1053681723589076,0.16461471537814923,0.08112650873151744,0.04038806699156205,0.025417971844035225,-0.0067999285027050315,0.05231053022923733,0.05462294958854809,0.0056721291247961506,0.03561469422348525,0.09928144436485682,0.23495410996558974,0.2602729235868585,0.36526115045113416,0.39218756554086315,0.36932508146218757,0.3695520415643223,,,,,,,,,,,,,,,,,,,,,,,,,,,0.47983789405730176,0.4237477524187434,0.31244418940037016,0.23500436533778268,0.03191476536174785,-0.056574519712317646,0.08656442944236231,0.08685230208666324,-0.04193981888256192,0.012728476747578538,0.14007999768761356,0.17011484746703315,0.3493998348512741,0.3728214686587044,0.13905173832930864,0.05981447924364948,-0.025598791506214386,-0.15193672267597533,-0.09258389679126106,0.04137577850937618,0.08955117937854498,0.04599448662042979,-0.02637212823928464,0.12522095282775256,-0.18386971175093886,-0.08509491654126239,0.2753206791676422,0.10321849348957884,0.41339387578909953,0.3383719246588953
stat_117,0.700850766213148,0.6427925993148267,0.7035470591976859,0.6576605786117419,0.6567766630478813,0.5363287439962267,0.4507771068305767,0.34510257480029,0.4315976050570257,0.42679770282584556,0.3528764668462229,0.34031701606289044,0.2691094170200313,0.24525570948436207,0.18189538218956192,0.1555838312274019,0.12493659772689855,0.08328034892789095,0.10191457607996408,0.14382263029139067,0.0889240886223915,0.1369399083069943,0.22100938288444566,0.21973812822278524,0.0940271115795721,0.14811844500491816,0.15191790398618257,0.15120430563425244,0.06638955624152311,0.0985118845725355,0.16934094336204197,0.1549452328291555,0.13473663215880105,0.15851818157890007,0.1599727196426982,0.19888379553912341,0.21537124622382414,0.19123442489636705,0.1563265476459645,,0.00019776246586314714,-0.1337099453028105,-0.16698589450826232,-0.08766906726603849,-0.027813647625584657,0.06849667010442878,0.1740123032650043,0.22609370746575527,0.11004310678732382,-0.05048243945345596,0.08740970563860485,0.15250700703912637,0.026613103796619773,-0.008323402906957236,0.17061542868187932,0.16728858737699218,0.05944505066816104,0.07181132128976522,0.07172943106524728,0.018442908475377922,0.10588222162677248,0.08773359679471561,0.07532814643036373,0.22809759255256523,0.23848206929600596,0.1730879666534266,0.12736264694876567,0.2718422845988451,0.3679251735767497,0.3054204446580849,0.19529826618806312,0.24839056373865068,0.46716310980076775,0.7316352236949202,0.8188749551844997,0.8940569486481539,0.845130487430697,0.757031970467546,0.5024603948812429,0.3404448988347922,0.10621096987682946,0.6902425008383938,-0.3424255290858685,-0.49480251916031726
stat_118,0.13436088438095706,0.059266851599647126,0.003174591126692459,-0.06486079499513356,-0.07824860414712115,-0.10064782680110405,-0.026007859927323525,0.04380345527641026,0.06515617894158092,0.11638774626798867,0.137652782782822,0.13572671506150988,0.17332577135192814,0.2521732056533427,0.26746137822272836,0.32025211303397266,0.2735513705279982,0.23495570680147343,0.23066057390185052,0.19265643080234618,0.08151431631544268,-0.04814598170083198,-0.061856077648650615,-0.05533162710084974,-0.003700408973973156,0.07235227794743443,0.11335696086037453,0.11246880959626568,0.10813520627781606,0.07030460485457457,0.06015017610013681,0.12222034218175189,0.12616644483523487,0.13547548650489064,0.13499163332388117,0.16577317929547386,0.19802560435349498,0.21298414880605454,0.22689680102848903,,0.11343661847830006,0.1357897543739497,0.172290429918682,0.10482459106408429,0.15721994432677192,0.1662479746726924,0.11866778609467646,0.06818879194874178,0.039607209990316125,0.1219335992042179,0.20038823773577483,0.1389536994324398,0.0403699823684056,0.10174846002427053,0.14625487791952654,0.05223318790062494,-0.09274036468774297,-0.25277477058913045,-0.21106323684080996,-0.03785657646026805,0.17186710407975822,0.23618487066598373,0.2556975325264547,0.4352838913549202,0.35987854114294576,0.37370968138591526,0.3195226666912436,0.06441502337840134,0.06624567231280823,0.15893403568129583,0.023843936034894524,-0.157768354175333,-0.21434208582763697,-0.235570231296268,-0.1935728021675425,-0.02428888052582534,0.1654071076230479,0.3393508440383839,0.1358059504198032,0.22759068509923433,-0.21490597001252532,-0.05533688482844556,0.06264253312319373,-0.33317308516622385
stat_119,-0.052277681062987705,-0.006092428319914218,-0.10363809002942467,-0.13064724382158235,-0.121245569384288,-0.09947669575264576,-0.02306947631926582,-0.03834757915037029,-0.10822795930448369,-0.1283070241590042,-0.031361244752668674,-0.02169496259327311,-0.014656646416315615,0.03847990819514552,0.09350209113460338,0.09425337838807775,0.14149890978082538,0.1363557032276247,0.12582360222327157,0.05431093117418148,-0.0064205966233042994,-0.0709800469538033,-0.11235910433673058,-0.12093857012469077,-0.140974682561248,-0.1214224728349886,-0.06980161642490622,-0.0692049239277802,-0.003435005479557555,0.0994977630477865,0.21235195688258326,0.19226482082304586,0.1043101761916517,0.1052470066245334,0.10297926488227582,0.05849369334197192,0.06578607834049509,0.07876803331640185,0.09805197441689843,0.018843991127197424,0.05366501461233771,0.04104062290289544,-0.002450018001210199,-0.05293265754007133,-0.012192717061303565,-0.004670849508908919,-0.010333677293256233,-0.039463631691348734,0.01862239722204625,0.10468458767782497,0.15959444111917523,0.10788795608419136,0.08334163097667983,-0.02039511404307041,-0.12383823330290215,-0.17157883143388405,-0.23256840261889708,-0.11460571312872123,-0.015294746352757266,-0.02933950513238806,-0.07093871316965299,0.13419435494531176,0.34284957843652764,0.27572882756689576,0.07857990616305979,-0.007667698690122195,-0.02221476163189947,-0.011427346514082818,0.037736313034561944,0.04761351377020359,-0.060463270747428334,-0.12859234305605338,-0.07438625605579884,-0.07800164726548872,-0.12834844733505726,-0.11683122260016712,-0.07537205225478917,-0.1858822023493868,-0.26105960182331794,-0.17769767394734484,-0.08177959124267373,-0.3325013319520893,0.12514167803957718,0.13571948744732018
stat_12,0.47029459723454253,0.5702549155935611,0.5476479546099275,0.45065469121908874,0.4121041278323994,0.3795854056286527,0.33648383667447385,0.35386620633424526,0.4040212398255641,0.40548356171231065,0.3719842667149243,0.3670144580183017,0.3101964807648772,0.2568453719999739,0.23791002514309814,0.1983324339576854,0.17445824235364304,0.1642029357997417,0.15341000707133473,0.10250842937683587,0.07380692149041755,0.07769745585919617,0.0632660777401207,0.05833469487855401,0.0836971708925415,0.11975655248060665,0.11552144799945535,0.11699285767810075,0.13402733820066962,0.1299802507746754,0.11506504991569022,0.10990373063550027,0.13560503039616773,0.15184417457009944,0.1480187668034708,0.12538717053661064,0.12585025759807728,0.13998407725328707,0.10004514187556776,-0.060025719554051234,0.1031687816753052,0.1764840582963149,0.12907736211964707,-0.026764167804617725,-0.08203291380253594,0.05155253025877828,0.09151510096571128,0.07119341968415623,0.10352829287690547,0.12276711672820106,0.0691225142803846,0.11922892070360665,0.19485277888268668,0.178505972339313,0.14188072377838534,0.13834706598942073,0.01684995447452695,-0.06474587815034814,-0.10573729266882527,0.01545177041096942,0.0920077381878484,0.04312991620163187,0.00979119182220064,0.0887068287726765,0.21202632198514534,0.15769367211782492,0.1297415874642314,0.25826679266593333,0.41104849581289715,0.40830891507526584,0.2889024398967268,0.15893340723644916,0.22899056514492871,0.30362940767016633,0.3505127679408463,0.5653873802660786,0.5649196437963564,0.2895696561260031,0.4165449729610731,0.318114098652561,0.21688548960610016,0.6054364589319472,-0.27072757446961443,-0.2682970399249042
stat_120,1.7655446571249391,1.6680797524574873,1.5789408077574605,1.4902563561307323,1.4181897635118417,1.327606908100374,1.117524704224304,0.9302697434074448,0.8234818449336961,0.8075865497414703,0.8598805865313958,0.8607187147238237,0.8683803676081147,0.9026700645330865,0.8667421468031192,0.7439955643752457,0.6795460899367095,0.6244613390393264,0.6187906336421402,0.5622534023018156,0.5393053429245832,0.5361389203070618,0.5294566969366793,0.5317904982269103,0.5710319380134973,0.5695997888197252,0.5876050456859253,0.5898178231233945,0.5941616023381598,0.6258772783423824,,,,,,,,,,,,,,,,,,,,,,,-0.352500982884529,-0.3877228436868887,-0.32642463536417904,-0.24274151537597957,-0.16573507906846027,-0.18639168682209628,-0.19598787862463746,0.001095033380612533,0.14101014754948263,0.2129436663173639,0.40113758145141204,0.5759390994968805,0.7575938329462543,0.7808617666848686,0.7202450121803414,0.6922989371074842,0.7143311246767723,0.7063823836309636,0.8025736358414616,0.9488628086495294,1.1948351434356697,1.4131927267539064,1.551253125414646,1.6676340972623116,1.8396216339712337,1.7752623145919428,1.5627054467538322,1.1856927827861834,1.4982133077960476,2.8933287837769757,-0.26599313652112516,-0.1905777584735451
stat_121,-0.20876916514237687,-0.1789622114771767,-0.20729074902122854,-0.09650885372449723,-0.03320983645448997,0.03867643091198552,-0.09655575358723723,-0.16560520257585634,-0.14165589031893394,-0.1613962593509059,-0.17790048868988692,-0.17876089673401457,-0.17693366229559562,-0.20381500000494743,-0.2067288209015559,-0.2455736575243351,-0.2851088056610154,-0.3274451476316415,-0.33707232417412836,-0.28413019654581917,,,,,,,,,,,,,,,,,,,,,,,,,,,,,,,,,,,,,,,,,-0.4064422847769934,-0.5368460928378745,-0.4625339830333055,-0.4581806893589911,-0.4221679738562978,-0.32837597520306644,-0.1959489053262528,-0.19387320118294707,-0.35498187738810505,-0.44920118840947987,-0.3790183051955909,-0.14854517728777003,-0.021079636157495564,-0.0759221745348197,-0.27060012082106594,-0.2662761350212274,-0.13447861443904902,-0.22286408783368025,-0.24127857512588097,-0.26234389954079856,-0.4224686636761776,-0.6487850561900289,-0.05043135061478229,-0.10960286131213597
stat_122,-0.14725766281971844,-0.1360043651390331,-0.033328346697571704,0.08879349058799146,0.09499411240076333,0.115459548323792,0.058557583833531,0.07727971516376864,0.10480311434241515,0.15324831767971825,0.09564407881602588,0.08985996518375138,-0.01849965410895512,-0.030715674454995113,-0.06619857811058531,-0.0749189139551407,-0.08866104306606015,-0.1161774691411127,-0.12905994261060227,-0.14272955093363887,-0.15662120249754324,-0.08878105904044356,-0.04802352828739441,-0.05341729140056812,-0.07642242506824418,-0.022633317532145862,-0.06385687924682341,-0.06100186475134673,-0.04914850706025836,,,,,,,,,,,,,,,,,,,,,,,,,-0.10203295547832207,-0.18185564962249992,-0.15660125459336555,-0.1679599687107214,-0.1504978646808054,-0.17451163421355034,-0.19893330694085548,-0.22688417346858472,-0.35183313357491064,-0.3791847265523763,-0.1814740481642356,-0.16005276866556023,-0.20581422349710074,-0.0625230464087431,0.05945700579636014,0.041158127828691805,-0.06154679716006424,-0.014070830176339323,0.16130976403821176,0.11112729091529473,-0.05333301655584247,-0.11696873671362769,-0.16931879194391894,-0.23550296835092108,-0.14839204797627595,-0.14423162000560766,-0.09704517389107775,-0.24175157058028293,-0.35681450965684286,-0.023827153103092975,-0.14631918375596142
stat_123,0.6107082581882817,0.5803151844246104,0.5157862450926043,0.44370366900046176,0.38328812708225496,0.38442577948654433,0.24628957238311602,0.15468247768923807,0.11598567051403279,0.06440347631933391,0.030653869918261804,0.028543630026861905,0.04214797423405397,0.06169885544406312,0.06747309221163802,0.05023596173602001,0.01477075498387517,-0.01315827211153224,-0.01311207535783569,-0.01718482388641868,-0.04714509241302613,0.004078039009381722,0.00826104914380916,0.008854907915035735,-0.02680321033097714,-0.06493231252757782,0.06525970465323819,0.05817393757363017,0.07166818930665095,0.08468119386480559,0.02394081486523873,,,,,,,,,,,,,,,,,,,,,-0.1115497391367718,-0.03631651318230798,-0.13811684699108928,-0.18891949401936195,-0.1951482649748072,-0.1355617018560372,-0.07433858224690881,-0.08439483615672463,-0.12373765399543495,-0.24495450149920317,-0.4475419389181865,-0.35027296289230087,-0.2596399583197742,-0.22765682633817,-0.15951533244454522,-0.06898699020686615,-0.07486539177882984,-0.2251791899139127,-0.28327653994423785,-0.1491363856566745,0.16868616383668536,0.3515718191453028,0.3309346365618441,0.2842898354504764,0.4614367978145865,0.7083660979241264,0.6730374507906727,0.4944816476233731,0.3510522090766248,0.5748095110567388,1.129913110683972,0.05325901452220949,-0.05418159274842116
stat_124,-0.23318879623318284,-0.2562549395185098,-0.29905397450244187,-0.34399406390712645,-0.336577080419267,-0.32244627174055074,-0.30062277223588807,-0.3046941810641652,-0.2527817402801779,-0.2613377272815033,-0.27692924579245715,-0.2811185442985692,-0.3259785002076828,-0.2990322720508544,-0.27666800566549854,-0.3545057142557348,-0.3546732120807906,-0.3696468741934321,-0.37140032073996654,-0.35581877005829937,-0.2947872604784259,-0.23971661420144688,-0.20339868198630498,-0.1883539544831981,-0.11934212383683934,-0.17571810835178556,-0.16409758119480916,-0.1637326692908059,-0.10303616060419997,-0.07586596654455384,-0.061827035746957096,-0.11804346474718942,-0.1463494985386674,-0.21789547082739041,-0.1574104631434205,-0.17707333500247047,-0.15928470949926068,-0.17877148240205282,-0.17913297509426787,,-0.06651895782736526,-0.010143021664203628,-0.05377240669002427,-0.10477639193505757,-0.10634320151037727,-0.12973756955976604,-0.16639003787711407,-0.21768737221542941,-0.265601408563336,-0.2601081159900586,-0.21336801858331086,-0.1491883715140349,-0.14346340870529,-0.20329987758874415,-0.24470068025804048,-0.24273133368862704,-0.2891984657836991,-0.38849678769446533,-0.3178051155070823,-0.22123520927384213,-0.3474171264012914,-0.4721146927573668,-0.5136915505481603,-0.49904613809155907,-0.4345183439494435,-0.35097082184772654,-0.3435711667338492,-0.3977859679159253,-0.34896933267513125,-0.2654640014674498,-0.2820563046760318,-0.3669306211268863,-0.4131176738236964,-0.38357994655629596,-0.47109956727133895,-0.32712502749923733,0.00784350176784993,0.0583086215176451,-0.2767705965185543,-0.33838207661572084,-0.534193336994152,-0.8901385402707709,-0.09181860380446788,-0.12579675688174835
stat_125,0.2763028906957144,0.1799647513189178,0.14987547705988966,0.21431372329042725,0.2606740164591969,0.2214018326453234,0.22502812210614964,0.23533678638629899,0.3220892274497912,0.3061177414635394,0.31026725187590826,0.31468714213989507,0.45245138073457253,0.4935341052330621,0.5042859393165576,0.5269572550255848,0.5248186823457552,0.5438185700205003,0.5680084538598675,0.5658029087905604,0.5503744615368071,0.5242924482969904,0.4727553339760167,0.46378102057540893,0.45083947229072857,0.45965034763019164,0.44410729763436596,0.44159512198098194,0.4213804000676433,0.35866391108418,0.32531684943648986,0.33303585078429376,0.35430045983519387,0.33891943995927964,0.33406070903105556,0.3582566570973101,0.36498030431669676,0.3514876223459186,0.341868719814109,,0.07216806467202325,0.05508867657063501,0.04499245193865186,0.03712650131440319,0.1018200959477088,0.13837764087888607,0.09342380467460001,0.006051412125503271,-0.03381828107666409,0.03548651231756112,0.11644230345768333,0.12374361015717499,0.11554128232069162,0.19081538032530065,0.2341595534895178,0.21245387307329217,0.24472189947206588,0.1774978274538905,0.22145443170199497,0.39809162802208076,0.5284739561993469,0.4931418297209367,0.5304003760986097,0.6073840076223975,0.6200463414115842,0.5203022699464104,0.5044597714861263,0.451034150827489,0.4172909514496306,0.3912120468721146,0.283557330399725,0.24830978517802202,0.2956232525063064,0.36322443645881397,0.38236305392123565,0.2816375009891419,0.35687475410093994,0.49148503469728977,0.08469849591414458,0.2100758732173084,0.7068620402975945,0.7989697302374805,0.7210358121210976,0.7356576593256127
stat_126,0.3950588373330393,0.2678506607051323,0.20659178968633501,0.144224002652587,0.05458548379614388,-0.04274310982653339,0.04140601664880194,0.09834423807031444,-0.0767080630439115,-0.17142074214552702,-0.1970594756380604,-0.19575841998687915,-0.15253891835640673,-0.21463009233703245,-0.2015073319126773,-0.15092831036607884,-0.11398333777124803,-0.16582518532542367,-0.13614180598823336,-0.0058429391492564675,0.01639231389140862,0.04294734367098111,0.017078374314081747,0.022403066298267296,0.04817922231997212,0.13915354150473427,0.16437506857894146,0.16212560558767414,0.12356200211607504,0.061885441530664796,0.05964725268129145,0.06817468054963066,0.0679181812414552,,,,,,,,,,,,,,,,,-0.07717886811267514,-0.03181908868761699,-0.0003577861165346345,-0.04514123933333993,-0.043507877891783335,0.15166688630190756,0.22804366950388388,0.09329284047913526,-0.007781436422234703,0.014937732342464255,0.15685143814783886,0.16127329230322596,-0.03168067382840983,-0.11248419075626345,-0.16513285119711882,-0.2998744949807609,-0.3761361023050108,-0.4131776204739322,-0.47880113222789805,-0.5741798474188883,-0.26637460545876207,0.05990970204017623,0.05975488306531321,-0.11023415977631457,-0.02714018880209217,0.1540850811417271,0.13010649771164842,0.1096975249519637,0.32034072348334874,0.4502214066804746,0.26652333181042964,-0.012210060937611268,0.4779993201862335,-0.2578591630130085,-0.37681144815640766
stat_127,-1.5658841189142911,-1.511477356899926,-1.5066320532908524,-1.4978584656247742,-1.4913508467189518,-1.5355122143331408,-1.319956604684121,-1.1975601886057838,-1.0256374323904835,-0.9306412301842107,-0.9068140632963809,-0.919833937982273,-1.0042251649062277,-1.0907472948766286,-1.1657388035973137,-1.1997534838172006,-1.2701092279058985,-1.2077024961057319,-1.208952882624442,-1.1962261443547244,-1.1466922663920969,-1.0000605172705244,-0.9146073840375641,-0.9080535528404724,-0.8526723094692898,-0.85645990036606,-0.8360085027704575,-0.8369447173485761,-0.7630342001182677,-0.6813706119744106,-0.509433496329093,-0.3918575527937825,-0.39595653533251385,-0.4315661577523071,-0.44090250729386093,-0.4459641503510264,-0.38457663940861453,-0.3089043674747513,-0.2904690598373414,-0.05286922485735487,0.00632923518799576,0.030178468841020108,-0.0033550755868288922,-0.005851616360208978,-0.08676574439663573,-0.15935785915945594,-0.20675597005473326,-0.21686866673701893,-0.2566222763225822,-0.09272632822993922,-0.07366086344534171,-0.23807523944443462,-0.5636686619626927,-0.6795181492074355,-0.6892230710323987,-0.8099492381607805,-0.8151499807532182,-0.7684446808921271,-0.8883510922058097,-1.0657661755547145,-1.1521271237538762,-1.2793330319467258,-1.388299338754914,-1.3243718065398997,-1.2135347281164852,-1.0914760527675793,-1.0009833518068558,-0.887974138039899,-0.8941987033276717,-1.1160629699270426,-1.2033323701582843,-1.390805153822865,-1.7170873901839854,-1.7475508621921838,-1.523978557559212,-1.3851836368072346,-1.413500782812361,-1.6128084691973796,-1.3404554993135058,-0.9814067409904049,-1.6796523044050007,-2.9320133595522786,-0.13815775463037983,-0.17075941393337687
stat_128,-1.13146587407667,-1.0957984073688685,-1.0658477810634044,-0.994498172136189,-0.8395413069671147,-0.6452241311249517,-0.458576720619807,-0.2925526819769156,-0.1869966078182546,-0.17447095051717101,-0.25323311659281744,-0.25978704962041954,-0.31386665185833207,-0.3302789069769268,-0.27397504680447027,-0.2317730055292368,-0.1948802607361644,-0.1409618855989686,-0.12039185137652644,-0.15128120752969595,-0.16727936460993392,-0.15164744020767254,-0.15912735985634466,-0.14518055281063852,-0.034633181053617956,0.11855031168821667,0.1767676060815253,0.1776296696158793,0.14306726092918315,0.1181187419083024,0.11298026036973693,0.09339626109967147,0.07148510506389856,0.08311388090707461,0.08240803957482788,0.10713230328588574,0.11820338830306999,0.06932087844520878,0.0426547241414894,,,,0.28826475367241716,0.23293891532931812,0.10724298971404168,0.06777959783571233,0.1073294544021081,0.1951256816002714,0.2894096048331459,0.24596718704809556,0.16402286963564072,0.20223683240694384,0.2256298007024755,0.2835155634898507,0.39214174752651393,0.3777358636001265,0.14993524446418643,-0.028293659588487015,-0.017149351192367244,0.023230826031833705,0.133586520527089,0.11933293455473803,-0.04443734064289502,-0.09388632990372253,-0.13916145911942618,-0.1648704117816956,-0.08110168381433222,-0.012883590095772349,0.168124436776476,0.19028238402396697,-0.013842147390427075,-0.2717395651253963,-0.522378282515068,-0.7597843197486351,-0.9068339458914407,-1.00913055936519,-1.043206393747516,-1.162501668456635,-0.7143844446145045,-0.4276807379306158,0.031516906531884506,-0.8598319895226493,0.6295222310768986,0.8174342929951122
stat_129,0.19768734026316107,0.25370113398838984,0.31024336345560777,0.27221529946482464,0.157842318532628,0.10246418585820916,0.1530382060633099,0.29071680791052434,0.2838911112742424,0.3891245100002982,0.45375471331186346,0.44960341506771717,0.5350811048094484,0.479164645178552,0.4707697330840471,0.5102020643474853,0.5033650605033156,0.5378536939228266,0.5199810935058401,0.42737326352429283,0.44260417212515774,0.4727201920148456,0.5313664526439595,0.5351115413214994,0.5689199244783897,0.49761376691453024,0.3665905562561595,0.36812639169317873,0.34708672365615334,0.3586408402135597,0.39225449171132915,0.3889184310736469,0.34768005802140683,0.3956591022966298,0.3952743553046006,0.37082577195282224,0.34594497954960673,,,,,,,,,,0.20309248756103362,0.2776180318017744,0.2925662213146217,0.21778808907378722,0.13728721055654225,0.2887873432177487,0.3923591167495733,0.34411545858936166,0.36812351652052194,0.5530467772462876,0.7590849689098061,0.7814963937932586,0.7039265841356542,0.5892323551586146,0.6061589381959143,0.6688857663695197,0.6835968440657594,0.7553348427644038,0.7876732708453984,0.7266026430690562,0.8160754080468724,0.8451880073097764,0.6527086336512918,0.5858729048461582,0.6088878256189931,0.5300853942198102,0.4266951416999441,0.33126520899164574,0.34338034673124684,0.531857249242792,0.5209398520453946,0.4480391332604629,0.08177036199669928,0.10012368967013661,1.097983218498103,1.0629249575211612,0.6577678996136243,0.9267638717426662
stat_13,0.19363051209081525,0.2315120287663832,0.13678701166089016,0.12441277384450633,0.23113501572825107,0.2972182868654223,0.3292014503393766,0.3222235918778681,0.3728501243690393,0.35489294721159087,0.49587919060545227,0.5047131835221936,0.5214007128774304,0.5252810467237071,0.4961632082999209,0.5239020537061665,0.6081038670341099,0.6058687098603212,0.5839823798059208,0.45810278951227196,0.30712106460252575,0.23400138343266785,0.19164289488555852,0.19847667514072287,0.25103332668497746,0.28697343542524106,0.29312173260642316,0.2953197001338903,0.3758686392087942,0.4652835423924746,0.4741231848968225,0.40370449297434774,0.3249891442384936,0.25588293546146906,0.25175492882910555,0.21713365127786868,0.22558402322587914,0.24680793994835065,0.26083952889047907,0.0026650445504575364,-0.01454326214117378,-0.11384633222643795,-0.23799477110481665,0.04057024427560347,0.23667663374136738,0.1743814451780049,0.02426044965281645,-0.04548556117952557,0.1310365959345336,0.30527514995402555,0.6231710711609589,0.7632393555546513,0.5313127907239676,0.22066993283186362,0.14184537382926105,0.27105862770998024,0.17819892409331706,-0.04102678989852582,-0.1931933935762888,-0.06821396380193995,0.3829670860018072,0.7397949184965111,0.8406079232651126,0.6466505574617735,0.5751121852909,0.763325943590471,0.729144007501267,0.5898986912949072,0.4346084295942066,0.4056923649645096,0.39094751646873244,0.3981814378858595,0.3806133827061857,0.34284359962346905,0.23374300637383558,0.2917365925330308,0.37082428585806787,0.27036775005304226,0.1911954842244446,0.3312195162478194,0.3846343784597357,0.8339031624523052,0.23260058518798613,-0.1945271404085095
stat_130,-1.0816106365627494,-1.0918377997212767,-1.2003745376425872,-1.0728072146064447,-1.0783552300111217,-1.0351910782885674,-0.9399723481617948,-0.9761970933037168,-0.8871033793924223,-0.8936969866869913,-0.8925367191901468,-0.8869598760185016,-0.8613979546067704,-0.8865050932273724,-0.9052438516672378,-1.0302823327951958,-1.0747252645585026,-1.0982533546090947,-1.0848472073166406,-1.0417513547755868,-0.957053141435315,-0.8399313917783142,,,,,,,,,,,,,,,,,,,,,,,,,,,,,,,,,,,,,-0.765558971867142,-0.846546625240437,-1.0727566270974782,-1.126829454811677,-1.120250508622739,-1.011814482300164,-0.8621255728186824,-0.9282457401995553,-0.9576418747828526,-0.9073182251553409,-0.8579661424766621,-0.8648289971402552,-0.9712664031519297,-1.0330506419802539,-1.1315201179512513,-1.1087947635743245,-1.1234684498895373,-1.1913674198429922,-1.1833253801452275,-1.2259661884773827,-1.0591567752816522,-0.8384438460507376,-1.256252160606917,-2.382591228165748,-0.0449815266546971,-0.024060447439835608
stat_131,0.2855902815832235,0.33592988683016606,0.4523691521949463,0.5114969639731535,0.639728745682362,0.5683203014085881,0.6020605404106858,0.70585711330453,0.7828175173699298,0.8013431617625719,0.8697939512001056,0.8894640523222448,0.9833438206194415,0.9013460995625026,0.9466652652637985,1.009043709254671,1.0535531675803604,1.0700297809534973,1.0541318104894557,1.0264543373829325,1.1088289817502133,1.1627228978282018,1.141175555213532,1.1340831255621322,1.1286742878860256,1.1146373953026247,0.9678889381337499,0.9625848092266416,0.8809037742924307,0.9010616945438283,0.8923852940571668,0.8029412902221402,0.7395072185119811,0.7253805420041658,0.722824768445869,0.7123775873573647,0.7267893285444355,0.6878215034158055,0.6225731016922542,0.197316338617664,0.18435262260627477,0.27211157791445456,0.30677900858877455,0.2710460752251346,0.22845982214533705,0.2537593405575741,0.3340594788651523,0.37899375783664435,0.422830952503439,0.43307323636827516,0.6110719442197232,0.8682955895541784,1.000905402128594,0.9985363898882401,1.1096311015412503,1.3797487734117648,1.3963013167372194,1.3625044852073056,1.3143034939620106,1.2326214853365571,1.2735657131593778,1.2918692416957376,1.2942632418080702,1.3487420936968488,1.2898988885155234,1.2400632548121013,1.3303330381437761,1.2477379947205964,1.092499870716867,1.0884381473832347,0.9949943033492235,0.8640449214355291,0.902319570493056,0.921276487077835,0.6880475744227137,0.5795521449416308,0.5151434984664143,0.4531555919172343,0.43046617104737095,0.6018946678353222,1.3628901645104718,1.7537851244479756,0.6522352398836264,0.8053268388548547
stat_132,0.2599722739428381,0.26378141084859935,0.14652503707189798,-0.07057541790576519,-0.12317329271427763,-0.1695805175313822,-0.18264632657296148,-0.10879192829875088,-0.019264796862420823,-0.022361761569354884,0.008254772476847255,0.01182153650600194,-0.06664162780150379,-0.11065485470939604,-0.18166888014650237,-0.16306108691415427,-0.11822534823722347,-0.18977316429909089,-0.19399319854655114,-0.2666427126257019,-0.25855889235984825,-0.11671120074416683,-0.15284191285148796,-0.14530039885741833,-0.16493131319865958,-0.1480875742048756,-0.2356763550787058,-0.23995437139008888,-0.20810600367366403,-0.15102496092918175,,,,,,,,,,,,,,,,,,,,,,,-0.06014428781740305,-0.19815910097620568,-0.20048880322730345,-0.17074744747361797,-0.2023972037365988,-0.12381661679663716,-0.03947974203436652,-0.07761905880363595,-0.22679589126755403,-0.20432201496420394,-0.10210049070781396,-0.24623647385565103,-0.3538584818958798,-0.26275603361577415,0.0027261752734963314,0.2099581312673656,0.07187790231225433,-0.019086996754369465,-0.07018007406921956,-0.2353025161509146,-0.12532099434201402,-0.052209547273463254,0.16197146880953542,0.42470944391633675,0.2868655791125001,0.26421329200960264,0.3149711481799186,0.06714026308534843,0.4431213074767077,0.835430518138894,-0.08739308528523126,0.019452393563114734
stat_133,,,,,,,,,,,,,,,,,,,,,,,,,,,,,,,,,,,,,,,,,,,,,,,,,,,,,,,,,,,,,,,,,,,,,,,,,,,,,,,,,,,,
stat_134,-0.3814465924256469,-0.3536427804602064,-0.3322855041060299,-0.29642220733583596,-0.2772556712900165,-0.27075873984665005,-0.2401031729271558,-0.10403446906940983,-0.10481058696216082,-0.08619687928570667,-0.01767603984601707,-0.0137540429319836,-0.014662440908320909,-0.009752991421208125,0.01738931839876247,0.10940880865791267,0.10230615248921716,0.02651461955095103,0.008954553356735288,-0.06451908297724826,-0.1365478805763925,-0.2338525743567309,-0.22464735098743713,-0.2100950808806109,-0.04615591091644112,-0.010238838899173142,-0.04746062041074018,-0.05147387930193104,-0.06255243362139425,-0.05108151859580984,-0.024290510296131343,-0.023869425206428783,-0.003290859614181718,0.054387158989609344,0.0629195784869835,0.07393185679234367,-0.012828913088095157,-0.05578127874929885,-0.08524413228561525,,-0.17094506296940795,-0.0847530448554781,-0.030500996260535925,-0.05456542169361264,-0.02217520431003945,0.05793351889054349,0.08699268807912139,0.12083250423719277,0.28829039193280875,0.2599273915751232,0.09758996984721333,-0.0013915075196258187,0.0038112988176569793,0.021726379110983574,0.0680578259869849,0.12200626526002975,0.025762217210548225,-0.24868878957624505,-0.37750919394757776,-0.22836769971530071,-0.0027027185022382967,0.1028937663667257,0.15388044005776363,0.16714075647214915,0.22193608864549288,0.21261436987946122,0.06679902208001036,-0.026465322712578676,-0.05960946158650229,0.06896493488469858,0.04297180403360938,-0.11404677822278228,-0.3088302174422951,-0.2970265259558954,-0.3087821631589075,-0.39163555956911567,-0.31810719166076,-0.4510700233623948,-0.15205993812010754,-0.07171988810030147,0.006609391980442205,0.03650774813589157,0.0444076309744298,0.02554910097324787
stat_135,0.43500657036726587,0.30294043215409,0.18304865949744117,0.18186430186886038,0.19305837122980746,0.2445628326306203,0.25826389968112007,0.24352077027506022,0.23979780592388805,0.2679656112632416,0.21868575491569764,0.2073853803338573,0.15023639993127957,0.09454349122798848,0.08025846759652903,0.12321630704102997,0.19848768459506283,0.26798659266864877,0.27742588584579186,0.2859545686146401,0.21404083154500084,0.12773325887871312,0.04323488062030644,0.0301292952872246,-0.05215276756631726,-0.15959525387023502,-0.2496191394638355,-0.2527929589353379,-0.2797458227131705,-0.28928843517657066,-0.2562300334211373,-0.21347595073692135,-0.17723948808591106,-0.1586691549839632,-0.1557233530803216,-0.15636419644536942,-0.1595003635452444,-0.12572981851827297,-0.10344093578513125,,,,,,-0.16540583561444153,-0.13045110022999634,-0.092648270170281,-0.060116118860711776,-0.060544165026400476,-0.1884613326682277,-0.37837938180467295,-0.4661205627086701,-0.4400789960903548,-0.4889300358725931,-0.6285188066318637,-0.6891881188223422,-0.47596843764101976,-0.2778275054891398,-0.21665681695793101,-0.13371282803910556,0.03643498119300176,0.2382322125895888,0.14723074969035838,-0.07336584400830172,-0.2434379294450312,-0.1999629890192727,0.024303983548397703,0.1493216341747799,0.3631162119199874,0.43906216803227516,0.4425568084168606,0.41930843737078505,0.28952209286188096,0.25039396813956316,0.27445343393117394,0.047347444592567615,0.06970692959478536,0.3609717676624594,0.564089938371625,0.3739008120538004,0.8439938027868064,1.3487979629654856,0.1616791003257682,0.2588966614825603
stat_136,-0.46237642732465895,-0.38056599107498656,-0.3316437105322175,-0.28716767525793024,-0.2979482592942303,-0.21709181647216996,-0.263392042063614,-0.2623961812356013,-0.267252263186723,-0.25977331102614604,-0.3405281948587245,-0.3465081107045991,-0.44132568050283577,-0.4309427591264608,-0.30737558625042444,-0.28223874865813525,-0.31993538376850733,-0.3399099681375021,-0.348636063226779,-0.2897059405788802,-0.22983493114127254,-0.14991472368488382,-0.1344240887364157,-0.11999873237219376,-0.0741791256735022,-0.06568653458642418,-0.09832370273644073,-0.10295689665148279,-0.15434318168153227,-0.1561834332217778,-0.14529169631219202,-0.0706914205206466,-0.07172195536436926,-0.0857750384851736,-0.07443189690333644,-0.07172839943228243,-0.13935873704472698,-0.14659422707533215,-0.17088802838602182,,,,,0.027093988961878455,-0.039188780559880995,-0.03229892331525461,0.02421340005525081,0.08666826945401954,0.13414219637391248,0.0329530988528372,-0.1124873564927068,-0.14913668654907553,-0.15462036277938962,-0.18892022845575315,-0.10218399289855792,-0.0673243146255516,-0.1613245421721516,-0.1642012010190178,-0.13570249349577407,-0.26902801202706256,-0.39483469936175325,-0.4034140746883911,-0.42089567988488796,-0.30828039463873735,-0.3134541901395619,-0.5246995626033786,-0.6685292235037588,-0.6225526213458201,-0.34451744314406213,-0.19432131554686902,-0.22427400275387252,-0.3294712599037766,-0.27942823334907385,-0.319407103468263,-0.37075457874466383,-0.34191440364966924,-0.5558703064704392,-0.6857211546093164,-0.1948054403273784,-0.18825593931524923,-0.38833662129123975,-0.3224838874356806,-0.025044366323588692,-0.38780535810048367
stat_137,1.3740971293335347,1.4931497961131817,1.5533385187167807,1.61630755105578,1.617154672248911,1.6159423784898868,1.5484771428527513,1.4854653965607834,1.3907818866902824,1.3805262162791807,1.3941652277579668,1.3961732101609376,1.4320629832000575,1.366361396757195,1.3579229635818189,1.3824910151022656,1.4176567120755783,1.408723249904198,1.4075472230444677,1.347898987031767,1.3201405978694523,1.2959969270638059,1.230354324966287,1.2264637556573739,1.2265148823760925,1.2043433393618772,1.150179671153404,1.1457787267239439,1.0566958499780221,1.0499574974439498,1.0650060236611938,1.0797846752642084,1.0547771361499283,1.0352574816180429,1.0368585361665106,1.0250806332692948,0.9701020733839743,0.9132620588377622,0.8519462072096734,,,,0.23160844438835954,0.20981916012258522,0.2454015129451624,0.2345732150852284,0.25019594345946095,0.2594251701218959,0.3484574296632602,0.3257198649270237,0.29959952594003564,0.3075802184196051,0.3121551382354376,0.39040157082571847,0.49669415318796367,0.6095064690869761,0.7013026646200704,0.8159248610920715,0.9035654475992616,0.9248823136061177,1.034412600547574,1.1001235213048006,1.16989350742023,1.300863935744918,1.3843312170897086,1.3495848829398434,1.2030564638375119,1.0222786383048965,1.068965664369463,1.2060911940987327,1.404936134980738,1.6497133603710494,1.8297829059789854,1.9281118751993644,2.013809745884652,1.8230715166701472,1.5170665835977086,1.211637604267388,1.5008976852398512,1.5162135285869927,2.4550213251250796,3.82256045249539,0.3524263197708225,0.766216906508823
stat_138,-0.47800484974517643,-0.48525474893257414,-0.5191799430910845,-0.5598306162360586,-0.4053044984906086,-0.39787427844573736,-0.34440821930023446,-0.2825811388892988,-0.17054487242236244,-0.1581786107156636,-0.10223392880713326,-0.10212852892937087,-0.047692453037178596,-0.09097354730102268,-0.10425644415206552,-0.15653317102811637,-0.20552204736479887,-0.19494611210995286,-0.23700819986244528,-0.3120966248047113,-0.2739935301738524,-0.13610769060023714,0.01747958865441108,0.04097561868019004,0.16624701290119723,0.0769647549963233,-0.009224951121487376,-0.014799699255403264,-0.0661544760143461,-0.07135010968352166,-0.05940886693014742,0.0765253937848185,0.1161744949264849,0.04492278331440099,0.03385534168034128,0.0005142636477026676,-0.02949316294814015,-0.07356358853183217,-0.08740381932194008,-0.21432583638061564,-0.16638174684327772,-0.1816912240170008,-0.29400494659620596,-0.12982286412581331,0.007305908242618356,0.042189447146415225,0.0542077450071903,0.044838695578449564,0.2097330380312863,0.2912349827263043,0.17644861620652846,0.06735126776384423,-0.025841037929211188,-0.15739493557185197,-0.2061689376306937,-0.002470649816703444,0.22116133987852815,0.10646385504865365,-0.1859269065222252,-0.3695148020040543,-0.4173992434456979,-0.31423746966417565,-0.2818925993174577,-0.07254780299823507,0.02387238133863214,-0.03202357479954764,0.017775287605608623,-0.042862744459226165,-0.009638415039467435,-0.12362430906070597,-0.14219358004888405,-0.16812488815945847,-0.22808798840540198,-0.4363403670082379,-0.6353595892397818,-0.38020508042896556,-0.18261128375202074,-0.11784130295183194,-0.48716645601771746,-0.3221387882738145,-0.3279937241882628,-0.6637566730800155,-0.09659137921341988,-0.022808387137112637
stat_139,-1.1348197526919128,-1.1476218763133337,-1.2277438857120286,-1.2562400719269484,-1.0835977627789741,-0.9311209233056207,-0.6788594824219297,-0.5222389238568027,-0.4256550594169823,-0.3688389353782711,-0.3735392586021945,-0.37222326691646956,-0.345572439762554,-0.33794374366184343,-0.26807345275128885,-0.24474672595322083,-0.2529943253311444,-0.18148326890281247,-0.2063139748213076,-0.25092751024491905,-0.21517544128731966,-0.2473546928167233,-0.32113868712473737,-0.32732511224820166,-0.36370497842552757,-0.45746206325176186,-0.43766385981063816,-0.4339639955699937,-0.3585048797955274,-0.34055781477141395,-0.2423028565403335,-0.19766692317651788,-0.22041456697921183,-0.19891484156477443,-0.19827927098154607,-0.1875651236304737,-0.1924466312063185,-0.23664215812338235,-0.29010780374360684,,,,,0.10492757237140943,0.02404047076360039,0.002961807035741459,-0.06991995999020519,-0.058968688582638776,0.0023248402400893485,-0.06192145984519235,-0.13651807142393182,-0.16307969926871824,-0.2756399214666466,-0.3734095055858973,-0.4712008142407514,-0.5704144160582876,-0.4975131260014573,-0.3173522897756506,-0.22201225316347048,-0.10961364259394538,-0.12151471249836615,-0.16019761161430682,-0.1875882879713341,-0.11110267608513505,-0.029522259065956652,-0.0407446947522256,-0.04638432792699813,-0.14317484925118867,-0.1394835785284853,-0.15940383054864685,-0.37025810529311975,-0.6715325610197163,-1.1272363098334477,-1.2863254888975648,-1.3601010750686986,-1.3545114756123395,-1.1982366003110196,-1.1584341843358963,-0.8223675690686746,-0.6114071724387135,-0.02174518867122488,-1.0167510776020114,0.5163822888865427,0.8413581658244333
stat_14,0.25778848610105415,0.2402639589427508,0.12714383276612368,-0.10101268293011227,-0.23629004550607527,-0.20091876715407178,-0.055830636733704656,0.11625687187844146,0.1952084706088214,0.1492725888821593,0.09566879984951188,0.09103862234335779,0.04689730240427761,0.03903025404611147,-0.048741928701361986,-0.07384423514315687,-0.14841527474016958,-0.19847864261214238,-0.19330616974850978,-0.1528224472728207,-0.14081510078788956,-0.13618098545874868,-0.11411905795859886,-0.10845363277034764,-0.07872332856383503,-0.03574298735199067,-0.05426728775451652,-0.05713293278817089,-0.04445330305428287,-0.07362606077193815,-0.13621399929877986,-0.1503658689102301,-0.08009312539051816,-0.005434015278815131,0.0008521108171452334,-0.008747188957066191,-0.004636927470407264,0.04745378092535828,0.0024934953134594364,,,-0.21428678290277517,-0.12208065830326735,-0.10251737984546092,-0.17727401371701773,0.22671524743568572,0.2051428984836347,0.0523665659148208,-0.03975596997398956,-0.10395891418727238,-0.1724879914050864,-0.007139565423157321,0.09604874276164975,0.04248973441359815,0.1127067685835431,0.11237214048143661,-0.07102965803905494,-0.19603225516592626,-0.22967846602063918,-0.15976304814814785,-0.313255645746831,-0.4428409155533562,-0.44637288707216105,-0.35617918724323633,-0.08385237823519152,0.11140630780486256,0.06158094979180421,0.023327069111708905,0.20469800450350828,0.3168350254034249,0.21110239625471897,-0.12345748158795912,-0.391864483634336,-0.41388297423007187,-0.21028108943561688,0.18312402715957998,0.36238176976191167,0.15936154078635809,-0.019468256735899282,-0.0037515980122097368,-0.11259885548651646,-0.13751131186636237,-0.014387268989556634,-0.12021922912241377
stat_140,,,,,,,,,,,,,,,,,,,,,,,,,,,,,,,,,,,,,,,,,,,,,,,,,,,,,,,,,,,,,,,,,,,,,,,,,,,,,,,,,,,,
stat_141,,,,,,,,,,,,,,,,,,,,,,,,,,,,,,,,,,,,,,,,,,,,,,,,,,,,,,,,,,,,,,,,,,,,,,,,,,,,,,,,,,,,
stat_142,,,,,,,,,,,,,,,,,,,,,,,,,,,,,,,,,,,,,,,,,,,,,,,,,,,,,,,,,,,,,,,,,,,,,,,,,,,,,,,,,,,,
stat_15,-0.3682712845547106,-0.40746980558344065,-0.40484010350424104,-0.3619870249544534,-0.30826066874159247,-0.3098017179727527,-0.3346616521061967,-0.4575197113200371,-0.6074029346169031,-0.6467577914889445,-0.6349968467598851,-0.6349228355714756,-0.5659493857943414,-0.44438136730253314,-0.368496572818844,-0.28663445353461287,-0.19314679391487447,-0.18126706243548268,-0.1900983535851369,-0.18852038178560482,-0.18665246999223253,-0.26445612277346897,-0.28631663740010865,-0.29042138251999,-0.2896024813844628,-0.2567429180724927,-0.24676055449430223,-0.24816216797370352,-0.26534367051514685,-0.2956655537102914,-0.3292769800923382,-0.29719805898063606,-0.30447898880349306,-0.2869945484606284,-0.28650470410198836,-0.2732892720133436,-0.29722139840716444,-0.2813288912806888,-0.25880602678295744,-0.06675045634611344,-0.09667982201042052,-0.13809854285789905,-0.15129309180198638,-0.11428118919117156,-0.09521784307023314,-0.14953979766674827,-0.18177480439248705,-0.20321093900765805,-0.2628356956568198,-0.3115624320775498,-0.3215713080796526,-0.32011983613563644,-0.2898467568837196,-0.18533229942326598,-0.1593784829943852,-0.2321913158468194,-0.2811337597195879,-0.29926886698761074,-0.2390367222125593,-0.10778693659885664,-0.040856571708360594,0.07848849078904385,0.043040177966019715,-0.2129344248038129,-0.42613563218268824,-0.5034636006813852,-0.6147979625326142,-0.6998918784141287,-0.7573684691440673,-0.7030164243297388,-0.4882254717390302,-0.23182050946476193,-0.19520438892549907,-0.2788573974322415,-0.3982312294669714,-0.5159366692572467,-0.4944267385832609,-0.37421133552238084,-0.28545484777639113,-0.30130096750876934,-0.5000419307616437,-0.8562554930303643,-0.004462492751061593,-0.003617884310347629
stat_16,-0.6616828003449142,-0.6814482491132867,-0.656453112944574,-0.5664257599096869,-0.5428045469538979,-0.49653154042512365,-0.4942440981364631,-0.5390991159438374,-0.5785531203426513,-0.6237729820554424,-0.6763034940549976,-0.677214987921642,-0.6220685190716808,-0.5186816142635003,-0.417771316326042,-0.30688502511754223,-0.20712661347649805,-0.20671171982384023,-0.20523035857249802,-0.24033862029463002,-0.3173058496212242,-0.3056689840840758,-0.2983980904838267,-0.29305522111909393,-0.25460566788175215,-0.2295240314577433,-0.20570297660859663,-0.20743076377467884,-0.22230073305405917,-0.2904798754509632,-0.3039573071757668,-0.3249245008478967,-0.32640485142457676,-0.3404209430585237,-0.34625754100743156,-0.3582589019658858,-0.3359368512304568,-0.30171345028227264,-0.2623169852087872,0.007231809538439969,0.055277461943354506,-0.11722098945450152,-0.09029531562823483,-0.06456501445239879,-0.1124123086756158,-0.20150622444573116,-0.2530358874703043,-0.30906841655602235,-0.37256232276120804,-0.3932663389139668,-0.3724852463339703,-0.3166473437657589,-0.2137299117604929,-0.12638817477363357,-0.14646475392028907,-0.15058478961363564,-0.16123255954774077,-0.2313590774285025,-0.2951205304161795,-0.3313282610698963,-0.20555559179403388,0.04096369514661335,0.024846777549276597,-0.25833264473774215,-0.4608565760135207,-0.6046311633999619,-0.7252370080902371,-0.7129680829721863,-0.6607129873021166,-0.5959116705797803,-0.5788033059466582,-0.5450601201401187,-0.5383911244228102,-0.5355400782294802,-0.5292634139614447,-0.6532756263273178,-0.7280899457908703,-0.6376758193798097,-0.5298980573765568,-0.45965854480233737,-0.7463698348741529,-1.2936093256215642,-0.04993976800023602,-0.1468493938902708
stat_17,-0.3729763001415563,-0.34542104067223217,-0.3441768847078824,-0.3232220764427161,-0.359488496724037,-0.4315603922042332,-0.4610768049713172,-0.4953445229779032,-0.5265049507003515,-0.5944437904755022,-0.6557713576619648,-0.658335143714715,-0.6191262583441354,-0.4833999415802479,-0.32991630217584506,-0.2154536093429836,-0.17881562711649146,-0.22085750301066517,-0.2363279507328915,-0.2839663915597095,-0.2503506874728262,-0.24496114855715212,-0.252353895202448,-0.25074441367308997,-0.24141851144399978,-0.2253282902550184,-0.22524306467781285,-0.22722904294225282,-0.25275395178666243,-0.2647853330744387,-0.28062075758591704,-0.28900022877655324,-0.27230390667967835,-0.25975499067967883,-0.24563036792219345,-0.17634317920889214,-0.1913946198414831,-0.16645624299932024,-0.11657361128737342,-0.03119061545188877,-0.0011600158286766936,0.004621357011437566,0.08348374038363583,0.11023750246783852,0.1457114014425523,0.03320139739195957,-0.05606715661725261,-0.04085954735350855,-0.12074632372760405,-0.2532984716331064,-0.2781803086995267,-0.2589216176427721,-0.2397503183274244,-0.20837881901869315,-0.20653262816530074,-0.20389222690343936,-0.11339490924972322,-0.13548100522955914,-0.1521282047993225,-0.11015403090678964,-0.13431293006868866,0.07124381398462597,0.21747684948895607,0.09293077516420116,-0.10725586497877977,-0.470001917384179,-0.8134653884154781,-0.7642101928044414,-0.6130666213981755,-0.4733057628977342,-0.3901908131724337,-0.4340725770668189,-0.341439643172185,-0.27271406928653724,-0.3192334417262676,-0.398279368728551,-0.3940575813361721,-0.3286342600565655,-0.36269875598663986,-0.4225076078795095,-0.479131900900349,-0.9402442013159086,0.18551001585822222,0.08176809569052945
stat_18,-0.7811950110620702,-0.7039751980407525,-0.5729529323084152,-0.48005255023224463,-0.3515816127471946,-0.26078455268484463,-0.29750361588044505,-0.31463522871926075,-0.329169514085234,-0.2962611487116042,-0.1497992018030366,-0.138592422192549,-0.03980074686181781,-0.0007316143749785537,0.018312182202380876,0.03125167314984892,-0.026577138955723372,-0.062100065066232675,-0.10300297665863248,-0.11319339961043447,-0.1435415599872483,-0.1891747163701324,-0.203641770515257,-0.2069399754100203,-0.20829081009628803,-0.1765539627264726,-0.1576485152554784,-0.15386667994595227,-0.17441406448127209,-0.19590470048294564,-0.2284460023807393,-0.2343774052035164,-0.2409261563004354,-0.24271462891166778,-0.23964315674721132,-0.2529323931937988,-0.21605859251040596,-0.10703515050395644,-0.09507094624331179,,-0.09299279503236459,-0.09903052502149975,-0.07039366985574617,-0.046767720672900276,0.005361367025329858,-0.03688523644444178,-0.11424553704332259,-0.15596251718929122,-0.22829929506853378,-0.2468760572758664,-0.27231313787006833,-0.2590450931950603,-0.19245010098599336,-0.15461901695238714,-0.17007828378111672,-0.19417626378236527,-0.20063702189558108,-0.24882538606804327,-0.2290839531096726,-0.1736915571334214,-0.1514323456196538,0.07579013114775071,0.27670810883504554,0.16612411110175512,0.03759216233708246,0.07072112340674129,0.05802658468078321,0.009311672866961622,-0.20164462220656507,-0.2494467151273306,-0.15341419855221936,-0.06559824920670862,-0.027985006017757913,-0.203174788242878,-0.49876785708706095,-0.7673998621656819,-0.9796094492097492,-1.0247366647552902,-0.4684755144379476,-0.24005195784400063,-0.5290405755166361,-1.0019526700800518,0.07646352232474223,0.013652669029096409
stat_19,-0.5839040281708262,-0.600464857049454,-0.5252641328756529,-0.4458618237152971,-0.41720224432599134,-0.4257618548948547,-0.4020295862676093,-0.4703198800590988,-0.4617682699349315,-0.5382555008087007,-0.5979951337718392,-0.5980265407364035,-0.5377841764591396,-0.4278712376646607,-0.29670059733283993,-0.2295571248288674,-0.17099497511482353,-0.20742980515431284,-0.22601352243831402,-0.2763058562442315,-0.2867011881599606,-0.30132146670665166,-0.32079426310895104,-0.31673633124552925,-0.2839251175530253,-0.23872367865218935,-0.24135423917253335,-0.24444797667325419,-0.2554868901274465,-0.2461207282098176,-0.26983517734241674,-0.3242544702796375,-0.29060990219180016,-0.3128993618263397,-0.3114506654640336,-0.29159011234921123,-0.3249287685887622,-0.2682622412771348,-0.2535651018454813,0.0301269901970903,-0.10219022181896284,-0.07866574516751544,-0.031173163161191224,-0.012413599006108332,-0.024825549011478733,-0.14251283256865194,-0.2603619883722256,-0.2901688515987233,-0.2864760629115739,-0.2627899771592285,-0.2896266217582298,-0.2675557305174113,-0.21575008059983672,-0.18817457784295036,-0.2082484519601727,-0.2289337566145866,-0.17330018235242442,-0.23712501702592303,-0.22014480214799484,-0.17617253469492325,-0.19848015451512718,-0.026321431203811887,0.13827152452643934,-0.007170337368982518,-0.15372284666426111,-0.31284025548041966,-0.660933656509684,-0.7410435820427775,-0.544081530541305,-0.39214810180959947,-0.3144589095197161,-0.35250138190594477,-0.28778040381262177,-0.3266169877580209,-0.44973216308855124,-0.5774256783569127,-0.7380206552161768,-0.6029657855464908,-0.43889345415329445,-0.48496275145578416,-0.6256006080119096,-1.1004690105099744,0.1312609471765751,-0.04582491817336106
stat_2,0.40242346708296317,0.37145726763599585,0.33829852742999544,0.3680494728362979,0.38027017681301784,0.4231082940052293,0.524464939751554,0.6529731405666491,0.7029821206432972,0.6014010997831556,0.5854355049556577,0.5916161253926273,0.5853077828227914,0.5894303253595651,0.5180067646464512,0.5121817504061702,0.5922802454791769,0.6207526705881263,0.6338319175860467,0.6245761550890733,0.6008702693959694,0.5799491290722499,0.5353672841460594,0.5202035590983374,0.46997533075462516,0.3598136603528401,0.3392868541373435,0.33938803496040176,0.3511603312070442,0.4027382240776476,0.40847480077915294,0.4801750661115464,0.532271897147085,0.5844154969226304,0.5829738412277352,0.5962987471883529,0.6032438344545545,0.6309358581720833,0.5766681686815665,0.04431559752370834,0.2412441776058506,0.42398076485510083,0.2510247266707377,0.4423459839323991,0.5409853056445713,0.516063293862696,0.5900853952009514,0.672724860438574,0.7205193127007895,0.7269395581929211,0.6398146275584444,0.46430623700157236,0.38573880134676447,0.43550684104681164,0.4903131383198903,0.5729896104437542,0.6903303681037178,0.6625483424733362,0.6661129312247367,0.6933315038455058,0.7466608211116068,0.8173981419938389,0.828857949867907,0.6696054945330681,0.62546417490681,0.7099097660289847,0.8282720940025393,0.7788098050306811,0.7549173654421433,0.8891731891951767,0.9004550092153191,0.6803682456194907,0.4294458463155365,0.3960315910186124,0.40651481383678073,0.3863183134865174,0.49410126760831785,0.4981723300852875,0.29704290436836134,0.4262864838675301,0.6678614881248379,0.8393218132299198,0.4256905150716377,0.3055577298043517
stat_20,-0.23993070247853684,-0.32309893019083286,-0.335601585322807,-0.3016601022274818,-0.20405596619825125,-0.15537431444124547,-0.06331585210830083,0.07745140829193167,0.1432473204939241,0.18389088032486697,0.18082209119173842,0.1825480536099647,0.1095023664002583,0.09496531842472967,0.1112258404458199,0.12107141607778318,0.050966862208489734,0.014880360258628333,0.00022825508578530886,-0.05538769254627491,-0.11112915018301656,-0.12666165786921404,-0.1575621289797991,-0.1622544122059206,-0.15774901475638065,-0.11889498853580267,-0.09275358761632799,-0.09088518771595502,-0.07944962515332912,-0.12598047844841334,-0.13760968398354168,-0.11672704396547916,-0.09540793771465571,-0.1144925053395498,-0.11918140665262938,-0.13367725397680488,-0.1590558152712651,-0.12144685893529933,-0.16202680809140307,,-0.005303540071109525,-0.11436103801975621,-0.10328834202521331,-0.09027676557563298,-0.1565736335310314,-0.1398983474189019,-0.16839254591679106,-0.21863956311215654,-0.22708232809836656,-0.21891508025991704,-0.2529260267424633,-0.25057695154248233,-0.1570359041109591,-0.15074716890514647,-0.193190328571456,-0.2034850058989489,-0.26998120930008634,-0.31074789201569897,-0.2641336837751731,-0.3029726997957926,-0.3408976894905308,-0.10979525099569207,0.16894031585849748,0.10619805778492677,0.01801717151728506,0.0790326457001308,0.1586468929714392,0.24116741786354082,0.36459901808970635,0.3545852223700076,0.3227667282108745,0.0955349507723066,-0.18914436129686724,-0.29871297378705475,-0.44442547558376083,-0.5003731154086867,-0.4825597316123334,-0.26179389771230116,-0.17289924557951156,-0.005868498796706023,-0.35155033233993827,-0.4481658467734834,-0.09154772453215755,-0.2818482067865896
stat_21,-0.750385333992212,-0.7619056165779506,-0.7903800590533674,-0.780575200604969,-0.7621065109110166,-0.7642936843262564,-0.7671721296611337,-0.7743296105387751,-0.695945353870979,-0.6784745905408927,-0.6794034556469365,-0.6778034732722036,-0.6621021790875373,-0.6191709329625096,-0.4502451449921411,-0.3211776548213112,-0.31689322056034636,-0.3688245833975594,-0.3760968109835081,-0.40275107992163334,-0.4259559847202493,-0.39977259691832895,-0.33810335144710607,-0.32796008656120657,-0.2471078720261751,-0.21699361184842858,-0.20040008176863566,-0.20347183587357157,-0.25013758542332676,-0.29580971381522303,-0.3196485299487605,-0.3494407343703024,-0.37118726923631606,-0.3647328031200276,-0.35859315676051845,-0.3348269547811426,-0.29180607585751106,-0.22422293935044557,-0.14944170302654033,,0.016627507613583448,-0.09392879596712038,-0.0955551483309363,-0.024757377293635075,-0.016484468202913334,0.006826279168108246,-0.16515899341300058,-0.30739833210469747,-0.2771621702411347,-0.27202340105599526,-0.3178143671027245,-0.30795877183666637,-0.226184241740911,-0.16255381515230632,-0.13331951780617166,-0.11567360924441646,-0.0929654892129593,-0.20384168035174527,-0.375428010833251,-0.5074596455463919,-0.47096489424790045,-0.3053404276375418,-0.13535561378694458,-0.2595064528242068,-0.45885177668927685,-0.6654856380001585,-0.7858501837273402,-0.7014204095776332,-0.5898379160022197,-0.5927657947060423,-0.7176931910791755,-0.7046154770347033,-0.6717621966283651,-0.7464639014830818,-0.8219648694951492,-0.8297615261755874,-0.797243241183061,-0.8279364974518473,-0.7002094337694897,-0.7129443585874811,-0.8767218143524145,-1.5946399808630647,-0.024313360600673656,-0.06479802202767848
stat_22,-0.5943004037622786,-0.758404079324717,-0.7346433091344319,-0.5557936106077731,-0.3271546293736229,-0.11358956587005517,0.08419896918946271,0.15517528068926392,0.19829229948660093,0.3026915407636109,0.3531121469508052,0.3546884960588369,0.2969078765358461,0.29334931677818527,0.2809763007595064,0.251294650956305,0.18336473906661185,0.12337458145251712,0.1078352073679545,0.08446897786731056,0.039851414995442654,-0.032292620297421665,-0.028249016737281557,-0.03106259411004899,-0.037364851951470164,0.013126632166627506,0.014552126065233711,0.016830332088389115,-0.011611677097669845,-0.0041707304101850995,-0.02112601855355819,-0.039007386181496496,-0.06654988841601465,-0.08015355309509703,-0.08000203342542817,-0.07150812580927147,-0.0083715487264774,-0.018666799052196145,0.02651639530547223,,,,,-0.061700845825488675,0.05412115309741489,-0.025956124556794077,-0.07112388347718306,-0.1664984192015252,-0.17405593854588153,-0.19659314958797214,-0.2076514066183198,-0.16744022258713911,-0.07935951886468812,-0.07592397773977154,-0.05866576399276505,-0.028453267671285584,-0.10095271188332365,-0.13843709829480647,-0.20297029486593998,-0.23135551342380958,-0.1668880511040728,0.07314602392144534,0.29741179821395014,0.21674512692814638,0.18500893070337954,0.1957258731966307,0.27478972347295155,0.4638724377018483,0.4921779535628732,0.38658046587138334,0.45462331677441115,0.431396526145999,0.17756817654977128,-0.1618328955490718,-0.6459180014494401,-1.0834525289594883,-1.1410161719725864,-0.8141424129309208,-0.3038201791236776,-0.03384844381401728,-0.3970259988910957,-0.7481024059724413,0.06626934577853866,0.03260578226305404
stat_23,2.045391046222607,2.0239434576913884,1.8817885735272188,1.65241654462691,1.4249401666936468,1.2348265542763766,1.0274840959817957,0.8501724812353277,0.7026641910226982,0.6125345635015066,0.6062308365697903,0.6024447089741124,0.5571690081671546,0.5998231565563152,0.6153950028930557,0.6536291559596921,0.7037702218494721,0.7112725775359361,0.695299104217765,0.600914811545543,0.5352860383860911,0.5066508469067831,0.49495983792142595,0.49475653924318735,0.4659918278556891,0.438297979811679,0.4094471069984317,0.4074438664325579,0.39509399558227143,0.36733826351022897,0.3266589203169299,0.3062451033847776,0.28013174751478803,0.26549091656404095,0.26931787893116144,0.3119713702869029,0.16038097951086208,0.21188722997360981,0.22967690532653232,,-0.06417591678628513,-0.16578453957084002,-0.13609343215129316,-0.0707239787544201,-0.05278401314013737,-0.06275415312409185,-0.11077112884055744,-0.13331344945317186,-0.19245925296114466,-0.16197647459473738,-0.16754214442230386,-0.13850389154102152,-0.03475427972444617,0.0868445233546099,0.14287782929879364,0.08227884341140697,0.05279346539747742,0.04173482712052033,0.039159783017642676,0.058946340475437196,0.15250940443665778,0.2553877216074499,0.20343536538448773,0.002777290414956533,-0.13327730016655054,-0.20791832479585562,-0.2156518299126146,-0.08301349563110223,-0.009310917420076507,0.05326944092797324,0.3074673012882258,0.5695062591182161,0.7900428479555053,1.0822431163772759,1.5528798882697792,2.0347882753022897,2.2528373306482092,2.3034834562371387,1.6625412079388089,1.3794112817619772,1.8144525934222206,3.594783810537806,0.011617055003387694,-0.07167988350467283
stat_24,-0.23528018449527568,-0.32289444982083026,-0.39196688067084945,-0.39827232182147065,-0.340958124357937,-0.30376937961178435,-0.38074496794163293,-0.38637058199622454,-0.3952407505461836,-0.4172199028022753,-0.38824463562266837,-0.3880139689858741,-0.3534356196992942,-0.2260677603197852,-0.09797888913147428,-0.09407649563734861,-0.10034694345660698,-0.1033867939300642,-0.1092336157249624,-0.1358433930369206,-0.06411215450144205,-0.14238042592811032,-0.1564983572213095,-0.15496801170808613,-0.1688116468519807,-0.19042181826612173,-0.19380497075381253,-0.19516940305950636,-0.18321972264431285,-0.17224368460781753,-0.19491528628538113,-0.20281535828792227,-0.16959451243607113,-0.15268711049801584,-0.1482989506059186,-0.10961697662721454,-0.05068640103136261,0.04111503930485423,0.06999587121345634,,,0.25409533291169945,0.3138010175072594,0.2645759356686791,0.19771244628471096,0.10721770553010547,-0.012970505458891751,-0.006278910312165012,-0.04336235347616547,-0.1517971169733775,-0.23897849555948178,-0.2506821307836481,-0.18395733811009232,-0.1315698232199012,-0.19112965776035476,-0.25132495692681495,-0.17171519129278373,-0.10934800629108228,-0.1451236517511821,-0.11347627420386941,-0.1054273924247355,0.03559094457841676,0.09567276657946415,-0.04059586333332001,-0.1209587305396755,-0.3341975027753189,-0.5619001000664983,-0.5964472728632496,-0.5340657505144183,-0.6203731699015002,-0.5914705680537831,-0.4414457325175029,-0.3264555633416752,-0.4748805749326246,-0.600733331936187,-0.5707219222100395,-0.5969067837440006,-0.53861484297618,-0.32880075021585653,-0.3659463904006683,-0.771889870697095,-1.093521261140411,-0.441852926256689,-0.3566026515314258
stat_25,-0.5073521350406428,-0.6948571711029388,-0.7922812850735411,-0.74969850278857,-0.5528675970311351,-0.35478926594138355,-0.18153272712962387,0.015813656200314864,0.16931027527339393,0.29699009556752076,0.3510552464402964,0.35402472964220366,0.37301160680368717,0.319972190866697,0.30282370022853883,0.25594298923690956,0.19638406407900366,0.16573253650350267,0.1508039305764642,0.12747084443777915,0.11383816298961666,0.019143773421481887,0.012060534617495428,0.008716961224739504,-0.023037106135397094,-0.08113146048290605,-0.07780764107160419,-0.07777802209449432,-0.053074677568588045,-0.06930116667813618,-0.09511378502759793,-0.09237527436942605,-0.10360676882694873,-0.06157095471890318,-0.061069595752041725,-0.07546808764641137,-0.0340353204387537,-0.013506306885825483,-0.00012106203466936777,-0.014664964252154354,0.05325892412992258,0.02814059679534953,-0.010316150197102806,-0.00023945971501630547,0.03349771901006653,0.046128246102435426,-0.0032339590631921085,-0.03763457981695714,-0.14186789744643033,-0.22233586790241316,-0.26205412818041685,-0.25273051118713874,-0.15017137314702225,-0.13138691243029396,-0.1693058520803651,-0.21693152367014165,-0.178871323565842,-0.1744177669503508,-0.1192942587377488,0.0563351893788548,0.06559358112918749,0.1358181776143383,0.29496529158115004,0.3561416923947525,0.4092696793529163,0.49394573499714384,0.5897979936479018,0.6360062638881385,0.6110924875365693,0.45057917199755504,0.24978462717774275,-0.051627004932459405,-0.38571814699435913,-0.790045216745083,-1.0865108320374632,-1.1065502200621773,-0.8960179436216412,-0.4415705718000269,-0.2689274376873242,-0.01507835801377018,-0.4566695268751239,-0.7373379739542522,-0.08870647893058099,-0.1728539307386105
stat_26,0.24054320626544745,0.221006858388556,0.1912346298000887,0.13234846163352576,0.031117265515861144,-0.03203342054648847,-0.098841200688089,-0.13677939193129565,-0.16560319647392588,-0.09558360454494384,-0.0565115912691394,-0.05427117776060179,-0.01859583849214849,0.05077668508517979,0.14150209350991222,0.08224617750358153,0.11051534054486922,0.11927161602398677,0.126272974196676,0.17995468948694066,0.19569200029909586,0.10249723701890733,0.0309724233704692,0.027532584781750618,-0.025755630860693497,-0.12781509984021006,-0.1521444490832255,-0.15687681855122135,-0.1130838506769645,-0.1309793492118785,-0.17200141045738243,-0.17004070708793373,-0.13313114955100525,-0.12312425592046317,-0.12130066158987068,-0.10025984890327641,-0.09142159706447933,-0.01597677787960835,,,,,,,,-0.04720262437974997,-0.08236339405938052,-0.03764573725764401,-0.08165641371136342,-0.07758869364862149,-0.08835648851027793,-0.21425199669703957,-0.15916513482140987,-0.030299863009923926,-0.14823274824486607,-0.16184859616614972,0.0164712714259674,0.09342054539551474,0.08265901810284516,0.22630525994223163,0.30244481947467067,0.2965015880844137,0.23116737016320812,0.13967794554138813,0.16566253734805933,0.09358619825169541,-0.04232658228510031,-0.1894148481347468,-0.293706776179832,-0.29019014489712713,-0.20004333662519125,-0.1925575269363697,-0.2491735098956918,-0.1172893954869021,0.09874337038420708,0.1262231325343181,0.1478343281597969,0.20635300903835688,0.09462394668665851,-0.10254999213111735,-0.15348740795937302,-0.06991464112083844,-0.4008362870127031,-0.2657096998013074
stat_27,0.24803803975954858,0.23396482302262553,0.1667386252554,0.11374732976720466,0.07992003146697953,-0.003714011247575487,-0.07996487555217416,-0.13778852934390526,-0.13642426369591204,-0.1275946434279662,-0.11390123268547456,-0.1127279739125069,-0.07731405995515037,0.027012188258728784,0.1299354544688734,0.10829703459617977,0.11467987840117994,0.18631788138478314,0.20129271795333198,0.1753444801254545,0.1710879295537791,0.10809301386492313,0.05750491172133678,0.02134296843451907,-0.06270321836791581,-0.09466885040897699,-0.09898909509090172,-0.09766579451665378,-0.09279932791611348,-0.10983975562122505,-0.13205496647763676,-0.11405215784535741,-0.06420308709832388,-0.027014496353880865,0.008533252998350093,-0.015522180661379855,-0.030942325393212386,-0.025972217771013793,-0.039874035103966025,,-0.008960477098164145,-0.022982116067963364,0.008949977795240895,-0.044032089959332735,0.021491831246081394,0.047966898197050974,0.020083194069264336,0.00883755509907946,-0.00023520057467049508,-0.09210385321764204,-0.14756796366935515,-0.19400220738029172,-0.16938182162767668,-0.12665978386112772,-0.12977045313822594,-0.17565745489417225,-0.07914357975277804,0.029977360651350222,0.09581440970905171,0.16965860434996152,0.27460564998244485,0.2928149261512679,0.17225646136013598,0.0666725350481943,0.11269908399809367,0.02228292072796297,-0.1653263361628294,-0.2866654524846404,-0.25182712804762997,-0.24582068672026142,-0.22448791227709347,-0.21815740325191674,-0.1421288246225318,-0.07170894355773579,0.033902455082228194,0.09181642215348665,0.05324935261727162,0.018543616295370872,0.29739292189015754,0.07626980232055898,-0.11478346528787016,0.1364149011942901,-0.514165651810044,-0.3671939854193161
stat_28,-0.43934696944967144,-0.36356955098279037,-0.37583926629638725,-0.3573473117817276,-0.3872851281967793,-0.40457233634383705,-0.3940829034009528,-0.335762559474066,-0.32646560201039,-0.32649437427319045,-0.35541168247132227,-0.3566812125619759,-0.37480767921947894,-0.35048742048107456,-0.2639849040185511,-0.24902487837996745,-0.29402508467017896,-0.3174760412618414,-0.31465997960131603,-0.30617624416792216,-0.2855358797587072,-0.3075648695259291,-0.3380782701158216,-0.3430740822613508,-0.37344029530653344,-0.3646958809783432,-0.3803163523342984,-0.37689379915281246,-0.3675019774613449,-0.39806579933916475,-0.3838885128312975,-0.37265319506127714,-0.37175989148097927,-0.365087834162839,-0.36020484227943045,-0.353758397628846,-0.3197951517657952,-0.291350803816713,-0.2552508990118134,0.018478126604335034,-0.023560331026105302,-0.10351555020537373,-0.07954035366308528,-0.027761757077603123,-0.06464840338039078,-0.15944326840460357,-0.24199401589214053,-0.2850617079734533,-0.3743502655891592,-0.4038252789811639,-0.42139191998698894,-0.44979905942292336,-0.40076792149172075,-0.34196276952252574,-0.3720887732805596,-0.4236382517319524,-0.3678131618857112,-0.3534129573331124,-0.25369774377892446,-0.14974465786115695,-0.22410190347101108,-0.32003183157646586,-0.24286643644120817,-0.06020755049495549,-0.031886307441441955,-0.2522978708924039,-0.454916811550119,-0.478685736684348,-0.2977729577145666,-0.19673517486392164,-0.27940246404128627,-0.39860266119984333,-0.43160482416635687,-0.3051467293215855,-0.31047529893593173,-0.4058479764476261,-0.42039969999576837,-0.4209331548522201,-0.5367671625132567,-0.5185847723453751,-0.6029675279162197,-1.0002246669535189,0.18369083519539586,-0.1522022574263843
stat_29,-0.2919688411390885,-0.3289029095641395,-0.36145610419162966,-0.3691545691960809,-0.2710724452612622,-0.19160651612049073,-0.019334455228419558,0.2247788397108195,0.37567348058239897,0.43446957078735754,0.4880493632755852,0.4875124082503113,0.49379280501886985,0.4451961608697269,0.3935594034766612,0.3634517703513508,0.3009827345985191,0.3294542615113376,0.2567800359070189,0.2182806050801749,0.19512399813562048,0.12442250565936845,0.09619961086618725,0.09181358230426752,0.022789970912970345,-0.015509644499366884,-0.020473669690604757,-0.02240799806908622,-0.025234490706643343,-0.02617670933818361,-0.0695378178943032,-0.100210863709913,-0.10407966355830305,-0.09309551781990628,-0.09466501366532666,-0.08399650090172224,-0.03143879165817618,0.0011536253455415332,0.0028122822491946993,,-0.0120606250334774,0.01759363392261285,0.02242249923263604,-0.01749743990167145,-0.01364403131316571,0.016670344275045334,-0.009985468492702598,-0.09126557419918878,-0.18064158081787846,-0.22714809953650655,-0.2706528870753658,-0.20800885464247046,-0.18119820267278142,-0.14781439290124865,-0.1657222011376213,-0.2015703630520514,-0.1508460310412011,-0.16768362373762946,-0.09580166573507379,0.07349300465067136,0.10199135293433877,0.13632535644996552,0.3523281381097802,0.45418424158913107,0.5179497819690854,0.6011232652740433,0.6952408150175147,0.6782627217480307,0.6318773236265351,0.5592988099888238,0.40298832596630546,0.016369943049994656,-0.2849258226717718,-0.4812743039592924,-0.6370168646179777,-0.6002749573610826,-0.5523359121606947,-0.5538522693148159,-0.080814509838437,0.14697549433885895,-0.3126836976871002,-0.3991307813829252,-0.24159149033594834,-0.20541907230568207
stat_3,1.5401104637301901,1.5791606044276794,1.5569169223276649,1.5499624442074478,1.5109419167512768,1.5513360877089744,1.4838035112008021,1.4621524016158007,1.5862668779329194,1.6315595430043193,1.6116117776273235,1.608637258476191,1.5249382365626334,1.3826550764750298,1.3624618392547636,1.4249416817165543,1.4694233985813223,1.5083986878247295,1.5098228254886834,1.4453316846560949,1.3491532192351938,1.2958458712275263,1.2849201362427498,1.2874356906430946,1.3622070114896307,1.4564231178380302,1.5068805555496068,1.5083727030215788,1.5151522257778298,1.544852052110618,1.624005802487528,1.6310939323359481,1.5269916930662473,1.511523490831712,1.51852479366892,1.5034163140787884,1.3836046362194423,1.3242013661299707,1.238903926573735,0.342080687479989,0.31920175463720113,0.8105365607098223,0.87010695787842,0.8321962858677796,1.0629830693715894,1.2088723125527199,1.3637974513902673,1.439393796119353,1.4433264009854667,1.5426001826436124,1.8014968723157665,1.7954224633603637,1.486413654962762,1.4359257224897637,1.6143970013202051,1.5996492431789826,1.4074725831162103,1.2385772996443611,1.1805540318061432,1.2542221050339446,1.4416564915753203,1.543125877633324,1.5505182924520704,1.5086309823042479,1.442037985346819,1.4204791343480967,1.5291502940494672,1.684904316653735,1.7177771370211838,1.6512323209968143,1.551089556209674,1.540709013333743,1.642734949745768,1.728242425475769,1.7438468305371935,1.7286763814296444,1.6901462597032377,1.6765371396325877,1.4352938741727852,1.495454113543031,1.4836541989745917,3.080498299110717,-0.11955811765830804,-0.39259161556619554
stat_30,0.30391245451301463,0.24570264265417402,0.21515890444658342,0.11344765167708952,-0.030490079223455435,-0.13964096922377334,-0.1934020527513295,-0.18967138403904824,-0.13932589065602133,-0.09713631606588922,-0.061964801004169276,-0.058539026665057343,0.006799692957721374,0.0935683396728582,0.21655889167280631,0.2227967204991978,0.2530423055539373,0.2572868378710213,0.25479093153030485,0.220467635844701,0.20797925494408478,0.13809793139711649,0.10081428430541477,0.0951156834791608,0.040602808257916255,-0.02649337058433519,-0.05977302520804678,-0.059609047120389266,-0.040522019405739046,-0.08720047483095177,-0.13348505358138668,-0.14594109018783694,-0.12767855789794083,-0.10137045149446978,-0.09984697649116617,-0.08744005451892747,-0.09599214076700373,-0.08739359310406011,-0.07490525737998698,-0.04305718774492734,-0.05143933924518422,-0.1501190397853526,-0.14908857853905727,-0.05195144130953594,-0.03547549431085578,-0.13109410166102026,-0.1455814322932188,-0.08883057915479761,-0.09363437834782315,-0.18624288188245824,-0.22791451637032165,-0.21495683802297103,-0.18761795572049944,-0.12147509410040101,-0.12015621148993341,-0.1283820482111337,-0.00984998326974035,0.09551219351267898,0.1417877118622459,0.24127058587355252,0.3663440339881728,0.39668042581911545,0.36567798176413857,0.27087136710667,0.22797609283977796,0.1251924270328996,-0.06290014894593086,-0.23907453440583804,-0.2883552291425208,-0.2628661535052379,-0.2143292593418398,-0.33670947862684375,-0.4355930287757516,-0.24554581672165746,0.04925013563280734,0.16420382568653993,0.26405546783629197,0.2973087535063857,0.14722305652327883,0.006503993906998491,-0.21214161124563513,-0.026565919523186047,-0.5089934160190596,-0.4094009974685978
stat_31,-0.13673401217618728,0.005631975167402571,0.12045504474608135,0.1252267434234475,0.12920335630321442,0.2055421900724112,0.22800638798879969,0.20539366360886954,0.17766261956187446,0.10307532397098133,0.0019953451014647953,-0.0035737862344712725,-0.09032793573263007,-0.03568913293339547,0.03575249502283898,0.06300440308771027,0.043462083362230654,0.033200898814912255,0.02287227320539279,-0.009498646853737412,-0.12038354084568856,-0.16683825254171247,-0.13247910127626025,-0.12810655593729,-0.15007040739360236,-0.14516664935907853,-0.1452206615064367,-0.1449580752918393,-0.11197149612619155,-0.08056286979719368,-0.13287566940559506,-0.17478051154737895,-0.15560175149179623,-0.09052803101341322,-0.08631230256284103,0.018844220331805547,0.09368443848953643,0.11045340735351244,0.13626501600675214,,,-0.16356345884374007,-0.07170326489219876,-0.03205513861622755,0.04401640754036609,0.027037024755022,0.09338458236001351,0.00546592571051836,-0.2030223284463352,-0.3016698544776784,-0.34845979217082146,-0.3839614995515799,-0.2655177195279875,-0.2628943136196953,-0.28754757627990585,-0.3095912137407917,-0.2056062452515302,-0.2077624179149211,-0.28867845536221176,-0.3775912249564181,-0.38093906983111864,-0.21358348617498585,-0.02958287013907574,-0.11278071555770865,-0.21813183629989516,-0.27325803177211144,-0.37645355096300215,-0.2706645861998662,-0.008530530960690398,0.2367890145439211,0.3362623591384327,0.3259853481431425,0.24583397259776346,0.042435174661600475,0.028194663788483208,0.038378272933521564,-0.13480735917937195,-0.37726970601695853,0.10187252755623444,0.2511552779456112,-0.059330852001782695,0.013925603973106689,-0.1732462747022639,-0.07920168822365527
stat_32,-0.0426389819839179,-0.1540467888022645,-0.20180637457998968,-0.241981928017924,-0.1843480506491248,-0.07431517275168262,-0.09682879140469965,-0.18546044138974238,-0.26897047617864284,-0.32221103792362044,-0.34913626963187167,-0.3469231176947893,-0.32860267482708416,-0.25856411528926954,-0.24939255082248146,-0.18867665860188831,-0.07699498375345872,-0.07392654421499607,-0.07267228759131582,-0.1371654903671105,-0.18456969126365122,-0.20040448434838665,-0.1982047165146213,-0.1939335970559988,-0.17951487323048013,-0.16544869735817463,-0.13740889251202235,-0.1392145075516206,-0.17793854121721323,-0.24874899362328093,-0.29213791272464684,-0.348649934684098,-0.3414225647718503,,,,,,,,,,,,,,,,,-0.48648157240524376,-0.3763895158856947,-0.2746229586000124,-0.2504472048417319,-0.179823664690737,-0.12296352232508477,-0.15372012964052262,-0.1032626612530102,-0.14517275208988362,-0.24631032539265935,-0.26510198899955817,-0.16968594104620421,-0.030078617319934536,-0.04762392258076531,-0.2088689204979752,-0.38352278075167656,-0.40629383839667904,-0.4057862089419477,-0.41938961373967526,-0.466263620296171,-0.4194291907093708,-0.2644796623878239,-0.060719681850590755,-0.0680154056233118,-0.17712748887043736,-0.2446116880784342,-0.2700167608017021,-0.1916202271911705,-0.11010987032486243,-0.0563002516059634,-0.10472775166832383,-0.2405312566580752,-0.31306244724382,-0.02848372432225462,-0.12016430271939292
stat_33,-0.1597083559710221,-0.24643741213638704,-0.353296785046324,-0.3899613569911549,-0.3607627965509826,-0.34616487393927686,-0.376380558560694,-0.4270407720946025,-0.47552337011178336,-0.4968104366302339,-0.49420393867245793,-0.4933024197097103,-0.4621989064827055,-0.3729424203217759,-0.34189828489228263,-0.2823578284339725,-0.1994931924685187,-0.20809903864933468,-0.20735504554049652,-0.1871620217593058,-0.18972369515679038,-0.13052466790275502,-0.07543937034431435,-0.07636941968033001,-0.11516569421463477,-0.08292754229143973,-0.05050982474741313,-0.04870151920108958,-0.071378091011307,-0.11031409400149038,-0.1810414181052755,-0.2310437263684623,-0.26173677448272237,-0.27532184938777715,-0.2745277784586143,-0.24937844761408526,-0.24692454584822157,-0.17020472495357447,-0.11322695738079797,,-0.048354281324466675,-0.09120368026870032,-0.11039817816424642,-0.002875963457817649,-0.0027453784957949387,-0.007055507494835499,-0.15344465866957863,-0.18596057848482664,-0.2416017922188772,-0.2576665415000281,-0.2841408022700665,-0.21423270467068553,-0.07181134269179547,-0.032945630084115364,-0.025862886685151562,0.01075511986812776,0.05309997412395108,0.006808752891465265,-0.10445204333670097,-0.25759000399836823,-0.24039957356317512,-0.15848513312579646,-0.14262639393924803,-0.24515876874714912,-0.2722406048562783,-0.3885552799013155,-0.5486931009687064,-0.4406017962253629,-0.37604890197493823,-0.4492596581504441,-0.4961414947866964,-0.39313166036663033,-0.33341378168883273,-0.36769590175945793,-0.5031167123222207,-0.4603341542661185,-0.27970284412715113,-0.17276083450499322,-0.04652358382725313,-0.2302856352148619,-0.35149821108682994,-0.588535897983216,-0.17773853543137108,-0.013872037327886654
stat_34,0.05764478079300585,0.0018077220627286186,-0.00012534817014946047,0.05344741294731184,0.03670076082389042,-0.03781129781433696,0.0038069866187859513,0.015148753480236964,-0.05330649658874186,-0.05923232838024164,-0.1510493620647798,-0.15052121342931749,-0.17300026461499945,-0.15569371854660446,-0.18127625718990728,-0.21964578058050002,-0.2751110427764866,-0.2600201603470373,-0.23788960404380538,-0.23193777281421604,-0.20409498051561376,-0.15253677850638547,-0.10365768704956795,-0.1010107187539084,-0.08976343048507551,-0.0725169627937872,0.03479313331187549,0.03671707074358941,0.029469540033597544,0.04111775676260636,-0.08975741361152086,,,,,,,,,,,,,,,,,,,,,-0.04435649235759535,0.12506977572359576,0.12307341138584374,0.14026935462485426,0.04991420911071295,-0.025901740314633128,-0.04009501303111155,-0.12343580908820903,-0.24456118162084997,-0.20671898213254528,-0.2808405204010691,-0.4555559876938187,-0.3638434889217797,-0.2585553756197667,-0.24958841890597738,-0.302346991403076,-0.15958304515384503,-0.1038810521048991,-0.15678908750049672,-0.05541539555948099,-0.011514352900335333,-0.052780898323422996,0.026991059301194265,-0.030938877942985058,-0.14325554723428946,-0.021878846757540697,0.007879527946699053,-0.001935486512711421,0.015216614463695856,-0.13937158168424138,-0.15067655297002477,-0.1223512226332085,-0.12954586624251452
stat_35,0.7512221393285007,0.5026053367451802,0.2960151792056438,0.171238095614944,0.06520977327427044,-0.03211085361362417,-0.014227071995045297,0.04282322005053761,0.0545199280812008,-0.02920232419173719,-0.046184237825336566,-0.05166813169378384,-0.10646805406670747,-0.12268667245186607,-0.15130546081414445,-0.056371945456332756,-0.06949101066425432,-0.04398869287578962,-0.03241955959800185,0.002713759936885347,0.022710163207185257,0.09163684052601678,0.14262895768702172,0.14782443295211697,0.16550426532780593,0.2815519589154956,0.3939966859298325,0.39216752236783237,0.33751609354952955,0.3277283930947382,0.400044202783486,0.4671545372244807,0.46281636116113023,0.43650708277229083,0.4428746369349321,0.45958722579364353,0.5242849455830614,,,,,,,,,,0.4363477077304789,0.40689123784425685,0.40224591488724887,0.43826078601780905,0.42691193315685055,0.42976240534214594,0.35359302171994866,0.31023253575113807,0.3574420276035955,0.26367149741719575,0.2378750810746719,0.2510416297851576,0.1664901091129108,-0.027644769191680185,-0.1848650338902781,-0.09395605496999536,0.03302146303050936,-0.06783411267138958,-0.19378404094395518,-0.25590238775773827,-0.1912631124052101,-0.01062564896232846,0.06550990022158995,0.044249480815954104,-0.0413010032995484,-0.04519025986151891,-0.20511926946939638,-0.26056270284346905,-0.12234369444024487,0.08268842939181965,0.36832382232080924,0.6584281145371992,0.6677622204781828,0.27672918784519474,0.5907463033670773,1.1208118962435785,-0.07059796619391936,0.05621715712023614
stat_36,0.012781978522843887,0.11764590249076842,0.15579224803097189,0.203432395925063,0.21130216830747642,0.17330305830123946,0.12812955618226995,0.08759838204672442,0.10789772164941971,0.15742651939026758,0.17987738044267776,0.1760774960264558,0.08293710068478477,-0.04066325969645356,-0.1053885249487395,-0.14797193118898447,-0.22955200032350193,-0.23748745445127062,-0.22615244028054843,-0.16875241216213388,-0.0730968980248954,-0.03645753243612555,-0.019428242657491258,-0.017063967057573216,0.001854696786886905,0.01854457986694579,0.04467294625969175,0.04280125668646472,0.018056227465586046,0.008867069098857448,0.0563706746521625,0.0026525685599237928,-0.04012979581416584,-0.05065913055685844,-0.04488523608945634,-0.04999705566976163,-0.03939201580294677,0.031225674514621597,0.03177619918941874,,,-0.17892199659398342,-0.11138780366063838,-0.049176832817016805,-0.04583909109553935,-0.01533898315312003,-0.03772125009004201,-0.04520043035130076,-0.03736563006469417,-0.10472613978236284,-0.10881187244661254,0.04021194691102127,0.15081920928372003,0.15591029490595226,0.22438890693202262,0.15796713868421905,0.12775280450716428,0.054839371042127785,-0.03541406758122657,-0.27822889136509577,-0.39530646577932177,-0.3741402117095031,-0.42624725437419464,-0.4642057355553511,-0.5559107515097902,-0.42493644347871423,0.006977324631477008,0.11074110497408793,0.023815438297869716,0.018356186080953463,0.016478847821122813,0.15094777148144325,0.2386870977961822,0.16918148265202448,0.224422685035547,0.1580649973262125,-0.016929480120536244,-0.20921551980868064,0.1501165152635443,0.1794159922283366,-0.10691743967870354,-0.050623073563844864,-0.21348708426124532,-0.13526648490679563
stat_37,-1.1594013000869485,-1.2782491528715774,-1.3779911738555812,-1.527555049828462,-1.6760756070585183,-1.6072265810822064,-1.357782207575762,-1.1362602925383047,-0.9648503012724776,-0.8075749291506967,-0.6995756856693409,-0.6935368310229496,-0.6201722522791668,-0.6076828437327462,-0.6041661029263115,-0.6335760208541802,-0.6251146232416004,-0.6024945384811976,-0.5797360243022646,-0.5186483634826355,-0.47817373679971836,-0.4006069648873209,-0.4059801541481364,-0.404860025541652,-0.37132023361312705,-0.3333815110657369,-0.28392881690022526,-0.28232923224017276,-0.27887351852403647,-0.2843685806177521,-0.27370268579175383,-0.31341691029412067,-0.3535733613287763,-0.3890854757013652,-0.3968312818053804,-0.4209330588647265,-0.40952108455981967,-0.3579026001320568,-0.2994023992550637,-0.04459267496870662,-0.007022322177167837,-0.15025193813445956,-0.1412336443935022,-0.07136538936427189,-0.16288209123636563,-0.17728258853973708,-0.24940609587563276,-0.2664904848412718,-0.23656228543209185,-0.22698870280926886,-0.1763335830172618,-0.1164482261923182,-0.023057465366134726,0.02897970894266359,0.04367664465432589,0.009236313403024436,-0.08499743575982678,-0.02112733504008316,-0.08831312210783157,-0.25550318780831194,-0.22180719267621382,-0.3649891609924541,-0.5402518672826617,-0.46679406813504204,-0.4177349051458833,-0.33208999081643714,-0.2476413487618225,-0.23789708404069695,-0.43000037800046903,-0.6517500514991068,-0.9825362913400106,-1.4431538793866938,-1.9277930436481625,-2.1006493013097223,-1.74707017773851,-1.356615777925026,-1.254542269953259,-1.1637237355579935,-1.174759878856813,-0.8791070260524138,-1.5333518419512402,-2.8478041917851975,-0.2489864941879967,-0.06749160433833404
stat_38,0.09672538387543632,0.13363395693032656,0.13373052417533896,0.0874403483106022,0.00212047345997652,-0.04464096712520914,-0.07238613475609261,-0.14973259117255358,-0.204078361928742,-0.19298924999267517,-0.16063100052487753,-0.15935804968654052,-0.23356559035365063,-0.31053853074040266,-0.37087731647815736,-0.42462171788151826,-0.41049802572558475,-0.35755163765540665,-0.3416832069158709,-0.2460501216253355,-0.1683959336719517,-0.18957287312331347,-0.18641470111266104,-0.17648538411815443,-0.08702764244714596,-0.01437771855786531,-0.004840631273581722,-0.004381395808016156,-0.04011041906935979,-0.059892971617049595,-0.09523369784901507,-0.13804673383897617,-0.2005917368732323,-0.17625738980389669,-0.17562432643079773,-0.1346353504505587,-0.12405195229707375,-0.14862010328357986,-0.11285729903568534,,,,-0.12001204075215173,-0.13598163017303333,-0.08976258195108215,-0.09837219066194822,-0.13314566500176997,-0.06223333480502004,-0.05945285234643093,-0.18745047564364556,-0.19943577572150262,-0.0864900634715172,0.05217873623032386,0.10720173107004291,0.1377786276637339,0.1288910784719734,-0.02153960782740308,-0.008647156785569349,-0.05064417317749147,-0.20882344036311218,-0.26894555041070467,-0.5461801244864399,-0.6794840747604926,-0.6480552185715039,-0.5556749195332138,-0.4549760137874154,-0.19123300317722491,-0.04278326198202348,-0.15884213361656266,-0.3000675142768379,-0.2371361663068484,-0.10714264317326308,-0.05317673730689622,-0.07906296307872347,0.019540063645343046,0.08623378396146408,0.11758749981410127,0.059720946701543244,0.06885929512959743,-0.10025351080658117,-0.15050294739704367,-0.15230740714808214,-0.18526435864512095,-0.15286916116468136
stat_39,-0.21467711462264227,-0.21965124305090808,-0.2164430296319517,-0.2564328613978154,-0.23783093075307774,-0.1914293034647399,-0.21627874591507656,-0.2386636476980432,-0.28618505378528436,-0.3269427441715771,-0.35066399995472214,-0.3478919671597118,-0.35114207566705063,-0.3503593483628848,-0.2500156757548015,-0.18066716726278284,-0.12171658546634632,-0.1283212341943947,-0.1162416994515686,-0.12458109523710328,-0.17494595158773624,-0.1661649965326252,-0.1624810609428275,-0.1557648539981795,-0.1548791597957107,-0.17708979817610174,-0.17263062155169404,-0.17544755239334708,-0.20295062597442312,-0.22253969895095166,-0.24796393814467618,-0.24177663267423874,-0.26457539300866406,-0.28216161998697675,-0.2762438252553482,-0.27416930166800535,-0.28708322395931746,-0.2577043125133929,-0.22160021616620929,-0.027523715769525288,-0.06950167264049673,-0.14736477217919106,-0.09433973955842043,-0.08902833795255587,-0.08118262493644117,-0.1336091091752716,-0.19977748674727958,-0.19586109284258288,-0.205429827244794,-0.16943231216775,-0.2115997251472006,-0.20665163351770713,-0.15714309594791578,-0.11596039034086399,-0.09968563261658275,-0.047749248690933145,0.03273623963859293,9.47310478430535e-06,-0.060260703500230064,-0.09674744691529122,0.02392844561332231,0.18010262914529054,0.1922303623681246,-0.022425946476596716,-0.18059831619547886,-0.34358173265205977,-0.4530744203878071,-0.3182217835734405,-0.19922388888671058,-0.13563899643064706,-0.12026567074756837,-0.10102055920723402,-0.10624512820330406,-0.2859069870046865,-0.3740905471805193,-0.3685730636907774,-0.25531001419389193,-0.17098252841919503,-0.21773131582640062,-0.2609594556327662,-0.22796481175593084,-0.6546425029781715,0.025019833334419334,0.2852778413416042
stat_4,2.2812191585722084,2.2502153194606094,2.254645733076166,2.253582585170383,2.1856696958104256,2.0004093441641535,1.8486839288278667,1.8012607540572,1.752691193282336,1.734940114006286,1.7268911095427497,1.7352147040436403,1.831125337545776,1.8147522467977673,1.6985515331129326,1.6659311935173247,1.7048822233478744,1.8059185425487945,1.8435199445242083,1.8903077246620879,1.8456688078205525,1.729558665686307,1.5114135166801448,1.505032367792107,1.622507600150221,1.7172527562903264,1.6678042894677425,1.6654496976108777,1.5922021560654946,1.6078962546715487,1.5529910400525144,1.5549999837205692,1.5608112467695927,1.5816944994654603,1.5810254210057677,1.5156413590237028,1.4098336474019362,1.1972040070922532,1.0630245668400136,,,0.6610459778689546,0.7191687929796163,0.7491897450682489,0.7787623060837177,0.94081650150962,1.222760023511423,1.3759743595238445,1.5733964874289768,1.679140123322208,1.6897618105740673,1.627781854591767,1.5839189176059325,1.5570356406690835,1.6787270240432186,1.7899456197278965,1.576527254593365,1.3478188197301098,1.5962298392797578,1.8248144224059941,1.9290143077526933,1.8523092017333693,1.654876758264967,1.6196726571856168,1.8402550397068596,2.0892743272195626,2.046704118374757,1.8413334309452107,1.7877939002227607,1.8264932744534605,1.9323485667449212,2.036044015318325,2.158821837508875,2.4098300174127276,2.5064991449304097,2.4569113348647678,2.4480685155894952,2.53093185537503,2.0049700149918213,1.6988285677005948,1.8399723301188686,4.003396525274454,-0.5482346801412625,-0.5885838420480685
stat_40,0.32324396842667713,0.29055604310673333,0.21201295201922124,0.061928450179410434,-0.02189597778384515,0.018714748049943133,-0.010227244303634296,-0.06763043033863864,-0.05840359069926463,-0.018558398848965756,-0.012108767987974825,-0.015622206397456028,-0.03451052034618992,-0.02270778101800677,-0.00880292990667557,0.004860053468203617,0.02840276802958669,0.014378342401355498,0.021479841941784157,0.015810129400781078,0.0267172321981766,0.0915443335918487,0.12975466912056202,0.12913770264822919,0.11380253383663021,0.02333593074610339,-0.04594201584251568,-0.049081970489323716,-0.08501861659662044,-0.11592026773545283,-0.14871063965230685,-0.15471804146015314,-0.11913446731802314,-0.13854373889846516,-0.14364605336509262,-0.17870720027377948,-0.19538289776129072,-0.17609765908494213,-0.1341413168736212,-0.11396859597657102,-0.13417275807921153,-0.16477428194439014,-0.14296737477004318,-0.14387223983314554,-0.2988744207387249,-0.33600096859350825,-0.3818432741744981,-0.4345312287875446,-0.3889371781139565,-0.24124054639758608,-0.15453483244140964,-0.1270982626192977,-0.1828191834571286,-0.2572372976837779,-0.22022626709697937,-0.028330163839180154,0.13273560728451977,0.2309408036600843,0.2784438905339189,0.2050349794520599,0.08483828386873242,0.04475919872112633,0.03161338897943941,-0.0158843687524829,-0.0022075796622559878,0.08322889245675649,0.06038114171248682,0.0008735836281880725,-0.08209403826763326,-0.10399820561662665,-0.1143016242948906,-0.12429780578630675,-0.050556591266172825,-0.09515020837454503,-0.011092849615297037,0.22955257439674875,0.37053166436397456,0.4448636149172518,0.1061324765456509,-0.017191282772248892,0.21486935574718616,0.2480310124390519,-0.2803149825972874,0.14294044273594497
stat_41,-0.06776740450313035,-0.05396605773903441,-0.07916841368929131,-0.13293395914671752,-0.05969637925019644,-0.002926752431090458,-0.04769849355871131,-0.06276139458079245,-0.12131200715501751,-0.19883119976539038,-0.24135689633375706,-0.24328186882743072,-0.26598781670169597,-0.17176953453488378,-0.18176277956142833,-0.12334439669860583,-0.13444833821540056,-0.18442063774330802,-0.18286170071009272,-0.1559646723150854,-0.1537836728088862,-0.13966588174867323,-0.14912096587529916,-0.14308875001760113,-0.17025285657997213,-0.16750087864192575,-0.17300937805962344,-0.17207504226490708,-0.15438015660449178,-0.20694217487056013,-0.2513546717780225,-0.30001211424566265,,,,,,,,,,,,,,,,,,,-0.24163254210776705,-0.2532438793017239,-0.32499437559788763,-0.19216440126509987,-0.1601404394496308,-0.1849178156730104,-0.19778338478684887,-0.10058728402956213,0.015451306510400784,0.04660328734173795,0.05384529654634353,-0.08758027705171958,-0.1601510907743044,-0.2262138987396389,-0.30562783404876576,-0.22803999563748,-0.23590143696713722,-0.1846063398326744,-0.18321976256156433,-0.17536925515485774,-0.07529640374449734,0.024635537809754478,0.025333477886409557,-0.14210801861502592,-0.15355151789356028,-0.017791297921630016,0.11146586772888346,0.12763325296705427,-0.09959794520880133,-0.20545504554652896,0.19036743570881187,0.14882493719539616,0.196758595090034,0.14850859938924957
stat_42,0.0010020834979540274,-0.0019255059602574277,0.05620038929109322,0.170354328147401,0.16930957228487803,0.17218647746379712,0.1328941929479304,0.08761059474989373,0.07499009990177036,0.08901353668356389,0.06303826852899624,0.06108230583329831,-0.022630809073754032,-0.04988265383689819,-0.05260976937809173,-0.06327933980019397,-0.06848960461977159,-0.08738450689024356,-0.0911290157652518,-0.05500636165306874,-0.10871068736082502,-0.1542296918266139,-0.18345715055217868,-0.18457804977045691,-0.22315951685794863,-0.23522821616037365,-0.2460641645397591,-0.2449210532477409,-0.23979555034714758,-0.21545107176452719,-0.22147542470764925,-0.2414823865371099,-0.23992323982536434,-0.21111315992156257,-0.2068760704223532,-0.20224904878336236,-0.20600488757631158,-0.19413836961388187,-0.19475648587350405,-0.058495360356852204,0.02171119388968858,-0.0013040441319077606,0.050190020331914706,-0.05362389257724245,-0.07096341675669146,-0.14531807573329825,-0.18898170618582835,-0.16604790048439855,-0.20932450254073065,-0.2787684703749437,-0.323787966331312,-0.3162786760912318,-0.2823105743317073,-0.3527501593606196,-0.4004075964256128,-0.33940921264489154,-0.28506548918500135,-0.26104264161184393,-0.2100688274200612,-0.1549133537764131,-0.16626422725457493,-0.3048210412667543,-0.27506480007922574,-0.28268569320994485,-0.27428614617941255,-0.23322932878160538,-0.04072658737114723,0.12193402598358975,0.102023368368482,-0.016755881672580103,-0.007684227172639206,0.1334840553574726,0.17523178159762107,0.11650369379816515,0.06344988176328982,-0.04419895208492137,-0.07082249934767422,-0.013665838226128558,0.04907186338773233,-0.033290995635743004,-0.006310788711373168,0.08651594015331159,0.07437298541339406,-0.023925053555870986
stat_43,0.5669751286405256,0.4140019883503085,0.34712381423806277,0.21560676332870254,0.13472392432889715,0.06207480380352316,-0.07973245117260337,-0.15903232147947693,-0.18780043832751375,-0.23656398451618746,-0.2718334936241711,-0.2718236832450978,-0.26973526748319737,-0.2594324612117237,-0.2727259791466709,-0.3222116474523144,-0.3168178153719429,-0.31450362181188907,-0.3053307213206019,-0.25630882083766937,-0.24814513163948157,-0.2531739101329564,-0.275196369451445,-0.271841518904266,-0.2881086089421429,-0.25438255647349894,-0.18552411301928864,-0.1779091593509184,-0.13692413799146128,-0.11234653380817214,-0.14389268525812937,-0.18034882691727175,-0.21394149457317857,-0.21544489447063853,-0.21382837178480718,-0.20150912266505258,-0.1330770132886353,-0.10187733763642119,-0.09711638404311088,0.01775477647043115,-0.0013531682557567926,-0.050883311857951904,-0.15095046210567672,-0.15058391243359623,-0.06563557562606144,-0.07099145733857279,-0.10592391448026409,-0.15028016412663484,-0.22027751206729324,-0.24156408927282022,-0.3026388240557887,-0.2909800230669529,-0.1905976744934381,-0.23447839411384924,-0.28835597212188396,-0.31119904738025295,-0.3897547881675969,-0.3387798205547022,-0.2651118394061532,-0.32478585415773115,-0.46839537546151194,-0.5926898028398352,-0.5734858968159351,-0.46609367046863914,-0.3652513670538206,-0.39476380454144555,-0.5050456881743886,-0.5897262869164147,-0.5384566801767137,-0.44299573323271535,-0.4500691171082058,-0.3516888040837744,-0.06149083532652177,0.04943181309520529,0.041073862898125625,0.13823916028511385,0.276860558492326,0.5678856392139349,0.5021953083434546,0.1929500388253067,0.6482772298901146,1.2810976801820781,0.09563333256444258,0.046954889480231944
stat_44,-0.33559246359183403,-0.29456501695330084,-0.2774041671205669,-0.3009145206057417,-0.2998850884309037,-0.32801995038378795,-0.3521008622630861,-0.3813701739596787,-0.41240775561586096,-0.40675848500009193,-0.44499151946071974,-0.44646371530217105,-0.4104069862113078,-0.39736963983702994,-0.34954122762991224,-0.30335435067791205,-0.2511968414716,-0.2311472005823278,-0.21880088397347572,-0.1568049629638876,-0.1551275721084962,-0.19206815737940866,-0.1788102263110791,-0.1691848281581785,-0.15459756631950447,-0.176167028722068,-0.225095721898333,-0.22492152140907326,-0.23278746848993412,-0.2691441943647829,-0.2548302299916079,-0.21635648642834635,-0.17881369713410317,-0.1630547641556263,-0.1635870941018609,-0.1536755234728459,-0.1654802439432807,-0.17897698876472512,-0.17143142553294494,-0.05910342281993537,-0.0730656191931517,-0.10021669314254196,-0.1337475148177739,-0.1100537450969901,-0.14383289071739708,-0.1039072439995916,-0.0848400975644847,-0.02077774510047372,0.013457963807307939,-0.02572544790656183,-0.004922487065546148,-0.10743544309138615,-0.19501414684912674,-0.17934974601847553,-0.17090941883649716,-0.07139030344861788,-0.011072344072985437,-0.11582852378810628,-0.051683356714273654,0.05993103142035121,0.08092286240163701,-0.0010638772199620416,-0.13494529904858907,-0.19056582901600186,-0.20458533472842083,-0.2677237930328304,-0.44271557494470376,-0.4674416665706463,-0.374096255966761,-0.3400019195574677,-0.3693637394467573,-0.37217883023688947,-0.2957085145753003,-0.2901222855629891,-0.23624643039296936,-0.17679746585650016,-0.25491533994864163,-0.38284875880964464,-0.37973957566807887,-0.4172357311409581,-0.24558483675610152,-0.6742101389525291,0.21571828443702465,0.2039474502307863
stat_45,-0.10805567615863752,-0.14978810083288005,-0.17551285331228994,-0.21823646392676,-0.26601588328724385,-0.2617551256608419,-0.3381619939480277,-0.3789671545125219,-0.4258917022698035,-0.4259162405904291,-0.3914184352765303,-0.3903321400896306,-0.3921307637994472,-0.37396015581474157,-0.3136874863695106,-0.27435084824710393,-0.22039672995871573,-0.18572797764910537,-0.1781955433385275,-0.15465970579562074,-0.195386058409406,-0.18903026879443416,-0.2102882583714882,-0.219265811427477,-0.1978460892868691,-0.24040917634488065,-0.22434630355612148,-0.22131740085559476,-0.19570581013539717,-0.18898057897177095,-0.16227858552508378,-0.16020461489927315,-0.09184649840074616,-0.052557452248774936,0.02116697326138684,0.026707714444879595,0.03483712192967141,0.028793798434819332,0.17989487167723955,,,0.1870250766627896,0.11147090091086466,-0.02220848310690707,0.2427535126306538,0.16240544004188212,0.1902411906837785,0.21833997817372752,0.2138102233371987,0.07369398768205464,-0.09284518094910206,-0.14581139563828863,-0.20901085122295845,-0.24380555141089222,-0.26285313112005004,-0.21444934197958032,-0.1551779714045342,-0.19110777511575291,-0.15891186239650204,-0.0874561266205028,-0.07367367467774039,-0.08037340690734139,-0.13746363000227743,-0.22190817295376297,-0.32366310837978296,-0.37765992114659935,-0.43495351593334397,-0.5048341785552728,-0.49511610353415014,-0.4831757100508362,-0.40741269682687786,-0.386779993796579,-0.3706316351711714,-0.3130259314008717,-0.24165943162590617,-0.20360560831707947,-0.11177061750708066,-0.02091026001881711,-0.23939280406753205,-0.2742370483910932,-0.2076051111812307,-0.42873548265645606,0.1604411947857551,0.06846907064009308
stat_46,-0.11562255006627976,-0.10107158397520215,-0.19386318197168234,-0.29283387863756066,-0.32781723467997853,-0.35124197361960585,-0.2857382259819131,-0.261974548205357,-0.25156426147470673,-0.17069116527379277,-0.04619683104126408,-0.041795410924738936,-0.05599244205014054,-0.12447711574466644,-0.10156106357282456,-0.08914090732854624,-0.13448809767351017,-0.0866003244900551,-0.07364680346337989,-0.03535999208731322,-0.012813135097914045,-0.01965873277462087,-0.060639138730364014,-0.07046520877597295,-0.16083481094421603,-0.210068466389608,-0.2228503809033107,-0.22356475918708368,-0.24509890117744942,-0.2554660742251415,-0.2576221258520685,-0.2630152960385229,-0.27478926104570833,-0.2624319607009773,-0.2540093314483472,-0.22559785870670673,-0.22349968164719605,-0.20770317728625332,-0.18820567520934747,-0.03400751328886518,-0.08764525039900803,-0.057311577130853844,-0.08394267446827972,-0.04765789540043222,-0.09110565291492924,-0.14368981107576448,-0.14866493827295624,-0.07678888747270274,-0.11113976032982177,-0.14886894133310488,-0.20552326606169924,-0.3136956583192046,-0.2900621175948289,-0.25862655434447,-0.26952213376802686,-0.21417012668669164,-0.06611034094718184,0.046944442043376694,0.14569439651699423,0.15263416919141576,0.1273421801457687,0.0940708767659562,0.0918077023360822,0.2613480721126528,0.2602838744513285,0.13783039042540604,0.06903114729186026,0.05754322590827363,-0.1026741842233523,-0.2071007105202685,-0.2192684567536312,-0.28697380158685154,-0.40488466128252737,-0.3239076528087638,-0.20359225759161706,-0.03308730620482821,0.022047266990952042,0.0011450835987087998,-0.3049578533411578,-0.3794164248069491,-0.22993685323381155,-0.5763710313860355,0.21882099950852188,0.1672033914756277
stat_47,-0.10202202883279893,-0.020882941112341093,-0.08480603793216247,-0.08512950995036754,-0.1018497471573378,-0.10872830187515335,-0.017399970211388102,-0.04013226231791396,-0.10257626569439433,-0.1169705055150505,-0.07729669060934947,-0.07725945389421117,-0.08896281167616399,-0.10640531855261723,-0.07245605704193135,-0.08937525327865835,-0.030439596388128286,-0.028205153758981923,-0.026883379528954355,-0.013699642873305447,-0.011609850931270826,-0.011066768640313097,-0.004120654333219122,-0.005918943871921661,-0.02123381999133227,-0.10162850194351046,-0.0954949269807879,-0.09127369219344761,-0.007838944917545311,-0.05810906593627293,-0.06582374824350959,-0.05046149992508245,0.017461068480249774,0.04748542343507673,0.047388237929297666,,,,,,,,,,,,,,0.1509079574780327,-0.02390224579706812,-0.1013223077949153,-0.00660173258377224,0.039227797054280644,0.027633736945157215,-0.13941252379151373,-0.10775121140869719,0.00473469164083459,0.029602384111366536,0.056206065368812404,0.08621682805423193,0.10252515909478249,0.08087221722309447,0.062416080176187716,-0.019333754420675246,-0.03050341144546597,-0.02340652010735867,-0.044875032851727475,-0.06926227976576083,-0.14271603850681192,-0.2525861546084992,-0.15098504182847744,0.044476769982710315,-0.26636278076749753,-0.39115623775600966,-0.27554840314536044,-0.21820778995585863,-0.03726100321262728,-0.17370459190454512,0.0790824743464875,0.2348268075476229,-0.28598944386393427,-0.334023714338711,-0.2852037136769879,-0.10181579020775229
stat_48,-0.8244087910812,-0.8214422395217622,-0.780541924801651,-0.8425047926434441,-0.8092541202450945,-0.7762631443862403,-0.751840405939077,-0.7630190601586276,-0.8004547349592614,-0.796595543739563,-0.7409338745974055,-0.7329840035196848,-0.631855350424737,-0.6294660382634985,-0.6214087953611108,-0.6306359955421729,-0.6926743959794373,-0.7045330219948244,-0.7007310541406007,-0.6608179427500864,-0.6215225710115452,-0.597653145601822,-0.6016387249799936,-0.5975747202848861,-0.5783221469793832,-0.5327456604514782,-0.4860081299798771,-0.48186777303570155,-0.4482523853799555,-0.42083812072494514,-0.4126197427447173,-0.43746925305838325,-0.46537376696398614,-0.4813226891255591,-0.4804583059962955,-0.4352517531392693,-0.3995620324467612,-0.4023960631646418,-0.3842096200570065,-0.048492296620640495,0.00044443489856261224,-0.16322600016726452,-0.07899525480962444,-0.04960102424982902,-0.10859888824114772,-0.17745974206348886,-0.22483379382278174,-0.24922365258012077,-0.33929969063364324,-0.40011303882290417,-0.4292639365495307,-0.4203346648749513,-0.3553138930400245,-0.3516010552378604,-0.4245284412955777,-0.5176939629447999,-0.5114253880953301,-0.45890304912147717,-0.48356537469160804,-0.5863334661161045,-0.7069509796614476,-0.6977927218996205,-0.6174585887933643,-0.5884996578792752,-0.6522080273858203,-0.571887587271088,-0.5475619985402995,-0.8531355665310145,-1.0099093748570578,-0.8761717443554418,-0.7436260986092391,-0.6148298524187178,-0.7042886653417681,-0.919146751377774,-0.9430811847081187,-0.8868652354264487,-0.9619763424194708,-0.9921613869528066,-0.7377976301554601,-0.7581915498972874,-1.0147197552395,-1.7411240973130064,-0.17509444435475963,-0.18581479962218198
stat_49,0.6906135144817575,0.6985285397284067,0.7667310097582907,0.7784816092160409,0.6856583439899208,0.5965636747962779,0.47437782424143815,0.36165294455999436,0.2928111394091931,0.2890856694845092,0.23405066099187835,0.23088608997468527,0.19441479123762875,0.18449513448339283,0.1746620575116204,0.14998703385760154,0.17010149051959816,0.13638612900747077,0.143061734408485,0.17595565695941057,0.11457323089457133,0.06071121619319238,0.012739696097606907,0.011716821629211956,-0.0068860464772713716,-0.03439654682566589,-0.05087429095014737,-0.053773061841022665,-0.05424051684443541,-0.03117017463971615,-0.07375769628281585,-0.09657433294418552,-0.07851538439360936,-0.05689980232590959,-0.05498998933064024,-0.04052904737691026,0.02125341519008465,0.04552606981644133,0.03202885630497218,0.053040523826814,0.013694650216073825,-0.017023424384372977,-0.03205323231674893,-0.06146081235238674,-0.11538086077203007,-0.05649897931875114,0.02370520624686592,0.009205490232981107,-0.10278799094020305,-0.17203391568022308,-0.23997852477745835,-0.28340322834155995,-0.1994013000100087,-0.22592106935690534,-0.2462051858284522,-0.19870413149791405,-0.17141188521447837,-0.13480013820210485,-0.05145522473985256,-0.014033026859940177,-0.04110546616406701,-0.14235579750266306,-0.09880262554455017,-0.10774840511722912,-0.14976636721673495,-0.12611697486089732,-0.015272566522948748,0.09758190940373401,0.08313716534477412,-0.006441836170805677,0.025661432795745526,0.24980848549653567,0.4741120094710459,0.6371982968709816,0.744016884196084,0.7461178791043374,0.7636388152723775,0.7955949489891448,0.5696562305846306,0.4305283422812793,0.7186684064218565,1.342711762946099,0.1410042211673963,0.1109943664289883
stat_5,0.4375839575521165,0.3936389045315583,0.2554275087487098,0.27243999238054656,0.28509096424594166,0.34901873689559865,0.4294625145467902,0.45841840776710185,0.35487374446411724,0.33141029549952666,0.28747462736570895,0.2860736235578031,0.15866887604215246,0.06749457649560649,-0.025156980087739533,-0.08129654750927287,-0.0006029119485974166,0.10795065745608459,0.14379828670939854,0.27083954149010714,0.3634943304518341,0.43818200238078187,0.3908623283190852,0.39077918270158835,0.3407455276649298,0.255102013471508,0.24351875867498715,0.24451554099617032,0.2721464702976891,0.24868862703934247,0.20630928493975778,0.17681256424517314,0.1421711964613021,0.13929806340397272,0.14549219469268404,0.1720394211030578,0.22014832573701915,0.289435746859679,0.1162423720337281,,,,0.12059072319064551,0.1131140928664831,0.05376275638234387,0.25997901317850186,0.14794018158189773,0.03546285498887586,-0.0010563595963338122,0.05461802009498294,0.027957035634858515,0.05662326624021045,0.12340495800109533,0.20993575307706525,0.22403028486654436,0.28929668148777565,0.5059193124884528,0.6817842176903729,0.7468330479329719,0.6706483782844074,0.5657294282228087,0.31353029039042685,-0.06903646263651093,-0.23367605480084302,-0.029701641779926853,0.15399094686370912,0.2730728587892133,0.37888092247446287,0.4183704679333347,0.4957395462960113,0.6233790234178785,0.5712759665585564,0.32454679142668524,0.2333628149440595,0.33421468013617456,0.3641541836820339,0.4247718471470227,0.4632272241083174,0.2012406494763855,0.1978969720340943,0.04767284060038588,0.3805073387879136,-0.18293409172743033,-0.3696853715613411
stat_50,-0.3741895388340153,-0.48270062877480824,-0.4423582952343125,-0.3370360641191055,-0.30989890820052696,-0.26293227202604674,-0.18446383567049376,-0.13502487194714827,-0.09351909637420816,0.005118495023148855,0.046575400292998004,0.04628611017312587,-0.021402175461879783,-0.05779407070975754,-0.06487538823301331,-0.10780601565065807,-0.12683673256692463,-0.13639636785478707,-0.12976075864082942,-0.10488770993098658,-0.10128400489994124,-0.11431457761049221,-0.1401714424872811,-0.149947350084497,-0.18767736856391393,-0.20998401963906063,-0.23581657554519286,-0.2352868393184489,-0.2232246165973917,-0.19144182701767146,-0.2588183324529443,-0.25497776090638186,-0.23638640092038365,-0.2436566405814651,-0.2454945531963557,-0.24964673723009595,-0.27898270677454523,-0.26194508761067636,-0.2545380575211205,-0.05208582725198439,0.06260342003885047,-0.030563662664640105,-0.04142008748218832,-0.09247496268311432,-0.12949194375688422,-0.1611348604498055,-0.14611810833652977,-0.06491944424944297,-0.16459261816309267,-0.2925176528497282,-0.3582563223440574,-0.34819124154049597,-0.22454294282787868,-0.2893635084975698,-0.36356979781191634,-0.31081990112839725,-0.2561004863038424,-0.20314198829112776,-0.0980669799914901,-0.03021113560415081,-0.040898071870366,-0.10227632624358073,-0.04521875341577424,-0.0017254886924943174,0.055996367974908874,0.11484189811094084,0.18604812808803117,0.23504282058009668,0.19975850464227637,-0.029647832948835714,-0.1660852885036914,-0.16159055116396218,-0.2841203339102325,-0.33591991047955727,-0.37113258527329707,-0.6322251601653924,-0.6557023907636388,-0.3565490674891986,-0.27442953514335,-0.09368224428233031,-0.4244652471168731,-0.6826659391193737,0.10754740515557269,-0.0637728596369805
stat_51,-0.19970893932726919,-0.10624562562618685,-0.023025872556464082,0.05523951922937754,0.0578539913569789,0.04670152863585161,-0.008667268640402327,-0.08302121979038043,-0.1101008036125392,-0.1521550137165853,-0.20722774772475525,-0.21116153405473395,-0.2473456492807587,-0.2524425422148416,-0.2782549406876767,-0.33181069852315725,-0.26489502530258935,-0.25514148713468776,-0.25712657045248133,-0.22879560309966923,-0.2725185347825216,-0.3095447961877535,-0.3669663566957183,-0.36955726118333043,-0.3871842656641895,-0.3638039481184433,-0.36477725388172244,-0.36231669422005564,-0.350719486387218,-0.3082241670825748,-0.3117335861107106,-0.3413335497810696,-0.3366499816698305,-0.32132437609445114,-0.315829049756425,-0.2610433415090618,-0.20945559117943988,-0.17674312127678596,-0.18982059674080695,,0.02341753811327457,-0.048997904744638124,-0.09592887291555018,-0.05208312180427609,-0.0035436399133482767,-0.022098444442847143,-0.03423995488214344,-0.053801493981900636,-0.2184505575558354,-0.27563436139862374,-0.3333239505008665,-0.3386878909275471,-0.2713827205640006,-0.33794180500593185,-0.3991044158621479,-0.382525417376739,-0.3671649010759679,-0.3199097233878698,-0.25171836101450157,-0.18721666205894774,-0.1794321978725469,-0.28734050877653056,-0.3985405045332101,-0.42913479647251324,-0.33632262232834076,-0.25193866656188457,-0.22283920208810917,-0.24266327743795738,-0.2535585685820469,-0.2297750880654341,-0.21840558531287135,-0.0445260997169979,0.07806766370286508,0.04173780502569403,-0.008431138032588728,-0.029004916209740345,-0.1257492928536022,-0.22635652019648242,-0.19561075689312243,-0.28472639803905525,-0.14852971107730864,-0.30552802797046635,0.09342831990943706,0.07084845317440949
stat_52,-0.016358545790200935,-0.050982457803107735,-0.047017096472693615,0.031983223034732125,0.0632678765604022,0.17999100148690308,0.18289168354676205,0.184345952085079,0.1857476523887078,0.19428746198697636,0.14305816009738478,0.13974410357969133,0.0673280216999581,0.04668043864152055,0.02077715562693536,-0.021742025339105013,-0.0068540028708661644,-0.0011303939029993577,0.000428680348828373,0.00543024244868603,-0.0364703111094299,-0.07581104314174676,-0.1425731455071514,-0.14946745766942393,-0.19853468701741164,-0.22552082655061975,-0.2540821857265424,-0.2545381453784063,-0.2347026417363848,-0.20565216050610427,-0.2181102982045205,-0.23842491322788922,-0.21277831064935956,-0.22788849489560126,-0.22144052277048928,-0.17795577565821277,-0.10898374222295022,-0.11138646056966624,-0.11015995558168241,-0.030372601654870695,0.08652318676796075,0.04550107496329935,-0.0059446265834204185,-0.01655195493546978,-0.016109322118095414,0.010830062704348192,0.026723340400542802,-0.03218090258118101,-0.20301266953901176,-0.2908884525464072,-0.32827750180856796,-0.27658793859076547,-0.276825370324122,-0.3593479113791836,-0.4556260641435072,-0.38675081939222583,-0.28034796645749765,-0.23842535064147238,-0.14505770375301003,-0.06326504625452253,-0.11280634126995612,-0.23529141159131745,-0.22598238318493064,-0.18122136939415245,-0.16100164274337078,-0.14335324800015115,-0.003838542572619725,0.19771954074942147,0.24392169560730584,0.14055316366460482,0.15788816377401413,0.27235389837740964,0.19782021641000155,0.0344551723437818,-0.13026310837303812,-0.20103393644636136,-0.11631479239606797,0.006374138188271901,0.061525289466941926,0.02907246079729228,0.04067474938453824,0.1268844817503873,0.10122512068794383,0.07423464681649054
stat_53,-0.049554660760460945,-0.04301059590055002,-0.017456429813168733,0.04187035171612307,0.0578222347115826,0.17242718857206554,0.20938887678148574,0.18525891102999875,0.179622515116681,0.16526952825173064,0.124437513739403,0.12160669198108037,0.025021637389474823,-0.001288583533363902,-0.008351989727775061,-0.023743635413321633,-0.03878606362111697,-0.04560412133093324,-0.05129811274241567,-0.043206548740275436,-0.08156920905713039,-0.12750725468865837,-0.13681036663094717,-0.14368659141348672,-0.1808463484981922,-0.2295243166302945,-0.24480002872319023,-0.24580758939733185,-0.1925035229562853,-0.1606810514722024,-0.17650110805250213,-0.2190600222934998,-0.22833109346871935,-0.22777228757908796,-0.22901657728307973,-0.2081018845418879,-0.16227103366887435,-0.15947590185624144,-0.18889662177124822,-0.02627974656131282,-0.019265686768872022,-0.11831573120044062,-0.09942239149409776,-0.1719700926149345,-0.16347983913152442,-0.049282806041541345,0.01875321685548848,-0.01751139269565209,-0.1482426554408456,-0.1809306963721341,-0.17696946531645924,-0.20355391590835925,-0.17551141446835006,-0.25310662441209913,-0.34395313757816076,-0.29332507022982435,-0.22665826108976247,-0.18923179024144374,-0.10535617233791508,-0.0022468647630375163,-0.026499759543231298,-0.15170443780644904,-0.09824364774446413,-0.0864101630325031,-0.0998300921871182,-0.08293262911200747,0.022758602402107645,0.19234608472840745,0.2515251935104291,0.20502008647279937,0.22573814830311945,0.2870708458215178,0.14256645805748308,-0.03564033596238723,-0.043170831971662965,-0.050407418906474794,-0.03912565279990532,-0.07689255528718487,0.02538983322926446,-0.0958180247361692,0.02836312274796898,0.041322854913156876,0.17552527380744978,0.12439207386462406
stat_54,0.08377515677881481,0.13952159247264534,0.16991081620000098,0.20210734865271357,0.22562414872957975,0.28615703925216174,0.2548838321856033,0.19381179577757807,0.19655815604091473,0.20949669879971458,0.16190347274999314,0.15609185766192368,0.05640048165881625,0.010689571365396892,0.01266926054684429,-0.004807184685240923,-0.0022292278920817282,-0.004512120602228034,0.0014069219363801583,0.023904303725935393,-0.012005592670930518,-0.054496819340381496,-0.07309782010276634,-0.0814199775225274,-0.13068550341654758,-0.16632761265313525,-0.18234512054002508,-0.18594888902059015,-0.1549862930772495,-0.14096493039489047,-0.15306263885644802,-0.16532293130148762,-0.17076101913135663,-0.18126045652499762,-0.18506932634653683,-0.15157564850231936,-0.11345745739207161,-0.09170241983084183,-0.08895178728293676,0.02025165144995394,-0.07003002596694381,-0.012165984613042266,-0.11732232950673292,-0.14720912502299888,-0.08360172380124128,-0.06358101495722866,-0.032012406360881526,-0.033926799557825287,-0.2163886060711365,-0.2625931987894559,-0.28593685763771926,-0.29422354278671387,-0.1994720717401524,-0.24223652968204692,-0.3428772281906516,-0.28574538296122326,-0.21367323347038206,-0.18623297009086312,-0.1171749957660969,-0.04492847935489878,-0.06362409160948357,-0.16083548740712644,-0.14704493705063967,-0.11773530474839056,-0.15119938526358576,-0.16830502546945247,-0.10212259084724253,0.0917620785582451,0.23250935004428047,0.15023700002652685,0.08100644055732484,0.1779492009038921,0.2762494281808468,0.2436299047299225,0.13718597831667426,0.09174189435766116,0.12491127722736602,0.09498515393195713,0.06288443426477594,0.09831479533769302,0.05779977662178268,0.1557907856409396,0.0847430193841577,-0.00976922273005795
stat_55,0.4189102775283747,0.5567885511135425,0.5081281821558027,0.35082312309146685,0.19928482607585477,0.07759412405965564,-0.03257133924141151,-0.08909246484468786,-0.1662068210804881,-0.21302800343149056,-0.2467219743512244,-0.24810107281931018,-0.2621760328822437,-0.23106282339101647,-0.23710845614630885,-0.27455310204156863,-0.2583531201555888,-0.261729151385111,-0.25644203427796286,-0.20556501174119576,-0.2229542075208332,-0.26435651468825144,-0.28579457007761433,-0.2839844114868401,-0.2941538027128332,-0.3034049304203056,-0.2265506375209185,-0.21880165654732545,-0.16902511853452803,-0.1219522496959414,-0.15640820238453956,-0.20240857648381028,-0.18497287033175286,-0.18987314619524262,-0.18311699245504776,-0.15535988976427834,-0.1066064197646555,-0.06907725612928849,-0.10258543336700732,-0.01705303665896369,0.05364473706529913,-0.06777602934422389,-0.1298783091080905,-0.11388079535349849,-0.04987325492007294,-0.025186441798155813,-0.042842756127285705,-0.06321238405092962,-0.14473980252322116,-0.1954294031320188,-0.28659703685769766,-0.2841418831918551,-0.1876218638702234,-0.23069767813994238,-0.2772609351545296,-0.3117555233258364,-0.3860672530809918,-0.3119379476082219,-0.2346453677512293,-0.30467585946903136,-0.4802817352673902,-0.5422030782858351,-0.43652343572662783,-0.3328432057356159,-0.2577793962074195,-0.2957328352670152,-0.45120103016578034,-0.4952535289360462,-0.4402132719271747,-0.24824494701265382,-0.22645872207543447,-0.3334627558869404,-0.23352253647643967,0.017531076293064045,0.30369674782117634,0.541901505952746,0.5188856150270448,0.39129647894463165,0.3995077617126919,0.15325076480618163,0.4711344800612668,0.9265108280641937,-0.0016337639909107078,0.07456884884378505
stat_56,-0.19008466744482888,-0.1401948786988708,-0.05602582343423604,0.0773460976910596,0.11892497480237704,0.07997966291342105,-0.0223874401446473,-0.1738261305727772,-0.24517634446245018,-0.26828019663702785,-0.2815702490405096,-0.2819163299344753,-0.33735403356288907,-0.35396077138784604,-0.32143224119531383,-0.3382926968906115,-0.30047049258308817,-0.3026246448173272,-0.30085168332504403,-0.2441139202164922,-0.2582521406179366,-0.24350328232614482,-0.30582173544035374,-0.3167289806036361,-0.3279841936803447,-0.2984523886576219,-0.30142109160795294,-0.2993588286726501,-0.27499197395837294,-0.1818745526962696,-0.216443115384593,-0.2696500682696504,-0.31383720819107924,-0.2993839381457133,-0.2862881020751564,-0.2456927501259411,-0.21685231206482408,-0.17214624020917743,-0.16371657781269194,0.0011170105218470644,0.021634454951522972,-0.030840094618687825,-0.06683213471855719,-0.01192493725762734,-0.047754249947494366,-0.11585425361826447,-0.10084069141066158,-0.10556938289792976,-0.16824809307188998,-0.26321372961142914,-0.31866178976563503,-0.2745251823541433,-0.21098574538546447,-0.2784371457514578,-0.3257636991982212,-0.3067505771196553,-0.31911007636627664,-0.24293307392804356,-0.1379708724163468,-0.09006010956417572,-0.19492891745037058,-0.4112453877150362,-0.5380017171124081,-0.5565457269344474,-0.4468076390353057,-0.33840194685632624,-0.3379717824576628,-0.3325000258420277,-0.34895762442875633,-0.3803494533379729,-0.3804935332174911,-0.1271343644454287,0.15967299220846207,0.15132115901754195,0.030484924351861134,-0.012695350603162492,-0.1498712522092622,-0.23018861531046367,-0.1842823512216892,-0.24012678520156555,-0.15616499246751156,-0.3175180089565633,0.14071717863816874,0.09887758512115963
stat_57,-0.8447666606664231,-0.818917569316526,-0.7993745498412196,-0.7725025180540691,-0.730002899817993,-0.6082722387942625,-0.5253220944142247,-0.46900439418593337,-0.44348518968011713,-0.4527735948682376,-0.4835701439161234,-0.4858341579305819,-0.5415658675363428,-0.5644241579366541,-0.5716319299428015,-0.5591081873208342,-0.5158153202846169,-0.506005195668466,-0.48891870991299835,-0.40378185567990016,-0.32093099264667035,-0.2722876211983433,-0.26195510041388376,-0.26375066195612923,-0.3062348620986158,-0.26848847339520904,-0.31633626421700073,-0.31594298903526447,-0.28799286958562814,-0.2873971019768677,-0.3182499317534841,-0.3230202757714112,-0.32675424118122526,-0.31404602479441385,-0.3109005458652877,-0.27181210764792985,-0.2538880364011119,-0.285599851057367,-0.2654001816652709,-0.031636421402091636,-0.022294589334032052,-0.0013768147785650855,-0.06516796863493589,-0.047705528296158775,-0.07208740570930199,-0.09361635700810005,-0.020202558027940316,-0.002967414243784549,-0.1265995347744667,-0.19250057503260048,-0.2165067816345119,-0.2406700727942935,-0.21488434037760112,-0.25637209061402977,-0.3054634178833017,-0.24327924221011063,-0.19158896772837367,-0.13493754133231597,-0.07487240167191173,-0.045305667761975046,-0.15558077595311817,-0.3455037613391916,-0.448152935482522,-0.5176583131426838,-0.5854978158728923,-0.6406610569603547,-0.6187846713387993,-0.450355091971822,-0.31900976493380284,-0.40877701898899427,-0.4795189444174919,-0.4322707916043642,-0.6140967244857714,-0.7426664733640367,-0.7582626657354125,-0.9052191646040213,-0.9618989310264103,-0.8453259524998583,-0.6646627677852984,-0.7127302135460958,-0.561436090425161,-1.3090082526390099,0.4251510451150698,0.27151647653272887
stat_58,-0.11270648127783812,-0.21738003336672343,-0.207801814968103,-0.06731542749852654,-0.0030800651585104,0.17604952212843955,0.2571623445124698,0.25994346934375906,0.2566932990528107,0.2600663844267899,0.24490417504797837,0.23835984827914858,0.14663660004353243,0.15002646369185835,0.158271317989481,0.1280132410108736,0.1510010009238578,0.18346764365526066,0.18382209216937365,0.19568366359236036,0.16321941898001624,0.03099647204413494,-0.03337331611018509,-0.03703835045503311,0.006564630108619802,-0.026662900371004702,-0.04624117692814286,-0.04804298579519971,-0.04460145717554871,0.04514607044793382,-0.006164862399718488,-0.05499377163780345,-0.05074049918126706,-0.03754735718670176,-0.03811300874867561,,,,,,,,,,,,,,0.02014151411665676,-0.05137087715817824,-0.05673877042238364,0.019237355931615633,0.09547958839446129,-0.10839332216472886,-0.2948044749319891,-0.23091839999193609,-0.14669033248398752,-0.12115576019453128,-0.05349391540185547,0.03468170282332064,0.07922665290855489,0.08597563937615957,0.05686563668146878,0.044304793786409474,0.0950266198479877,0.14604363776661702,0.21513691825925088,0.3667993795990355,0.42617310621087007,0.28934281690416375,0.29071596963342583,0.4278966976617914,0.2388906525075823,-0.050199400669149144,-0.1347252442454138,-0.3338685560405267,-0.3472141677355507,-0.14727725673289632,-0.02638316466677602,0.16772365910108342,0.006784851206973933,-0.03714628876448356,0.23243010634370595,0.14689497900667567
stat_59,-0.7635829915493154,-0.8252035771115672,-0.6779256570929982,-0.5386350436593015,-0.5801284387445852,-0.6638215927957332,-0.6052249780082077,-0.5573260312362714,-0.6337376542578305,-0.703266804826046,-0.6706499315299209,-0.669243602986742,-0.6472442562971451,-0.5163013052851484,-0.4127004315342807,-0.42197484115401007,-0.513577167646617,-0.5701215301398525,-0.5734423588916533,-0.4993458492464188,-0.48036465446473864,-0.48318110871513653,-0.5000172019022394,-0.490912576702724,-0.4448333433937245,-0.41503042554363945,-0.3560864626057487,-0.3524771008631295,-0.3383774169707467,-0.3520072559287654,-0.38227030498710146,-0.45432526489480746,-0.5124150504412589,-0.49406642677331025,-0.4851411442147094,-0.43927765216442743,-0.423129727752605,-0.3827785691115326,-0.3582626167514236,-0.02051423302321091,-0.0012406343501367863,0.013370590900243918,-0.03514291383094979,-0.13472523912205916,-0.32543156163324577,-0.3132882007171758,-0.3143735013923554,-0.30326724465285015,-0.41139606277982704,-0.5938924070496527,-0.6421549909307219,-0.5029001236525152,-0.3601076753996122,-0.2947510160746069,-0.33608308880087323,-0.4001819469405384,-0.4331672817404053,-0.4796834262270397,-0.529593002076624,-0.662009477484632,-0.7947943536696672,-0.7935505935180733,-0.611779597954437,-0.42929408926048646,-0.39638013464308214,-0.575580288089956,-0.7827866813536287,-0.7774775067603056,-0.7143110630601941,-0.547571519232018,-0.43710749164380924,-0.5963056138365459,-0.7588147864574576,-0.6660730166610844,-0.6505638775449142,-0.8481322043055379,-0.999256875312424,-1.0590625412363437,-0.7265773209779219,-0.5986968169972665,-1.009765238742247,-1.5391009213731088,-0.24116191633566628,-0.3766383711593784
stat_6,-0.3056206955872639,-0.26968890334049095,-0.2588900471269413,-0.2859510501406781,-0.27479239927539867,-0.25203029031833646,-0.18846719763620348,-0.1440428330099029,-0.13882440808536017,-0.07478831389772621,-0.015611720388031618,-0.007584304666383828,0.02054171677100263,0.028686121508819083,0.05008102243941934,0.029512284132801925,0.0147917851877847,0.034573609404166435,0.038871573286087174,0.11098961940495986,0.15027640030346184,0.11264242282663267,0.06531499752280728,0.07188508910315633,0.09442511230701653,0.13040839300101828,0.141018614233548,0.14126196604382749,0.1298277148222183,0.0681175624593293,0.07679395079746042,0.0825298067192428,0.09072088233769211,0.14349340943384287,0.1519538167297643,0.27106371992226785,0.2588324732630208,0.21160404848773004,0.2366813734919535,0.1851734734927041,0.21643750848457918,0.2111008536729651,0.18276787614356227,0.30839730608055355,0.3866513971092835,0.4209621021607964,0.41812640622747854,0.31732723896024023,0.20950406476600625,0.16586456236887973,0.14287064636577662,0.1373176872077211,0.16335352923629667,0.27535557321380605,0.41546490674256353,0.36022491379771937,0.20010634455319906,0.13568003014963984,0.26541364504417964,0.4232153604263661,0.441773386571211,0.2668179227043993,0.10859356215397359,0.09057136867325653,0.2150432843693054,0.23929820858363715,0.22113593555410427,0.13697588095689056,0.044233342135212024,0.022695099246931964,0.04646595900842097,-0.019664647096485566,-0.1167030889033241,-0.10228379005093582,-0.09133568392604088,-0.026990871043196526,0.05954703041804361,0.014201554589649551,-0.39507534219934676,-0.1746068165340688,0.0010587998962657745,-0.32524993869111063,0.4388877420692302,0.33353901893193083
stat_60,-0.9089087049029578,-0.8572496885651721,-0.7798448778746043,-0.7019940589011836,-0.7244808944092587,-0.6939172891526019,-0.6867801572765888,-0.6461272893847497,-0.6674954743132899,-0.7483400128878653,-0.8421760422623639,-0.8466597653675031,-0.7922234632925377,-0.7416150306080022,-0.7365270015835752,-0.7435564506127222,-0.7489175195836234,-0.744566991446148,-0.754862138665108,-0.7078577104874234,-0.6572160373937354,-0.6696694923912024,-0.618092612941285,-0.6142768162820599,-0.605010756155327,-0.6067644894520101,-0.5434572780627698,-0.5391671606822894,-0.43642694452630226,-0.39599544014850696,-0.4243951549112161,-0.5110020360790797,-0.4950393974282779,-0.49048664615367576,-0.48463447925534514,-0.44030344604519717,-0.4180047213301204,-0.37601033755503815,-0.24814937836686882,,0.012828734624709378,-0.07098789372806917,-0.11118574326594761,-0.10005209818157983,-0.16402490827213412,-0.10970626629430316,-0.1512096290958425,-0.192570512765099,-0.34011287892362424,-0.3771438297250497,-0.4191194246159811,-0.35531226760870677,-0.3045888241883784,-0.3981459266498745,-0.502214757491185,-0.5467604721066344,-0.5395119557626638,-0.48321777418781,-0.4994127780395044,-0.5981787203798021,-0.736027392315316,-0.7875247868914191,-0.7444501533913767,-0.6813194505953741,-0.5871417528088302,-0.6130859946017639,-0.7900753803470157,-0.9612844115906171,-0.904672844708076,-0.6201671482873086,-0.5592553689762922,-0.6739608864229983,-0.6325731339267642,-0.5608029092351916,-0.6211048835917159,-0.83164603986119,-0.9270813351777294,-1.0143935034376155,-0.7820132091562408,-0.7774274146132572,-0.8398081277762269,-1.5909108891164352,-0.022455990148431026,-0.002919011447452292
stat_61,-0.5757413196460848,-0.5184338086805845,-0.5362540744280219,-0.5819591956295781,-0.6009393137712336,-0.5638836420112447,-0.5130521205519032,-0.5741735113074514,-0.4777930655301892,-0.33299507568227804,-0.2689433709260566,-0.2695157978290485,-0.32873594088195457,-0.4063044618511083,-0.4009878723432936,-0.40583711557221563,-0.4583191043125154,-0.464714162332433,-0.46958285494315344,-0.46663508985917934,-0.39801135911596525,-0.3731447405735215,-0.4332465531680143,-0.42445538897702906,-0.334339619297862,-0.24243934399690917,-0.13833099999761744,-0.13383768245027644,-0.15535338179864416,-0.22106551528098378,-0.30900070419804665,-0.35739014718354034,-0.3396199714706023,-0.3535808206834677,-0.34936429177871686,-0.36766159457364356,-0.35657300753381027,-0.31881560182203167,-0.3338353490173598,0.17448011886071407,0.21273317595066452,0.13816423890161417,-0.08932417740051023,-0.3646237687705194,-0.49321434280756893,-0.3985126143623468,-0.42765700098345916,-0.47704653711828443,-0.5585937637254901,-0.7408298038948958,-0.6775325829033711,-0.37126367976372615,-0.11464901473200748,0.04956581588986795,-0.02097518149732469,-0.2518429687653365,-0.41231763647338715,-0.43002369064390494,-0.3987668387244347,-0.4118112309666513,-0.5064357447555096,-0.551506216646684,-0.5031965672131405,-0.5318473565592723,-0.7043016270629455,-0.6602641789782339,-0.4464982572003875,-0.32726906882481305,-0.43776563662051243,-0.6517488490725418,-0.646258458888511,-0.5616144160863557,-0.5989519364323043,-0.7425375154341587,-0.7797983168668404,-0.6357297422561548,-0.637663589434919,-0.7290326321088401,-0.6145884093923755,-0.48779265399656974,-1.0630807418231438,-1.5850737701730757,-0.39971873416367826,-0.511786173329383
stat_62,-0.4469019703675138,-0.4135732629581343,-0.4398784386258783,-0.4114072267850196,-0.43741000092201127,-0.4521880227092972,-0.4477813320154398,-0.4729419845561199,-0.5437335846121361,-0.5574947259644465,-0.47692324556362115,-0.4672707206924942,-0.40836128843962133,-0.36442268812289846,-0.3319985495048236,-0.276784160095066,-0.2566690110691851,-0.2731150972943727,-0.2685528682007333,-0.25869179291349137,-0.2622472871036723,-0.3023111936687442,-0.322610889217528,-0.3202849089556442,-0.33447802631029255,-0.3563700639108445,-0.42621326252748853,-0.4251198413137139,-0.4553048015222252,-0.45631815067696563,-0.4879514655153806,-0.5202972293577202,-0.507164534241785,-0.5022560867434872,-0.4982762558489263,-0.49050431710611964,-0.49032666480252945,-0.417245860231209,-0.35746410688729735,,-0.013794914283855913,-0.10213003105462712,-0.031041992775256818,-0.11734361978827568,-0.2695295891838945,-0.38595616563700563,-0.5116406883963375,-0.5606137384143504,-0.5514322200777039,-0.45925180942633026,-0.361224122072428,-0.43727891405804215,-0.5452777162901413,-0.5676480160766486,-0.5833708357975549,-0.46706788115994696,-0.35031716548540687,-0.27426243526954475,-0.2840972309384019,-0.2585230011119658,-0.20055032443506673,-0.26465992056046167,-0.3017528011832085,-0.3482634884266584,-0.3663953462864447,-0.3467350534265803,-0.48341296331042316,-0.6854596505140192,-0.7706883025778801,-0.6696551769104415,-0.6558549619079065,-0.6389500412140768,-0.5978366789478273,-0.6002686893031804,-0.6090295232017781,-0.5760136309145033,-0.49227052690688866,-0.5067307832706545,-0.431694278642914,-0.41734262693446683,-0.8027622163849306,-1.2684959551481036,-0.430193954384812,-0.33066922855816366
stat_63,-0.3086002470783886,-0.32559702536997304,-0.3643241821293136,-0.37298361027476207,-0.4084134315780946,-0.41865115474754183,-0.4272435129597789,-0.4930173532812959,-0.5290412228282046,-0.48944914209207424,-0.38876106643913694,-0.3798622705395964,-0.31406953864454684,-0.24474308886568868,-0.1869555419051324,-0.11994162058064076,-0.0306034806843711,0.04511335716851138,0.06274644112566395,0.05078252514205995,0.03752408043476989,0.12990708011374302,0.15531638434906045,0.15961989404880136,0.1765027481216453,0.1234218122036842,0.018479305050616998,0.011148527203263018,-0.08828019346221197,-0.14311982060915768,-0.16447013194468177,-0.21918338386843705,-0.20947395588921558,-0.20011822844629348,-0.2034658187796077,-0.21226387249016188,-0.19927936811374078,-0.18444603360837244,-0.1561071295015717,-0.06676055903988033,-0.05091564809374841,-0.09892564753283696,-0.13520510877909928,-0.13471339701576532,-0.187433759356357,-0.20520924189874695,-0.2232168043284801,-0.18246767053117913,-0.1598040370106161,-0.16465015489570364,-0.1271201596192351,-0.18267591450016146,-0.24548765260665187,-0.18015847648910205,-0.05318704000086835,0.04630721019679277,0.141533245165707,0.19091981689388074,0.13312690187985918,0.04116881244191589,0.04930195437665876,0.015409755806511006,-0.1128859160559178,-0.19305279185120583,-0.2688858135714754,-0.3693101112825375,-0.4340465141749134,-0.4921537075818468,-0.6260512212949477,-0.6727157526723749,-0.5855290364855661,-0.4724384397380139,-0.4844122375750128,-0.4444439810276419,-0.4173613607194029,-0.47107884717108695,-0.3413563921364341,-0.2633181532676463,-0.2769149832094944,-0.2659202347715438,-0.4559922488234861,-0.8083891310822976,-0.1768934133147675,-0.08612362204617892
stat_64,-0.7405754312250827,-0.6924794775146547,-0.7268868295682068,-0.780041996847332,-0.8152619160299527,-0.8845859136289531,-0.9130106789991311,-0.977472781930081,-1.0459087782440188,-1.0125116631444264,-0.9079214138434777,-0.8990700314621655,-0.7887729948330466,-0.7104123012445521,-0.6256509781794137,-0.5293787147916523,-0.4881960164557192,-0.4805671612228108,-0.47212130101961475,-0.4661222730564265,-0.4869699285087463,-0.4699554127335944,-0.44637763011248344,-0.4455371150833471,-0.43429640916574336,-0.4454064149550653,-0.40517866444528217,-0.40325859054428537,-0.3921489391716467,-0.4015727681126772,-0.37995703075394854,-0.378638704252422,-0.37568035726963467,-0.37480196582526687,-0.3769024271930516,-0.35421464798906444,-0.3382470743520064,-0.2964474787064841,-0.27640742831629617,-0.09042196288937775,-0.1303119789298062,-0.16477303145483205,-0.12677890740743347,-0.20981520075457316,-0.244449090295281,-0.27018570670396125,-0.33923948490066697,-0.35229755671036417,-0.33392890769534045,-0.31878331896117934,-0.2656357185229956,-0.27398621634278064,-0.3788278950716118,-0.4181501932494116,-0.35622670121870603,-0.2760987594885945,-0.30827796784991335,-0.37883036097462863,-0.36398905005152715,-0.4104390564976911,-0.39739889554457375,-0.22875626225447826,-0.11221580140791428,-0.23213544943611128,-0.4406607284250352,-0.5374826426654593,-0.6768803590608874,-0.90796586025134,-1.0123595930137765,-1.0074544751382672,-0.991657673560611,-1.003978780824684,-0.9417748181312191,-0.7784495592753412,-0.6799312502090545,-0.6051158678935374,-0.6035705175556088,-0.7877587866793166,-0.894571641003103,-0.7770375830821017,-0.927813430710472,-1.8986946983883106,-0.023882599086454438,0.18052801370025137
stat_65,-0.6305617832214453,-0.6139118316945061,-0.6552606221691998,-0.6765602558077618,-0.6107932661590693,-0.5811011092161495,-0.5185559891982153,-0.45828439260269954,-0.3907229335301553,-0.35151079595571827,-0.3710530599951217,-0.37625756749655903,-0.4749661877461364,-0.5003287919737799,-0.4962235375247738,-0.49544574692201826,-0.41993763987437355,-0.38776253946947553,-0.3665495403678318,-0.3477331933848958,-0.377604302841766,-0.35687880682848194,-0.31524230426289285,-0.3092930727692381,-0.3182182372927503,-0.3308987294866998,-0.3345679776710903,-0.3338286474466857,-0.3304104548670765,-0.3546657799350183,-0.3749416093135248,-0.378863450030831,-0.36824177929610463,-0.34211006352071854,-0.34136213957882855,-0.3218608657898481,-0.2936561909680852,-0.2670712869255188,-0.2566662998152245,-0.04971306886452107,-0.04063725815345752,-0.05480866597317073,-0.11638881480063143,-0.18355643636918448,-0.2608037248406721,-0.26572778086746734,-0.3155577624065332,-0.3756515370108117,-0.42067933402587493,-0.42515411488544397,-0.3822176426066082,-0.32467213072082785,-0.2509257664989955,-0.17013250508266797,-0.20010474442884743,-0.2797122806115286,-0.33354667736185023,-0.3615285198805639,-0.43103184575203524,-0.4325559213218393,-0.3440243155779087,-0.3142633036422436,-0.4549457754835746,-0.5822981738910017,-0.6379222063951376,-0.607857352578872,-0.5298705768585295,-0.47030888370504087,-0.36201825000116955,-0.2928274850560991,-0.44000595943743764,-0.6199405780802026,-0.698610446186377,-0.7332361105873608,-0.7803845631458318,-0.6795971103061612,-0.6396248391168435,-0.718193745558412,-0.5118816817834643,-0.47819611142348745,-0.6855616706064332,-1.1770260505599635,-0.10688255374128015,-0.07814732238112583
stat_66,-0.3788378931198602,-0.2800638563837386,-0.283532061071314,-0.2557468984692133,-0.29149174826382435,-0.32614038047662164,-0.3746610138948605,-0.37334950184113425,-0.3612058029151249,-0.37086288924936556,-0.37759873904457025,-0.3757256529999887,-0.36461977894962305,-0.3813878728186005,-0.4768660415648839,-0.5578555110369572,-0.5786303042415659,-0.5266190576852705,-0.5060197114738931,-0.4663210448580235,-0.519520175681963,-0.6457408365517123,-0.7089777350165571,-0.7130283869034206,-0.7725095632671641,-0.7992408369504637,-0.7557785315436681,-0.7528729853502049,-0.7387745187042641,-0.706087723576979,-0.6266506587046101,-0.5969576200734132,-0.5645971894601913,-0.5231451336807925,-0.5175244092874991,-0.49066819919862936,-0.44841619076188893,-0.40381459673631986,-0.3629832819646874,0.007651132406752145,0.1292526459965149,0.05405785833897861,-0.001641302586946171,-0.08270337687492985,-0.14797042487356674,-0.1744249084646301,-0.2434629860527523,-0.28660441082259636,-0.3321988526236178,-0.3833379477993039,-0.427062140136281,-0.5154725801398993,-0.6585237180259916,-0.7218046278215553,-0.8481745434093745,-0.98608451372697,-1.0120925148511912,-0.9249515727390729,-0.8289228095356054,-0.7265261907517949,-0.5165737735332664,-0.506485795978907,-0.6827328359642182,-0.7197523207953733,-0.6466492950898752,-0.5548540344126388,-0.5083085290128665,-0.592927031948452,-0.6455345564022374,-0.4887927269139693,-0.514833372368133,-0.7312176359838263,-0.6723589791021909,-0.398146197011124,-0.3707664932307066,-0.41060477491965114,-0.44512647559698015,-0.6814535209774604,-0.2865971200576272,-0.33392695789980875,-0.9973897921680032,-1.255422114667406,-0.6828841770595695,-0.5571315616818289
stat_67,-0.7669286957602912,-0.7471854917864249,-0.7451726401089507,-0.6837193417331869,-0.5906386270913353,-0.5597474024738053,-0.5419590480173542,-0.5113357564237156,-0.5662337248872766,-0.6206621029209357,-0.6293147384021137,-0.6282993093706016,-0.6436627622563165,-0.5845440706774515,-0.5294159279607638,-0.535911224079914,-0.553341388889049,-0.5374001296290771,-0.5249241444684891,-0.4988613398091442,-0.48408781383651217,-0.4964363830754873,-0.47622099268531887,-0.4657466415258388,-0.46403857853755615,-0.4849250475218788,-0.44555572557172657,-0.4423385039468929,-0.41995986970859633,-0.408035034179514,-0.3438481984736914,-0.2571629112428677,-0.2514432410842289,-0.2672428778838999,-0.2625279922221842,-0.24425977868396184,-0.18858332740194175,-0.16969543943856533,-0.1891095174814959,-0.10702149981278605,-0.1045457025271863,-0.1396844491579422,-0.17034047435125108,-0.16937897210444058,-0.1396738596003145,-0.1271494430053294,-0.1714326650811626,-0.1988966570186645,-0.20570947696266453,-0.1530428840624087,-0.05922718410351955,-0.14320008112791682,-0.31591057033217373,-0.3781353741579801,-0.409778708114091,-0.4612617719048178,-0.4580295756152626,-0.4141434158066858,-0.4328694139489867,-0.4468810767529749,-0.3449979509786304,-0.32672887205257417,-0.4461811732507059,-0.45849426628688533,-0.41813634037660147,-0.5157655653318659,-0.6028409266677656,-0.7019018896879792,-0.6153214433535928,-0.48288906106888274,-0.48105827136191365,-0.5960388989782037,-0.6110904887731259,-0.6624798632585385,-0.7850339347156707,-0.8694411826655322,-0.8565538624361315,-0.773086864718783,-0.6126058664335471,-0.6004813009677772,-0.896150013758979,-1.5345100815010002,-0.11722992950688131,-0.0826960116308795
stat_68,0.23869860619123232,0.26774182094367477,0.29604785127759514,0.3334805406679569,0.2816516496984707,0.16176439469282208,0.04982667094443211,-0.03329549277866948,-0.13299458036541517,-0.2590678863490661,-0.3195050838597533,-0.322081163099629,-0.33648652916084276,-0.3266135189271761,-0.3272190326755574,-0.33974419484762525,-0.3647792725989884,-0.3541012487245577,-0.3406011050875743,-0.2838671711952384,-0.25784071534864755,-0.26195939476922886,-0.27526881010692655,-0.2799333148078178,-0.32907773887266867,-0.36157810716200506,-0.306232679888208,-0.30124126395642414,-0.30075144542083904,-0.1995728815102117,-0.10138130964808319,-0.039198344464555834,-0.03279333149669966,-0.016548385471172176,-0.014632457238606112,0.015353911050040603,0.02250103382753521,-0.055047683898485265,-0.057196484979780686,-0.06906707482462436,-0.11271232762785219,-0.18274684528598106,-0.1704866978512219,-0.0679999563264243,-0.0439371897075503,-0.03537729526164949,-0.03401308967124464,-0.020533324652297933,-0.058115770448372336,-0.08765912905507765,-0.04461906032476548,-0.07958181317601377,-0.20044382518634943,-0.3175551005107261,-0.34471185766465046,-0.36265948929631325,-0.3312215633148527,-0.291473424127375,-0.25567349863375327,-0.2049363553374851,-0.1440502337892523,-0.1657726837957719,-0.3273567141231723,-0.3927883539467226,-0.3697816788810582,-0.40714425374053975,-0.4308393246125041,-0.4992453045054969,-0.3632670201194226,-0.09633522333573973,0.023575121973251456,0.01300721646519703,0.13748635862045014,0.30365001996872004,0.3439707841194081,0.35842744486705713,0.255974737026385,0.2954191481547192,0.12244567448423412,-0.03954199110210655,-0.10672183968749256,0.07303618231851572,-0.1798800594943691,-0.20539054197144516
stat_69,-1.0190239008299045,-1.0083486343655303,-1.019406137153202,-0.9684430317533888,-0.8687143879829177,-0.8180766539061849,-0.7832020131634598,-0.8095894545814759,-0.8690815772108759,-0.9052737952638139,-0.881763873557134,-0.8807597875970069,-0.8553955015621567,-0.7666627900399001,-0.6666950017184136,-0.6640081303324338,-0.7085527304256695,-0.7309893281164075,-0.7359263372453351,-0.7228270367573892,-0.6906211017787235,-0.7103393318648114,-0.6770598661250269,-0.6682365360381248,-0.6703231981070867,-0.6929574571089182,-0.6563824718463757,-0.6532758945988933,-0.6452327705237675,-0.6257047428028848,-0.5738509179833942,-0.5285212566857577,-0.5276921184244714,-0.46555553009524675,-0.46030235044823953,-0.42397628486197625,-0.4019764658908678,-0.37277808325446166,-0.3713459954079259,-0.08767130527047762,-0.183440378742827,-0.19831960760859324,-0.18052084251188522,-0.19119160025718737,-0.3490940567750472,-0.30955829918886624,-0.31768140997966166,-0.3571849223652286,-0.4288419468783074,-0.4166525811087496,-0.36147571425470804,-0.4156738599336158,-0.5526314368706214,-0.5986815148057857,-0.5912096278582193,-0.6625630196550442,-0.6684238752659661,-0.5700876535213125,-0.6189031153253644,-0.7047338971254242,-0.6453885488710378,-0.5765028469079897,-0.5999351321743411,-0.5344772796206972,-0.4976024923489605,-0.6830010482759259,-0.8682741400344826,-0.9320816637831847,-0.9309702410450132,-0.8618523987978569,-0.7955269345889209,-0.7998016335087307,-0.8401961596276543,-0.958639489572875,-1.132402967516904,-1.1814018966794597,-1.0964416996085715,-1.0739384585344498,-0.9253317673385878,-0.8578819648083195,-1.282735767617754,-2.2846718428277804,-0.013619165993040628,-0.017006879767290022
stat_7,0.6969422112307349,0.7506676973965468,0.7644922065982851,0.7006991337433928,0.6924437408542486,0.7038915973800416,0.6908653974899889,0.6908249148383547,0.7040077928172058,0.616814852994381,0.6417483239112443,0.648264110976989,0.7163632268110905,0.759752684432324,0.7874359293669878,0.6628203355192857,0.5333299566052361,0.48478158417949724,0.4617008388178967,0.4044095916065559,0.33293725697265164,0.3494887060813437,0.33830623521959347,0.34176104929754164,0.3994294217779497,0.451369349309974,0.4892176981439753,0.49535866557087344,0.6313226389710752,0.6927316702428381,0.7937842277243446,0.7983207437311624,0.6581275991674774,0.5798833224052347,0.5713407478864737,0.43325713235639346,0.23735153746224807,0.09867457753630622,-0.005020084674144086,,-0.47272304932080367,-0.6917719446716983,-0.5643892942839053,-0.547333186775313,-0.509918764112351,-0.37038977290093483,-0.1428202367935785,0.1283641487718616,0.41809165450140595,0.6292594482015379,0.8941113087208606,0.832828011755116,0.7022300431312717,0.6649455510780992,0.47751564934428337,0.3704893019591048,0.2521960766086346,0.09118573816407259,0.07705910291633812,0.15335820634371056,0.2315494253170302,0.3751530341609151,0.39608565625284564,0.5831034332543863,0.8175571152542223,0.7515352075136823,0.6882301122010847,0.5396885894380848,0.4740979104669127,0.6484866373061722,0.7131194826690248,0.7486171784140156,0.8078516608664924,0.70166738269566,0.754071359679281,0.8898180376053739,0.8418483414501786,0.7676758685518444,0.60966205541593,0.5888415912720529,0.3735271581889081,1.1897240426032505,-0.32460526942504403,-0.6495738060673956
stat_70,-0.6413036470318091,-0.73521584716595,-0.8263068101228555,-0.9140604620840908,-0.9903654689840384,-1.078096502515255,-1.1333255301821556,-1.0987693058516823,-1.0368029820985025,-0.9319982821719639,-0.834214783427107,-0.8310359757344208,-0.7612557624075077,-0.6728713789896693,-0.6007026693702346,-0.5571089124497889,-0.5131850139092722,-0.4847411659140361,-0.47186139363891094,-0.4251182218706066,-0.37489172486965633,-0.34322257843969606,-0.29899946049011644,-0.2905561380067448,-0.2645210227931269,-0.2794367348005503,-0.29277159658237784,-0.29434191048564035,-0.31585909242820454,-0.33317366500230927,-0.33981555737111446,-0.3506093842935904,-0.33998627033851064,-0.338313831790138,-0.3342733543523741,-0.30921824114446095,-0.2861507119177566,-0.2706553969411249,-0.2505462788568866,0.03427482656459187,0.04919333513144344,-0.018040614390837685,-0.0799994278433863,-0.16414151946886746,-0.17376576275652225,-0.1546895481551324,-0.18110957067130784,-0.2193375915475241,-0.263352585039504,-0.2800281620232727,-0.2919316078692845,-0.29162887306548685,-0.2698229644532513,-0.23774324546610476,-0.1769612089985599,-0.1477154129032332,-0.09655496543955608,-0.10156007584038688,-0.12762539537085005,-0.11626091717323629,-0.1515369399552693,-0.20331357283760987,-0.3122900225965827,-0.3842805507958149,-0.40597639706623373,-0.5307787538202143,-0.7042525620998216,-0.8871215951172927,-1.0780369001014138,-1.2090255852254939,-1.3265151393470258,-1.4484377242811066,-1.440909623249253,-1.298550010137209,-1.1889409429957822,-1.0915706320845924,-0.9988078131138235,-0.902187529849571,-0.5588919899110671,-0.5118753383157449,-1.1879855298135058,-1.904120739402752,-0.5754624714045689,-0.3112914315791827
stat_71,0.5879033801974676,0.6721441542209385,0.7211631818628781,0.7677318048564924,0.8580804453718032,0.9447548549972735,1.0475190900672906,1.1777183614428666,1.2285283842848118,1.149639163243692,1.048473173832584,1.0446106153248877,1.0018672090020326,0.9458302580339616,0.842499942458141,0.7538400669054549,0.7429109310401384,0.7173680695744454,0.7218557910924523,0.7184784344909639,0.695559903095736,0.6861275791609633,0.6424474240663309,0.6338657963247798,0.563527668517258,0.4810850623015021,0.4480279372707456,0.44652050321283904,0.3586355743597752,0.3267792610723338,0.2745037281066018,0.33390462091347656,0.3434890866177685,0.28850114728075693,0.28912832955349943,0.2525673716274809,0.1950720016140541,0.19572042415637397,0.20371638027686956,-0.05102306726414751,-0.04908206820794685,-0.11603147067031871,-0.149624964096758,-0.10648540282641505,-0.02945399778771844,-0.03711077208076466,-0.0035999961570925775,0.05847707796672225,0.13298071839932626,0.24076567557501566,0.24349658909881566,0.1602652082979062,0.10274570970036126,0.11096442394377751,0.24184909286420395,0.3959845955469863,0.48699236646947963,0.5252637414609326,0.602891166705643,0.6707022131771572,0.7228261534183228,0.7825336732996195,0.7544484467992109,0.763005769313295,0.8452528975552022,0.9738669107117289,1.0746375490104982,1.1230401639721446,1.2440587209991623,1.3409243057069504,1.1347990023979329,0.9621307986526791,0.934472887959166,0.8297426430019693,0.6490734364393036,0.5755025314281712,0.517538064795375,0.4050854546884159,0.7448935621940634,0.7154790315727837,0.8398774675560162,1.6312081004801926,-0.14381508302998297,-0.021517679333002342
stat_72,-0.4283453707792605,-0.3909697727053846,-0.3596838749010843,-0.3239394313005691,-0.2862390196705042,-0.23443442954427954,-0.20325972426837807,-0.1995300262518642,-0.23811850328146938,-0.28799059172689634,-0.3072860819029913,-0.31161710831590966,-0.3582068773811562,-0.34649493677633125,-0.25857205979721193,-0.21566954882693876,-0.18407942810275157,-0.16026852298712474,-0.15047848161342212,-0.13180237052768526,-0.15030385361007104,-0.12710053568853338,-0.10172081699614292,-0.09252962277535062,-0.02826188252564024,-0.0024617845148661916,0.035560827782326346,0.03770087033035057,0.04959680368638942,0.054214977876930914,0.04955924023372034,0.049542630659140746,0.04239371966566908,0.05388771810514261,0.05307701914805816,0.05015382858723451,0.07012767370022177,0.09871684767992651,0.11847246174048014,-0.12752398080413668,-0.08646739948716764,-0.05943067784800109,0.018240573871471412,0.07358200467109567,0.0810887468800054,0.09001757140518155,0.06256894440103142,0.005502828313612416,-0.027496789213133872,-0.03406681126526659,-0.007182482358937417,0.031611322722199055,0.043244909462589645,0.0639448955991772,0.06463298859310776,0.02388043695200662,-0.01367822926816361,-0.11472931814558697,-0.23976631743017918,-0.27710657403584793,-0.2352798946279647,-0.20327307325972754,-0.16575375111814938,-0.19955292162237784,-0.2623311705973623,-0.34233333178910974,-0.38807116663081886,-0.33803499317103564,-0.2704776113965379,-0.20353821670186867,-0.21645126896726985,-0.22502632125074098,-0.257495567021619,-0.32301318624054104,-0.38686164322573785,-0.4259899212791271,-0.5049435895482295,-0.5593379433367401,-0.2928105035387455,-0.2840652638930211,-0.03735349419124794,-0.4198837617141588,0.3233720887844966,0.40953041646469085
stat_73,-0.34151347578420316,-0.3705380713855006,-0.4180990210396712,-0.4560156507072443,-0.46914084350928265,-0.42287331821532903,-0.3808913688782186,-0.4036445849371341,-0.38956269711193325,-0.3501050240592397,-0.35013065962711204,-0.3530170543868351,-0.42908983197399075,-0.38470738081360356,-0.3219304418168717,-0.32733022322545496,-0.3658970863720217,-0.39840375271234396,-0.3953569928511631,-0.38570250006314144,-0.37478182823676637,-0.3703731766296019,-0.3680942032245577,-0.3693074016525612,-0.39278698908280163,-0.4021653118001912,-0.3903409919280305,-0.38848856953038907,-0.3529558941883349,-0.2720195360435852,-0.17755812488299233,-0.12429975670620835,-0.1096815835667307,-0.1235237198500317,-0.12603640991948506,-0.137486312810221,-0.12132613125569146,-0.09907542608002702,-0.04571670967287657,-0.06038445846448024,-0.0008776707373733461,0.010962904080956128,-0.029298755931786397,-0.08680778557250193,-0.07531336771291164,-0.0023472543868937826,0.029528572018684668,0.0013835322649044955,-0.030236758301516065,-0.041483536589475775,-0.014369448232087925,0.007561041187518989,-0.038186760073309456,-0.14459632082596732,-0.32107598868326365,-0.45480901281098857,-0.4995463983711387,-0.5005399012775629,-0.4680419186017457,-0.43627689937357045,-0.45016248122934704,-0.5479614480654091,-0.4447442075127746,-0.2598108672572417,-0.26221762151974465,-0.35157972806518273,-0.43851694444291567,-0.3731448928333235,-0.27462556875472205,-0.23243959399843883,-0.21262045838240992,-0.22138792833133006,-0.3299942852891341,-0.5241008445899197,-0.6025432136882994,-0.5420761200204947,-0.4855494934989242,-0.42017358908525826,-0.3922670256497321,-0.37976682201214895,-0.18755638037477917,-0.9286672163031389,0.34566832981870343,0.7888565067285652
stat_74,-0.549356964365367,-0.47234871829603275,-0.5067091899659266,-0.5336876553113399,-0.47926227088774437,-0.4671914596372157,-0.4420568548361748,-0.43978479479719473,-0.3568931696296601,-0.2810453900385812,-0.1764972975880864,-0.17087919300131052,-0.17831752944926768,-0.17389251106898315,-0.12899952430423473,-0.12829025884142595,-0.11160087139459772,-0.08817087516336644,-0.0767296741009004,-0.03159255425600909,-0.007668908836371931,-0.03538580640636401,-0.09160601328181536,-0.0926796000323329,-0.16126683680054404,-0.2344990389251725,-0.27374328483313,-0.27580334072786644,-0.2931668213156922,-0.2915849645685212,-0.2575288575013498,-0.22250088862948306,-0.21022931816255594,-0.18293172628236096,-0.18044013480976817,-0.14989511888004906,-0.10643487618746787,-0.07587233266090977,-0.08338554001463987,-0.1099636913893528,-0.07677643994321941,-0.15405957080541208,-0.13176884407675346,-0.07320660934805505,-0.06845676410884423,-0.0682209956156152,-0.13576823742951824,-0.2144505748237871,-0.24578136735378547,-0.28190116260022613,-0.27778773448939326,-0.30141481022257965,-0.39377142095981044,-0.4457859123246397,-0.4420495724410569,-0.43216733373713595,-0.29960631206444954,-0.04858022203417249,0.0683116507204122,0.04384653275943144,0.026814115814391325,-0.023991695306315876,-0.07937514223628248,-0.1141751641467284,-0.16554673649173346,-0.23294233930478325,-0.20929740605775488,-0.18258919354115796,-0.253416734765648,-0.3226815611588946,-0.4590099768625678,-0.5301220082071981,-0.5267353543821264,-0.5397815298407245,-0.6354507673322065,-0.6008868807031953,-0.5836915606036968,-0.7303607955722221,-0.505407838144112,-0.37230407485017003,-0.5865198166909276,-1.0311898617286996,-0.06531312811937233,0.0416804765823486
stat_75,0.08276541978998847,0.16632835627866632,0.20036996801539045,0.284343734565577,0.36679032927610933,0.33697639669342405,0.24405085799791215,0.17850906875315267,0.09518317533516323,0.10951047709967632,0.15819480194652727,0.15748069965727038,0.18000204721099072,0.2173009904750248,0.24347366151854052,0.2091394970748971,0.21022530819850901,0.13990637434091435,0.12474927171948068,0.08813934886512252,0.03623363223613534,-0.05358897752891462,-0.08417673919111004,-0.0870378747727152,-0.125380314691206,-0.0729461833119982,-0.07671342962806009,-0.07895720196043379,-0.08812373737011565,-0.07923741196638887,-0.10804555647564948,-0.11497117779824705,-0.12408253300392919,-0.12329396160102603,-0.12404456443853583,-0.12812242764334275,-0.1414699207149822,-0.13183194910578727,-0.07053733279096198,,,,,,-0.043581879891571126,-0.12477670930565338,-0.1056143178514545,-0.1173684493322172,-0.1692480486163934,-0.19738728014735257,-0.21100734331538504,-0.17874907517989913,-0.11020248358174675,-0.10698153488251702,-0.14026869346628842,-0.18588534396896725,-0.23086866680593401,-0.17763782466464453,-0.098134608757866,-0.061433595347293764,-0.02946347992960232,0.16870558179692619,0.2671624427742037,0.1587722221716021,0.10109334201281553,0.17588049715262163,0.18464616885955298,0.2306001339768578,0.140818038864564,0.05090311213570948,0.2197700712219802,0.43598313124457166,0.5206429537208296,0.5234780492601979,0.3593879185758842,0.21198247703190978,0.14951643595250952,-0.022841651469644897,0.11285617991835027,0.1482875037673631,0.21900982322443963,0.4647247704344521,0.13145188427219634,-0.029894156487317972
stat_76,-0.7103392415627667,-0.7215273687013681,-0.7566132842356852,-0.675030794629426,-0.6057416160972339,-0.5643779202821587,-0.6453725469215058,-0.6886243144625727,-0.6991697868863443,-0.6739487484414622,-0.6137712501763081,-0.6128350374877908,-0.6065041085813445,-0.5712949303407321,-0.4759806299578312,-0.4399761520971645,-0.36531404321440814,-0.3461596652825873,-0.3329958293527257,-0.2796351540496023,-0.24405946540115914,-0.20577711161486942,-0.16143522681154518,-0.15177351401494252,-0.07191121988775451,-0.06706663896411655,-0.09419766970436745,-0.0980251309928402,-0.17354474106623471,-0.22350795276961924,-0.22608190507890846,-0.21370861419168802,-0.20362457290663122,-0.20097437576046853,-0.20236890992609438,-0.17695497400703833,-0.1497863064961818,-0.10673012502130735,-0.07150294184679092,0.024762307609081456,-0.026657982138585046,-0.026259910187987894,-0.019154530488154874,-0.03177992826105408,-0.1355373141907448,-0.2130408843410361,-0.28823898475627324,-0.3076708402940384,-0.19742418323955277,-0.14575651175387602,-0.16238328092896695,-0.21182981289353217,-0.21704711192796286,-0.10831467724232541,0.029839074543169673,0.04990507408559035,0.02066782249508108,-0.003929902775022723,-0.10141369864468769,-0.19098619589927296,-0.19648976366593754,-0.20625388165649933,-0.2634362303360147,-0.3248754528483701,-0.4375061994279954,-0.46981909772305686,-0.47201660349824626,-0.5110768925771663,-0.6699080110315422,-0.8316678795142304,-0.738247237065456,-0.5760040619769164,-0.4883938638344945,-0.5561546383983109,-0.7328221055175842,-0.8466019671281378,-0.7798797779555557,-0.672405954385091,-0.6784055190245881,-0.49145068209938025,-0.550296981321559,-1.3001336609125014,0.16816720314154518,0.43726833489834693
stat_77,1.008453489777685,0.9417921256819083,0.8564737249025077,0.8142575334431407,0.8143124144827746,0.8474377137312135,0.8773058424025638,0.925491810885795,0.9178857743606209,0.9008172284448938,0.8851791389666344,0.8854959261171599,0.8769610342176791,0.8839438605866,0.8422108545793074,0.7472163068993135,0.7013962653641638,0.6840616205170659,0.6789546002592833,0.6373841758357917,0.6105870816779574,0.5916963742436531,0.5867577544006232,0.587893821845056,0.5866702769380268,0.6120718397174681,0.5975084224131612,0.5994541848014838,0.5863294432027257,0.5218676211188116,0.47534458280551156,0.4006763132529957,0.3605466396632897,0.3457418150964706,0.34226541039730496,0.2892053071192066,0.30221105390351216,0.3310128434397013,0.346832271848284,0.07702662336058794,0.08011522670497016,-0.06868219384553603,-0.011524204580265271,-0.03186010371852398,0.014954969172145598,-0.021735050740977587,-0.013416987620726212,0.03655461239107827,0.0809917131823052,0.09420348532748923,0.1224690203094585,0.27924874011644835,0.45363110197435214,0.505133740758587,0.4700722008914887,0.49224547471237273,0.4671094290280189,0.41973054819998507,0.33392687307347524,0.20411527208268093,0.233473544354756,0.22768677281412422,0.19723463237252908,0.37878844855489485,0.4738473001857214,0.5579119189464712,0.6579490482948284,0.6675414163713481,0.7203700894647103,0.8353017877270532,0.8766101006621284,0.8220107376489746,0.7811057739270347,0.714922038857812,0.7010672129141389,0.832473676510986,0.8930054574209022,0.9305149780873566,0.943144369648277,0.8969185630618989,0.7907759298202272,1.7488738062389442,-0.20717825948190538,-0.22623207922763355
stat_78,-0.356374033033735,-0.3391379467042073,-0.4539369631693018,-0.4525431378280317,-0.43854859435600835,-0.3944953007603728,-0.43580068377136255,-0.43889535378458955,-0.486652717314634,-0.4651471083005367,-0.42897510736827843,-0.42679578806152696,-0.37377313338344165,-0.37122800488026636,-0.41423488869526065,-0.449811403935118,-0.4834266238591289,-0.45310430910159544,-0.42774244422547997,-0.3126092064383353,-0.2686185922650179,-0.26480167314661995,-0.2266546341677629,-0.22049310697560723,-0.23815697287862275,-0.2544023952991443,-0.2706928917643995,-0.27207315518223996,-0.3082513359336116,-0.3215795912426277,-0.32043076010910315,-0.29057635070604065,-0.30185952925948323,-0.30432453546043625,-0.3032727041858148,-0.30532819993224386,-0.3089963323799003,-0.29966883176500453,-0.30335045734256033,-0.0733229229025509,-0.04971266666342786,-0.08149269657792149,-0.10795818158291172,-0.12313666277816522,-0.2790936782721158,-0.32569018852892084,-0.3104174499460149,-0.21395817130023456,-0.1507916071240858,-0.14274282881167896,-0.1334785737974522,-0.129803756923028,-0.14625907051510312,-0.15046746058469587,-0.20442964574456768,-0.28473734781026233,-0.23226632990739401,-0.11475594411752633,-0.053313116663907714,-0.059105027070697064,-0.15908716727316152,-0.27808075100853663,-0.22243454262999346,-0.18666476716641664,-0.19932007301580904,-0.229970609950126,-0.36136488754046053,-0.49954422816563854,-0.48583865140724736,-0.43176507051015584,-0.3620323542090776,-0.34633846571508264,-0.4736232391460781,-0.5768645738640646,-0.622078716977721,-0.45779282222203055,-0.2167354265362109,-0.3721618660979626,-0.6280417977423095,-0.5563643425497018,-0.24548805986129563,-0.9357937483900062,0.38147023982215233,0.6159280503926101
stat_79,0.39916411739677304,0.3277366413035002,0.3401920550510048,0.49747263565699124,0.49939011723423943,0.4738612781462873,0.4046171313949994,0.352730039262247,0.2428489222964416,0.3705900047600974,0.4574084246252154,0.4581465288088506,0.4764948498265632,0.41858209836977084,0.4227700415894073,0.33972039957308,0.21566073364985588,0.17694223013407653,0.17010273808982562,0.1995907236053324,0.222084829558912,0.31748932095099197,0.31538096822704814,0.30618812859194433,0.2473963153340948,0.2007338447969874,0.1753400307782017,0.17617894151925648,0.2416293218676572,0.27037409787706335,0.2473131321099577,0.21551585195128595,0.13219712806113745,0.07095004429306723,0.06474147495937752,0.08700337003261471,0.12245139416538009,0.1085568957122926,0.11666623699658606,,,,0.2070665141375399,0.026569144698005927,0.13380757794490877,0.08703097240776222,-0.05085871680259195,-0.16024340086695,-0.19085420160912267,0.027917882914898832,0.23765247062198497,0.22564077134445348,0.2811644759235389,0.24007174436093856,0.0554039946915337,0.12400390679093565,0.30126105692706984,0.3767820412663487,0.24994449488559486,0.11018066596425866,0.05091229974824677,-0.053162250354079094,0.07733095025366987,0.41184560064019005,0.4199131738897383,0.4070698090965037,0.5977878231314211,0.7195936732767072,0.4164233914787497,0.10937080385011634,0.21069042251562997,0.3329685809859354,0.4765594028740167,0.610718365564465,0.5442842578719574,0.29688234369006833,0.2862351683710378,0.5195509355412153,0.3371828838593021,0.4020399169890398,0.20640755598449448,0.6426480640263522,-0.18018896537881873,-0.3126213020856414
stat_8,0.07234410918905694,0.05181772008256179,0.06239530396261678,0.13366537770477815,0.16100267537489404,0.14289574538208785,0.1508987548747271,0.20060878549291122,0.31008801813124237,0.3237830385093431,0.36092992768680565,0.3654825685108272,0.3957720787468162,0.372093832726767,0.3290735831007044,0.263710305492557,0.19587323750021676,0.18394853591620713,0.1776212571757921,0.1569487643059681,0.14185086120750115,0.19020782284872303,0.2778769927241313,0.2956262219320197,0.3701414926685891,0.3977692742300791,0.4088090459436051,0.4134926743632357,0.48671102481231726,0.5119200616457243,0.565217788595406,0.5727574991256075,0.5367422495823501,0.5219204534609814,0.5223960343511358,0.4900278592968065,0.44564830931632066,0.4378955133499105,0.4007517072129556,0.008026750327708266,0.14938524855850352,0.24583009835230124,0.23916772748731516,0.29533094280178585,0.4100066632664357,0.4363650642455316,0.37743684141809586,0.46456623209984993,0.5990782354618858,0.7409588236873592,0.8873590805429246,0.7964623941018897,0.6683273487618091,0.6517592861992489,0.5301059000976316,0.4196002858203845,0.4676205575128669,0.44744413924653226,0.3276276655799215,0.23492650915036928,0.1040106161282387,0.05491015317442255,0.08217494648694555,0.2998810607089509,0.4477202889812784,0.48000813590022917,0.4485609022194369,0.38817102641257795,0.37963740267390167,0.33258635014906757,0.14541927748660446,0.06303277033131822,0.06510158781185224,0.17715187845779215,0.236215456053965,0.1334902795151289,0.031243798158693516,0.1111293660578094,-0.04003261757622194,0.1455007941562105,0.17475573513612463,0.13747886123981093,-0.14728122516529912,0.0015025172637783235
stat_80,-0.6021909330909517,-0.6450031241664016,-0.6460162320308368,-0.5560766767174955,-0.5093620660051758,-0.45926164981205525,-0.5126594593810353,-0.5303073641009809,-0.47745540164467987,-0.3940128925709781,-0.38120945549394203,-0.3822801593506942,-0.4442588659372468,-0.4995933004299723,-0.5038483656914832,-0.5089154266454918,-0.48687246153594976,-0.4569364665759431,-0.4510093600218103,-0.40575881019830523,-0.369109289024259,-0.344027409318398,-0.34300114440501356,-0.34169334048079897,-0.3436804294919879,-0.3181363431892514,-0.35548455523394823,-0.35661903456996485,-0.31417354517071544,-0.2688496012734943,-0.31008801098132327,-0.3394425865299661,-0.34737784470975847,-0.3249261214466869,-0.3158465547399345,-0.27652051310036896,-0.2417846821147465,-0.20404791288798885,-0.24094617107001415,-0.013632918044916637,0.04051474963078696,-0.05410781101462097,-0.07462514323813695,-0.09839200139982929,-0.06575260726401215,-0.07683251937714326,-0.1060041342441717,-0.12093517527016943,-0.219069099529207,-0.32792059706199894,-0.36838666390584535,-0.3399373779345097,-0.2762672299327735,-0.32165189109839193,-0.41628758856340775,-0.36989588690698794,-0.29343197186005004,-0.29625255492430663,-0.2477736159106774,-0.20801117198317134,-0.3979651338694253,-0.5841671798415741,-0.5816454479737915,-0.5188642561846902,-0.5690102470032743,-0.6262137556651882,-0.5202675835903722,-0.32366287982827635,-0.34414030686553526,-0.5549617769395411,-0.681795065895145,-0.5101136913583189,-0.431754998630119,-0.4524501151771362,-0.5308202014002098,-0.7434043022358797,-0.7195627133101244,-0.5327497860841347,-0.591311935552188,-0.6090454504487645,-0.637418777593467,-1.173171942447438,0.13971830823382855,-0.011995821372430956
stat_81,-0.01785614478071948,0.01928884554994667,0.11372706969244038,0.049851836741752156,0.03253848790759516,0.045764547973369,0.0629589623789893,0.028844309253636652,-0.115928929527968,-0.18303900257299535,-0.14610171773561997,-0.14422026875835262,-0.06780366045130254,0.010779984580095549,-0.0032635360178521864,0.0381189796956153,0.05530065058237331,0.050399471410003414,0.05635580044707887,0.036670887017369154,-0.03074722487069827,-0.04528747056619861,-0.06468241524428182,-0.089006803249466,-0.09037330930908753,-0.06298787183624566,-0.020825195323658507,-0.018143455550600995,-0.028002187489633547,-0.10872141149611267,-0.15617408740643174,-0.1890726785469758,-0.18189285928715263,-0.16872241590641868,-0.17200273241649947,-0.1329252910830834,-0.11068556977185606,-0.06391950028100643,-0.09030035520688724,,,,,,-0.09980683002185846,-0.07429038405363038,-0.037320103670888664,-0.08040006907057112,-0.3068974245786,-0.3137292000026734,-0.2762838073146593,-0.21234066227008272,-0.0640303487083284,0.04804095902263955,0.014604239023702842,-0.09026321698577255,-0.13383654688986762,-0.15078435774780327,-0.06485505753665831,0.008567555540851127,0.017923060788634402,0.18381127316022428,0.17684900344878846,-0.049496984586774116,-0.16452901655544414,-0.14296984609020347,-0.0916593151346878,-0.16836517343313848,-0.238982105653467,-0.13242634412859453,-0.02133155238564989,0.05740263871971711,0.07899284303100983,0.03616843282624117,0.10952868519992166,0.15029507492285862,-0.0515154033760889,-0.1344124812013217,-0.07258093519366215,0.026200231847150535,-0.03966845663596961,-0.08202410088768614,0.14890041077404725,0.058420145826562325
stat_82,-0.08180838296575747,-0.08852579619259733,0.04597169947090557,0.1036709668771258,0.10407391356784328,0.1698693684213548,0.18229955380282845,0.16517656847513665,0.009008385790143592,-0.025915386826503815,-0.028156648531944654,-0.01813533478331953,0.0782879535541977,0.06360014307453228,-0.07615779589003695,-0.05764896959075743,-0.05177028843356059,-0.003932130146473299,0.009495993200115719,-0.009437951442341146,0.07313520876198046,0.1302371971847426,0.10529280380938554,0.10364751343324013,0.07375353401167725,0.09332393123881322,0.03462736652825102,0.027487934879587853,-0.0007303302431189429,0.01345919818025013,0.16084352232530022,0.2375972150046001,0.2424348974611172,0.22293407486263714,0.21192659352253385,0.10066863138051431,0.0363696959351484,-0.04110851178401153,-0.07857520856278946,,-0.037270033818812984,-0.04798407371720522,-0.07261738598212526,0.04778671982122122,-0.05786272142082546,-0.10612516693609436,-0.06633401285166886,0.05774965268967694,0.24626802116893332,0.3339497073494427,0.2908056723042127,0.21597513528017467,0.1309911167520334,0.13892909385203248,0.18095993855010625,0.18208099654286464,0.21509414725685883,0.25929315716541546,0.1978827794424897,0.04223081436549488,-0.0023661164542927667,-0.0038185826530006068,-0.06645094817384903,-0.13966485611206075,-0.022543301591449915,0.15997112385505113,0.17399167524835152,0.08428589327085148,-0.04893161838826931,-0.06514363312405609,0.143226475611232,0.26196949364179867,0.25163299218409857,0.1711646277748638,0.16546490588328158,0.11452701311868059,0.020931055249854762,0.05420579181031212,-0.12107435072173185,0.09585236001993314,0.15987558915469477,0.09274986766018828,-0.1739443191820612,0.05121770143687578
stat_83,,,,,,,,,,,,,,,,,,,,,,,,,,,,,,,,,,,,,,,,,,,,,,,,,,,,,,,,,,,,,,,,,,,,,,,,,,,,,,,,,,,,
stat_84,0.03215497000264343,-0.036425680076349165,-0.12620068883539548,-0.09504797979947341,-0.0666734566100646,0.005036009567842817,0.029320671620179123,0.019499209285825197,-0.04479776497737582,-0.15886542405104445,-0.17174020122672112,-0.16634330481349893,-0.052670714408433815,-0.04205660788956741,-0.2013821034892686,-0.24742904615665384,-0.22415738490947582,-0.2248520536988585,-0.22913144399471402,-0.2306419468693242,-0.12824651578820076,0.01634664709172071,0.06102318997783078,0.05097128115747249,0.0004137966638603709,-0.05293076733552841,-0.04912400806490882,-0.05076007782841287,-0.03869980417974276,-0.09962687283487699,-0.13107386994126913,-0.11815800357820042,-0.10557451427154736,-0.1498110167063942,-0.15448794963933163,-0.132236056228828,-0.04046614079834892,0.0006557457214974143,-0.02467264552194769,,-0.11461978226261148,-0.015779070030866316,-0.07382610801913385,-0.0400708566657687,0.006975952631103781,-0.04445105592315142,-0.08917008743809769,-0.10845695155356362,-0.167878285692809,-0.2274727173428285,-0.23690627946920806,-0.12422654988971177,-0.04073558009368413,0.0010441147070926594,0.14888608140379234,0.13673607302158272,0.1637606583100426,0.2920676344817566,0.16706490540819569,-0.0724422410914654,-0.16354152070563885,-0.19090736173219164,-0.27127623025132075,-0.24951429694257946,-0.20923381657018672,-0.00867189315841883,0.0023884366500316516,-0.21560927101875413,-0.2100994909187729,-0.03132563786705391,0.08888903913941021,0.13689023843826417,0.0679838011749194,-0.0468988104680263,0.04534500142014836,0.17516420839927124,0.16437134695186406,0.12635646031954048,-0.13363079738365377,-0.0685157745874839,0.37022282282721364,0.17452284799744827,0.15895549928894367,0.3018843100739104
stat_85,-0.5087698785018571,-0.415259288333454,-0.40500895302652135,-0.3979574328627222,-0.4629921205890519,-0.4677908918489756,-0.5254084092280591,-0.6647442393639101,-0.7537737302686791,-0.8078855003085631,-0.7847717308165166,-0.7853344943525047,-0.8192818817661219,-0.7805543905626698,-0.6122808826631786,-0.5810854009303807,-0.606578267720188,-0.5499025960536843,-0.5376648123841365,-0.5955569037663075,-0.5226589084376059,-0.3792321791866624,-0.3130084294604429,-0.3112251584268781,-0.2761030649662696,-0.215975645416981,-0.17391641144770537,-0.17090396534481242,-0.14793249908304876,-0.10002074148925766,0.014192174117482933,0.08189887612892952,0.12158889081610129,0.11917697735326833,0.1131515286466782,0.08875020339731343,0.01619597257984239,-0.05218994524671164,-0.09886527126353646,-0.11010665609994938,-0.11278483414685084,-0.09486255897145345,-0.01220510946409009,-0.04836000353914273,-0.08842251137996851,-0.10033816648390512,-0.0005898888209816343,0.09674775037127588,0.13785378722366223,0.17883424171663975,0.1810166519135694,0.1052080489532491,0.006339568511088974,0.07011593677456603,0.14252210408481694,0.04186804010921132,-0.13005844882719572,-0.07980808769800136,-0.11282352919710578,-0.4036336323191224,-0.5097871139924692,-0.5402178437180896,-0.530325404301904,-0.47303109852967506,-0.5751418242250182,-0.6996897845044747,-0.7274539387993993,-0.7796202436490839,-0.8164763071537039,-0.817294322032492,-0.6814063714914275,-0.4229007080640039,-0.32119184303498505,-0.3270547704269095,-0.19444651049348902,-0.031133669777316946,-0.0571926029957335,-0.27828086069477237,-0.5492581688237511,-0.4882787564413379,-0.09401802786980658,-0.7443673517870435,0.21987789539524363,0.5518553606523965
stat_86,-0.5847155041121429,-0.6037466029322636,-0.5110274662793318,-0.38205448284492977,-0.36931660261086374,-0.36219692623028177,-0.34062950409614945,-0.34694725901157464,-0.3548376259460442,-0.3814694579776221,-0.4452088214491088,-0.45078183789027726,-0.5035879697207286,-0.5359880544854746,-0.5050274674132376,-0.4332408640054448,-0.4280753886318042,-0.424322947709651,-0.43274968753087417,-0.40252059904058873,-0.32931555675352675,-0.2982853682267526,-0.29564695262327867,-0.29421798430575413,-0.26172788482408177,-0.21747276941544272,-0.22431787560251784,-0.22542509609534936,-0.20739924399648624,-0.1483293349784156,-0.11366972726217729,-0.0700423240577014,-0.08298551125739362,-0.10309132060604939,-0.10330530337261606,-0.06934665752666304,0.01592674899935365,0.0725687759442111,0.08868044622387589,-0.1978818881808813,-0.14965743785127633,-0.056353807555508825,-0.03413521374985102,0.13179744612907265,0.16157563492573354,0.14928604874265555,0.08199065831106836,0.005148351309682359,-0.04233234858429889,0.004780866225833813,0.05120397670309489,-0.002612368084385118,-0.07130470443827985,-0.03720253442118851,0.0413362856531261,0.09982518466586107,0.058521670170526174,-0.03071807674983964,-0.10812968076781747,-0.16962374961312524,-0.2503464777795808,-0.28984188102251196,-0.3414385723501946,-0.41255123143701194,-0.5529408173842338,-0.5753627240161587,-0.4082879907766964,-0.307542995301654,-0.34349287650943794,-0.37924397062611637,-0.31650893927408197,-0.30052641744512576,-0.25995512632185475,-0.1793083243251295,-0.3224527157004674,-0.5859309810577015,-0.6266234459544514,-0.7110247246690202,-0.4902557514755126,-0.40781121434172385,-0.19823644359334155,-0.9031236282683693,0.09505684650470266,0.406591622198285
stat_87,0.516223148670106,0.3362814305074893,0.21747950169626398,0.18805346515022203,0.06320956366242093,-0.0888209494978003,-0.18025793774629484,-0.3062036447505362,-0.31696846244947713,-0.24802710067350356,-0.258865605763905,-0.25898729866136616,-0.23821034651118683,-0.1950731369396977,-0.21951161805791627,-0.2207598456709531,-0.24370019173022509,-0.24116821262164947,-0.25612551332963673,-0.22464406090784875,-0.19399535051045663,-0.07558049217670547,-0.02785577475373435,-0.034514634832973234,-0.04541856528118149,-0.0007872189751426993,0.035618801640083464,0.041399762691196496,0.1321308453913355,0.23425229991685861,0.2668834119857375,0.3305992570300399,0.3476932681803957,0.3462287728365977,0.35034485494118617,0.3551499054862551,0.3159303143787786,0.293094961372038,0.29928829504858045,0.05245984262384647,0.119043008658089,0.31160129289540195,0.3010727703415235,0.26238342815039467,0.2438459585177709,0.2788784834209786,0.3092169261172959,0.2814003586328093,0.2992291158553052,0.4308546473666011,0.47658179159060754,0.4150951910892511,0.33829069084096547,0.2807433274103853,0.1773114232641112,0.049515422041404696,0.040401887170820425,0.07292489047263599,0.00792149257291544,-0.08422775063368136,-0.2053211828441154,-0.2939655426580823,-0.2418863530680114,-0.2150942989219546,-0.2212651045430378,-0.28635130712226453,-0.38608249153878915,-0.4016943801969826,-0.40341895079518597,-0.43324701157130874,-0.510351143089585,-0.37712213096931085,-0.11238962217293416,0.06471755364852019,0.19479789661134553,0.2711291405509287,0.46083011115144595,0.7823232322165816,0.258051514170737,0.14061147666504123,0.16773791621130646,0.5560094257198973,-0.22057336708078212,-0.2421173393385353
stat_88,-0.8021657381850963,-0.7793981249260122,-0.6608730066787762,-0.7029434170462048,-0.6767404193933324,-0.653344742185121,-0.5469448151031475,-0.6317790247705068,-0.619585314353525,-0.5769381043562164,-0.5429186048019762,-0.540932907578053,-0.4198299840143744,-0.4335113381061511,-0.5383770560496622,-0.5430588245471079,-0.48598773594721806,-0.4773442811417847,-0.4999196401192176,-0.5792072136828298,-0.6175885404426928,-0.6398503798073047,-0.5572792135854691,-0.5430586061337056,-0.4603259081188312,-0.44558065185840995,-0.461474398177266,-0.4589931729826183,-0.4359819689628108,-0.4390660045279971,-0.42719070036707507,-0.327741747171505,-0.20721298648616931,-0.09523765572628029,-0.08483170087141442,-0.08233634209897986,-0.08645519348005555,-0.06764505951838956,-0.05441040720801297,0.0017201462258331337,-0.0468211919772819,0.11615958379534551,0.013737236081360203,0.028842214130313043,0.0062064344791963886,-0.013811682538277218,-0.00666892506303534,0.09323079112760821,0.1878000186476778,0.0712704039293063,-0.32521237223931726,-0.5453313157111747,-0.47760718271499203,-0.2535221030973452,-0.09600637385007248,-0.21345127224775476,-0.29513023146419687,-0.3091666754977869,-0.42469114804910857,-0.4793333909155914,-0.3936832799656829,-0.3953660258142023,-0.4998682561597075,-0.6886561122161422,-0.6030034788115936,-0.3678703779774783,-0.36523728176190084,-0.4918846789289635,-0.6644387704492731,-0.8876405404256689,-0.7852349610276596,-0.6439971488626249,-0.6742054276507052,-0.6879659648548909,-0.6148430844508193,-0.5186155625295538,-0.7309024077076802,-0.7224084264572503,-0.6955984800116368,-0.550506370929784,-0.7655565820011061,-1.4858647057174867,-0.05121129643037544,0.05814257953253489
stat_89,0.10329662682294563,0.1846051799738331,0.2592617845319474,0.14529907219809718,0.12937511194250362,0.16658965325583497,0.12941608346591144,0.10704356989582116,0.07432900657297314,-0.054787276028162954,-0.11202549034319403,-0.11810133422745714,-0.18818877773121306,-0.17540845986395362,-0.2473893671728241,-0.22030326234065575,-0.2962492620043868,-0.33675296029463275,-0.3374920094715646,-0.3529895890724131,-0.3407262634683243,-0.32358648596179496,-0.3027664736912273,-0.290314193023296,-0.22121023789105235,-0.24854003212608852,-0.3033856430189495,-0.3066354219089926,-0.36892550573634375,-0.3156977473675647,-0.2560402761502312,-0.16696234775439703,-0.13014749269533638,-0.0817932870907701,-0.07926489485749404,-0.1154262251099335,-0.18660512271005705,-0.2208721771884964,-0.16032234469737613,,,0.1895251479814962,0.08710911945863627,-0.03357214940942844,-0.13427015169718437,-0.19605424138677865,-0.13484253603903829,0.06234573890187867,0.11858078818684528,0.05146600750450205,-0.09363766048412311,-0.20718770934664646,-0.2704017719964661,-0.3437626832584493,-0.2768074787825788,-0.18097051257767038,-0.24586489338143694,-0.3242716675593794,-0.3256781176527982,-0.3474862496970872,-0.3525095230467501,-0.3536477229650056,-0.2968150572563474,-0.2256332791206204,-0.2572445626384415,-0.18830287426429707,-0.19655886851783091,-0.11593229147756738,-0.10032067415933225,-0.027338174419320835,0.13540754692372756,0.26854303727183193,0.4122600737640537,0.48567263406036143,0.5001428939915262,0.2691159947855661,0.197208702210363,0.13354645447427899,0.02903108073843269,-0.1614079175229552,0.1329542296649281,0.027128013783813035,0.13029218282969302,0.24427445453050878
stat_9,-0.7886784276190545,-0.759118191411344,-0.7133354076285678,-0.5994831652425359,-0.36575653027320254,-0.13416126237059567,-0.009463527779986177,0.12278178966033616,0.307886582337878,0.4910802853747055,0.628182934353503,0.6343431580602741,0.6405137308799727,0.5896512046129703,0.5585756974887386,0.49818005398412285,0.4400448300349844,0.40164863555492036,0.41169998874080904,0.3942091206411328,0.358517105154087,0.30959202281475656,0.2935965934254573,0.2940640603066344,0.3003231450706817,0.2842976288268173,0.31524081218307076,0.32237767092080083,0.40049556273045,0.48340293264646833,0.4657971087276291,0.2851297120018424,0.2278500803960046,0.21931118321137172,0.21499610598196947,0.24877827520085508,0.2377013465573147,0.2453338666712908,0.2278925540157397,,,,,,0.1448149036309737,0.1212752486030065,0.3231279483110462,0.1608887812310796,0.14251867727037282,0.36096088745888677,0.6240033657499144,0.8938496755847762,0.9753750438275646,0.8518552235269171,0.5944004918899394,0.38866262046992467,0.25183305170712295,0.1328833395926158,0.20445246872367526,0.12881640310525774,0.09513189779909384,0.2940180257599989,0.47753150044485065,0.5899583198631254,0.6749844344392107,0.7939316316649656,0.9852730831161057,1.0384040073397445,0.8657656944575784,0.6819914268169626,0.41830482348246745,0.1538034843885798,-0.03889189742823715,-0.3254276919607889,-0.7495440427031179,-0.9709845375873623,-1.063119316187702,-1.1430740126203658,-0.3810765941422697,-0.003975530510396293,-0.12393545499226091,-0.4352757041085634,0.14321766692415358,0.16449063341288472
stat_90,0.4005999520554022,0.5668492888492006,0.6462664750434681,0.5623620702135144,0.5597881050416502,0.5470250398761242,0.5604709879448846,0.6230603816052194,0.73904781997215,0.8073390304828224,0.745197447257414,0.7380522519293655,0.7312607290628304,0.6762444055656892,0.6440509340500088,0.6558454008365335,0.6297507042542091,0.5330745956211707,0.5064760546458066,0.43969466133187807,0.4653108021156063,0.41928307282075616,0.38666751923991954,0.367905519944755,0.28287090841870427,0.3442710518084562,0.2835875332478448,0.2770105759111384,0.20288490099613585,0.18392158109826434,0.23479394696033476,0.21135542355862216,0.15494984383618998,-0.1492672926488104,-0.14693438580387602,-0.08062102173991069,-0.029669118251957904,-0.04153510094563233,-0.044302186167881716,,,,,,-0.12750441565733653,-0.13701930078932945,-0.09270495806250563,0.0013150854730120732,0.11342997417463517,0.38286762832827337,0.2411940884289228,0.046942861824679445,-0.0072298951727544514,0.04501278074412789,0.21250990166167338,0.34746148994177917,0.29386379132107027,0.3101364785885528,0.3244192923880539,0.3519523403367925,0.3674507193322686,0.5144044587651828,0.6758426536103539,0.7879631579442395,0.8262495186184355,0.8307375141941857,0.8801013570726369,0.9471085242387931,0.9908664665215906,0.9273657830480878,0.7474515758498432,0.6409635730012899,0.6805137043676905,0.869805656728585,0.8817792913109515,0.7340673267676832,0.6294393786938203,0.48436493849975626,0.4587261506665862,0.41533642830678785,0.7393314471582225,1.2871115818540675,0.048486423538337715,0.05120272108030538
stat_91,0.15138821907868422,0.13051118570729406,0.1458875860198395,0.08682036258476346,0.2224615685248504,0.35288091598787735,0.4340900111707866,0.47888360737693086,0.4960860949698739,0.4847633645259062,0.469090521108218,0.46595095483334475,0.46360842896712967,0.45985692114620125,0.3822562602233564,0.3057527866811815,0.2603161496500435,0.14823072841422288,0.11181248603108607,0.08138874853457251,0.1096825092347225,0.06815231487748057,-0.0009233061994977922,-0.008060109596935608,-0.05703209256075741,-0.15559314283758383,-0.232663467368883,-0.23907679499274428,-0.3242143632537132,-0.32258680618027846,-0.30068986457302416,-0.2142344212922723,-0.18891652972082618,-0.1643975850073881,-0.163490554315041,-0.1269513512553286,-0.0606309323146033,-0.020395297474375136,-0.021842211171565595,0.02710623584026497,0.004362468722258205,-0.02813645725218864,0.048957126041649396,0.0005502569311641122,-0.0013512997620725832,-0.04223623411365607,-0.05152334677398269,-0.04068517188613367,-0.037057421695817896,-0.07235744128195351,-0.16596058391698404,-0.27010594960098844,-0.3217738682778845,-0.3378667608845988,-0.2577651823705791,-0.10626202850126606,-0.00878738985914154,0.004129641347062791,0.11993125915976097,0.13259802453447556,0.04096634588769621,0.06762878970247453,0.2335115634931886,0.4026321169757731,0.5279805582115035,0.5726888155556097,0.500820657213603,0.5641270550341179,0.6722511308588857,0.6380678135558345,0.5640056159082782,0.5156612961613103,0.5547943982895398,0.3794134387374912,0.14337221813149267,0.14163842725629963,0.0479905341682044,0.0588851433443819,0.3294917497739214,0.24857759289616144,0.5128162064990739,0.6371258209482118,0.2396292141753282,0.35358606929621933
stat_92,0.183245096449608,0.22281760085018495,0.23574616975132082,0.2034774067095597,0.19108086844779934,0.24882295509334781,0.31936721025824005,0.34169566181116856,0.29563979426605835,0.24461735973175325,0.20276574467504546,0.20526727026171324,0.17513511899052722,0.11654517317159076,0.09806348071108138,0.23023944137504176,0.34050715458193964,0.351677019981517,0.3431410555520836,0.2582276675552889,0.17693819744121658,0.20036373363064267,0.2637899376772282,0.2664982439770616,0.3011809203614092,0.30983496751861006,0.25462235680613976,0.2515062921461726,0.23312367891098573,0.23416076027874194,0.29178381172385115,0.34342363980759333,0.34953734702007694,0.30100642509553316,0.2924785388945964,0.23458187853124157,0.22345018559547222,0.27073578040148244,0.31176754199779966,0.17519865924756972,0.047066335951999695,0.21411469440802292,0.21739198176655603,0.29330678387227693,0.26520700802543534,0.21281211205453707,0.16413331243165416,0.235765755781124,0.4456964230575681,0.6085125496584529,0.614037688211913,0.5216094500882994,0.46622499792936273,0.3721855804038514,0.30251435055433984,0.43019565233055684,0.4765446001716912,0.30127333338914014,0.17753969703744052,0.17367546890764454,0.3658178516224801,0.5670936828392165,0.4551913007208213,0.2617502343005705,0.2026387482890322,0.329414679091085,0.31376014277150077,0.2224543971297076,0.3178892829946206,0.39977049061863656,0.3611640445988086,0.35322543383891786,0.35016022460121343,0.3606634288650468,0.37187657258362244,0.350170767773075,0.30072729982059504,0.3620302760423188,0.1657991449399047,0.14948352429147307,0.3419274125076287,0.2721256412318189,0.3704868205149527,0.4673022830919083
stat_93,-0.1533526728240977,-0.08073918277211199,0.11958364191981807,0.1195608187291631,0.03361099488000576,0.0389790256935157,-0.002443882557332803,0.011453474560832401,0.08902407614852424,0.18029201464108238,0.2138617531132015,0.2189109022771728,0.40812734303119946,0.4852853493751876,0.4135340459848691,0.4937704165249359,0.5348956788002627,0.6009767144535597,0.6279501311056425,0.4911526840302644,0.412967825008353,0.423486027003611,0.30498120248446114,0.28162483206337063,0.23226979497667052,0.2029082431103718,0.11879066514700166,0.11659939429680355,0.12685240564605046,0.12199693933964498,0.19364935535015027,0.09107725665734992,0.026200938572620312,-0.042924086053338986,-0.04325554544633819,-0.10093505519183585,-0.0435287125560508,-0.03224620206683014,-0.030528630921929454,-0.06596809188843694,0.041179400761678656,0.1259863206178385,0.11429054745873465,0.04565759410536147,-8.552606486737703e-05,-0.09972713134019828,-0.19903408765722866,-0.12522426027114628,-0.13389304404667055,-0.1600097312692547,-0.07992577877386717,0.094070536005379,0.14173483025471365,0.0807777410319019,0.027743520954031573,0.07701102075577251,0.13338275168965,0.28866632299849204,0.5175605558195973,0.4472243199447452,0.39091694277921246,0.43386665609898817,0.43336717469131397,0.4923600197532765,0.4239065927867837,0.39989026605907657,0.3385833197558436,0.198663816805958,0.13800891622256095,-0.007833050837356583,-0.15813308062343492,-0.1169967918291422,0.03293485164183088,0.1408624465816921,0.20829493502067986,0.14797881818596928,-0.16809642712282089,-0.2263737592782972,-0.02536325632741133,0.16114257592716083,-0.005216797203198366,0.19305659060596514,-0.1884315333993216,-0.2889558260819654
stat_94,0.461284995115441,0.5294463465928374,0.6497246717754425,0.6209968066609591,0.6536698659381159,0.6470104540005235,0.696954122293776,0.6700819597393814,0.6676951649075656,0.6732821013597222,0.6738909871775624,0.672823481528265,0.6676056133435412,0.6603762380037226,0.6830562257656944,0.6822059633686041,0.673194482248455,0.6140307305114135,0.5803047778591509,0.4000685165038966,0.3592015119938579,0.41405583089991693,0.480927805477646,0.4823366438506701,0.46084552318311733,0.46388354452549146,0.3791039377260168,0.3739329647822687,0.3099690919373,0.3035813961314842,0.3249332110221445,0.3447394035043305,0.42162446884052573,0.459576122247269,0.4590943651164551,0.41653894110276074,0.35471826563221703,0.365033966799894,0.3135526988560826,,,-0.018786842741830408,0.0007219296968177896,0.1548534492426106,0.13770809162646952,0.20543413643622718,0.2779090086449566,0.43689171817285216,0.5683849080542305,0.5368959610858898,0.39507396702726183,0.2630190538949418,0.16701364705714494,0.17484672292415507,0.3378534722684409,0.5599203912074293,0.616795171388018,0.4456988232204082,0.2671107131146861,0.21429792067643222,0.35489434009690557,0.726760493701041,0.995498308354177,0.9030039310511452,0.7990170530711488,0.7299006025154507,0.6785412704005133,0.808512269902376,0.8413073527330395,0.7508262746968801,0.6467282806484221,0.66177605423998,0.7354102599377428,0.7781849164554538,0.8606141012313445,0.8034762317069325,0.5947811487617432,0.43368743698927853,0.5199223854396046,0.582676721337636,0.7650634681846171,1.3434809379256796,0.01856885612067478,0.13357524042033617
stat_95,0.3127404524596257,0.34085435186561414,0.3977337657949832,0.4994902534294808,0.6956736255635734,0.7200215908688241,0.6113553541399122,0.4913799414938129,0.41763894698159637,0.33354311196743147,0.2795688240069434,0.27860881089710693,0.24694760306792995,0.22103533260429523,0.1330774408624538,0.20097940896075853,0.2550800178805257,0.3268440169318272,0.31114016551802204,0.22265677862472466,0.2205741869371655,0.2503936255255832,0.20091458397255474,0.1872834275663762,0.146965722060137,0.15108079004448494,0.1877586712242443,0.19149540822810512,0.21212516923749702,0.31270110253487415,0.37889604167801033,0.419028178498518,0.3132454294489297,0.24291278240960715,0.2415580507209793,0.2041688624135136,0.20279706079608942,0.1906141931174467,0.1836048427567401,0.19526696974863292,0.18784470643583703,0.4321245978132203,0.29080194974065904,0.24215025251338632,0.17997792382650074,0.237658145199989,0.22972401228637568,0.14774785914578148,0.1605796531679453,0.3783279734917653,0.5750757084543691,0.5019848318708902,0.41154172991857935,0.3132957894255693,0.17990738122392294,0.17456269820466727,0.144107781379752,0.12748498302901634,0.26535079337624096,0.307835618885818,0.28203972267059063,0.37093471921632265,0.3570454440773261,0.3501631830153986,0.28696028163692405,0.2963240646629454,0.1454686012711014,0.11356696446252146,0.2564486769414873,0.4126233260539983,0.5873928922156777,0.7144662245389755,0.9676019921264013,0.8752281874965314,0.5336572923726626,0.4561956910205547,0.526586629835447,0.4215918101617494,0.4067091769738706,0.36894880838720423,0.6126142827069017,1.005568747047003,0.22243771158982656,0.0036738472269498006
stat_96,0.6763378000480955,0.7281870684820175,0.8573281836135119,0.9798601613777417,0.9793375646348689,0.9489347543181286,0.9489787645363604,0.980086315825072,0.9789235903270502,1.0295422576723494,1.018463897115495,1.0140128175009384,1.0061385330196748,0.961264318611669,0.9680520708741442,0.9428505794130126,0.9489162839868566,0.949820288127814,0.941289802006576,0.9063004004030217,0.8911742274846309,0.8376705005602245,0.7716446808679686,0.7632981417442238,0.7588529421975458,0.7429279435467445,0.7842229701522412,0.7892457146163548,0.8519484959618654,0.7554785471492739,0.7828444306457123,0.7799825414636614,0.7898064331125917,0.6634601378920223,0.6611989977167033,0.5742342172549811,0.5050321115439488,0.4950367322997548,,,,,,,,0.2408881229368716,0.1956555105176393,0.14947267203782838,0.2809291238139831,0.5558628937967508,0.526274608395701,0.5815936804999321,0.6327484190832452,0.858599150065899,0.8535219172649007,0.97968577689989,1.046986244679692,0.92527556453487,0.9742630745015258,1.0764739968576515,1.0897381129801513,1.154953785304035,1.1530152156990436,1.1478128741709288,1.2117337004637703,1.2222438836925362,1.241406733193108,1.2791692024925914,1.2591127789772696,1.2246486804668535,1.20438288821113,1.2150724586566135,1.2322924654762852,1.2655369992216026,1.2782615136858713,1.112776355542934,0.9086290823946335,0.8872739638154308,0.6630480080976116,0.6929553444807925,1.3844500661173547,2.031694853748498,0.6061373735680922,0.7518407660332055
stat_97,-0.3336666304073311,-0.276278240975469,-0.04195024911319411,-0.010968740065205486,-0.0026307407493596294,-0.13573845409245175,-0.07837359598861013,0.17195819374856436,0.3445402297616096,0.29294986644696713,0.13104023502138595,0.12152278917270717,-0.03454915452987611,-0.17172531297416227,-0.22667457783732625,-0.20545707356872464,-0.18754917351457728,-0.13941649865682068,-0.10216695028218224,0.004201309544772699,0.020398001648600488,0.009814281263658962,-0.07615803160794637,-0.0792512487956514,-0.1773484485660927,-0.3274920593700117,-0.3177005689095003,-0.3065203059117735,-0.15463978480871676,-0.03686888676588976,0.14167332328089946,0.2483205804000096,0.3429702703364723,0.4479284764107859,0.460264835020789,0.4634619027425192,0.3879213733110794,0.34704775871893606,0.2650923612884871,,,,,,0.24211885194078403,0.3522774709404563,0.6249312182264896,0.9621160195858369,0.9772459921934226,0.7207830162569261,0.4315304319985232,0.2038080227730136,0.03020646627986402,-0.20719482083999835,-0.42298167409866455,-0.46046501743892415,-0.29785973957998596,-0.11331457456464838,0.07907936119618207,0.2619232840236971,0.2602352725300097,-0.025549373294649805,-0.20668393265183865,-0.2452703659971426,-0.25684315141838293,-0.15053760753427475,0.015213097826076777,0.26401655066624913,0.49907092162033356,0.4820244573881134,0.1541426111204953,-0.11867073523871571,-0.1187992720393024,0.02702552914214872,0.24809639992221416,0.1583222580636028,-0.1907148531820286,-0.295507018598518,-0.13751953952321572,-0.04563237674241525,-0.23823395685814666,-0.19149483389750413,-0.08832718207448642,-0.29725918911647536
stat_98,1.2047525521918103,1.2035903033143907,1.2014017269553348,1.2356700849747533,1.1883184656057402,1.1025022443663393,1.0490404073419646,1.0088039610112725,1.0536861256250636,1.0203724688727724,1.0276799040868012,1.0375308997932622,1.101998191025789,1.0461117873951642,0.9695480521288382,0.949131695067533,0.9265582955181008,0.9002546218756541,0.8861061362994006,0.8623926994695583,0.8199756685555157,0.8109614309290802,0.785136469498958,0.7811501577884954,0.7651010153714612,0.6746410436958541,0.6519025289707181,0.644384295745324,0.6184118599927814,0.7127594762176397,0.7949805145494174,0.8830792750262575,0.9040517467328265,0.8836026814426245,0.8824632592921384,0.7900526723568673,0.6673949414888789,0.619616021897909,0.5966537485916825,0.129677419784537,0.14584842290276764,0.345689530903939,0.19679904059284853,0.297337114844789,0.36241052020718006,0.2906601507341408,0.3215622481131489,0.6047527909371204,0.8803885817092332,0.9214210382859397,0.9194514213095276,0.8708912192449741,0.7314990659905984,0.666853607088587,0.6616765726220302,0.661225480286985,0.7945625175364973,0.858001386425901,0.8032034837384266,0.9047766023304276,1.0655004114272155,0.9860911383473164,0.8304534619108204,0.9365833556943155,1.1462135949006111,1.2867207023161369,1.3472085258906805,1.1714298936492678,1.0775000778743944,1.142650422390491,1.058166193354083,1.0277395065934813,1.1919727285038892,1.3674902711224626,1.3993874969819244,1.3517730883204981,1.289092961141803,1.330383451323365,1.0389563604183403,0.8938710868258343,1.227866243465609,2.2740609085089876,0.3404904252687474,0.20051589383078364
stat_99,-0.13731016281438804,-0.014747685201682327,0.12788313859858913,0.21998967719340828,0.1132925379462851,-0.034461017984272646,-0.03288621187505629,-0.021573360425294293,-0.020302608410464117,0.02442054158935333,0.05117126397802689,0.05040497218212491,0.09959815661637132,-0.05885356757115839,-0.1860419176681164,-0.2394977505073169,-0.3581972324144189,-0.393522406431932,-0.399959626250357,-0.35760049052216386,-0.22963664651685853,-0.15759666880276207,-0.11201496744540645,-0.10331858315092073,-0.14215386642280875,-0.12566269165132954,-0.18753910464802334,-0.19193824073148466,-0.1667535366876095,-0.17074451764667226,-0.21444395965949858,-0.27578091727548426,-0.21953524032399985,-0.25767127179843563,-0.25556909459053473,-0.1777624428485288,-0.11949989079676165,0.0568783114109587,,,,,,,,0.24333461064403394,-0.0172386855011746,-0.29247503260499824,-0.5400307970378182,-0.4939442867344781,-0.4385567158805945,-0.3932108149902327,-0.24143355211317274,-0.2112752823478703,-0.15017239351792833,-0.011846593494696977,-0.11860800515207733,-0.1501956014404538,-0.16250928092877864,-0.2728215467629367,-0.5065457155437761,-0.6187374443799448,-0.4861272704009236,-0.36640985571064,-0.2313829507589267,0.04864857810177789,0.23327438988135998,0.20442270735942647,0.07739237730217856,-0.04177735714273771,-0.1020238547999338,-0.34038566665789205,-0.20039554625891,0.2564435542270949,0.5205413293525731,0.3138162915368254,-0.010101703851367291,-0.19156462931378798,-0.043465869681744956,-0.063751786872142,-0.5115301800028581,-0.4576302219346924,-0.31039891077525356,-0.47625452368911203
