,pSA_1.000000000000,pSA_1.072267222000,pSA_1.149756995000,pSA_1.232846739000,pSA_1.321941148000,pSA_1.417474163000,pSA_1.519911083000,pSA_1.629750835000,pSA_1.747528400000,pSA_1.873817423000,pSA_2.000000000000,pSA_2.009233003000,pSA_2.154434690000,pSA_2.310129700000,pSA_2.477076356000,pSA_2.656087783000,pSA_2.848035868000,pSA_3.000000000000,pSA_3.053855509000,pSA_3.274549163000,pSA_3.511191734000,pSA_3.764935807000,pSA_4.000000000000,pSA_4.037017259000,pSA_4.328761281000,pSA_4.641588834000,pSA_4.977023564000,pSA_5.000000000000,pSA_5.336699231000,pSA_5.722367659000,pSA_6.135907273000,pSA_6.579332247000,pSA_7.054802311000,pSA_7.500000000000,pSA_7.564633276000,pSA_8.111308308000,pSA_8.697490026000,pSA_9.326033469000,pSA_10.000000000000,EAS_0.050000000000,EAS_0.060000000000,EAS_0.070000000000,EAS_0.080000000000,EAS_0.090000000000,EAS_0.100000000000,EAS_0.107226722000,EAS_0.114975700000,EAS_0.123284674000,EAS_0.132194115000,EAS_0.141747416000,EAS_0.151991108000,EAS_0.162975084000,EAS_0.174752840000,EAS_0.187381742000,EAS_0.200923300000,EAS_0.215443469000,EAS_0.231012970000,EAS_0.247707636000,EAS_0.265608778000,EAS_0.284803587000,EAS_0.305385551000,EAS_0.327454916000,EAS_0.351119173000,EAS_0.376493581000,EAS_0.403701726000,EAS_0.432876128000,EAS_0.464158883000,EAS_0.497702356000,EAS_0.533669923000,EAS_0.572236766000,EAS_0.613590727000,EAS_0.657933225000,EAS_0.705480231000,EAS_0.756463328000,EAS_0.811130831000,EAS_0.869749003000,EAS_0.932603347000,EAS_1.000000000000,PGA,PGV,CAV,AI,Ds575,Ds595
stat_1,1.3924127405687865,1.3814738729275589,1.5230433819213829,1.6767906507237014,1.7330355280641925,1.6576565693971708,1.625319508130824,1.653857974470167,1.6161754355802882,1.5569540289552686,1.4980069733343289,1.4893385855541685,1.5215389652203226,1.4304211149834671,1.277375872738563,1.2203323424115669,1.1860157403308778,1.1674968475731136,1.2043589840515965,1.1109996904666106,1.0373215672762957,1.007895381839516,0.9538751193855985,0.9540874067239196,0.9147782496768495,0.93208102497171,0.8633871895395506,0.8605472438189968,0.9019364223591511,0.9257805157436193,0.831740306594551,0.7745671464077785,0.6901681735728207,0.6194796587659358,0.6109532507351743,0.5925690266307364,0.5901269323729357,0.5466636331074467,0.47020859873101284,0.40777880315933696,0.39803889852892255,0.39408878121005375,0.34892726654868683,0.29094664624298977,0.3461942700384026,0.48122753693045084,0.6386648600479741,0.5897437084100695,0.48076945219667033,0.6563151158090242,0.8339824060643181,0.8341288467723752,0.8968858218033926,0.9548282071223722,1.0050337219702883,0.9662421758204804,0.7857495110693489,0.784012549538584,0.9529686607059242,1.1711824754936104,1.2134989489056462,1.297559616841973,1.2728397605253694,1.3460531180694266,1.4201968622475074,1.561884560377512,1.583633482066988,1.574899584191125,1.75097316168581,1.7957288087451442,1.804694917388611,1.8593351864680174,1.9677614599977735,2.1149208630706435,2.148384849752376,1.9645676980030706,1.6675933324982812,1.502745712373374,1.2264260249703558,1.231040291956051,1.6009299592522626,3.1572586298779957,-0.18253325859431946,-0.22731707005701285
stat_10,-0.04428027234504762,-0.06975076465698374,-0.09306401883223561,-0.03085145377501303,-0.1312598051192897,-0.19056020408862687,-0.2386745480830624,-0.22369417986654697,-0.16177583622195668,-0.012894820546654901,0.07237457243126658,0.07655284260601936,0.12559695752299116,0.20118144418243586,0.28221243229407916,0.33625910448450774,0.33859757505703914,0.2970501473671427,0.28386617440008355,0.23168160459347523,0.2054924849691229,0.09411033921210084,0.05878934747870322,0.056265023978206465,0.08377130629351291,0.09633959714384537,0.09470451817940119,0.09209974815670192,0.06996462065882467,0.07098092478964707,0.06027472873799147,-0.04294596524618596,-0.22547329989370005,-0.22186244069582753,-0.22550751999846774,-0.21807392542934292,-0.10987303641883057,-0.07531200335497827,-0.006268552677658782,,,,0.08736611782456224,0.14857893674446687,-0.02701249597962396,-0.047423767415556255,-0.12484468214381583,-0.29563976429982786,-0.45457653148037974,-0.4274841349670058,-0.0832402120561312,0.1218568780755392,0.09538509622192792,0.09238517090523747,0.20882559985798205,0.29599581779796486,0.10227544568064176,-0.02727221394878466,0.03600171943670304,0.19916790280811394,0.25908171176318506,0.2934410204681468,0.4054519308504601,0.4302344580046374,0.4061367358601653,0.38899923678471504,0.1998181562956528,0.0773127551432077,0.003899648228251283,-0.20556179764532267,-0.31276996723080164,-0.38504286867800475,-0.3300788396220542,-0.16705394441190713,-0.003172435000750384,-0.06641321725068598,-0.09694263692207053,0.03941425517240631,-0.04607859497850028,0.07015810558874067,-0.3096858770789931,-0.37679486480691987,-0.3480220963519764,-0.30718294986459216
stat_100,0.7145488821772489,0.8034339731478934,0.8205573080158574,0.8402369274133579,0.8030912161997379,0.7532159009515642,0.8048535179145426,0.8154556071852594,0.747015117351776,0.6802165102052458,0.6679371556262444,0.6670244245358523,0.6056215131894199,0.5173919221655056,0.47353013005179345,0.4844063847478945,0.4357627756303819,0.4111097874727299,0.3861522145189346,0.33605812236721083,0.26265005823330395,0.2459458551025968,0.2301422236452785,0.23019790952430824,0.25544882654945167,0.29016933485893276,0.4122631954295926,0.41603870687525113,0.4750654571974347,0.5919206011097233,0.5582560270318352,0.6063146221933252,0.5810547871321956,0.5022485734350863,0.4941542056470772,0.3778534742450193,0.3467601453504159,0.29491005757065597,0.2500386537300393,,,,0.1356802742249296,-0.05543682761549312,0.10177731758298765,0.1621860729489924,0.22005712092211743,0.2798512213908185,0.49675835002984203,0.577444254888167,0.6459732421210572,0.7156852141355793,0.6501432143250742,0.5300324314426221,0.4198375535166857,0.3249995362416247,0.28356942080470504,0.2304371142542456,0.18173790241203086,0.2451409677755824,0.3823064642288825,0.4760486056099053,0.506440948037795,0.47879045177331453,0.5136231556060621,0.5814077878768268,0.7287511253560811,0.7898647418732371,0.7537462596274357,0.8631414578958555,0.9767351549542073,0.9061873094994647,0.8047264091268043,0.8146200925827422,0.9849033657017133,1.002818529711191,0.9326377834977222,0.8604303966287078,0.5948033548286225,0.6565976043214202,0.8666372559523676,1.4682353981517162,0.12951325674437825,0.13507043389539067
stat_101,-0.3912512088224612,-0.4237152096030385,-0.41446629072929325,-0.39621717526837713,-0.30067417205793817,-0.22954707364856702,-0.23921237925865466,-0.283509736791654,-0.29696881853079465,-0.340971900682426,-0.41540466772189893,-0.41479200076038064,-0.4708319413545207,-0.4805343159776617,-0.48927378733864213,-0.5018061183956404,-0.5350567047098146,-0.550332450820423,-0.540966193153817,-0.5349756210612254,-0.4862922992803978,-0.4492773340881835,-0.4628355919430444,-0.4639763692319709,-0.44166655846949665,-0.4099676379453244,-0.3267650422910345,-0.32124983123817363,-0.27382021409820134,-0.25270589668088955,-0.2275909528368254,-0.2561983099106318,-0.30900048860697854,-0.33191534163675485,-0.33682974705968066,-0.3079583667190292,-0.2362715990807163,-0.21091220992390353,-0.1918310553683749,0.014136844399302944,-0.05645547173614191,-0.1532311147225126,-0.0975657721314764,-0.04604892095108004,-0.11082263939271504,-0.1872460771554428,-0.2728032992456375,-0.31788498096068335,-0.31789920566059743,-0.26155904022341714,-0.22833521394747808,-0.2712723679962072,-0.24484198051144457,-0.212947359659626,-0.3133478236880164,-0.43181160170781413,-0.3955056082271178,-0.3139634220360069,-0.4119524619532675,-0.6000009843793833,-0.6770775763478768,-0.6227554746664117,-0.5310672649302685,-0.47287696585209976,-0.45131054958356337,-0.41283411340174175,-0.607751375057504,-0.5455023884251012,-0.3448748358536682,-0.24774961165720813,-0.2716720887524002,-0.19954134513156652,-0.19683731789869413,-0.3671665567666962,-0.53562920251111,-0.5025236661398422,-0.3654361613362314,-0.45277255590269866,-0.3358455709307347,-0.42131909303624987,-0.714124625764954,-1.0695293015907683,-0.18826498679041254,-0.2454110547163197
stat_102,-0.049531655012214224,-0.03877281600847104,-0.012597121655480692,0.006453336275089608,0.09734062433547247,0.2100224711331548,0.19961252775069366,0.15243279533389612,0.1208346021931376,0.11145010590838848,0.11146336577284621,0.11123067781902914,0.08970692693139136,0.04160463183463574,0.011183843548541841,-0.019812907321083106,-0.04909062797508577,-0.08782484127770446,-0.09511477040100452,-0.09629718446097535,-0.11907906526332937,-0.1579028776950136,-0.17958881458025136,-0.18956972270726632,-0.21309818570906802,-0.18292703733385113,-0.18855613271818739,-0.18999031200343358,-0.21039463997204205,-0.25237642720075737,-0.25303262614901967,-0.26282406359247074,-0.2553694214894985,-0.23185361930128878,-0.2307896432870022,-0.2648116322189256,-0.23969918636617768,-0.2252574744393219,-0.20528142477823652,,,,,-0.061439686049523524,-0.09506959494436998,-0.18079369185571809,-0.19357651233794626,-0.1800179381695061,-0.21951158690598863,-0.2696998539595863,-0.35812874480466633,-0.2680674066019962,-0.15054258771443912,-0.15816043557278317,-0.2578572843377136,-0.2878396774109964,-0.31011444946716993,-0.26286066251813356,-0.2446053706173189,-0.2581727367138439,-0.2234727948861718,-0.2958964650809753,-0.2424453244795799,-0.12661671409114783,-0.15337534559875649,-0.1326188983400999,-0.06249339247342405,0.04359114456940215,0.10558947351594623,0.1784440238820324,0.19086045273598773,0.24646569818909198,0.3058670026290181,0.1138358225908425,-0.04712034137052657,-0.03762152604447375,-0.06752036471105496,-0.007287758749190156,0.0030238396463751417,-0.032610956095972275,0.03678753564751054,0.03548889711477284,0.19864263339080324,0.1938621330375069
stat_103,2.755472554034797,2.734275829678222,2.6190362396623157,2.412305290363766,2.3650442225101482,2.172456318312549,1.9976056968616496,2.022458403793125,1.9524799949672766,1.9294630738616911,1.8954381470431143,1.8901489497742123,1.8245109520165663,1.6531841017148137,1.4820730040117576,1.3873823734395445,1.3497960311545283,1.3690350903182331,1.3571762091525905,1.3894540138670646,1.4447308802585717,1.4499826856595064,1.4154293522407508,1.413252313415968,1.4973093410258034,1.4423294997846603,1.4060961094700075,1.4098507960960573,1.405774222792659,1.3623989751642087,1.3449423623158632,1.218326974417385,1.2426168441783068,1.1789096910005687,1.1703961721963945,0.9927280389509124,0.7805832412555399,,,,,,,,,,0.5301907200700486,0.7853634588950533,1.1256732421492255,1.277762126079048,1.300298537634873,1.3455274759136708,1.3785866771042234,1.4502242499826328,1.585487108235541,1.6898947424107005,1.571371496049042,1.460005127908459,1.3955223150861245,1.4620418706924103,1.4762885285181127,1.4543158769280948,1.4717970266123737,1.4615296494844017,1.4509497519530672,1.5960413746356485,1.9254573193587696,2.0190946795603173,2.0026511677765435,2.0107432736241635,2.045767501896877,2.0806342798489434,2.3932567231460617,2.690048464454766,2.7812162421578464,2.894762640083064,2.9704645802040734,3.079642766384637,2.3864177406364,1.6813317024318544,2.272041317408697,4.578187840581401,-0.25149847552672244,-0.2877978766886941
stat_104,0.13604238651027414,0.06756930181740439,0.013864085851075209,-0.058608029170296325,-0.15139740257536957,-0.15548451377606257,-0.17994711641467856,-0.18812783359169646,-0.28006384342767277,-0.33463737541054644,-0.29195984564310334,-0.28402024108710305,-0.1297802125638781,-0.10804878324184507,-0.1379409700357422,-0.09556216895776119,-0.08569894120322136,-0.07645815540758372,-0.08135810534058648,-0.10271304726262764,-0.15489042125286323,-0.16083709668698484,-0.12624384578756428,-0.1241121177666017,-0.06407594386467343,-0.10539756783842323,-0.14431097952118388,-0.14384853385826485,-0.1627951240524345,-0.20108515576044164,-0.18968663357549315,-0.11691549820111957,0.004844981249961084,0.10881020108037377,0.11059176588385293,0.10419158103915171,0.0923067991357579,0.13331252209646363,0.12122894999740073,0.18273828748781373,-0.06382651156561678,0.0737252702197442,0.0404119666334214,0.04822351675875906,0.19748812473711064,0.16981959514538517,0.13011050586488862,0.12223418172910262,0.22250883015449333,0.17145800486122326,-0.05201526032116191,-0.21213955998805886,-0.27334287965486176,-0.12220018686927027,0.046748865035755885,-0.018070286544709626,-0.0344413119650351,-0.02184534599961558,-0.03468893830758724,-0.02757706039457431,0.04014861874457745,0.1361002902827318,0.19897495449000366,0.1540995242484422,0.07739412538511031,0.03132590693430088,-0.018085666788939986,-0.20487171990393302,-0.24239512393225007,-0.1700673996979825,-0.17363187387537127,-0.06732757428028509,-0.006405286619898418,0.05739436160548159,0.14529879653547553,0.18752380391945264,0.24298197969540603,0.34362964554316583,-0.11999040168227876,-0.1592618459242572,0.15842932977312463,0.06278630975436383,0.2080488607715512,0.1733142644559756
stat_105,-0.21262494866474838,-0.15442967015339298,-0.040116397816737676,0.13045934742426174,0.21757117445444174,0.12704478300028502,0.04579117319627863,-0.11098743849319777,-0.25526647697908184,-0.3223559875195733,-0.3591928366701376,-0.34833754005659767,-0.23969137813302296,-0.18193789551005182,-0.1307111095249322,-0.10557781104331965,-0.11435024356167252,-0.11744293947805375,-0.09784729656107911,-0.020475414434487377,0.07077817735181297,0.018604018966059666,0.02239716767994429,0.040056714531452334,0.07550391596903264,0.07074643013861759,0.11687572457466412,0.12278061202567812,0.18097801800883567,0.18986129157060644,0.18340747701282667,0.21525027016260617,0.2451451101662293,0.17141051978475405,0.16652894031066484,0.05850366150462754,0.05219011078625163,0.19977829866117378,0.22920706439279584,,,,,,0.20251013498613588,0.0757179091492548,0.17561992024907447,0.38692713505308957,0.6102765242339481,0.5566630480857883,0.5938931902434288,0.5795943442717397,0.5211005723326234,0.3235565518028145,0.13810468573712933,0.06498575852946263,0.0032292025354725947,-0.1319915828747578,0.039227928902261344,0.21416476693728456,0.11192357294359623,-0.060411176430922905,-0.021677273458724427,0.11256477248948805,0.08475860084146215,0.021687249549961186,-0.1706345528181186,-0.37937726526104243,-0.38204446621037785,-0.3743551874759549,-0.2075507152261911,-0.013197662512198003,0.20820632651953763,0.4103123400920112,0.2278047564135892,-0.19204352750273002,-0.34426921205778543,-0.3461322428927978,-0.14759966751685258,-0.0729151961568076,-0.324094649696278,-0.47572486124705937,-0.2870546941733161,-0.20266079433073508
stat_106,-0.008759307810703646,0.0009632477137163236,0.006051220529355427,-0.0024294795982521093,-0.15310694415100495,-0.24801011078166738,-0.23576153603604805,-0.2640290865044349,-0.27028090131964944,-0.3106784197555579,-0.31436844899457456,-0.3087812522792218,-0.2301411683808143,-0.22612956655777008,-0.24402791563186677,-0.2330705852051086,-0.23687099972256262,-0.22969758027706688,-0.22323214509483127,-0.20608532406752178,-0.19526369975720237,-0.11233141779393084,-0.10544476934279975,-0.10541097399317419,-0.1141224798044162,-0.038174887398623986,0.025049360430405666,0.023122587666691886,0.01554056507287531,-0.01868825583013525,-0.1246586532327859,-0.14087513841149835,-0.17232151019841888,-0.12293430520620158,-0.12612251687572545,-0.10849140570171534,-0.07511225041140572,-0.07874113266807214,-0.02860669368238696,,,,0.026888789194962265,0.005250885813365833,-0.0071235203028099875,-0.04455565487639762,-0.06185804690456332,-0.22395337535083648,-0.25334926600644,-0.19911401217943037,-0.17247867340196416,-0.16580913162184532,-0.035854549419036624,0.11078345265991149,0.10469064763449062,0.12734313666555216,0.1481126734773214,0.01966160286157042,-0.03225838763102036,-0.17313815139463715,-0.20961952140194984,-0.22278981941292034,-0.3841670097498805,-0.32739278585530457,-0.2440802145426554,-0.19972166293003632,-0.16753005876648258,-0.28781661575262646,-0.45684932071590756,-0.421406109674497,-0.17831825630108503,-0.13756095953636804,-0.19285792895469,-0.09345646307595123,0.019275916293251063,-0.00243191396847163,0.0692873103595588,0.09554219819419875,-0.08100437459647175,-0.1521023337308878,-0.21376890980618707,-0.27647225982036666,-0.0250143915754341,-0.06552994192433825
stat_107,2.0529023200325986,2.213262869822217,2.304229395256375,2.2831509796227887,2.0022380428941435,1.7341214536263239,1.4951584769798847,1.2643736015458815,1.0882618219663105,0.9646458534968044,0.879002314184035,0.8717086857799471,0.8002997936171318,0.8299705634051834,0.8104545267072855,0.6884491768837165,0.5906642292715766,0.5693129746725567,0.5677209365888117,0.5374801013411655,0.4864675304830155,0.51798589928918,0.4858996769135373,0.483641691098877,0.46295785084282465,0.4604967137746466,0.4582675813950689,0.4573210773674299,0.45846580977738405,0.4123605634726733,0.41587256485490137,0.40979700975836486,0.4061671923182457,0.4237602630447295,0.42598558852785556,0.4267418815470017,0.3340822006286471,0.34091299407962844,0.3703838477909544,,0.050245731200265126,0.04268557070871972,-0.09094509607357093,-0.15549732370972888,-0.017735710949005147,0.00215433460466091,-0.053816284237457136,-0.16299608692812878,-0.1796947708823955,-0.10666043981271305,-0.13411188110635502,-0.10943983965166484,-0.11426936833637938,-0.1012502955168279,-0.08247119301651572,-0.0245169851701957,0.0060798659001848505,-0.002307848943002616,-0.03110989150092455,-0.16132068440791789,-0.2524955184093704,-0.23342713456004374,-0.12522435063739404,0.05877147437532805,0.25660750395348964,0.11165137413468505,-0.041967467719944314,0.08464099426542337,0.24296450417210047,0.34391839618624176,0.6145509702116829,1.0060913699229392,1.2997183649276887,1.9293827939194876,2.482401553695914,2.473230110349851,2.297878216922575,2.148029818152416,1.7988054338810888,1.4679997006670957,2.155422711694338,4.090434825241507,0.13701067330266137,0.12656939492570995
stat_108,-0.5607282407054868,-0.5474071782825428,-0.6879144140590967,-0.7547955269308932,-0.7510080442811566,-0.7830845460400783,-0.6880689446505923,-0.6311044317792006,-0.6339666942229623,-0.660092772272565,-0.730996373436216,-0.7340713741438435,-0.7102952470055838,-0.6734339017823089,-0.6102641477138578,-0.5149249256423922,-0.434976285287167,-0.4018976168994125,-0.3870696403495878,-0.33439036538542694,-0.40052704663939037,-0.5068085272093251,-0.548980250162834,-0.5506816341965152,-0.5516923618726607,-0.5751362495859988,-0.5307604689625854,-0.5275475538734641,-0.5199731410948001,-0.5219566697138167,-0.5291875641736794,-0.4963416200924627,-0.46958067138399723,-0.4611446361039597,-0.4592579307908164,-0.43127366568463504,-0.4336837565775255,-0.42179549809104244,-0.4061027896118003,-0.11351834160432718,-0.11487911050749385,-0.2144109353227669,-0.23333177622588783,-0.2103211675244837,-0.2904696992409781,-0.31657386376483687,-0.4025605332476035,-0.498908267919647,-0.49956552724496783,-0.41190565490954745,-0.3479892094087962,-0.38817623418224395,-0.45719005387324646,-0.5295109861524734,-0.5134994953448285,-0.5583555263964838,-0.641898242193467,-0.5897105665724707,-0.34124282902124353,-0.18793426999104576,-0.15976234990868876,-0.29077253384802454,-0.4649865453719265,-0.47352600783421267,-0.5134390073429077,-0.6460288857828614,-0.749059056172001,-0.7477244775673406,-0.6605182835336735,-0.5652256484531907,-0.6695357207874704,-0.8325873457973181,-0.9195941176000878,-0.8589187605936236,-0.8012146457774282,-0.6728882359522058,-0.523208944249159,-0.5206788153562889,-0.6352107571911062,-0.647822739245082,-0.8118163249578705,-1.3312864777034663,-0.24680204390871596,-0.3090157921825837
stat_109,-0.9072063133293621,-0.8669238895755318,-0.8659228488352204,-0.7903411639295452,-0.7359209152497592,-0.764035640691067,-0.7805151107763163,-0.7515261821957667,-0.7432937372211526,-0.7357779179876088,-0.7545510054904135,-0.7583566686263143,-0.7886293365516203,-0.7936543223109861,-0.7915059106168854,-0.7276759735540262,-0.7276401129896777,-0.7487255847508135,-0.7594338679731968,-0.7719625046423128,-0.7717206503058178,-0.7326276527254099,-0.6251012095757874,-0.6274467416966254,-0.6668924245100022,-0.7272503015497963,-0.6492833039194023,-0.6460568760773014,-0.5856420728764805,-0.5480976551141233,-0.5419199775933197,-0.4549723104043749,-0.3821770454554189,-0.3525612990493841,-0.3500523711048211,-0.49268003979248964,-0.5367053940787923,-0.537201070736465,-0.34538066448015853,,,-0.18255137347122524,-0.18040457070877863,-0.1848142514326028,-0.3230238727078024,-0.5164035734895526,-0.5009241089311328,-0.43654583198858876,-0.3724948548161648,-0.41238888756020947,-0.40984319820111553,-0.451236548244779,-0.4913911178818601,-0.5771137792216777,-0.5813192512187209,-0.6266428796424729,-0.5936949075443833,-0.4858480399263625,-0.5496689888862597,-0.5392338362234229,-0.5747194194085253,-0.5979318236150636,-0.5908171158511726,-0.5850625945050849,-0.7225539940593043,-0.7968748495351039,-0.7445565891507205,-0.7246140415231388,-0.7024179045479733,-0.7443134821096677,-0.7780629762675938,-0.7553579167314303,-0.7886683910787995,-0.784375332512332,-0.8409755163377988,-0.9268717564423212,-0.9208159958328076,-0.9972475917300028,-0.8252459175916004,-0.7775046736468122,-0.9468378937339835,-1.7357936039456092,-0.006008990044493921,0.04334605848178319
stat_11,-0.6574703148355787,-0.6435196303107205,-0.7845781218674673,-0.8874498363904302,-0.923719635891416,-0.9768837069384648,-1.0369876624228969,-1.0901426219364887,-1.129857234407065,-1.188443339308194,-1.18882367596222,-1.189774173623801,-1.1295398239013792,-1.0876229332163705,-1.0239839152209824,-0.9382068207827752,-0.8163754483539505,-0.743688288274945,-0.7377728666038762,-0.7096015902317813,-0.7117523907661012,-0.6869105529350381,-0.6502465597158451,-0.6367030275432595,-0.5725106810227363,-0.5010074418808261,-0.47168443262365667,-0.4705920984763121,-0.5117116914265326,-0.4290808496498754,-0.33927923426143436,-0.312771412663364,-0.25047046107181664,-0.2016974344294626,-0.20492906209174308,-0.14945421448960192,-0.17863699984311926,-0.09383059890752167,-0.0390349425837212,,-0.03668571205287681,0.021552123812264158,0.09743119456246208,0.2629414564478338,0.36993778409311884,0.348181973102226,0.2598503234446282,0.14104080147419776,0.13534595057752258,0.13845634274044047,0.10851584827616965,0.12994179606962789,0.1038442665405416,0.057318015665161884,0.191558219243817,0.08429649343391264,-0.16890302856793912,-0.288637162641707,-0.35704776411938444,-0.3454899037856046,-0.27299241750701964,-0.23426851618400932,-0.4423436994257347,-0.7694294484707549,-0.9787892575704896,-1.2143624037202438,-1.3430370705378403,-1.3675151194796769,-1.3885366577875107,-1.2306977315737204,-1.0946383878352584,-1.0705332704756796,-0.9829308663066427,-0.8585702880942886,-0.6676482107928114,-0.6566935324876861,-0.5353219234270074,-0.5083936654483597,-0.8396142495310748,-0.737502581570553,-1.2396122950623056,-2.098292799554397,-0.21405441902439254,-0.38842047619028713
stat_110,0.867357291998792,0.7610046272468362,0.7309660479309092,0.6030420485465037,0.5565430458860054,0.41154351480525453,0.39577680213114297,0.35701975514708867,0.34721655322100686,0.33772266568227877,0.3121940049650794,0.3126978251883261,0.280765110044,0.3805745126648291,0.3372283820261679,0.3189653121534737,0.3492277621963065,0.40893211113968286,0.4061895446205866,0.38148373647521705,0.40713342460232443,0.4254711299232292,0.3565732721345657,0.341037494591595,0.39063097286804194,0.4651282054011569,0.6437609421918306,0.645274053738328,0.6262688426958708,,,,,,,,,,,,,,,,,,,,,,,,,0.6836672296201537,0.7954379230080991,0.6644776808072392,0.4469683041751917,0.38717571041896104,0.4998440834759539,0.5492385758237032,0.48269678002147953,0.4535891785224941,0.5170258244744657,0.46727602485965664,0.3851016699283329,0.44299189114094406,0.35475706150840214,0.35231568953378334,0.4189717081154384,0.38456365224160444,0.3731540254902526,0.42452598140004033,0.5492651833284687,0.6511213015215664,0.7606728178706504,0.8213639225214464,0.9425090897723556,1.0384816727186275,0.6340845947704337,0.6058064070733801,0.8675459189927879,1.3314161041342143,-0.15233626278669465,0.1248489670638986
stat_111,-0.37128184698247746,-0.5179200522723332,-0.5816433178448573,-0.5379914845078012,-0.5329878181195488,-0.428617404891699,-0.5404703952323862,-0.5965007147293444,-0.5826078104001526,-0.477250677384431,-0.4113739773148917,-0.41315386187669967,-0.41247028738770136,-0.4468228653817267,-0.5967580534808504,-0.6157915231284409,-0.6126049812559536,-0.6233140455137717,-0.6004911197431502,-0.4443535941488877,-0.36334421524511196,-0.2827830586591932,-0.23442667590683494,-0.24669430375155402,-0.3757482373049971,-0.37175941424096487,-0.3158949463689136,-0.31216723797544943,-0.3201451549597313,-0.3259260302125552,-0.23216960906383838,-0.1726980029710234,-0.1617913123777797,-0.15151405404004037,-0.14737982341729255,-0.16909666044303504,-0.21842441926211228,-0.23209072822691748,-0.22320210657035172,,,,-0.022879235654214854,-0.020154524634005536,-0.1820148610905573,-0.22306118939477595,-0.14252668198053062,-0.01976700296519427,-0.07083033588833001,-0.1079555908343292,0.054242927829453516,0.048896570406716404,-0.16201834086958278,-0.1802877163331068,-0.10863272914078832,-0.11189044899254447,-0.16859904211658744,-0.20587275936749436,-0.23153796530224546,-0.23747729476849727,-0.3012040013708536,-0.4352105301686737,-0.5056632976099965,-0.4711825467556009,-0.32590781877022806,-0.20962503710856123,-0.20920837651714028,-0.34272852263843595,-0.4616645676774587,-0.6221768241289535,-0.5630484144711034,-0.30786526621514626,-0.24626200311306445,-0.4212740577425622,-0.5463596268702023,-0.6350045422166037,-0.4567394857814705,-0.21432388942476946,-0.5157922060164496,-0.34896023239369656,-0.19867812998684267,-0.9964223006704698,0.2735199543571657,0.5510685020697181
stat_112,1.3217443333239463,1.1989687892286216,1.1562300075063692,1.1184654786649204,1.0682167812665397,1.0474422652521116,0.9398089206051614,0.8907691457348518,0.955591502902419,0.9019002235638923,0.8780123394294665,0.8735000065219797,0.8149963651253689,0.8489697872941868,0.8145829027104351,0.78771099739816,0.7740503860758452,0.7801980992024393,0.7348434443767492,0.6952618013889313,0.7404209427976587,0.7523089325595365,0.785293170844318,0.7819638368616381,0.5383032829997636,0.46716606818261186,0.39358700305988314,0.3922179087291038,0.34015247775276697,0.2490377043784815,0.21730065169444196,0.11912006361403547,0.06974433316227693,0.09025140007661739,,,,,,,,,,,,,,,,0.0738168143377124,0.10326986725125444,0.18384168603770845,0.22643389547133808,0.3427051966429155,0.4114312770828866,0.4552308322055539,0.5244446824585562,0.6574825915461875,0.6900997212059061,0.8059396745945091,0.8223602570641341,0.7418370002290987,0.7565602838359154,0.8284873362182236,0.8699589934126282,0.8809611141488755,0.8277174070466251,0.8986644532019591,1.0688012947596466,1.0976221164062878,0.9811916028047736,0.9871344406696061,1.2405218862326128,1.3217261344350244,1.294789779140026,1.3388676905493393,1.4632540859407988,1.6803914010281822,1.2777810256393363,0.9606198014302028,1.5374982918532991,2.9668225321567454,-0.12117517090583642,-0.19808774134034668
stat_113,0.10910760798970583,0.22726285171365895,0.24377450197132536,0.3212648986704763,0.38622574270989846,0.40874801897993995,0.3237679196858779,0.3463958938421197,0.358056750203281,0.35463186089172705,0.3515771876151691,0.35412921513422724,0.42075255723995164,0.45628220305415984,0.42988814453934954,0.5361673432892549,0.6829210593787032,0.6981303842477081,0.6949171876963378,0.7279018982300092,0.6397772214404216,0.5577757224964522,0.5929174141765474,0.5935132177970691,0.5469328370578356,0.5398444749661634,0.6193473235396271,0.6205485202552872,0.6517083933770872,0.6507678181463721,0.7446651159988275,0.8340375475490581,0.83120641746721,0.780467553492849,0.7656677929783378,0.6759261618492132,0.5869369223671894,0.546333917564264,0.5293691853413823,0.11386027308010929,0.03863673704396643,0.2042843423694087,0.2895735507085502,0.18740384055049186,0.2994068839733808,0.3375324220577877,0.3947796202887826,0.5549694320932124,0.8226305839132193,1.1362888004648024,1.3049356249862676,1.039783121761723,0.8394701576713447,0.7288210260558051,0.56360781097375,0.4378197419936985,0.46184921132606305,0.5975281250312032,0.7045969412499392,0.8188370852249887,0.9737640217272389,0.9464045765822678,0.746571535332335,0.6570363797258331,0.5751484127321539,0.673851931529617,0.6728547161599228,0.47957812632062596,0.41686766797197766,0.5164490466234236,0.4670259539321953,0.3574292795868802,0.5193466538791163,0.537417250691738,0.4752307358022527,0.34513600593473814,0.12160138123918304,-0.09594346667146214,0.027357830402266067,0.2704624960592008,0.36482113275327477,0.5392897489307923,0.08359115244756515,-0.04892738750726882
stat_114,0.2746020097603326,0.17269166087152288,0.11080797597354697,0.015511713793419585,-0.10793598130668301,-0.12090966502112745,-0.050170329565918347,-0.044803644105729,-0.10984287098309235,-0.07790202787382812,-0.0793298605699918,-0.08221900367145919,-0.11110258103747447,-0.06273433277957648,-0.03818353384306061,-0.030997114235132017,4.36073092611188e-06,-0.06340628545826103,-0.08992419801286858,-0.10526559354648343,-0.057942786748811405,-0.03350443307859272,-0.013547649948553581,-0.019632054632068855,-0.023782075034601488,-0.012883573318043507,-0.013893731308105197,-0.010191465805618057,0.031872398689175685,-0.005106713087928801,-0.06835161070082708,-0.174065797895297,-0.18326009099496066,-0.17530459790872122,-0.16769687095221505,-0.11005157244421283,-0.10358017723797612,-0.10861283113024055,-0.09776627226971328,,,,,-0.130233142460511,-0.08563652225398548,-0.10962650876923205,-0.15072901717351617,-0.2799243625491242,-0.3481752615609662,-0.35058460154402876,-0.24306307367855126,-0.09056232686108444,-0.0030036998018151246,0.03847692259811052,0.011152776579952612,0.02485403146188681,0.03524871924004383,0.0023715901608178866,-0.016551480031898824,-0.13130258378335086,-0.20867010418274048,-0.1660384929815962,-0.09180100161820645,-0.031346358977819615,0.040523412353785974,-0.1354705995999053,-0.3493965060122014,-0.2578182467139823,-0.26337598606864865,-0.2528316350059829,0.01776694264158281,-0.021766292508228157,-0.2733103317964885,-0.2990161474001615,-0.1207199981981947,0.1125004016178638,0.12139676844503679,0.20968701335924897,0.264642428947854,-0.013648782059592478,0.14267061194241115,0.44166653313030196,-0.05134724295728305,-0.1423034539891792
stat_115,-0.535298605920863,-0.5253835392515799,-0.4524026181273064,-0.3992921137872198,-0.3960874411215976,-0.3585437384736222,-0.25957319832792924,-0.22441202300193547,-0.22709819438266476,-0.2388994857274266,-0.2626532289720784,-0.2686944752736147,-0.34173971007265413,-0.41203225054488646,-0.4510899404160804,-0.45974764137964114,-0.39463049725569516,-0.3795434972632446,-0.3749159669630195,-0.37861686641900844,-0.3664484872732368,-0.3476656324663551,-0.2812997362969682,-0.2688095775994799,-0.21547667795698863,-0.21824286323910225,-0.15234783417843664,-0.15185637189314777,-0.08352796017668314,-0.0651876624187058,-0.01032556262807217,-0.0031022374173593054,-0.01878198028792368,-0.05400648800058326,-0.06061593327042627,-0.08430275638949676,-0.11096904821895386,-0.1074784197784303,-0.08664438191875701,,0.04795405778590744,0.005994028956994784,-0.02945483017730812,-0.06222788511711453,-0.018081122347658376,0.014626422165705744,0.037457972668323805,0.05726669564424185,0.17193646226016765,0.24640342123973855,0.31819958303184465,0.2161321843120555,0.08374733727368056,0.04941560506336412,0.09145575052896357,0.05130908788188698,-0.11415863425295897,-0.2578421935799321,-0.3487444465539202,-0.34725510043425817,-0.3598389883998996,-0.5478512027788895,-0.6096747879383959,-0.6821075570924796,-0.7044956210752685,-0.6404447750845664,-0.44520987714334614,-0.4962803438251656,-0.5368680091402276,-0.4528627005146259,-0.3418505554799871,-0.33495565507314684,-0.5031759837078219,-0.5893688180459701,-0.5823802108224448,-0.6164104702421653,-0.7445170263481937,-0.7844002752006966,-0.22840667086622726,-0.18467823885534568,-0.8776273812720699,-1.2984302769677123,-0.4092061430881328,-0.4125198338713633
stat_116,-0.07172303739932691,-0.010051493506055335,-0.00812063509111405,-0.06590692799623078,-0.11893493472663436,-0.21075692235778556,-0.19816065600388616,-0.03492811597855355,0.003937262734270206,-0.01232928432752622,0.0067855928184405705,0.005693389368851779,0.045482871802641704,-0.10334080713148792,-0.10626864400658984,-0.019819071955650344,0.038335230232363814,0.13870706696362994,0.14601747603840523,0.08252898957625618,-0.010970810288309365,0.06582628777574633,0.17405755762395989,0.19014800688611477,0.28910449364450186,0.3263785180143253,0.3143371471300072,0.31364694030475476,,,,,,,,,,,,,,,,,,,,,,,,,,,0.4770698102599378,0.4102620990214403,0.23621171954580059,0.19306639863206182,0.16757419536998272,0.09837468297312768,0.13421137545570958,0.19799653880389997,0.13086268081701324,0.05712627566400731,-0.07245022097030357,-0.13135998222543374,0.16802339279022338,0.17811602623873915,-0.014397598811838126,0.017759529132718273,-0.015182970331382741,-0.0612659180180655,-0.05007077000008478,-0.004622741044246998,0.09536404797281459,0.17640941603826552,0.1115544521692459,0.051656477933832136,-0.11084671805667014,-0.04613094044289629,0.2660235915159424,0.02866664763723244,0.5140267216726162,0.46337851275708947
stat_117,0.3758626076321308,0.25071687040644536,0.3092215914074742,0.2608227507122259,0.22662618716613736,0.11779132029178238,0.006227838188410335,-0.009159970339936123,0.0828259088298178,0.08437890851517482,0.0466550981320104,0.04265991600100335,0.014863531412002895,0.023513909119088124,0.05500847075644921,0.01606019275453868,0.0017804089876198807,0.08281477437698075,0.09759151464108282,0.06882370975756924,-0.009325125189067772,-0.021399322448131582,0.04650549363002189,0.05489849099183239,-0.040699027417233205,0.013361310026914553,0.046503654972785156,0.046307971550803,-0.05843482280279255,-0.021911320825752943,0.08271864659290491,0.08557023935680741,0.07331853020472515,0.07923144626198957,0.08010848528224342,0.14395279902886926,0.17451161748335034,0.1626013897861233,0.10465647440690379,,0.028353009016777474,-0.06865822064344486,-0.19440969443459744,-0.12212521146684688,-0.019718728128763185,0.0880140875879096,0.1984200946476544,0.28710516140079106,0.18513775770418764,-0.05358585717835252,-0.05880790840936528,0.028683262634060586,-0.017814682439818246,-0.02777986356598017,0.13174849497283325,0.05921856229211239,-0.041094690385832244,-0.015660585839800276,-0.1366542454686222,-0.04384432293485961,0.19941618481590773,0.1886450571739349,0.0009912581211458953,-0.011471033291233213,0.025803701294320476,-0.0791812574099499,-0.05150202580954128,0.06387492376883029,0.11178955306946284,0.0028305898128536257,-0.1824926219295227,-0.1753693610657516,0.04409374236765206,0.30532065925542723,0.4498403548800044,0.5341970348801965,0.47392113039296263,0.47227703234104185,0.2156621499743709,0.1421761372571229,-0.13353395692603107,0.15991323056065276,-0.31280295489315657,-0.4090454180409686
stat_118,0.3486874729980872,0.2819930076242484,0.19483906486946984,0.11346296379078374,0.10694820084816849,0.11582078965591183,0.2516997407989832,0.2975667580235575,0.2710240621633258,0.28890847708850714,0.28812678534278646,0.28473837704777627,0.30400965295717386,0.39000572136874834,0.4558219754605411,0.4874259695173032,0.42120537523582646,0.31935726513744367,0.3035727627486507,0.25242464073543497,0.1509262355864374,0.10002011388416934,0.08384650710825177,0.09932342146812861,0.14150741234783246,0.19081690993683564,0.16744628525279429,0.16184400830189405,0.1596904101694173,0.134178433123313,0.11997629119984454,0.18105117180411182,0.1911145881682707,0.19354062739978609,0.18767330134942642,0.20460394325068612,0.25122432730310656,0.27012823085129334,0.2856681850068291,,0.11790441259907355,0.118131628835962,0.17996906520002118,0.12593090348627134,0.15009543893196273,0.1598155950715554,0.11911193622561202,0.06700505791661493,0.04570358470612082,0.12062031548289137,0.16537202061310563,0.0908620631108202,0.001414272175927584,0.10657814679971539,0.21173926873188784,0.12225653295757775,-0.007060314692999515,-0.12295244984543993,-0.0793836979331703,0.002333400121892298,0.14450539687112376,0.26295961050879996,0.3448050025509203,0.5323052049795719,0.4971352106624238,0.4973049628566304,0.4053914941653879,0.14148758874122117,0.1844682006028093,0.30593870860726646,0.27338067425857526,0.08249812997107348,-0.03383895881719545,-0.04440839828234728,-0.012668024708564884,0.18248724598657887,0.38879907752560017,0.626895827433452,0.296733333384766,0.3336120183909024,-0.06608837768143466,0.32735481073989803,-0.05959766336878249,-0.5121902926067528
stat_119,0.27623261438970825,0.32805684929575674,0.23101395743804923,0.18101981897879413,0.18630996739248745,0.17337768212867358,0.18137528094384162,0.15141074909521476,0.10814529879020703,0.06514053003025436,0.1645172803124181,0.17198909001693913,0.20659027429115018,0.2629632913207172,0.32476713110995015,0.32708644438551615,0.37095750025559554,0.3679889445902476,0.3426337133771867,0.25561357705529336,0.17041936580373335,0.029300435716559513,-0.0247846930853393,-0.03829998416228884,-0.09521266030259286,-0.0853571266506783,-0.06257292406618233,-0.058829029363791606,-0.0048291296361598745,0.0668611256617293,0.1549048169165068,0.17776846743444447,0.09690806197076263,0.11118877553407375,0.11236508345188119,0.08510817436610962,0.10166850670518104,0.0946464722257135,0.12734595808158064,0.014760541328624859,0.056157105787090024,0.03995261093427846,-0.031443767184583166,-0.0704895325319225,-0.006327880695775375,-0.006637815953969034,0.018083331468772824,0.04944710604292918,0.13086218842778932,0.18549538308058472,0.18862752349527015,0.09702134191436003,0.05000531923933734,-0.04003987150818918,-0.17407525201670349,-0.2714224862895034,-0.3296730993708754,-0.14032680482902107,0.07575899060484641,0.1834409833200165,0.16427736874750767,0.3361021751276759,0.5165334994517325,0.4151933823732012,0.2969818623859787,0.2522853811395252,0.1450999100083585,0.14270982854600994,0.19805891148748905,0.1979422899766579,0.09725462708513115,0.0408511768187013,0.09247163541723398,0.15172407884899847,0.23175614264077607,0.34696155647989296,0.3454735943159848,0.24812550258280835,0.023987248006874164,-3.7468091732392686e-05,0.0659114884671005,0.0992081441825892,-0.0007336281569736559,-0.13693619334992552
stat_12,0.37041299235983016,0.47806100180936373,0.46236192366371487,0.3953166771722344,0.3254355370877138,0.24666704424992217,0.1716017380364894,0.15941232429859176,0.18232565511390197,0.15025752044892365,0.053238625987656704,0.04642459165066186,-0.02320831807619581,-0.03559950883691251,-0.00056163565792325,0.029773043818337307,0.06448422642065786,0.08406184792836906,0.07714534739014933,0.02120487459683215,-0.0008462705363126091,-0.0014643715207259844,0.0013197494189122964,0.0001095163602472602,0.016465373465895217,-0.0035503523388162846,-0.003822188490775854,-0.0003062579004503667,0.021224913823182603,0.01563436221882957,0.007508382667777273,0.0021038144777579364,0.06345600849437706,0.08344035797020044,0.08062678629834652,0.08964072874893192,0.12480086543701446,0.12194700289414746,0.07576542321982115,-0.051876057285243075,0.12394889648570434,0.17305909873439868,0.11739987358717702,0.04104178506283968,-0.02260764886838018,0.0911735371493647,0.07711378167203183,0.037608334318481526,0.05610406691974819,0.06531454621609695,0.0010081717697596475,-0.009720700595822125,0.020002800786676416,0.046985105442318056,0.07579662890556342,0.11191995963667774,0.0923267515721041,0.01883723995907822,-0.09544808852602538,-0.017982159370432255,0.14302976252629176,0.12781608347844436,0.08509778695980534,-0.01425463229998168,-0.15935463073357597,-0.21929687038773854,-0.11159830174778682,0.0719811362514862,0.10175022880263807,0.11632442973390723,0.15404081753019974,0.1757814261570221,0.268911801805125,0.3429913884895197,0.38639615599186905,0.5024439700810704,0.49789978970158216,0.3006155950324358,0.2592117029181504,0.14019324708156466,0.14857870902558096,0.39169430657109067,-0.11463102734096038,-0.2153720380976871
stat_120,1.6860099868362555,1.6133422816046907,1.51841584475684,1.3791616290381388,1.2391349344698235,1.1136033797012068,0.963442674459242,0.8318613462439308,0.7385364230140503,0.7469182963178629,0.7816706974750857,0.783731534394284,0.7876447721267013,0.8159397438790668,0.7690593217778205,0.6648502112536011,0.615082448596187,0.5613488988763543,0.560749055967209,0.5512229808203957,0.5501051192711632,0.5447878375530824,0.5215448904005745,0.5255506413398862,0.5512998323682193,0.5306604628571471,0.4901767170913468,0.48809018728717823,0.4895922638153957,0.5102546092605608,,,,,,,,,,,,,,,,,,,,,,,-0.49460222033068624,-0.5160623153070215,-0.41737665264672613,-0.318916570110026,-0.29124982752353845,-0.30423459071578535,-0.28805354353944057,-0.09261484191874172,-0.04957849291651659,0.024998261727480885,0.2603605340580302,0.43998363010272423,0.5963644411246596,0.6298440952206458,0.6664368596110226,0.65259790221104,0.6134123624180289,0.574652205392335,0.644925965903935,0.7177111898718801,0.8674284034915167,1.1062287402941975,1.3848004161760872,1.5183818965028792,1.7810129678084676,1.7576611191688265,1.5443410079382713,1.184278821850269,1.3374550047690859,2.6256159690582392,-0.34430745223783743,-0.16559633279694236
stat_121,-0.35073423760955064,-0.3191439493074093,-0.31600196934392444,-0.2419771804359706,-0.19451585842795782,-0.08594440071739981,-0.18775311065252037,-0.26393832880986323,-0.3163958494264259,-0.3325918959319222,-0.3230754540006518,-0.322306946720548,-0.27316002294433384,-0.32236197444916087,-0.3313323907645342,-0.3486344000742216,-0.3524906950467585,-0.38820370926551295,-0.3968935541203779,-0.34215289948672034,,,,,,,,,,,,,,,,,,,,,,,,,,,,,,,,,,,,,,,,,-0.40146318635891526,-0.4650240106884525,-0.42182962576510563,-0.5408983475194437,-0.5508795576752498,-0.41625328237491643,-0.2784135694731568,-0.3469828577675555,-0.5583826191172091,-0.48633661801165323,-0.3715283629209414,-0.27228873822038113,-0.14052563255692604,-0.11611603257340715,-0.2745157085894476,-0.40627666431771176,-0.34543364410630173,-0.40602406107386496,-0.37071563570261656,-0.4048211203477119,-0.48948523243138475,-0.8878443565014802,-0.035503748063242746,-0.013898324242810761
stat_122,-0.36688395744021063,-0.3852411427126035,-0.3322252476188538,-0.17809065470003282,-0.12868842957520424,-0.04831381874298588,-0.05288433143008913,-0.024244501594933646,-0.03953346437558943,-0.0806355954495,-0.08288383868966351,-0.08117496756067044,-0.07627144574952308,-0.10044459347060508,-0.1818834012937974,-0.1952030067362922,-0.1975112123796367,-0.22383455667146918,-0.23305112834239972,-0.2294437568985606,-0.2129021024954926,-0.12621532891553577,-0.07913555119112903,-0.09213886845089118,-0.16922128525826702,-0.11133160211756486,-0.1229314012297504,-0.12351696839042749,-0.12824603461665424,,,,,,,,,,,,,,,,,,,,,,,,,-0.08091668075314949,-0.1677857793114823,-0.20613447100954052,-0.21359707530684985,-0.11117948645445597,-0.1339558251282873,-0.2593473590001126,-0.24567138943267738,-0.3115938236282433,-0.35007578474609524,-0.26045798298618567,-0.28552527529943156,-0.2495539870999716,-0.14812133867881255,-0.14215804888040254,-0.14151022058236107,-0.08663529675135953,0.0008219941900373507,0.08448030223006027,0.03235058948950717,-0.2085078492916146,-0.3635202908576548,-0.4095611904186195,-0.4893347659581947,-0.34413285263227983,-0.29812831329790757,-0.19879013784058056,-0.2962503275881053,-0.6205514115091697,0.016079698158311898,0.21351857608933472
stat_123,0.4661466929023158,0.4114705349321056,0.3894545032200557,0.33619020611509454,0.266672689686415,0.27648235213981165,0.18646972478038826,0.11342863650052522,0.04925225190438992,-0.003207611734705193,-0.014338136869682688,-0.01598754237458073,0.011716792285157358,-0.007658227303731149,-0.049172903555950574,-0.08064102764114241,-0.09930520500483586,-0.10492595082913357,-0.09589993122914682,-0.1165082015957104,-0.09704892406184085,0.03667523492663049,0.035892676778705244,0.02776196537246097,-0.03814055984806942,-0.06995613704073694,0.03887742442896601,0.03204356032046133,0.03988227110453819,0.025176414326081434,0.020403699665793845,,,,,,,,,,,,,,,,,,,,,-0.05655010546290017,-0.03590748761909228,-0.12579443224871703,-0.20437394665296055,-0.20671423262820116,-0.11028744161076384,0.03196314378056833,0.003845924512516721,-0.18912825795134794,-0.29237778031610473,-0.379383164317478,-0.3331351961957298,-0.4163535451330322,-0.4206811168765409,-0.22766949403949227,-0.05509329304094224,-0.15505343963080556,-0.34034158582874263,-0.24069587418431168,-0.05826321439472294,0.10613814972652315,0.21867425645580316,0.24682320978007385,0.26877610145220976,0.31526288109615036,0.47149097947518814,0.5205025514428608,0.3939683806002903,0.2578577158150962,0.5551490804684109,0.98429908819942,0.09305809709359993,0.07455228836139216
stat_124,-0.09660037710371573,-0.057367575008600076,-0.07802264257276122,-0.09394836412139618,-0.03500135342681988,-0.050289647878577294,-0.06805378253216979,-0.14303334699135228,-0.1540278815004848,-0.13643859122292998,-0.10036378192546384,-0.10246189962235613,-0.12456180107359885,-0.06750581226744452,0.018047727990510458,-0.053922673812645025,-0.11336557814425616,-0.13021669289069446,-0.13219058601112793,-0.16881158276398386,-0.12908717244756548,-0.09853131939077137,-0.08303726534655317,-0.07181333618347543,-0.0470033510293646,-0.10009270839965977,-0.15843397035248943,-0.1636902610387583,-0.1604684667573698,-0.14772085202810029,-0.13338108140847912,-0.1609401697367133,-0.18640265689819588,-0.2163458198243948,-0.13201361457344393,-0.12349378175902825,-0.08128299734952617,-0.13835115964517164,-0.16027903287916587,,-0.09736770760412108,-0.05031418532756355,-0.08085646221334723,-0.12593430480524623,-0.1100665485183201,-0.1263399350039418,-0.14195632085240567,-0.14779125133279414,-0.17784061770860446,-0.22206816786753034,-0.21823235253564746,-0.1978889257741364,-0.21608830953959549,-0.2677087241871912,-0.29124239685448217,-0.21421280534564274,-0.17686283710389777,-0.23171811526865446,-0.1735782299889744,-0.04502750741468862,-0.10077181743082171,-0.22265520679161202,-0.26352130890637104,-0.19105686123058907,-0.09137055328678131,-0.12632862165943073,-0.14965714756715587,-0.22354401558218118,-0.28790569226367785,-0.28645237236658216,-0.19739023613055892,-0.14634408415400754,-0.10971865949199501,0.009786140029474078,-0.05118608587156416,0.051576501791220496,0.20603959505502406,0.0541817694808333,-0.042575786085608816,-0.11377100742864447,-0.35737493057092945,-0.4339272242676368,-0.0749093137796323,-0.2886398068717996
stat_125,0.5219596645716338,0.4654394517350065,0.4511039039278657,0.4992506651770746,0.5342333984621179,0.4706049539052554,0.47760970512075723,0.5092062692899739,0.5817188852473729,0.5682037614961194,0.5616130714625068,0.566281357167936,0.7000124932455773,0.7174532155320589,0.7318472272176036,0.7623993339449915,0.7662998004574197,0.7670105023744559,0.7802710610309442,0.7449459766645787,0.7047062803026252,0.6477955659403059,0.6108538777829313,0.6093196490354957,0.6094086283583495,0.5808069178530131,0.4981506335422456,0.4935290372465632,0.46253675553623885,0.4501676309710989,0.4207889748053074,0.4264016339674485,0.4623602655607048,0.4403404209427037,0.4316948320328219,0.4536871478067708,0.4550508859326888,0.4345533427883643,0.4279346492215563,,0.08769602267838071,0.01339930349289387,0.01747840344062016,0.03332385750057853,0.10142299773210983,0.1597198982906935,0.13781268476399747,0.06999535470921933,0.044806619641618355,0.1052316749336965,0.146439585726978,0.15177751681387106,0.1840880993874429,0.2659779992944923,0.2868536145715093,0.30724585942012206,0.4257833284299712,0.44416841700787274,0.43831732631092574,0.5170247080631734,0.6048319214051847,0.6528863811344088,0.7038316703980534,0.790069129194663,0.8077652686733661,0.6999394594826804,0.681126954211156,0.6252584596928297,0.6423551923156982,0.6811976844860618,0.6223341605077921,0.5052037625778897,0.5480505186712518,0.6689746948094567,0.6826199931899257,0.6043939155590934,0.6438298100027091,0.7058906018374541,0.3786465667733453,0.430891355370898,0.9746241548862211,1.4422616816860412,0.7196427841150599,0.6324767017672425
stat_126,0.6185990025590989,0.6097075968298492,0.5927066354545217,0.5479143589586256,0.49850970795574906,0.34516059420408385,0.3010861143863823,0.34598491715020724,0.19805015538305243,0.13231918052077166,0.07281976792255374,0.07638951089372509,0.10855463238250429,0.008907266116417295,0.06637403193841332,0.11595325028426824,0.160626424854378,0.09392011578319584,0.11586870719151157,0.17187405973877257,0.14065624975659904,0.157073974301137,0.16519284927701613,0.17688111864971692,0.21030668713116502,0.2552070762118124,0.25003796307468085,0.24688376356300196,0.2505076177938655,0.2045525863074924,0.1788457164600184,0.16215120739101102,0.1682476759543258,,,,,,,,,,,,,,,,,-0.010293784428442474,0.008203679068433513,0.019701929434018484,-0.01872471267208981,-0.0032112274757926025,0.21466786338639796,0.38146746965926637,0.3164271743252842,0.23654582290060597,0.17563586616407767,0.2251803342368607,0.19831885705535,0.14885463537525714,0.09623814646231492,0.010827905182486044,-0.028017534939565877,-0.15908098356989403,-0.2095832101482958,-0.1673496705534748,-0.3038472834117246,-0.11529704097063453,0.2071082026269903,0.31586412290387406,0.293830839888719,0.40862360423963096,0.502072242267844,0.5208129759514387,0.49583258203763253,0.4373729798262932,0.7790720441851318,0.5522122018936162,0.20103960328321888,1.081722984357017,-0.43382429390307103,-0.6454136468214189
stat_127,-1.52407425998659,-1.3567824760711473,-1.2504675244615677,-1.1549503852767053,-1.0382650121352122,-0.999419114602675,-0.8244372781052023,-0.8797119429901261,-0.7684905680400123,-0.6850461308613395,-0.7229514288299597,-0.7320668477857745,-0.8235559279360427,-1.0242941227238869,-1.164296904452972,-1.1487763308412575,-1.2112241904786574,-1.1548518453947123,-1.1617177536678143,-1.1827789446166768,-1.0822743646869193,-0.9169625131819095,-0.896175536406425,-0.9092208911546122,-0.8945098900958283,-0.9076214065047417,-0.8463444111546216,-0.847362034319517,-0.8088656196096128,-0.7073252497298836,-0.573468263165829,-0.46773755965288916,-0.4647674415193165,-0.47776477733170614,-0.47897189498881326,-0.42096820359626164,-0.30455951625709526,-0.2967006468082566,-0.2922259289683708,-0.08361081535195368,0.0011212024981599072,0.03427624775009942,-0.024536866889226648,-0.011332021710706368,-0.07802683524521113,-0.14201108314007976,-0.17205411781566377,-0.19815220118033552,-0.2841659354758685,-0.140919394874076,-0.11924461572431502,-0.2668199782297446,-0.5770380802363577,-0.6992941297484109,-0.6524240854612642,-0.8091871902707879,-0.883877115213879,-0.8239342390454674,-0.8324215095062139,-0.9888033272955981,-1.07679736457364,-1.153663710580249,-1.2872559254984686,-1.298759139122526,-1.1991564600154205,-1.1326340345844534,-0.8809833328962674,-0.7026430993597034,-0.7192200225388984,-1.0160548556408124,-1.0617857300318199,-0.8669295838778053,-1.1145183465616533,-1.337375881603819,-1.3578629622782856,-1.4102486780394352,-1.5020945984974892,-1.73152681722825,-1.1760771802332026,-0.8521014836443274,-1.5978387416621596,-2.681237740027551,-0.2346366028074997,-0.24124695493943982
stat_128,-1.1507685671124641,-1.1965832801440879,-1.1563739509555246,-1.098644534932083,-1.0055787026062286,-0.8318091917348502,-0.5928021691973787,-0.4258470557842811,-0.3538142954645391,-0.35525641124284424,-0.43436250244637775,-0.44028366613486464,-0.5015356240928684,-0.4992002987238721,-0.4325206200105015,-0.34261944094989644,-0.2617603641791263,-0.16755444877461567,-0.13326487464023323,-0.11651144054818707,-0.16439489906304733,-0.18057058085559521,-0.20419264823622904,-0.1928113088550209,-0.1034682856973463,0.01584645853632897,0.06056897638997478,0.06288062844684866,0.05083785294095374,0.003739404881455021,-0.04486496149548425,-0.09400239624822394,-0.09385845691580681,-0.06281612108807398,-0.06239684675509089,0.011480711090753607,0.016382737592552103,-0.002131730496007028,-0.019748388777434296,,,,0.2621560685848101,0.23014669251078113,0.13867695010257158,0.07278237541282458,0.08465669490611334,0.15525327859397942,0.19460408696226916,0.10113313811379769,-0.01315602884154348,0.06761588118808438,0.1185989334165999,0.16251127396881818,0.29095229469171346,0.28670844537579354,0.027586818770391198,-0.14429165523569343,-0.06539155992507174,0.023684621578595744,0.1550868563574924,0.17647793541716708,0.017864892021559393,-0.16400974139766103,-0.3228642756868019,-0.37162238433925493,-0.2685524591895482,-0.1635414860536515,0.006903822228990311,0.0010286398704384568,-0.10470667804457884,-0.4032452395218593,-0.7563888916195194,-0.9256868071459938,-0.9647606080319053,-1.0731757847441579,-1.0578729028852774,-1.0402080300092456,-0.8792591628365075,-0.5116823771521057,-0.07317081722451114,-1.1254313917697794,0.7348020241688618,0.9358369175710924
stat_129,0.3154416572382013,0.3472316065550379,0.3455085645902187,0.25119975437175984,0.12530190747681913,0.039924197864014445,0.06806753529708047,0.17968089209584404,0.16441212551049605,0.24704183673442293,0.3159055850947081,0.3109738076429127,0.36922430622339036,0.3760076215826648,0.3647611854002754,0.430794087546479,0.49280731878052697,0.569211559969708,0.5618430282968312,0.5277861307499376,0.5675340713542039,0.6021444872108102,0.6247163954897605,0.6215735887327639,0.6030033652432386,0.4857838080145079,0.37039482880952135,0.3715602951380521,0.34571860756714284,0.3357246597735372,0.32330499348993286,0.3437920691866961,0.31979094140440095,0.41109286403723994,0.4150067282202983,0.39798640608969366,0.3528791461526653,,,,,,,,,,0.235001552517878,0.31278120409724336,0.2823612410646818,0.15970581365662487,0.057837380173143,0.19458325033378737,0.30135807969737716,0.3191552856402244,0.39727357482815373,0.5539235664720104,0.7105372362841962,0.7695399555773469,0.7092426154019748,0.783925999565815,0.9200068707950958,0.9163575105414423,0.7307620437193747,0.5984132367092454,0.582973240469166,0.5672761259707297,0.5776676262121949,0.5523868423476246,0.4510148094767439,0.44817301713335034,0.4019731384782615,0.3358156893749906,0.3123800427188564,0.2912819452241191,0.35539573595879237,0.5372667769378742,0.48399571545386666,0.3408110149416903,0.14494478672471678,0.17052949201288073,1.0396614884937498,0.9993064445683745,0.7171047698658095,0.9724043295924166
stat_13,-0.07259011666437265,-0.09076302391966688,-0.1288699660218781,-0.1365858768196782,-0.06306756491997192,-0.00025552427388355844,0.07165087236925394,0.07765982734852306,0.16133060502924643,0.23448186862893744,0.4332491260537556,0.4425653209592468,0.4439084374944196,0.43574139191629246,0.4295110995252018,0.4982827012314097,0.6175997735783794,0.6266833332696466,0.6002328199740199,0.47282176977051943,0.3101826537857597,0.20734923705151645,0.1386606693365435,0.14388722991948685,0.16274824221899445,0.19021484553952414,0.21783603823018274,0.22089311855767516,0.27213707757731115,0.27443055766914504,0.22876963970327946,0.11668818504786385,0.009430412026676098,-0.04898505277044146,-0.048153319823097805,-0.01633846881370749,0.07940609960654682,0.16973652076779686,0.2063465710343463,-0.02207300854962181,-0.03046502447438025,-0.10162013172040107,-0.19829977240697155,0.058323494819424795,0.21203279066423922,0.1276569305428536,-0.10452832132759217,-0.33930877548883304,-0.2624665490933343,-0.21848654580102975,-0.09882847654263847,0.2163386659728997,0.45893571081120127,0.46838386226160356,0.27572158590102624,0.10587099721256525,-0.030284493941193206,-0.013505641856670476,0.07415284409912516,0.2802264589948003,0.6038856899582936,0.8476870068656894,0.8413501876365884,0.6095759733897238,0.5041441225523198,0.6409622212386907,0.6166136487126862,0.6097771309934107,0.3704686562654187,0.1675081925868319,0.1973074441339964,0.19326896502960064,0.1335908652774386,0.1714858206073188,0.09146292135576317,-0.05223281443960626,-0.09747470547364813,-0.0572725702231861,-0.0915549241830012,0.13231298867082392,0.30982949385822894,0.4899384373334846,0.12093413434613363,0.07204359869742771
stat_130,-1.0213131843194805,-1.044416247841906,-1.1090051460443981,-1.1237061358912013,-1.059296885706054,-0.9625556403776419,-0.9538492158106425,-0.9518757384270359,-0.8375580372095579,-0.8510586163817996,-0.8544014609984913,-0.8558439216133334,-0.8660914265350151,-0.8609273082225009,-0.8851333709142136,-1.0608931240742374,-0.9953103857672637,-0.9477348355589468,-0.9412338027163485,-0.9302392845976698,-0.867577518351501,-0.7143482914921016,,,,,,,,,,,,,,,,,,,,,,,,,,,,,,,,,,,,,-0.6403253205023035,-0.7263076127023432,-0.8643131365277161,-0.8952312175356599,-1.0239696392011597,-1.0906769767562834,-0.8917999403912947,-0.8252408714870745,-0.9942411892192983,-0.9913549705552142,-0.9055144851013116,-0.7007983952804178,-0.8264531588458162,-1.0361331439768975,-0.9620750633245972,-1.0259891350905577,-1.1427991776023367,-1.0768059312569156,-1.0657035799104866,-0.9870090879318891,-1.0120601521889032,-0.7189764465991836,-1.0876289601645435,-2.1667750100343692,-0.07195114475829079,0.019889917431773117
stat_131,0.3733956566633006,0.4380982849741647,0.5717077652934066,0.5634630459927058,0.6344125320413545,0.598266381100505,0.6226902273739684,0.6884075021139723,0.7824948458349364,0.8166601038084298,0.913061741985906,0.9312478634657352,1.0681543406532847,1.0044430434579434,1.0180860284270201,1.0745654355085714,1.1503299430828808,1.1673314042645437,1.157559629652457,1.1989031463776725,1.2873011055031898,1.2752284500969324,1.217443644954862,1.2031340971014188,1.1436469176901731,1.1208783732470788,0.9638942706269333,0.9597272121408258,0.9025748543270771,0.9075023111513454,0.8524105807863092,0.7475125516280642,0.6966247173273967,0.6933789632924413,0.6939201359612085,0.6998198331870814,0.6954934393256516,0.649464109230204,0.6076854499129668,0.234915499092411,0.2605404199246017,0.3207115045784465,0.3350504033046318,0.3239034151306579,0.2906127962804966,0.29517442960311585,0.37464452896575534,0.41267656849953566,0.40683855006677616,0.35210332248557275,0.48393738107081014,0.7359746248112902,0.9048541455386093,0.9518356641249809,1.1220384577852385,1.369284101266996,1.3320778088394878,1.3316651689923784,1.3804255720077836,1.4463120597361012,1.485349543879002,1.5055438015600386,1.5330928744499313,1.4607562890438959,1.293142355247582,1.282925150646158,1.3773512357068127,1.2797650447176852,1.0730169293932519,0.9432277466918523,0.8961273048307662,0.906661355882798,0.8870078758894356,0.8585866625700567,0.7766233288018703,0.7362317527125767,0.5890413759474753,0.4560527662307151,0.4815772154394834,0.6360379631944493,1.3726075636348458,1.8284367897581157,0.7259953041086984,0.8261946337175146
stat_132,0.44647598187270654,0.31693649622773656,0.14653087688846725,-0.053536458101304515,-0.03399648451869417,-0.038808546164309815,-0.030576015971807927,-0.03438368557207864,0.003196692583490067,0.039612212680924755,0.07837207159765706,0.08053238704011524,-0.017894112302680003,-0.032081256902947934,-0.0777051583644494,-0.03424040028389409,0.052011837492810846,0.03255398891009787,0.027932723935961613,-0.027093836224235782,-0.08105934771093858,-0.09699495067221277,-0.09278433058281396,-0.09599004535366257,-0.039949190914802084,-0.005377953443198792,-0.029760117311037164,-0.03486063777571766,-0.0776767175669673,-0.0854973473198386,,,,,,,,,,,,,,,,,,,,,,,0.006905154157256042,0.016496966144298075,0.06510157154968586,0.005049399020445269,-0.1343142473887586,-0.1650403502646237,-0.01083987777703881,0.13791123585844017,0.05139654461331981,0.011917779166158465,0.04136883129994124,-0.07854391607747915,-0.21701428238954196,-0.25930020156941963,-0.10211617908794357,0.1986036728205031,0.2352198088361644,0.07676672569073052,-0.0509488766835457,0.00136140703374894,0.14515665755271648,-0.04259447535726269,-0.11011512955932738,0.21948051567217272,0.4684697258805458,0.4951792608193089,0.42411878284297555,0.2192198885062329,0.5773539234511392,1.109363022871002,-0.0797422069938458,-0.20499865299961842
stat_133,,,,,,,,,,,,,,,,,,,,,,,,,,,,,,,,,,,,,,,,,,,,,,,,,,,,,,,,,,,,,,,,,,,,,,,,,,,,,,,,,,,,
stat_134,-0.5677893941171608,-0.5237103500405905,-0.5866133924934279,-0.5350249046940394,-0.406432079612122,-0.2769886678797084,-0.1770886060216414,-0.18838710866824487,-0.25285336717131407,-0.1917755960224606,-0.1508002796253897,-0.1496243618027797,-0.1442117706220513,-0.10058368847393835,-0.04308378037833535,0.013646917371363153,0.03400642407305774,0.004487464444675204,0.00014528035713604284,-0.06938836682105895,-0.15618746395872296,-0.26021159757531703,-0.27470846164610546,-0.27875688947496047,-0.12860089848927259,-0.11563034028605791,-0.18629714915344817,-0.18734317312299922,-0.14939567860137465,-0.08209827526558583,-0.11291530530644533,-0.1508031131200606,-0.08102469769334202,-0.04886119910113246,-0.044551552490836976,-0.04096902508225296,-0.13317888111246198,-0.1337876209248053,-0.12560900229715208,,-0.2246109701715292,-0.09516983637843561,-0.07731105932358544,-0.09470251814660945,-0.04969360322314959,0.023912601045145854,0.05601856586633361,0.081418676129019,0.24136799655024838,0.21565172129248245,0.069922369687832,-0.029983733009063856,-0.047166870474773824,-0.049687113758366534,-0.01655426639062888,0.027818770594966537,-0.05422732474179375,-0.31337588150712514,-0.43328797703507327,-0.24111031231257615,0.046794548482410867,0.12904308656518745,0.07293184157850095,0.014038292064990777,0.047522873886845965,0.011163512277807557,-0.0319698755926813,-0.013709504711635043,-0.05081783448727503,-0.15079123380098594,-0.09750501656604196,-0.0036161124076122273,-0.23004065359999068,-0.48657947056163636,-0.6853076962050171,-0.7191382411780796,-0.5294538691635386,-0.4977928047190439,-0.31313827715198755,-0.1520047858095613,-0.21891970452301965,-0.30318319412063083,0.12881878550258763,0.0258341776015405
stat_135,0.3914663813503025,0.2641938496423808,0.17495319198441897,0.17913897773259996,0.2275101727451603,0.23095179027834883,0.2334606907513375,0.20042547750890696,0.16959594723612353,0.18314398959482667,0.12350801842622516,0.11391291931805712,0.040018268340290035,0.007453899795845013,0.04263311589233424,0.08448888974620243,0.19032675985643388,0.28039293449618213,0.28870640754456867,0.29483852126725635,0.22031628532682018,0.07233484155972536,-0.038955627236116425,-0.05267633251730949,-0.11731839113717982,-0.21818897555859446,-0.3164821506856209,-0.3213114040370051,-0.3683007869611386,-0.37959204915815864,-0.3361485759162971,-0.2873142198505712,-0.2145120197241664,-0.17532472809635352,-0.17910140839853028,-0.20737179166345737,-0.22530517368726383,-0.19947464025732656,-0.1928262856633694,,,,,,-0.22044597743265215,-0.1760907585839038,-0.1369976651676859,-0.10455867404407229,-0.11207916431383719,-0.24188269709737015,-0.4222738105881084,-0.5022701071950765,-0.48164825395855654,-0.5258451499891573,-0.6561601513027888,-0.7462717236672254,-0.569223305470834,-0.37097448572491715,-0.2906995250240724,-0.15316473053822963,0.05395874024168598,0.2509360665287228,0.13585053476344006,-0.0998385317463327,-0.30353242511495654,-0.3250561064264984,-0.12223305998390074,0.04203837778481523,0.17494367841413033,0.1298410673802689,0.3722397949483339,0.5574733119880184,0.45972924426303763,0.18826629423374217,0.03211984847291963,0.06837505541970403,0.24047909667061274,0.29367217440949983,0.5464050954099029,0.33075990075895284,0.6940094224137937,1.1602134542845508,0.1282395899994433,0.1950780672565341
stat_136,-0.23056540020602698,-0.13585624852103348,-0.02466608493706358,0.08569932822420184,-0.02259127248703507,-0.11726076003344328,-0.12352875802553183,-0.06801104102053995,-0.10937251524816176,-0.12612156482212486,-0.1656818443161843,-0.16918109210946955,-0.18436584396187208,-0.13661431607542981,-0.05219548693960121,-0.09498048576585148,-0.16326789564046973,-0.14827434217160937,-0.14139389097742797,-0.061296773002301366,-0.03204113413345697,-0.02449731102063463,-0.05568777901829502,-0.048514283028348995,-0.029399644015119592,-0.012023262830580498,0.0039326680884963355,0.005022932550956484,-0.011318625799569954,-0.0162988810674111,-0.05311762432947146,-0.026107029694402904,-0.01995818385999704,-0.014112108508940784,-0.002179746125067344,0.007699661937981876,-0.0704756164206522,-0.06849501464520734,-0.07689337041478629,,,,,0.07035725464408298,0.019338262595515986,0.03760331264763841,0.12485541135939532,0.20530951363440347,0.24369006208978827,0.13449861011912667,0.00858836599033756,-0.023775628894765224,-0.04331047544205007,-0.0825377201049752,-0.007666273093619027,-0.019226496241190556,-0.1183938339312624,-0.07335956576360148,-0.0034248489174972326,-0.09440265508891166,-0.18042926872771817,-0.23982468411141042,-0.33849179226830545,-0.21991728387145187,-0.11832332289257622,-0.30344592265319714,-0.4630727543191225,-0.4321091897483351,-0.08622101328489679,0.10118014359017509,0.022651568363989003,-0.16407554122687737,-0.21944262099730472,-0.1834298198920997,-0.033617089002284356,0.0010356582241123576,-0.24810186804559634,-0.42739917356956414,0.0975630535430764,-0.0005915158512156743,-0.2551994108170902,0.12186819638641422,-0.111895335165333,-0.5949811296242434
stat_137,1.57447386194839,1.6375493567143726,1.7239980696505113,1.7951038793231322,1.7763618203282836,1.7188420354970022,1.6490649706237206,1.5747878843215128,1.5022765589316813,1.5414574904065785,1.5517063658781876,1.5518148719910856,1.5323614990158028,1.4810646797321545,1.5144523187539947,1.5100348689965768,1.5514889490702939,1.5292221959227794,1.5237799192460573,1.4907461265187623,1.448508130702208,1.3678720314708375,1.2836991812620315,1.2790082442099597,1.2823215616824042,1.2467847742200704,1.1835458456058419,1.1784142250384326,1.0995532346140664,1.0710500524852269,1.0643530721228134,1.0643509953893826,1.0547311622477107,1.0480124713789087,1.0488993690229909,1.031146529573516,0.9817719195828084,0.9367370165064682,0.8937374739784911,,,,0.27130152802990626,0.2598249475930392,0.31926962998773323,0.2961216938934683,0.3078340805479576,0.3106090529944982,0.37765396426257253,0.33255509896698315,0.31402676193599527,0.3336286657652726,0.33986595136367354,0.41223328514065527,0.5299299611952607,0.651886261067547,0.7212832468555268,0.8179568731012272,0.9241345735885728,1.0228809245021782,1.1382243420043336,1.181123114387912,1.2096070811230064,1.3210712515817482,1.4025183079587145,1.3890581160509838,1.3014084353954845,1.2030824718426327,1.2611431872201473,1.2618393219148982,1.3969230436478042,1.66850327512593,1.773293887491156,1.808462718969539,2.080227997596186,2.0863990405622217,1.7393572314568564,1.3659531237846723,1.7170543310378061,1.6990463841396684,2.4953629876851426,4.049740772278971,0.3137943074098572,0.6862837981690255
stat_138,-0.5604134527360866,-0.5990692354860404,-0.6207790421155917,-0.6997798617841455,-0.5399571335157153,-0.5121308394665528,-0.44741909743442265,-0.2853352388293856,-0.19016013762550246,-0.12717519053555384,-0.030586208957551524,-0.035037263131638324,-0.07230866559830487,-0.08601800535905364,-0.12358408575845312,-0.2140337146860336,-0.2831104914856128,-0.292901809682368,-0.3107779816174933,-0.28800646257536183,-0.12483584456949103,0.03975356034194503,0.11107076718937194,0.1119942900763204,0.15155548960252055,0.06136483767002223,-0.015178755612140115,-0.020344398460731064,-0.07478963790803034,-0.03951115722546016,-0.040027196942535016,-0.017513119589755204,0.014129335684486457,0.016959535340309556,0.013971262843264196,-0.0022802310312573684,-0.0461607930096794,-0.0767770475507996,-0.08544089556154379,-0.2714357286566624,-0.18098046627048928,-0.1978347407588703,-0.3073125975030941,-0.16141050966375622,-0.0060601376615237465,0.05302565895299781,0.09755674544793311,0.07344611538067508,0.13666833490574984,0.14633967433076012,0.0897722675144024,0.09582699862056819,0.07269342277929598,-0.033910126747083144,-0.0965524322496737,-0.026252876374347034,0.11772911354681767,0.08826805556191232,-0.08630508947570738,-0.20250544151008024,-0.3199106947573302,-0.37055429819328384,-0.39340110247220184,-0.234123585438303,-0.1460332132929315,-0.15818185020612122,-0.08496600440062159,-0.04283940243021902,-0.012945491126426185,-0.12052941799907194,-0.07760991675576075,-0.2526509060995723,-0.4542396499936903,-0.5548277878126963,-0.687064868055682,-0.5257093670028703,-0.36304524102298935,-0.27801557763034007,-0.5556906360273958,-0.29693113326205267,-0.4063521575633025,-0.7809230516617601,-0.09624775439601353,-0.09903955426714746
stat_139,-1.15791317713615,-1.114600176362219,-1.1265531732120633,-1.1158362983762018,-0.9892825243620287,-0.8674212989095471,-0.7063590359140671,-0.576101105179852,-0.5316171984665162,-0.4474137859751256,-0.3449836049735097,-0.33807835507265066,-0.2865438909847417,-0.2775021752676036,-0.19860494310078675,-0.20660452442497496,-0.21562043591849864,-0.13313476647832642,-0.15294761195641499,-0.18715545697726715,-0.1504831596297815,-0.19769830907679647,-0.2869167342327647,-0.29579848579495327,-0.33380815805295194,-0.4280792879670187,-0.3826502915277028,-0.3779190022283836,-0.3158535690421469,-0.32615582254950354,-0.24965528710801008,-0.23665255291160542,-0.23637579236797612,-0.19316250320229458,-0.19102110527070962,-0.16410867771725093,-0.15817048072568227,-0.1824738117859733,-0.23624288375675725,,,,,0.08486906861171642,0.023140719738616262,0.006240882541496895,-0.06795474192205031,-0.062222908215362534,-0.01581809024504752,-0.0938569390485908,-0.15748068053279551,-0.16587314693011304,-0.2714795594859546,-0.34500790771628026,-0.4087302247128872,-0.5221547793192937,-0.4947065347082686,-0.323760673236822,-0.21424634945887044,-0.05909446154581711,-0.04024300868447233,-0.09911912898288913,-0.13593408295040454,-0.06586821345809028,-0.004587785764171384,-0.075786826968853,-0.1039420899384546,-0.2316345525571593,-0.35128368605222476,-0.44604013082099453,-0.4686901575916818,-0.57524018439357,-0.9656723517723315,-1.1476505668088577,-1.2642513651926248,-1.3964369458555668,-1.403379376040604,-1.3460484765988563,-0.8079578176648807,-0.5473226022326855,-0.06957133842878209,-1.04033164314171,0.5820607080651687,0.8565597977675582
stat_14,0.5096002135525904,0.47024410859189114,0.34423156129398347,0.11392589313424117,-0.019999846943082003,0.0037150370197719432,0.1369338093529635,0.2603136127925373,0.24736947629573786,0.09238295295070492,0.005521914521711495,-0.00021811551652631722,-0.05093730419755236,-0.009901922839526614,-0.061805591593371366,-0.07604408751849816,-0.12042062887604973,-0.13101809502176515,-0.1086550227699977,-0.0029945612921836546,0.033334387973462755,-0.029962153331990836,-0.03804529724866391,-0.03625551449005963,-0.002734050586074101,0.029040040918318105,-0.022251550252066984,-0.029270110860038147,-0.07693124524013478,-0.10019483071167512,-0.18820450150419396,-0.21600599965101813,-0.1550393281610537,-0.06387126935472108,-0.059908631684627726,-0.08340942442712652,-0.0736755341444466,-0.009567882993098275,-0.028510068626452337,,,-0.20126379901883537,-0.11615856835319033,-0.06349147263718018,-0.15147794871890333,0.21700243282116574,0.1521571556280215,-0.010039495964042062,-0.15881563551617817,-0.2525494379138741,-0.30475700560262453,-0.18389700586784052,-0.04678482885552065,-0.03344940866046216,-0.009667826171487995,0.026445830865966937,0.05123071241911183,0.04131243458574496,0.037931540229584434,0.10448730287566639,-0.04104352858534976,-0.19715234197428635,-0.24905452146649212,-0.28597696541132983,-0.16062531064278068,-0.036484000253773845,-0.14500781013303699,-0.15559526557288691,0.04717352791461258,0.29892836202310596,0.3098009123087923,0.057353822128808365,-0.22089168956083904,-0.235964595197335,0.1437118605823619,0.5466621683270334,0.5486593169830922,0.39735827629427745,0.15686486956444587,0.08795990395398898,0.006484471081184617,0.13214415848108033,-0.26614936942645917,-0.1792179715086371
stat_140,,,,,,,,,,,,,,,,,,,,,,,,,,,,,,,,,,,,,,,,,,,,,,,,,,,,,,,,,,,,,,,,,,,,,,,,,,,,,,,,,,,,
stat_141,,,,,,,,,,,,,,,,,,,,,,,,,,,,,,,,,,,,,,,,,,,,,,,,,,,,,,,,,,,,,,,,,,,,,,,,,,,,,,,,,,,,
stat_142,,,,,,,,,,,,,,,,,,,,,,,,,,,,,,,,,,,,,,,,,,,,,,,,,,,,,,,,,,,,,,,,,,,,,,,,,,,,,,,,,,,,
stat_15,-0.12878577773101668,-0.12040341844476031,-0.10622691029330537,-0.15211719600178186,-0.21540825426956403,-0.23100078180751776,-0.24418383386077483,-0.349102027959882,-0.4129640315200966,-0.40909962522557347,-0.3489374718238289,-0.34494220411221677,-0.2649714504578252,-0.20764314243984977,-0.21196749869100723,-0.16955681852167126,-0.13301910003951137,-0.1496382732926454,-0.15622000595998758,-0.14361214278070664,-0.1161215864998326,-0.1536272304465825,-0.15630524908163668,-0.1597920987029706,-0.16113722179581838,-0.13578370466407264,-0.119233099525461,-0.11965889465938415,-0.13733729071906042,-0.16724666138949335,-0.21841101594111806,-0.2023768827080517,-0.21466477370511278,-0.22170421279915958,-0.22278397524515542,-0.20182002120281206,-0.21614994135911353,-0.2046583351697328,-0.2113048276243251,-0.0765320882378115,-0.11219199379066079,-0.14256199081725157,-0.16280646789970138,-0.15388736014770676,-0.10808437967335055,-0.15459028632111899,-0.1917143143962792,-0.1955946504440422,-0.23873593650015623,-0.261419390229892,-0.2665778456487696,-0.2647141059506864,-0.19437456007357296,-0.07570792259427574,-0.03467110296102998,-0.08603717154740502,-0.12637512631296188,-0.17773156443966745,-0.1576122001816866,-0.0843021166409018,-0.1019720284699761,-0.07373547921654168,-0.05904396202217099,-0.10897790741028385,-0.18906300932167214,-0.23162503617788785,-0.33231867433643575,-0.39094680827744427,-0.49123904075154023,-0.5644886132498732,-0.45340309148055524,-0.2010629955091476,-0.16797680508587048,-0.17004750566848714,-0.14985542698100274,-0.13183397141220646,-0.2110458387388226,-0.23075372967921493,-0.1266752153293671,-0.21507169981463,-0.33627615194095384,-0.5198506876614932,0.04047683932780412,-0.037688632427652274
stat_16,-0.4526406872825928,-0.45583917605274615,-0.4101947610348248,-0.3663610605921024,-0.40524212172376955,-0.39154653593239985,-0.35165504678138193,-0.3724996619867338,-0.38327927268778406,-0.3926311334969914,-0.4285986900997461,-0.4285363591302508,-0.3786834614748647,-0.2930785363101096,-0.24716818678719207,-0.20177628725398006,-0.17777307431653347,-0.2057620023329287,-0.2043833792126967,-0.2014880994377047,-0.253983059939691,-0.23116559320610644,-0.24797532202814873,-0.24532357502019467,-0.20720971184010545,-0.16672937732873222,-0.14939641455822206,-0.1510082319425721,-0.15854164725755723,-0.22695370095374498,-0.24405615791124888,-0.2671953168506276,-0.2844355160155311,-0.2920083915777309,-0.2981923401274173,-0.310856792639077,-0.2810466214962624,-0.24004938478820184,-0.23025979939358504,0.013546323124669902,0.051104677556653995,-0.1387232397807405,-0.13644349995614383,-0.08245142628815122,-0.12751300692167303,-0.23793861635258923,-0.3191146658905413,-0.3533263748594175,-0.3852006342961245,-0.39153348156102635,-0.3679651425180168,-0.31831655610838655,-0.21432666950781296,-0.12139251294565656,-0.1096684698539996,-0.10109774218195527,-0.0918456006549365,-0.16810104868959258,-0.26126633607814387,-0.3234597306640349,-0.23725141349518786,-0.07963000527382935,-0.04648549118483653,-0.10329519281977556,-0.1614840994757811,-0.2967583894406313,-0.5089931882912963,-0.5357843784810088,-0.4771734672673522,-0.4355821560535673,-0.3417131819923098,-0.34863216546666365,-0.39061511588900705,-0.363953940377482,-0.33564260665430234,-0.36413470351148797,-0.513913137221632,-0.5508687947695631,-0.37726892858690014,-0.3628463076104278,-0.5878729631004456,-0.9575483555320345,0.01980625965162959,-0.1488835801130818
stat_17,-0.2790071855156426,-0.2880592436266619,-0.2946616749636921,-0.30227698884256066,-0.38195011100650317,-0.3971546311158275,-0.3823835895642246,-0.34858377328472445,-0.2953460106005862,-0.3220060282923897,-0.35922421661703957,-0.3626473497099693,-0.37191513227458106,-0.3131047222513828,-0.23894926601552044,-0.2060826603202308,-0.1718171299296109,-0.1957851245936156,-0.20053479122226922,-0.2169211511556346,-0.1705303786949242,-0.11910080365152045,-0.0876577849450027,-0.0836145620668153,-0.06717087872867564,-0.05493019541718924,-0.06963419695424677,-0.07175943871532475,-0.10291254952545903,-0.11938871648558852,-0.1555344300129523,-0.19376956606251539,-0.17674420631255688,-0.17569451811943004,-0.16581688833853167,-0.09470647381704192,-0.10931487560529979,-0.09520340417792965,-0.06095829168697906,-0.030751944394073884,-0.008395859717880066,-0.049874681678947166,0.04775790782343024,0.0809722764169042,0.13006830440899314,0.02890408080981964,-0.041151682409252606,-0.009734528350553941,-0.06307322449332461,-0.1816977086236908,-0.19146398339427634,-0.1626726266290998,-0.12322490269985108,-0.09270900494473673,-0.061821478575715495,-0.008235891841065613,0.09337635857769663,0.05562790717127279,-0.03189574456316344,-0.10248585738254802,-0.1820807789673966,-0.10859324509188226,-0.0273252794451083,-0.011459912251618904,-0.027785520665103754,-0.23137119989847538,-0.4751215654864155,-0.4129140437049537,-0.24427058113160627,-0.20776400916846696,-0.29427997999907896,-0.42360718025833133,-0.4142268080576731,-0.28681916139056446,-0.2227691602098476,-0.27512393931969936,-0.3497557195095922,-0.3459126643209386,-0.2961628828224018,-0.36407493967929694,-0.36011689276841635,-0.7206887523351299,0.19296515781530132,0.10171457193723081
stat_18,-0.8706641496801455,-0.805745582068941,-0.619670478805385,-0.44717825111119597,-0.32505265589781634,-0.26888744004743276,-0.2628483928720669,-0.23551957513520244,-0.18103140881742397,-0.12249231276977895,0.03945218383564431,0.05090927861398375,0.12678326090584968,0.11932188350806112,0.07832016436366576,0.07257976008612378,-0.006165402949856967,-0.05221939140693251,-0.0833744825345171,-0.10585116616671324,-0.12287453322020693,-0.12796347487789064,-0.09279211882094056,-0.08813438327103887,-0.07263466716170132,-0.0378568590035385,-0.037983280382672006,-0.037263959808258265,-0.08793961579531336,-0.12607348690839723,-0.15163880638219224,-0.1621150806929842,-0.16135595572766234,-0.17201941708793037,-0.17321864721319066,-0.1992787509728519,-0.17660552137082738,-0.0644233663801464,-0.042927711616991944,,-0.1014675862775196,-0.12748674289608125,-0.04801582415403873,-0.08917253139593631,-0.0034066211728018877,-0.057388854681194694,-0.1387362312306051,-0.17458528118132383,-0.2189083762696619,-0.2156348873735552,-0.21823630174685626,-0.1993943642957467,-0.13102542941757153,-0.08548604614551729,-0.06138219647923895,-0.04330916383008876,-0.020290978784818933,-0.0865802887067067,-0.1287799349965661,-0.15459260297836608,-0.21596184158693163,-0.09391334225782497,0.09008057988614745,0.16435130905655104,0.2290553639720344,0.3849464434234816,0.4631007056817999,0.39920323290216636,0.129887964890674,-0.04181753098048492,-0.05758691509399705,0.012561980598234063,-0.02361191528250489,-0.17727558052272138,-0.4380080218158441,-0.794139924403237,-1.0734527436095216,-1.1587197237834417,-0.4577653166031676,-0.20031795967032195,-0.5441008570444213,-1.0769571362371604,0.09746847475860472,0.10530111789587406
stat_19,-0.4424245301326157,-0.4823958438429473,-0.4260043268822138,-0.3802077769306073,-0.39964696494493107,-0.3731206759556809,-0.3033626108115251,-0.31560407765882614,-0.207537705275128,-0.2341513156663045,-0.2683756924260659,-0.26749212139576595,-0.2649327071780168,-0.2251772571531061,-0.1836482356695817,-0.20073695644258144,-0.13277767506860075,-0.17590811667513473,-0.1841419707392673,-0.22839888168761016,-0.22453325118582854,-0.1927608453024571,-0.17021653488857502,-0.16273318967449704,-0.1072362529982504,-0.07132755861376716,-0.08621510017158743,-0.09067238378839194,-0.12770976987276508,-0.1312819331007013,-0.15976056078213915,-0.23060100223327176,-0.21006430411141938,-0.23779894892900594,-0.23805097831032,-0.22159939385600114,-0.2667475885822647,-0.2176132687073952,-0.21023416487671004,0.034647338095728564,-0.11877279055380903,-0.10888145577348357,-0.049733878967197484,-0.02140160252562582,-0.04297805991322201,-0.17423929090570833,-0.29553042091824655,-0.29498958945768744,-0.25875550357444876,-0.20957242858701347,-0.2140518563521435,-0.1994357472257199,-0.1339175062800215,-0.09590975967913698,-0.06669463803721463,-0.041779487059528025,0.02595534106091716,-0.05061511066414246,-0.12786287460947,-0.20952360003541223,-0.29068633942207067,-0.19864091195364328,-0.09984894163899709,-0.07909813517735043,-0.05937835451324823,-0.04272008314582062,-0.23003112261192413,-0.32920438296294086,-0.1641918490869595,-0.1212482988832079,-0.23066721538195925,-0.30665498156846893,-0.34935789027005204,-0.32736975833272763,-0.3022946744829197,-0.40860297569164183,-0.6196721450956016,-0.5331088523723413,-0.35355190324756974,-0.3746564419705631,-0.4784074664581439,-0.8191963172569185,0.21448209174788735,-0.014744115265314224
stat_2,0.3627013497536709,0.27693801867088635,0.23294877608117617,0.2443347662371327,0.20410140970329724,0.20636174678342853,0.27268138773918316,0.4370046841038916,0.5381793380742107,0.49470554372144754,0.4661279494499594,0.46987983854814647,0.4689074068693879,0.5280815644034872,0.507695320609258,0.4782762653086493,0.45325402801929116,0.40936731855249686,0.39929538230231715,0.32698760762091733,0.26663952503880234,0.2285450124001871,0.16255772467444948,0.14419683861934832,0.1054113908152324,0.025194888016035828,0.03475604089716236,0.03616542272856708,0.05508851428540686,0.12483979413605209,0.15297480069452157,0.2298334305365664,0.2660815222284924,0.32435435087641856,0.3281070222239207,0.38392085345177673,0.4333352568581154,0.4650061589305835,0.45909222753949824,-0.06903418391764411,0.180071025157423,0.45069632089693246,0.23030366833888485,0.27347846001064013,0.4184195684116397,0.48769588730647606,0.5971036654501443,0.4844076264588183,0.360450827582489,0.41910616451341653,0.28240061241089337,0.09423059507421433,0.04436222843405837,0.11201515783537784,0.17847359591337653,0.2342844019047495,0.31822923331214176,0.25766837514939783,0.3361219924883692,0.46721364443603697,0.5686427066640144,0.6122145288737244,0.6353652455468833,0.6041693126515723,0.7036982086091995,0.8017415575211524,0.7640375290025809,0.700347955524356,0.6536177898788712,0.6017015582694173,0.47023720294739324,0.2724120651898632,0.22863505238667656,0.28510687797825635,0.3484526393547871,0.36551793127738064,0.4734789073540113,0.5571700522937505,0.18060968175259198,0.21294632779482567,0.521396143664533,0.7213453739141975,0.0053232642323129825,0.04736488417100858
stat_20,-0.2727108403427694,-0.39305627889234007,-0.4079548612488164,-0.34797159316776055,-0.3222992108221649,-0.20606041086442106,-0.03736524715849834,0.1527242919295538,0.25400538411530155,0.332743428209629,0.364999912941239,0.3682571426774157,0.3173514295139663,0.2527787024959168,0.21114598210439167,0.17468143810611028,0.11796706808404969,0.06511456536733068,0.055898893679241383,0.01363213285310338,-0.05559321496537621,-0.06946676151275671,-0.07312616828344802,-0.07306011130190737,-0.05709192252069924,-0.020091605186942602,-0.008987528260062154,-0.008132431346724348,-0.025916072123264855,-0.07124899708537238,-0.06472710340028716,-0.08146731278740243,-0.05462243851816387,-0.06686609419146305,-0.071567378093549,-0.10192924653739563,-0.14454299494902859,-0.11864789692827657,-0.13563778270758736,,-0.006644947884113424,-0.13868017111617964,-0.10730289465032455,-0.10056416276175684,-0.1437918632457443,-0.14989038487635487,-0.1973223438492264,-0.25691677744945246,-0.24080546549696133,-0.22081786662382635,-0.23837509502397447,-0.23174083651887534,-0.14908701516068731,-0.13412277238292475,-0.10256191041150586,-0.08140945215167944,-0.12540799961514348,-0.19016803164377583,-0.24439984289096375,-0.330475910699034,-0.3708615364318096,-0.22022069049147883,-0.046907028627326784,0.049169211743432154,0.16617603392338304,0.39692641382958643,0.5922259615428268,0.611378846570671,0.702654293688123,0.6174634625240073,0.44541874422088124,0.23159474165275687,-0.11371274170232004,-0.3778504482366472,-0.5305014728024054,-0.5996812643591818,-0.5315777081049857,-0.2515543658961738,-0.21171879003502336,-0.04490388501324781,-0.38489031441605676,-0.5452330904638656,0.04172346988720537,-0.2664898076027566
stat_21,-0.5757709442923298,-0.5586996808851513,-0.5424250391411235,-0.5245635414509786,-0.5552860879252808,-0.5832982174984214,-0.5574492318484281,-0.5608536379571697,-0.49073626393362446,-0.4508920194156108,-0.4550753780498557,-0.45426679637588085,-0.43420982672011843,-0.4291218722387841,-0.3622830853611786,-0.3343324159577494,-0.3833902838745289,-0.43001232193457883,-0.44038308993813324,-0.4161075054174526,-0.4350661892961882,-0.38893431449799076,-0.3047494649738774,-0.28994609834803453,-0.19855605155321138,-0.1540633497443435,-0.14947460274045504,-0.1528666590499193,-0.21429506610199886,-0.27986896858625365,-0.3021855666848624,-0.34059447783515706,-0.3680644704707674,-0.35442474890470976,-0.35217645651011836,-0.31996683716023494,-0.27991493263405015,-0.2163651442493227,-0.16374469027485092,,-0.009981112228923934,-0.06360175983279534,-0.10918533427697145,-0.09688935176229772,-0.06375256940649837,-0.03136541106203385,-0.24034214208292373,-0.3772873156362121,-0.32517489185822024,-0.31018796259461257,-0.33524222828702804,-0.34827820492119005,-0.26755374280897054,-0.17693840784206574,-0.12617750353304247,-0.09893938703156331,-0.06193278622642262,-0.17486870936268173,-0.3967284954591581,-0.5551895060864936,-0.5375119132331264,-0.4753846543579293,-0.3458006973708419,-0.28644508540421804,-0.28180225266914494,-0.3889131646004585,-0.5794765323118727,-0.5638501890598411,-0.4380994459104634,-0.46144794407958883,-0.4907627179315284,-0.4779012690801368,-0.5124713866473574,-0.5391434855804764,-0.6131688652634544,-0.5767593340823814,-0.5561135631680758,-0.6400580165637892,-0.5385756068883812,-0.621797784246916,-0.7221916880035458,-1.2485150542183205,-0.05068537902637975,-0.14857902935746217
stat_22,-0.5135575533035656,-0.6743831420935064,-0.5871553118973402,-0.32876011560455054,-0.15122114715239365,0.04979574621565374,0.26741641877047223,0.313016261168422,0.3334234015113457,0.38175527062864273,0.4422419153506449,0.44354531183038626,0.3919222648674892,0.36039604664660485,0.3692808676217198,0.34265275479409535,0.2360366307531503,0.1789403933660114,0.14823939438500827,0.12283262300724893,0.09544405354744918,0.052589539375054006,0.04571003927825934,0.04553083524509989,0.026270830172251257,0.0910231131613053,0.09325414227926544,0.09201039969288438,0.056356707915941114,0.03378548455423225,0.040664998852563694,0.025646819574381342,-0.03542199891529685,-0.041471622596158164,-0.04147194353247338,-0.0701067657485879,-0.026944208981476196,-0.019356044593034364,0.020953988283052054,,,,,-0.1298015823948609,0.0007200715618251694,-0.05701269811375336,-0.1320957734330203,-0.2313204354331743,-0.22699912308515383,-0.2166447970378945,-0.1728281382450128,-0.11500489368818581,-0.05732923011950881,-0.04386140649605581,-0.014378918453007783,0.032077285218360736,-0.014106961026336916,-0.05234945510502249,-0.13026244045164492,-0.25516413137931,-0.28464653237441084,-0.10209213839735268,0.14542776637511284,0.2702334235705428,0.40926815454186166,0.4761723773917358,0.5310971594196411,0.6451449894970354,0.6851264346182255,0.5754949003207279,0.628557418957742,0.6669903026740507,0.34785340667608405,-0.06889702098130024,-0.5221989897064555,-0.9415911587031337,-1.034049482959623,-0.8036157706646125,-0.18127834566879897,0.07188094170820994,-0.315542582872763,-0.5429768151593148,0.055481609683370535,0.0070403822135325905
stat_23,2.2210824606961395,2.243310148919694,2.097911956564461,1.7770237048456845,1.495199771773275,1.3143522647262413,1.1921847740615001,1.0352536033548976,0.9117610723582468,0.8332302357905185,0.851982295367293,0.8468435411904045,0.769085250124012,0.7954587814122315,0.8110891227483222,0.7866357618008301,0.7552614583236446,0.7260477237926903,0.7088134327938742,0.627198638329744,0.5707869356770753,0.5546909458144829,0.5496236839469206,0.5458771886571588,0.527099186173306,0.4988718938404535,0.465580534915368,0.46509957870955426,0.4443125530060426,0.40860812433409727,0.35273327737631316,0.3079582125371035,0.2608212071489957,0.27430497512993424,0.2754511966952544,0.3149006530512068,0.2037787920908816,0.2601373185216533,0.2505973444288447,,-0.04204605405877253,-0.14263602511498588,-0.06691586711217529,-0.12681373926316342,-0.052358331563201986,-0.0440058274986058,-0.1416552861423311,-0.19319645358709545,-0.23360171117460432,-0.19710029832807466,-0.1819204385300492,-0.14893557049439907,-0.0515740873084973,0.08271559054183257,0.16895782101865772,0.1169759308067324,0.10350805005255491,0.09570722571918361,0.07361966671242265,0.05326252026734769,0.09999241926723877,0.16085162337792516,0.16504875414763326,0.1832473877057552,0.19869247427890258,0.08485165088737485,-0.010170471170658921,0.08438468905601793,0.09838838898809892,0.2249024080497902,0.6030087005085449,0.765449046050155,0.9052092864160292,1.2094753533799456,1.740571417298088,2.3005583829479503,2.3783540039326954,2.3301043474505536,1.826541210195963,1.4395020966803003,1.9474913736327273,3.882382965885672,0.010373461805789123,-0.05263090051948595
stat_24,-0.1074980818555268,-0.17303401769528126,-0.23734343118275952,-0.21723610483881362,-0.166265235687649,-0.11818807102926707,-0.13386738845413193,-0.15684301870316975,-0.21937120998091433,-0.2719665421903575,-0.31824183743128515,-0.3202573618414234,-0.3229954584452912,-0.24628317524021423,-0.13917428048532107,-0.08823511573108707,-0.08902294855504421,-0.07402678037636586,-0.06500328566883334,-0.07862515310865115,-0.06796839156041277,-0.11150567056975935,-0.12028093731905705,-0.11700367754042831,-0.11775036697134085,-0.11827239414650512,-0.09536664040444945,-0.09647743212197132,-0.09498593412133069,-0.09171584313960045,-0.10031305155743477,-0.08665537655235844,-0.08651901515560897,-0.08233580706776278,-0.07883505593965917,-0.054683788515843386,0.005044188530624248,0.06781836384468842,0.0867431587778524,,,0.20472984304472625,0.29816300589813444,0.29447941559101526,0.2141117562998788,0.10514712526790283,0.022154349035659507,0.07583252253290386,0.053718863062855976,-0.0683571044672988,-0.15990477966334682,-0.17565751361830353,-0.10377858453370124,-0.05063985267772547,-0.12688871977702176,-0.18790585724204936,-0.1475645923697559,-0.077189283309014,-0.10628499295836542,-0.14841236041524905,-0.07323325981416184,0.07971023183288109,0.05659097012503876,-0.1412252431571469,-0.2560319194701467,-0.49759843812895277,-0.6260205354797741,-0.5260717296473121,-0.4069572053615359,-0.37519361056261574,-0.35126180094213005,-0.22513040374451743,-0.18871294258608293,-0.355057692280392,-0.426684184830778,-0.4787599962778936,-0.49175512702574387,-0.35892432078978875,-0.15607468466781724,-0.22620570693636982,-0.6907343828369662,-0.8295664841501345,-0.6361427374870264,-0.47937188308730144
stat_25,-0.5546606661307901,-0.7466188346549295,-0.8178243646442384,-0.7792959214663192,-0.615471140256659,-0.35615153040811975,-0.11896776849363168,0.11957856334737531,0.2763563913814429,0.42751536710882787,0.4628768523894857,0.4643762680066269,0.4577556755244019,0.3717358929753143,0.3442646568232156,0.29936566089440825,0.24766549568617915,0.20183287484614862,0.18966442613336157,0.16263302069131075,0.1519128279605017,0.06594891225825385,0.06464879756797468,0.06341262953154816,0.03807797840776915,0.033711079749761196,0.03478914123329904,0.03177366374531937,0.01131966235666315,0.0018508809160320593,-0.010200691397917187,-0.013741603772838517,-0.03784964058883283,0.00604896312599315,0.0038214619396838086,-0.033362753904146406,-0.004248523874469775,0.01271394437886068,0.02047938228300659,-0.01533194491060864,0.07357593390351942,0.022025075206839204,0.013694157234024264,-0.02914886948046959,0.009951623464826516,0.02010903237114516,-0.04693379673979766,-0.06539451417845464,-0.14254045669137572,-0.19005143922216722,-0.18241145901989997,-0.15537960308796417,-0.05621445396820046,-0.039772404184909196,-0.04567859711360149,-0.03504778459606029,0.026996563551237248,0.03565316693519984,-0.012889865799458874,0.03870455695471894,0.0009614627022146801,0.059227845045653114,0.1615169742869029,0.26803780622563667,0.43055730272853376,0.6605096958056279,0.9210210329902955,0.9876723675594746,0.8960209124154782,0.6191311470500385,0.35797286932826317,0.04411642957836588,-0.4424673817555028,-0.8718513869559519,-1.1122246754786467,-1.1312127345091483,-0.9547616936570112,-0.5099884841890685,-0.24714558846355525,-0.01196048847866594,-0.5330055903166687,-0.8672504007271367,-0.14484299575446233,-0.20343638784993412
stat_26,0.3772575153811687,0.40073768837378937,0.4082202212761911,0.29628078692707444,0.15127201593403636,0.07380966474549863,0.05225574287463502,0.024114129789363645,-0.029689484008767735,-0.0012614578653273641,-0.007195197631113244,-0.007531375487388758,-0.022436468750585126,-0.004480356629818074,0.04663225505650073,0.08361289604169123,0.13359223526989353,0.14672107978660484,0.1623692185990836,0.22769363908841497,0.21351761322383778,0.12453609864355727,0.07566025555862768,0.07929714246992767,0.04202352106788085,-0.046973560610657286,-0.08901326048496074,-0.09231158690157848,-0.048809886933780536,-0.057379870580010824,-0.06908643095049408,-0.03719528678916321,-0.03712160896924213,-0.04453617828738656,-0.04239834778391891,-0.034492097259949436,-0.039261793649067386,-0.023737227116031406,,,,,,,,-0.06631340331940147,-0.02425868532016642,0.07247803712179927,0.022251151664730573,-0.022126715852051268,-0.04637946931103387,-0.1560353643009891,-0.08269072432200052,0.06369191695386525,-0.06460050054294478,-0.12694243300203942,0.04458343878530384,0.1007975334003596,0.125335421682873,0.2305178709336481,0.3520867081843793,0.4068062602082658,0.29399499002676327,0.1801365747099559,0.0756939685852874,-0.08549211422777735,-0.13848558275604408,-0.06536745723323789,-0.07194846149782458,-0.16656126285154668,-0.1189092475229618,-0.06230496629382993,-0.14068654687967042,-0.04201022223505043,0.21567140395703363,0.31746019707199435,0.20822153683357134,0.2042421925383068,0.2497724286950465,-0.005894556162095235,-0.10553891720015066,0.0841778141690788,-0.5726128307191946,-0.32314778550907336
stat_27,0.34680137171039294,0.3635736719969558,0.3688296395560413,0.3262269828610889,0.2255374098910854,0.13384609934484495,0.1159424644484658,0.09615636276216204,0.07023022046193632,0.016924933547281713,-0.04897100294965521,-0.05240506894084451,-0.0844010651295816,-0.03451971444170905,0.05199627048111025,0.06893937318996736,0.07730102358498474,0.15443546203330874,0.17827093873535446,0.17803601119413884,0.15353145496685294,0.10618114115956474,0.07914698959505191,0.0712944937958169,-0.013872536144243278,-0.0225423406942627,-0.04762630025386334,-0.04659164314109424,-0.02375363821812537,-0.06258818392507601,-0.07900193555834073,-0.04777239425221331,-0.04908268725996554,-0.021297247135786842,0.013096630465002103,-0.004246594045625448,-0.01161398475623883,-0.017359032353689328,-0.021826084677870176,,0.011940764303860743,0.015182082989792641,-0.0057865680824607454,-0.03776855830635391,0.019943557845242724,0.033971540311308786,0.02549240930053826,0.032764681288120594,0.041927795220854956,-0.049193185956856705,-0.10784403629387224,-0.15429017669469292,-0.09037230229078168,-0.048257584966510496,-0.12162626825869335,-0.14033486352823138,-0.009940176237737582,0.07758037189529894,0.09804398292418443,0.1413038420518285,0.3136612681972151,0.3187258432543995,0.12248094430832918,-0.02322607077305312,-0.02233372912834241,-0.13505817204109333,-0.21577799976648115,-0.182632779946587,-0.05002742467583536,-0.025426708156892425,-0.05897496404968317,-0.05834705569135005,-0.03291472467093253,0.057343443042666045,0.1902195806563726,0.21422188405089276,0.09527365506027682,0.07393364378788157,0.4362087061188025,0.16436914595016158,-0.06325063463759108,0.3063098418556178,-0.6972527491687484,-0.4540251898293517
stat_28,-0.3913340719553244,-0.3456047176752576,-0.32978538057786705,-0.2541931797666996,-0.2351447484166245,-0.2089918076272629,-0.23290764110496343,-0.15956559584901167,-0.10241918210140537,-0.09974968108662532,-0.15220575707273246,-0.15640458773620716,-0.20832065150064216,-0.24566092403180187,-0.20779163847328572,-0.20257813140933426,-0.20042577895897165,-0.2410117086274267,-0.24272172213765852,-0.23513208002663724,-0.20527934126399808,-0.1869311657151902,-0.1769389645636466,-0.17675814229573358,-0.18748428575389586,-0.18151626404332663,-0.2200072948745476,-0.21834974312464947,-0.21122092759104286,-0.25336319187781375,-0.24595915503075905,-0.23858159411290938,-0.2443023892828342,-0.24672026827944904,-0.24777947176394616,-0.2549348129186369,-0.22881457075286352,-0.2066087432218538,-0.19735805005175344,0.020883021957308154,-0.0384119125959358,-0.14429126018780752,-0.08825960938347396,-0.043567605958999236,-0.06535642701836673,-0.14879420052086637,-0.2119406408985416,-0.23630955569782694,-0.2977020911367782,-0.3142001936969899,-0.31101427755685157,-0.31611674863599426,-0.2481782080730639,-0.200895048925084,-0.20590854323325014,-0.21938715060569494,-0.1358661316340323,-0.09573761308395166,-0.09727367631431362,-0.14232775195948405,-0.26289529498871456,-0.293728080260056,-0.27120048891572873,-0.21906059003736428,-0.17798318788516676,-0.2347379858367324,-0.21267788267879792,-0.15586610099555748,-0.005890576206082658,0.12863165415136565,-0.020566865843283415,-0.141662192294424,-0.21264721075360168,-0.20473515204875586,-0.2708249846986294,-0.40571062970642874,-0.4353504659567239,-0.4408264996197732,-0.4219316501859849,-0.4096656579484552,-0.48472547534630445,-0.7710648946281723,0.09514246278412511,-0.12128568546513481
stat_29,-0.32351881861801257,-0.39427056940931676,-0.4101578809682363,-0.4130950629045761,-0.3180590942405887,-0.1759062577640762,0.04104666901746595,0.32439064960222064,0.4872354603793343,0.5843951611362483,0.6373937227587342,0.6364050700883837,0.6137599893583074,0.5177411512538829,0.4488816862091408,0.40479156805876,0.33964408392703876,0.3535667352305542,0.2832692671774374,0.2603878446857651,0.23537071307833904,0.19385558309174336,0.175375175955522,0.1730321519552935,0.12566419488684766,0.12217649195979874,0.09754153923589992,0.09549682747004255,0.08823720368397187,0.0721449283901831,0.042139565813073404,0.0002179471925312783,-0.007817580708453193,-0.014138060150102964,-0.015297397892246234,-0.013461337493664518,0.027934790167649222,0.07601091002335765,0.06052520518705227,,-0.036356243320256866,0.03953377555178224,0.05084911205261603,-0.06508407692992417,-0.022017918866787275,0.019698599893571717,-0.004572610048061432,-0.07183372760485605,-0.13341980996718955,-0.14279491512055045,-0.15198504613095448,-0.09562029970141497,-0.04544930138081372,-0.01979374510122065,-0.026706008774046667,0.00674908961747099,0.09388140078089431,0.06703807627697883,0.030692826680432838,0.0793290451534953,0.050128667813702565,0.06815800819778768,0.21251616768069362,0.32654872744554464,0.49610039149612273,0.7246407265711898,0.9978181097779321,1.0286546016149964,0.8950313322348087,0.6932295996763452,0.48865424075080627,0.08092519172696382,-0.37672361689482325,-0.5840233992072617,-0.6721317655393229,-0.6116794581505883,-0.6070812259891863,-0.5796030687684085,-0.06627029726862443,0.1638412749033274,-0.3535981968214716,-0.473589293111072,-0.2945763639796118,-0.19439996200101523
stat_3,1.205176578113133,1.2196335287740772,1.2108493103134104,1.24612225662966,1.2514138056799666,1.310305218494219,1.3523036349769142,1.3213458807370226,1.4310993912093735,1.443799595180388,1.4045701163254793,1.4002325470469956,1.3024752379320428,1.2551665719010408,1.2774191345210693,1.3109706954514333,1.3980093669945395,1.4626648884140743,1.459157048793277,1.3532598728201544,1.2138102785303564,1.1368647141053503,1.1059809010176198,1.1074198258053762,1.1844267164332618,1.2696684200675077,1.3462646595043444,1.3509604119852539,1.3739877802901348,1.408280328042292,1.4791726059561117,1.4963400794042285,1.3964061542827628,1.3811428234979677,1.3819961698146275,1.404221074594454,1.3497664160114258,1.3048330526715384,1.2503135480862477,0.37569345488429123,0.36741801208055086,0.8167057307292058,0.8269952424273143,0.8990738804898996,1.1461596034705954,1.2912414990683259,1.3648361743207549,1.2800834750814198,1.2872959540066966,1.4196125092233272,1.664593540159803,1.6481717905070494,1.3395486235126686,1.2848346936336354,1.4536644020275489,1.4131598874392641,1.1790599307382128,1.023133981107309,1.0387763691506449,1.2220236497695995,1.493597646793432,1.639952004740888,1.5506528719103962,1.379785392307704,1.2593894089082411,1.2049913430940578,1.3000302636206462,1.4615330504916193,1.558011702524185,1.5360870938063318,1.4058867882766803,1.3424453218904544,1.3844733159162608,1.441461442955203,1.4567817357897979,1.3616402014867777,1.314255610698263,1.3104721594420308,1.209560863416357,1.3199176481541912,1.2839947966624479,2.6234536510437585,-0.05583678667168311,-0.3134377659783536
stat_30,0.40604096798212913,0.3999399795964138,0.3925607088267397,0.2670500036612338,0.11459639795001336,-0.006916991110589432,-0.03688035732340094,-0.02842754280433392,-0.021152800991083777,-0.0033533365380682824,-0.024239471384485022,-0.02503401289441736,-0.02176648569981866,0.030944450024798415,0.11182776825817202,0.1634369521771346,0.21675638656035598,0.24933421164283698,0.2598572453112537,0.25171692801425494,0.21506548693936525,0.163190571178193,0.1478228717159346,0.14421806031960308,0.07043763321878374,0.020228500570840063,-0.012021019355594735,-0.012598718223478134,-0.009927461886125631,-0.0444072279800741,-0.07439469978883266,-0.05665785231320011,-0.05914799124657922,-0.04483453090285617,-0.0435306147946918,-0.03106545765992966,-0.03657284568594291,-0.05176330075909141,-0.06278760662817709,-0.06017053650220621,-0.08869035912896003,-0.17542718273565758,-0.14355533363172632,-0.026857088587406538,-0.004708982910457571,-0.08752632750874051,-0.0773830362829915,0.007842492610737726,0.008749555642542511,-0.0881758150248242,-0.15129886359604533,-0.14679341325595113,-0.10001585738738042,-0.059782349470173066,-0.10323029227975745,-0.07266111061330524,0.03176598866814454,0.13131994173128986,0.17221794165001328,0.2103071904575452,0.376466495289321,0.4389122161707289,0.3013790113594375,0.11993119239729927,0.05484109300510838,-0.06123842835832365,-0.12339292291049167,-0.10369736962351772,-0.10888114496434423,-0.19013385656006282,-0.18531955617230217,-0.19706606525183532,-0.2950330642288979,-0.14696326513284486,0.14407134477917563,0.3036618656882411,0.2971588036022572,0.2688170210888994,0.27900074801208347,0.09945780937041894,-0.18293256303568778,0.10200666433339849,-0.6907913753063706,-0.4781872013921036
stat_31,-0.2266699131744804,-0.07702732792876484,0.09655369670400503,0.2173997224808416,0.25041424655610484,0.24028080013203837,0.19922628665235423,0.1708178846240246,0.15118110896214657,0.11688999979101326,0.024296561902763945,0.022841555055016404,-0.02373086000236732,0.061376944103856704,0.09746657398237618,0.03829678185328204,-0.005003888129688972,-0.030428039718687593,-0.03474909384922564,-0.02173066393919634,-0.09473447606197882,-0.07789509043566044,-0.06292015227294254,-0.060025467451005204,-0.08694911894613037,-0.08276711200435455,-0.08726483380634073,-0.08578055286350059,-0.0484922654944764,-0.053416050340325504,-0.11042460192829501,-0.14999332718423228,-0.11473100314092352,-0.051232550244116895,-0.05545272406175203,0.011456013552333437,0.10137496603907696,0.11426003030183071,0.0848889581910952,,,-0.12180041144433407,-0.06923669352584247,-0.08863630163047014,0.005728027250686662,-0.012057987549988712,0.012508685164059738,-0.06030039258904718,-0.23294112141644951,-0.3232548115488927,-0.35078699360282106,-0.3691197375254528,-0.23899465910020984,-0.23664065405906456,-0.2749513531776026,-0.27711319822390057,-0.16132199236057163,-0.13995640859135514,-0.2473466496973227,-0.41764335795657065,-0.43760181896971784,-0.37985451681753896,-0.28584702910506127,-0.22032505047572376,-0.10335024948771013,-0.05519298513090059,-0.19247965180304494,-0.21426209265105414,-0.03731170374097816,0.10794226218655145,0.18647832624253793,0.24549983556169233,0.3091353583951217,0.18363099666920582,0.13657175308892278,0.031159722079453372,-0.19179604139112227,-0.42265814852135863,0.027713112811252157,0.22708112869591943,-0.06922338376514885,-0.026632423785823665,-0.1483178102979072,-0.09477963469301842
stat_32,0.18680368160979222,0.14122158018797118,0.16200794069633437,0.06497186630793018,-0.0024710614559169523,0.04135748989287572,0.0058130438501634435,-0.03738111691591069,-0.13273287185443453,-0.1553673650111549,-0.12940847872371988,-0.12147911563577651,-0.03795710008742553,-0.00789624164369701,-0.06809717768334318,-0.07482623750969425,-0.05505126853788898,-0.055486565784217054,-0.04808862440374005,-0.08975182178933859,-0.09431372553433243,-0.09066648612930026,-0.10726632795230776,-0.11028710597776271,-0.1273438866713452,-0.10468640610671137,-0.07944647959439041,-0.07954808809254646,-0.0869940825814762,-0.11752002420062818,-0.18570590124310477,-0.27699350453802085,-0.28329552982211614,,,,,,,,,,,,,,,,,-0.45385180633806094,-0.3292070044472179,-0.2054940639774629,-0.15001183873868368,-0.05702844098766098,-0.012815627749380804,-0.02788358867630532,-0.005628073892996492,-0.1083973250422,-0.17191757025643253,-0.23724670779693752,-0.2672278355896866,-0.16504226406695746,-0.0646152309002596,-0.04657432005294005,-0.05571535171287763,-0.08444956495129663,-0.17546557017376122,-0.2781168172326719,-0.3195997411484665,-0.3125698585585922,-0.20649173261819304,-0.07958840018575362,-0.04703733540535486,0.04229631653680249,0.15652011157189794,0.15541628968808632,0.04451632402733432,0.0087493982945266,0.15872020215976046,0.02138052050751747,-0.08609166228250067,0.06345424553701881,-0.1835724411052667,-0.201528770012458
stat_33,-0.12919648579066614,-0.16527655645291123,-0.18923098334300514,-0.19382497708209234,-0.19544574633447628,-0.18855694028880268,-0.17769075733787473,-0.25819087905759003,-0.3270017280333204,-0.39286320093520377,-0.4184487281811278,-0.4193012171775279,-0.38954498637947976,-0.3126731783232486,-0.2863509313849277,-0.2942193128521893,-0.29655156752390055,-0.349665279055566,-0.3546219745331066,-0.3373011835246461,-0.32775347483436307,-0.256498572081451,-0.19443547534951836,-0.18633126822707885,-0.1880480472490339,-0.12711275251881826,-0.09912801122742883,-0.09715810643340626,-0.11581161322037209,-0.1619726936126781,-0.2140404914405507,-0.27340304148729866,-0.29799735862247345,-0.288665619363882,-0.2877091100487369,-0.2435828535242766,-0.23755499289511556,-0.16719814534336266,-0.10360443418091445,,-0.03247866661677418,-0.1081417440115851,-0.08063134382208598,-0.05253553114982499,-0.01073409886899174,-0.030349144352307088,-0.21245500987407448,-0.26654214456620823,-0.32421805439743084,-0.3160486195895682,-0.31677549836220026,-0.24081989923964614,-0.13630528631378025,-0.09982991885457178,-0.07880777103269702,-0.05098970608087431,-0.00833855518591412,-0.08947877590529157,-0.2764350157715085,-0.4229651636098464,-0.41593557791463587,-0.4043241395059563,-0.3121589781876048,-0.24262478071805849,-0.15672145870541423,-0.2827290310127707,-0.5004860785036975,-0.4411419437077613,-0.42378143847462224,-0.4066890734035939,-0.20584087786103303,-0.05042668075008071,-0.1364305143157417,-0.19805240136920543,-0.25838793277134586,-0.2562087377002213,-0.23777665770051484,-0.2645649911743405,0.016473606162828006,-0.233265540198872,-0.25931677540009934,-0.3833609413319723,-0.15518463011740272,-0.07241521595126678
stat_34,0.27838081527219566,0.27871880212574784,0.23625981562237414,0.2680821524786245,0.2958513461813305,0.29286719085956986,0.3691370494120677,0.33256276213521085,0.20434275410325747,0.12565362677990374,0.012651551043910832,0.014561505212721473,0.01679329188796795,0.02046813310662596,0.028312865788060127,0.017938130347602874,-0.06651697559964276,-0.0705702831006461,-0.06395864071081066,-0.05962865496277186,-0.07689299485308623,-0.03807931089045638,0.02847199327859338,0.028066611534524295,0.029897506626626536,0.004911644328537374,0.008120799512398916,0.005672828049760077,-0.059594697173118355,0.04569954441488689,-0.04172401892925433,,,,,,,,,,,,,,,,,,,,,0.04892195546593347,0.21616816404373074,0.11459328930284372,0.07851939845306857,0.024580060452635014,0.05451997445091738,0.019743683374762948,-0.05146021936878887,-0.09744220989230595,-0.08180841562517509,-0.10532644615560434,-0.227212654975057,-0.1451612023686798,-0.025248592788769595,-0.11443068167946026,-0.14712591557095264,-0.1011824339334816,-0.14862775380326432,0.018740054539348062,0.2737280437956022,0.33174835064465313,0.3010792218699626,0.3615074321876571,0.22043722578259267,0.0390670409690235,0.14237987477398045,0.17569671424463876,0.20146538301368447,0.17860430473825967,0.0414243761005521,0.2918103321588111,-0.29272803590079993,-0.26188979048684463
stat_35,0.8909234229646354,0.6845231711523053,0.5263480972361229,0.429407235820279,0.37204019659748794,0.3321585336734793,0.33864262139644663,0.3163801597989005,0.21401064119105623,0.0630752704282618,0.037961516494266996,0.03392241137907031,-0.010013719659599456,-0.013889542429004803,-0.08510880975655923,-0.040809520234007225,-0.09469730038121954,-0.08065498803751069,-0.07593461548288906,-0.05425489224856581,-0.0659489242445589,-0.024590778336205984,0.09006040086225092,0.10795859748482449,0.17283293156543558,0.285440453262953,0.42218329799688026,0.42213622567533127,0.36025750440752535,0.3278872301575831,0.37601807350887806,0.43291354842873403,0.44435665334918645,0.4420163587598225,0.4492434968453485,0.4587896300707262,0.5109041935771854,,,,,,,,,,0.4149140121286694,0.3662845298344519,0.3616303915875866,0.39091205335518925,0.36620306328598873,0.3064095875687088,0.2015796321265966,0.2579490152204505,0.3930118312816426,0.27660461741932757,0.2941711403036301,0.292692760779869,0.11013292205704221,-0.09869614751916933,-0.2181838726830876,-0.1313643546293406,-0.04229017257288934,-0.10625545984550991,-0.16462262268717215,-0.12866883606451393,-0.10660238789380466,-0.023615065160941452,0.018988441620886438,0.12145868987044604,0.2690022308124947,0.39028702718310976,0.21724610052454751,0.05468408997530914,0.05698562470024212,0.2599332507832873,0.49026560514159157,0.7188913963190602,0.8078515562538875,0.32028727598206047,0.7226697850777567,1.461837614716538,-0.18149810997121302,-0.06603860202550975
stat_36,0.2802669689483529,0.3245724899159723,0.37593556247922666,0.47142802856640836,0.5065204163812893,0.5025762331755567,0.3726181311874315,0.26120326305925146,0.2411263322530493,0.22457414692795982,0.15210175742169812,0.14664988564178494,0.07406835048679633,0.021991462996320772,0.03772193927475599,0.06973210447459505,0.03215949884839901,0.06944392549650542,0.09365957970676606,0.11058733271263257,0.16300485686556124,0.14928950013688494,0.09190630275453539,0.085406066812281,0.07276111069448418,0.06544329968756418,0.09826059261957484,0.09410281663457706,0.04483517144996384,0.007881371141937323,0.036938891964014335,-0.047229752331252525,-0.0705872868623551,-0.07463759039979684,-0.07195721681655139,-0.0621036019800889,-0.09255240770899853,-0.026113979408935034,-0.03829958558033193,,,-0.17183978287912663,-0.1282606723920952,-0.05029889708069847,-0.05428340629196082,-0.007266286897802191,-0.06384436650258433,-0.12124841393712421,-0.15804360448384136,-0.20510141489681913,-0.2223767350331354,-0.11973836095063983,0.04168553891486735,0.07580145801102844,0.1283489176023479,0.08680324488369924,0.13648090364004284,0.17817336239775305,0.12830553590422403,-0.011185557399686224,-0.055350312883756324,-0.04267017592225498,-0.06690256776021856,-0.09273067458890863,-0.30553035862072825,-0.2797431970853153,0.055904768672612196,-0.0007618628562841566,-0.048691473314654565,0.11609907348692106,0.19965227853459439,0.34714670753803767,0.4239616616743646,0.4136641696838931,0.49396081007161724,0.47074807684026015,0.27748251522618744,0.13228630645771527,0.3255489719152623,0.24789174356665425,0.06433443462692506,0.3451834703047866,-0.2768486709552806,-0.2229271715754101
stat_37,-1.107412691426564,-1.1889868566583892,-1.3063024505373015,-1.508841519626882,-1.6360856015041156,-1.5039147405885953,-1.1727655886908106,-0.9046175942671401,-0.7486764955874203,-0.6337914100975647,-0.5716716099078833,-0.5681531300321426,-0.4645103910389573,-0.42862770266536676,-0.40117073089903205,-0.4013757464324247,-0.4001848726986319,-0.39919141181544,-0.37576716543816435,-0.30794305974216624,-0.2726431557400224,-0.20519573612119738,-0.21327748009594794,-0.21611716002591574,-0.20091060430581653,-0.20259367383135646,-0.17511088062542127,-0.1738326187890087,-0.20044649619153826,-0.19778157916372213,-0.1706056058905102,-0.20487733480946554,-0.24171263894782358,-0.26843893467819235,-0.2779375273156747,-0.3378051759621297,-0.3447108291292964,-0.2958253612062016,-0.23843965802664804,-0.026808730101802934,-0.02468700608130687,-0.1481026679302782,-0.16258564895869485,-0.06796339243132028,-0.1938853867870072,-0.2127931000954272,-0.2678442258956943,-0.34384682011586115,-0.31395239986391904,-0.2655588861721916,-0.18626989060243354,-0.09638171262506413,0.0008354536282235157,0.028113041034148807,0.03917494353968195,0.038692851961300734,0.001708710489195257,0.016500996502584058,-0.009484476958045834,-0.0713593160041358,-0.04249527322749803,-0.08849618139603267,-0.223069187436428,-0.18527700923116763,-0.14340543180537751,-0.1630058780324294,-0.20649788972196498,-0.261743026354253,-0.3868140340685422,-0.3955278535763612,-0.6181017127288686,-1.1721485138953616,-1.831690584437341,-2.082679631652266,-1.7617918534391253,-1.3686602595214383,-1.2048581453458063,-1.1235765550024543,-1.0563536950963757,-0.7514424347688556,-1.565865864192257,-2.780424509146119,-0.45803957008774426,-0.28791869564951966
stat_38,0.283333664591055,0.3642079548687085,0.34492358958873637,0.3125669443079141,0.2874524005311788,0.2986442120933442,0.194995011451574,0.09282777874415071,0.010234552910597088,-0.030508885379372713,-0.050019450888852936,-0.05138163817711964,-0.0961102000105541,-0.1214346631824582,-0.1447207595432259,-0.15081135145397617,-0.15012509858021866,-0.12994541105476104,-0.12139733805226781,-0.05855272251844689,0.004243789531996263,-0.02109222833724412,-0.0428041282706453,-0.03788044341923939,0.01608142335279036,0.06491938607629916,0.015567623377170233,0.013217986723317759,-0.07708835303318605,-0.09455966122320739,-0.10337312058366836,-0.13222866723200846,-0.16767890411312641,-0.11186647512629733,-0.10616315289908979,-0.06389080030746815,-0.10967583284017521,-0.1260690671634668,-0.1026179321267292,,,,-0.11487715778119129,-0.12108907128482546,-0.12295702800701175,-0.12041065435024138,-0.13852159233967612,-0.12706876038002757,-0.1564953559926685,-0.26872297081034874,-0.2629660436933154,-0.1459408573540662,-0.014869816343679376,-0.01624561461470456,-0.020623746170854884,0.027257265377316126,0.046612783764714984,0.12471252909052516,0.14197728838014645,0.017117356998999488,-0.05153503241148778,-0.24653419810117477,-0.3098013005569391,-0.301061355828174,-0.26104171008613203,-0.30477029850326753,-0.2001506591706779,-0.06893804211508482,-0.10432924016727299,-0.14819849423626744,-0.02751325097989591,0.2257382561565923,0.35000898188223933,0.22567322453116173,0.21089564357547783,0.27593531667374965,0.3073746513264407,0.33144207480995075,0.2860223808431249,0.09154358535192732,0.06978803222047086,0.3667367587819531,-0.2880524252685265,-0.2544873950047685
stat_39,-0.10134223223187333,-0.06804790463556319,-0.004553902189592037,-0.025430136596589787,-0.05999631678909744,-0.025897626932169404,-0.008676788380024015,-0.0212150088360105,-0.06664384684957618,-0.11490104824131266,-0.1557708169635483,-0.15511019114376673,-0.14785430130003652,-0.15148121632477377,-0.13531301792863415,-0.1400670364148107,-0.14865711425150313,-0.1667854419447095,-0.15693494006313496,-0.13053975753523195,-0.1666721193229245,-0.16566950385807946,-0.15849290891761,-0.14581857504655835,-0.11092440936171519,-0.11355473660870632,-0.11197547328061234,-0.11542046464202385,-0.15706341337286303,-0.2115892963304162,-0.24718212404954668,-0.2504083575330271,-0.27287076291914836,-0.27710672835939115,-0.2713432618837333,-0.26000293517440204,-0.25588830087240444,-0.22854061941958084,-0.22143232859257297,-0.01969500321377453,-0.05853764446530178,-0.16763313291071733,-0.11841637849435632,-0.11518509582292417,-0.09853365132859149,-0.16105202516018394,-0.24735630684113738,-0.256001191580577,-0.25320531596918655,-0.19907550540575822,-0.2378894057404054,-0.2520949958830217,-0.18791650883180647,-0.10242393837824916,-0.060435680413053534,-0.010438143253229086,0.07556501086432463,0.0268184416874631,-0.0815352531627194,-0.11752364357038257,-0.028082012532956106,0.021163282654332417,0.01888056610768928,-0.004790138990435563,0.014465866407122985,-0.05999207596097512,-0.22817550514370144,-0.14048493393213737,-0.06673000736495388,-0.009860175255026467,0.1621503461634088,0.11743429668839672,0.018353926994098338,-0.08194657907591817,-0.1538876889557096,-0.08465506873827412,-0.03567659338998629,-0.08216548879380635,-0.09442909284812413,-0.2268099227695656,-0.07126238977241524,-0.320426063957437,0.05232208571877963,0.22574940904406335
stat_4,2.017199858021637,2.0846440743472883,2.1407637735105403,2.1482769615460455,2.0991752427262655,1.9202000996380486,1.798508993573271,1.643110292810419,1.5284866132595438,1.6406007442462307,1.7589977383479085,1.7688850385299224,1.8381806637986118,1.8306797449149277,1.7059522004687433,1.6703223154084381,1.666836728299462,1.755647497307799,1.7887065740422938,1.8999955051072397,1.8317525109873574,1.7211661656321093,1.5150496283733783,1.5152199356817313,1.6697101024121987,1.7388685110680395,1.5972642643403268,1.5874111124225168,1.5075675065557619,1.5387312201535392,1.5577455593897276,1.5448551952735285,1.5295606147279428,1.5875032804066231,1.5889128732480975,1.514431710367888,1.403877828284521,1.1821674701464964,1.0638698106621356,,,0.7363871121954619,0.768646627521751,0.8199371300072122,0.8055730878677023,0.9457551590441038,1.2482690679052746,1.4372108166954174,1.604825412780024,1.6871131308573608,1.6692821861027722,1.5911612991768203,1.5186566091910714,1.3922711317724619,1.5135322965104396,1.8719418353751531,1.7242319663283263,1.416210430109729,1.5673444163587,1.7688225032870801,1.9102433728173902,1.900196845617949,1.7090088525616132,1.6581937161075408,1.6572443187400805,1.874121142471964,2.042883347468116,1.9313735728793715,1.677250023820228,1.5151538581307562,1.670181793973643,1.9529086472014647,2.1463364311478004,2.386550746643219,2.485280470516656,2.3925451605533534,2.199845710814864,2.1121386808808076,1.9426469511197177,1.6708460748519465,1.828143640700604,3.9424921590783772,-0.5655028397588288,-0.5686340122524601
stat_40,0.4996639166971644,0.46187693095654464,0.39387517583543896,0.30518463440389143,0.25418821252574464,0.22655459124335015,0.18332649271062992,0.14802010360182627,0.12974862515340402,0.1250486014540313,0.10036914351984697,0.09826329784843775,0.0905910413824882,0.1203106321332919,0.1598386322434587,0.18342761186338521,0.17381498616496283,0.15495880545583388,0.15152593591906552,0.15642328900549296,0.15156135799244438,0.18644134049134448,0.18570057236897547,0.17585394039554317,0.1228067768764913,0.034007854114418465,-0.01735579957619897,-0.01981153025870054,-0.0665457688984396,-0.0916898207889042,-0.10765589844607194,-0.11448401304788862,-0.07626725636035263,-0.11280333266155977,-0.11850399135249196,-0.151002473781254,-0.15099401571407856,-0.1370993584022293,-0.09465507893642891,-0.11146580903512887,-0.10830692642837393,-0.12243936163297046,-0.07879573367717627,-0.14259262343247484,-0.3109663997099212,-0.3326831364669957,-0.37380187418958877,-0.41918386435633354,-0.3663801088396492,-0.19989422796476178,-0.10049409966612105,-0.0807103981613794,-0.1489449727973127,-0.23469423509337567,-0.21972817190355184,-0.06548562487587237,0.09067139442831339,0.19146009644880502,0.26597916373836017,0.24314609889455685,0.16086828122105323,0.14903636177102347,0.19463799373621063,0.19317681192128291,0.1928901344187804,0.24146101279141483,0.10864841182283708,0.011341045847091715,-0.011612209730910145,0.05513495610712818,0.09898749292946277,0.039146873854077356,0.1446437726267385,0.22329589690068316,0.2862015803509826,0.4043555852903202,0.5724527225862898,0.6550347630810589,0.32013868615986435,0.13301835587924818,0.2933739735382542,0.49235489049798925,-0.367617986608436,0.028779968785107097
stat_41,0.032031389821130136,0.035516218125681155,0.026224800814483685,-0.019456627755374756,0.050748570047507255,0.08483647916875396,0.020666343826599515,0.010804382285862165,-0.00046501623071247783,-0.06856038492421274,-0.11163019508852595,-0.11306003157171167,-0.127757073756175,-0.039616998440905445,-0.046389366621878,0.008454468642143779,-0.010770707947860048,-0.05991849116819255,-0.05745235162247205,-0.06511686074631597,-0.09800025288443927,-0.10339003377753266,-0.12723543548355273,-0.12230948697759676,-0.12685932501725183,-0.11644808176182196,-0.13960588751621814,-0.13893278729281447,-0.1212991212302347,-0.18074653603290675,-0.2155982716819464,-0.271660005340746,,,,,,,,,,,,,,,,,,,-0.21310305318258818,-0.21838374564785576,-0.2807536030852786,-0.05920332896266423,-0.07910496091672665,-0.11039631810073842,-0.15909081119595148,-0.10870201453013109,0.00384863921400817,0.049894904247459564,0.06301025388992583,-0.06892573864943916,-0.13720420418017212,-0.0899414428677623,-0.11893156130237957,-0.05576945218699645,-0.05045912487937546,-0.0839802140979537,-0.11958282208849913,-0.024105265778358066,0.0478135272596805,0.05568229813665985,0.09813842975221587,0.03700511257746461,0.017221275101854127,0.04854779909230227,0.1062987289737204,0.19727023211294348,0.011045199883927244,-0.08523678118616786,0.27348728904728137,0.34541911781032103,0.3558015689397437,0.12115661320303975
stat_42,-0.08000440715554549,-0.049200389153385926,0.003813569214867266,0.06468194445959083,0.07027100794324158,0.08294191423339979,0.09522049751905766,0.08246286517552492,0.058820164934232824,0.06253187992107276,0.04388480113709089,0.04130211225604889,-0.010578404975067587,-0.01667981705647709,-2.071076915072558e-05,-0.01373989080383951,-0.042585529008947715,-0.061144560215784766,-0.06043868088377316,-0.05948314527362234,-0.10931282144220679,-0.09352661940182028,-0.10367863909301268,-0.10817186099570206,-0.13405287025315574,-0.15498776528046926,-0.20554908430223315,-0.20771458465628098,-0.2322182493769235,-0.19808180390245717,-0.18351249503008457,-0.1791160777077587,-0.17674524512790493,-0.1655906652021929,-0.1651462234551107,-0.1839895217477886,-0.19630242589989932,-0.19318487618855604,-0.18864760147293316,-0.07606548544894647,0.014385873968343425,-0.026538119187338772,0.054769272049247586,-0.019204700817375527,-0.07142235653411615,-0.1180690747942515,-0.14707214560089296,-0.14841123302310294,-0.1931653699815992,-0.247428545023381,-0.26570604088047894,-0.2459060450611332,-0.22877398256487025,-0.315528740440925,-0.33161700520663917,-0.24484640419700926,-0.19003212769618008,-0.14396904773666702,-0.14125358584640726,-0.19043578325612845,-0.194032857394115,-0.2598430665636296,-0.18763837782009163,-0.18191516502708727,-0.17990436309908603,-0.1701620989409148,-0.02529958523966489,0.09078507492583333,0.048886597035132144,0.018404120264868477,0.02565154739733796,0.06406691300578526,0.093371482989115,0.01900647386422212,-0.023632943678219165,-0.09516898018795929,-0.1757962051313206,-0.1289360662276161,-0.02157920363208107,-0.03762749388846184,-0.010569463593845346,-0.013488467931865377,0.2963412559004479,0.0997261730989861
stat_43,0.6709403104210531,0.5089396915307751,0.3700313743227804,0.18467124175370575,0.04417342498197635,-0.03450574575453645,-0.10233226540152537,-0.1975111748381199,-0.19212346217129944,-0.22019200749282067,-0.28893378678626047,-0.29198621479230147,-0.30854475255933717,-0.3011916366398557,-0.2902180946586471,-0.34173929906070055,-0.3644455467717961,-0.3692562380719017,-0.3670505053810218,-0.3541572189428876,-0.3049328453495898,-0.2707910156343545,-0.2824912108267402,-0.27758764873152725,-0.26668586918574017,-0.24548572322066703,-0.19420477001418876,-0.19025307935681252,-0.14678749376298728,-0.1347467727539976,-0.13566864044957444,-0.14569607659888997,-0.1798872252591593,-0.1839393732582249,-0.18604403847845283,-0.19332100379032216,-0.15144815305043702,-0.10765532292568761,-0.11948294544949252,-0.007999798885023626,-0.010700075857846257,-0.05996317612066406,-0.1427211809372615,-0.13028982610213352,-0.06181239931484911,-0.07510134643529477,-0.1410407652700668,-0.21214043225598903,-0.26937371192855264,-0.24477797914308236,-0.258120054979198,-0.2500971349354828,-0.17374275531360853,-0.20547517106770444,-0.2761791695221553,-0.29193113519926356,-0.3353329883048967,-0.3175696809501781,-0.33234524920532255,-0.4221580777369136,-0.5524222590726414,-0.5943968988944056,-0.5399795919405945,-0.4410723399240771,-0.36902307373012844,-0.4247263372350083,-0.4962051110723107,-0.545907491586372,-0.5189901426006597,-0.4459574195039996,-0.4252160692348393,-0.3559273658837341,-0.2413346747430826,-0.16148021218391687,0.00947220645400067,0.34364726455327055,0.5891383026908942,0.7936315127171887,0.47978200093046214,0.1324783916662781,0.7143667837804881,1.3102716744943173,0.2557503714080364,0.17448588821289482
stat_44,-0.059063648019346326,-0.02351854987498318,-0.011968410571740008,-0.010814748696669091,-0.004240377801642612,-0.01962586582241034,-0.11645439650133355,-0.19945626478170045,-0.2293608311240261,-0.23732527579966944,-0.2820093060174576,-0.28529962335008524,-0.2497927792220681,-0.22636582127459987,-0.214499016546606,-0.22367736938871938,-0.17305817374089816,-0.1562553303637461,-0.14991436553984883,-0.10428146382692467,-0.09566371003888952,-0.12938989221298008,-0.11784600286508054,-0.11318329619159177,-0.13347859897858522,-0.17427600378089528,-0.2321056941916128,-0.23425123428855382,-0.23767523057693557,-0.23517277203055412,-0.22617490351066652,-0.1819210449379835,-0.15583223169439966,-0.13660644373368072,-0.13544150599595783,-0.0986457825507533,-0.10094261693505074,-0.11305967174090782,-0.11857065200035474,-0.06283485252580592,-0.10878972692491903,-0.10171442694870836,-0.09350892064338745,-0.06076581206672395,-0.10607244648653613,-0.06267586852038581,-0.03370363398088826,0.039523448443119044,0.07531881692647739,0.016828359171296846,-0.0012397241964762261,-0.08363493789095182,-0.15089894414726102,-0.1643788013684444,-0.17536417041996777,-0.0829342415230042,-0.02771834492906149,-0.10067290347478167,-0.0023749662784945808,0.0684974310123674,0.10260746287966037,0.09054208006259719,-0.0018316655012806245,-0.10833692320646003,-0.13237389696687027,-0.14409407716708442,-0.28769401296202457,-0.3386992768074756,-0.28899669094819946,-0.26263136987000774,-0.2714325779625168,-0.22890145486426897,-0.07374183753613572,-0.024104640304936725,0.011187200355971203,0.019239983446969873,-0.06920534842495407,-0.15038638338767013,-0.06614797032892827,-0.221016717145624,-0.1865969476401669,-0.3705078392732496,-0.05459483592149202,0.04753795614495127
stat_45,0.03624674057462783,-4.4830574009323244e-05,-0.017907757256771357,-0.04082468377666669,-0.07769000158542512,-0.08691474572679674,-0.1982036714778177,-0.25636229529905874,-0.2813651638238932,-0.2841290132983286,-0.2644189167498572,-0.2648917955818946,-0.28207266114183377,-0.272705610702125,-0.24361930708921933,-0.23860701968327672,-0.20667880861043628,-0.19733669640608875,-0.1858720480943967,-0.15464552469156273,-0.2046809049265244,-0.1958418415927508,-0.19830765737183736,-0.18556464010048174,-0.16150074803265238,-0.24588599332838304,-0.24807039890871108,-0.2463344069379145,-0.22527677635272544,-0.21696254662013678,-0.1625155668412475,-0.1478759617329321,-0.06972857373726868,-0.037190142921436825,0.019498944025958025,0.06381773322503882,0.0687297165510322,0.07228067982901469,0.22977782451178627,,,0.17063013409024969,0.12729572327485378,-0.0018494202570276009,0.2694249163152228,0.20204469688739593,0.2384845104904286,0.2701302034676682,0.2659509478742742,0.115009040829915,-0.07928137749512838,-0.116589193004718,-0.1791003985421001,-0.26924079277780977,-0.28410633667928303,-0.24526457066399174,-0.16207429034605197,-0.20042383690155072,-0.1810683041716033,-0.1675497561118224,-0.16244208728957135,-0.11885845309225242,-0.13817565416811983,-0.2048505021073887,-0.25608990993890685,-0.23832195686585053,-0.29490995716005325,-0.3415931479894061,-0.3607759658030309,-0.3818265139025616,-0.3753047459553542,-0.3292690010317615,-0.21406715418265984,-0.167505084839018,-0.10875573828607887,-0.06975444170339123,0.0373788027976777,0.08799374106019106,-0.06076740727570763,-0.13889324022469307,-0.18585271353467764,-0.2533257690207791,-0.05803668714979136,-0.05244049787338197
stat_46,-0.18422518536967605,-0.17934927629765415,-0.23582766499866484,-0.27451088246644195,-0.2976400458523192,-0.3352185953208688,-0.3141239914267932,-0.2794765658600676,-0.21499270455449235,-0.11176516569058012,-0.024349819272514544,-0.022749476754242378,-0.05173719633288366,-0.11290320712436976,-0.09815623988340827,-0.05296043482425379,-0.06829104164374378,-0.03656557828609776,-0.03233174900808421,0.0029996603470041397,0.055212520599112934,0.07725198760724421,0.07811199056546986,0.07668770630958582,0.006928696713848984,-0.04128061953116873,-0.0897705826400949,-0.09230982842031511,-0.12920188324547388,-0.1640166788403029,-0.14525632282754447,-0.13305139942782815,-0.153267963486858,-0.15268284989778155,-0.14867980683339438,-0.14407786382261906,-0.153736723753095,-0.13240183812444295,-0.14847287493471728,-0.03766374265898425,-0.10863395218012281,-0.09104197943781332,-0.09078101482073986,-0.03453738837424527,-0.06086604143092456,-0.09157330162742042,-0.08170628446886487,-0.0033274088267773974,-0.029002638908510188,-0.051053267350075815,-0.06512685092656047,-0.17028526885423714,-0.16566078863338524,-0.14498389351813276,-0.1258683081110911,-0.024879363710805392,0.15880768751329283,0.2689856041448374,0.2803440725377065,0.150838590701961,0.07713168866754283,0.1585057158480069,0.18226869240214633,0.24957575065936755,0.19643009755394658,0.09193885224973546,0.10039808814044551,0.12943391867522236,-0.017988156377679504,-0.18589833015412155,-0.2281839110188903,-0.21593162197783505,-0.254815077296197,-0.2791704588405281,-0.23444648469910132,-0.24326869222451442,-0.1832238791781127,-0.02132911499699585,-0.3610357418387351,-0.34834478714041517,-0.17103574816622416,-0.540746620045039,0.32994769860477635,0.3084046729384647
stat_47,-0.13119513446956982,-0.08033890769692448,-0.10403213862913326,-0.053567828856646175,-0.08208676225091535,-0.1309094494163429,-0.11197991961943705,-0.21665422711549528,-0.2604506124719391,-0.2548078196236024,-0.17620321582083118,-0.17473491816540665,-0.15394497957675635,-0.1719298686329882,-0.09348273072175439,-0.08748512685635106,-0.07742883273860054,-0.09890496315205709,-0.10349634389406091,-0.11161394354679255,-0.08760261998901833,-0.061582388929485816,-0.038979376219747314,-0.037288598193101395,-0.038279243997088395,-0.10130120766421215,-0.07166624775031971,-0.06886877363927091,-0.03792569621988843,-0.06908175634850759,-0.08979208298430057,-0.05689750009990394,0.002852364764374364,-0.016362157644306097,-0.017506903857797018,,,,,,,,,,,,,,0.16314564059925696,0.03440491674189417,-0.010379930392276875,0.15579830416625592,0.13791033524525134,0.02822881395467291,-0.12851090232882514,-0.049028311147737307,0.059239540704006416,0.07387440809648806,0.0759041196638596,0.02007578931851251,-0.0032836771308978633,0.03614780243747868,0.10355312241653078,0.07413695316567055,0.0839541584224153,0.047855761806271255,-0.05809569302661297,-0.1486749707199812,-0.2939836744819953,-0.4527807254988797,-0.39548060182227956,-0.10394317665576745,-0.1448574547434224,-0.33460825223289486,-0.21216374374943076,-0.214110313275565,-0.20399365187842972,-0.23262971672546903,0.0210066583501787,0.14611070752630287,-0.3588621246575718,-0.4931698228499852,-0.2586073936455288,-0.09326668098405014
stat_48,-0.7038779888224871,-0.7701417780376768,-0.7742678315602399,-0.7439835178303937,-0.7297753857542973,-0.7350791840248431,-0.7715760535320352,-0.8112233118899669,-0.8223843636810743,-0.7616760752589943,-0.685585798951276,-0.6806978262242657,-0.6135505049028538,-0.6903581011660425,-0.714257243112475,-0.6984897885458241,-0.7264305119655329,-0.7362687624474107,-0.7342631692766799,-0.6993803317038928,-0.6233859351055179,-0.5496862459927099,-0.5169976573479066,-0.509497215262102,-0.45859703820955694,-0.4164359362693407,-0.3699765624749284,-0.36568187939701213,-0.3473468021702327,-0.31703284256945935,-0.33437812686127455,-0.3530132134349383,-0.3659081439198618,-0.39935452547623923,-0.4037812979925793,-0.3811259578784748,-0.36503337030420274,-0.3657141731464207,-0.37011595694993465,-0.03366732509428426,-0.00032571364219540714,-0.17670076896140605,-0.08650958478407463,-0.033852185013188485,-0.1363902357703089,-0.20206441913074083,-0.24319865955747524,-0.2602779760499509,-0.3259127369621156,-0.3462704521127701,-0.35252427973420325,-0.34660798719249186,-0.2675771473022713,-0.26331112847515475,-0.33884107225457005,-0.40792789215373215,-0.35962854351869755,-0.31567261659232443,-0.426192334697768,-0.6044565491960191,-0.7443947528419057,-0.7144714324537916,-0.7095988848347478,-0.7201938166771352,-0.7516946773665149,-0.6112177334243196,-0.372314140631905,-0.6115825973871953,-0.9123306834004511,-0.9310718786332342,-0.8755413599486795,-0.7037906654227573,-0.5636334997270223,-0.6319543542058897,-0.8298690248772818,-0.8714460858649411,-0.837897577364613,-0.6701314450532125,-0.7191812880271143,-0.7326576698120235,-0.9111442031278144,-1.6152206314412814,-0.12880449284596118,-0.1068805590934774
stat_49,0.6151716479407219,0.6654603784480002,0.7093483348325859,0.6744984999233831,0.5877207942249193,0.5081677859087652,0.4197729700235929,0.3482875079102806,0.28059287867617005,0.25907483267845005,0.19542209789974596,0.19162339127169875,0.1818379882167265,0.1918571859725291,0.1945444331733099,0.17604835345089967,0.1893820845260404,0.1498151301174381,0.1535174040815838,0.1395780640976506,0.10219708994135346,0.094676764629166,0.053642605018692155,0.04705937577867432,0.02614333334007815,0.00108434333483907,-0.0242786672250212,-0.02810522665475271,-0.05178010259329863,-0.01974014298027276,-0.037159517676321585,-0.037076822482359405,-0.022351392102259792,-0.0206730434141399,-0.020901505697599975,-0.014036608398790024,0.03467663407234046,0.03788246004898978,0.012119218553029337,0.01867680196916557,-0.010050055033063998,-0.023574832998036872,-0.008680774666881734,-0.0427621046518498,-0.09164454163611106,-0.018228025059643615,0.04890699225334792,0.014306184102383677,-0.08867087807360517,-0.1396394569640459,-0.18702900071961812,-0.21280932320043294,-0.12686669170099416,-0.17883787317825287,-0.20772679981801354,-0.15687834157291938,-0.10549087498262932,-0.027714181838048284,0.014033538892562585,-0.08833606658632567,-0.10812391507243846,-0.09610727787814857,-0.01136925820155562,-0.03495666906307977,-0.07040955820185772,-0.08975787203700576,-0.038370917418196954,0.032933259824070596,0.02164515749399321,0.04782638434449781,0.07636567486407032,0.16225243650372717,0.38371783504979134,0.5366901485949018,0.6178925804782199,0.6742389111221571,0.7097570333403251,0.7104060392199627,0.500424945820659,0.4079969581720619,0.6986429275089585,1.2339448399725985,0.3066031046023168,0.1789330457209866
stat_5,0.017386887745425537,0.03783423485992835,-0.057869322626756814,-0.050869303823445476,0.012906428070686385,0.06652398988281917,0.17464758882243983,0.16277013717286495,0.12740392450429197,0.06869094805261178,-0.008859137729705594,-0.015229316544247517,-0.11090571429775124,-0.22684826139183356,-0.30034730903232537,-0.30422060809744256,-0.19695260304074952,-0.08649485177500404,-0.05302938802100851,0.019986302325985313,0.08847072603310292,0.1531193097233474,0.1229058739941373,0.12584180655252974,0.11301234750185724,0.05191948408978003,0.07189826634726733,0.07508470944285806,0.11996091837573207,0.13007619849810376,0.10212110953799798,0.07510550122920469,0.072237663082764,0.06567719658723287,0.06601577615315725,0.1319974378349669,0.1756294685248106,0.23124100406928474,-0.0016758127528051024,,,,0.1315020689979494,0.2037356278748312,-0.01900228891947135,0.17821665247813495,0.05385376140510286,-0.011788112215193563,0.003826263151027593,0.08713628608752771,-0.009689241493412677,0.029942846606269957,0.09253561740504856,0.09922862681293157,0.06194631661538424,0.050199792951005025,0.21182042919589414,0.37005455722310854,0.4626068892925861,0.4597734858919244,0.2848310559578557,0.09731975039689296,-0.10600485424028289,-0.37215740680036935,-0.3738539659293425,-0.260996680159939,-0.016999417366829202,0.17799980044497535,0.22990464396622154,0.31329459769195017,0.35719559574523646,0.2766364219504681,0.1673907442215403,0.14480186125132646,0.06812761389341258,0.018897935508234886,0.10359124674833373,0.0995554524952206,-0.17475329197375059,-0.10223143166598504,-0.16291023344991912,-0.10654220068212254,-0.06974858329958676,-0.2772172485311239
stat_50,-0.5690570917114637,-0.6710973007966382,-0.6363017445848513,-0.5611954201530168,-0.5240508489156349,-0.4388045078558006,-0.35532824884005465,-0.291682988614666,-0.2125671074390328,-0.1460076867648046,-0.09395885903415696,-0.09198961819203277,-0.11640034238628848,-0.12895201558681413,-0.12991261486359393,-0.15462959198979215,-0.17279419925616107,-0.19067001831789876,-0.1953184572232503,-0.18766024666750356,-0.16247833402045864,-0.1515317826623961,-0.16913016576675466,-0.17352835939532174,-0.1748321495350895,-0.20288439685320475,-0.23248841304754617,-0.233571105862693,-0.23041464490528651,-0.20664806964591043,-0.26134662679803944,-0.2693857407644906,-0.25253824637104777,-0.27764816788524443,-0.28157248674409274,-0.30147751914619286,-0.31185227312553176,-0.2967904132841882,-0.2959242720212053,-0.06783815208400523,0.05347309211569775,-0.041357324404215204,-0.027890595225534488,-0.06970261164949003,-0.11533290037988157,-0.13582321916942777,-0.11393805774115087,-0.0409649096550474,-0.13486065086470003,-0.23290199297272338,-0.2752263613447383,-0.2549274584940348,-0.14757918906966488,-0.233444082322603,-0.29745263129909255,-0.2363044661536608,-0.15924540595797154,-0.0740312339008399,-0.01797465132565086,-0.07933474206039508,-0.10172803600580915,-0.08267374564810581,0.05229120860944522,0.09366742716126063,0.1173035659452986,0.14169764345526176,0.13222424946430275,0.1374737255095871,0.11704988255409637,-0.006487030921929202,-0.22912285829337187,-0.3154586209243159,-0.3799379664885686,-0.5168861542904828,-0.5522355646498808,-0.7717203217969155,-0.8806480921125301,-0.5505573806536826,-0.4208637083315098,-0.23881273003475503,-0.5165775071441593,-1.0071804929400403,0.3024116603624954,0.14981251528043005
stat_51,-0.27165325826210485,-0.15998408384523882,-0.07685807420522794,-0.014678984405838567,0.007362094015922095,-0.025572405646310917,-0.04235495696761383,-0.09340988430479379,-0.11367459612829271,-0.14738427392771367,-0.2183373624350722,-0.2223624382271229,-0.2458420709687813,-0.22322867819747658,-0.22143043828281586,-0.2538799755730253,-0.21395605897308506,-0.1994939348460926,-0.19769132352523167,-0.19848898336118548,-0.22373068440883254,-0.21596083939275817,-0.26285010934514125,-0.26290199851484597,-0.276320026699732,-0.2728297596690835,-0.3112941489234972,-0.3125807374620458,-0.32096201431428034,-0.273617144080669,-0.25237000988865455,-0.2575478563330627,-0.25551345759324906,-0.2607824004964533,-0.2613817206822611,-0.23539221029698804,-0.197486269132996,-0.17800488616213567,-0.18777635876943474,,0.01823009356569396,-0.06910378049478778,-0.08968847797658554,-0.03860612394757459,-0.015424590674258287,0.0047444418748374744,0.0031135652764886098,-0.026902213958647895,-0.18892037591442573,-0.23751408026498072,-0.26459272361784575,-0.24883913436038832,-0.21036986298408042,-0.29122603102295613,-0.32497043974132017,-0.278163137302871,-0.24944999717814534,-0.18946380529551202,-0.17529328737115418,-0.20635941648478442,-0.1944440224727585,-0.25495325598409924,-0.29338399795445885,-0.30229076859022724,-0.2099997235919768,-0.14780053831552933,-0.18082777480328696,-0.2729770312065024,-0.29336943758308587,-0.18348396909418424,-0.14654722595096273,-0.11924716602214536,-0.05961805259824893,-0.04009837916697997,-0.08056002443643963,-0.11237222662083227,-0.24647921130947723,-0.35207688814227195,-0.23969449093635373,-0.2570592124403945,-0.15418113604614894,-0.3826072673416879,0.28684009223361706,0.18363403458045835
stat_52,-0.07725092088631143,-0.12053794545918686,-0.11750493585873747,-0.07385619030485252,-0.005549289586502075,0.11245069691401965,0.13335335403396661,0.15206700590633204,0.17766929623097966,0.1405389925961521,0.10545142331587085,0.10414747215112069,0.0297956453581016,0.028931377847409387,0.02001306186288765,-0.020643707239141412,-0.0020439579849838925,-0.011954266790737066,-0.006577658471180958,-0.02320519862842903,-0.05329761182986518,-0.04022111082853657,-0.08205571739741345,-0.09017998905345609,-0.14886104501334751,-0.19147496516131676,-0.2530817054026039,-0.2549541189622596,-0.23347802193371986,-0.1816185723337824,-0.18359227090050384,-0.18228954218465981,-0.16043392189782912,-0.1879237831661497,-0.1856225913281498,-0.1649348606156494,-0.10648780537877758,-0.12527855071787744,-0.13285029237223367,-0.04046298578890743,0.0776970679587377,0.022636750950516454,-0.0040149565360865095,0.00663686802850533,-0.0006656740318258181,0.03912763952037115,0.06129347579575491,-0.010105742744099255,-0.17448901093835253,-0.24255779475393102,-0.25391757946994226,-0.19707372999240655,-0.22258123977995556,-0.3149286653222322,-0.40926902160848716,-0.3146532451593495,-0.18787165779703124,-0.13358700992828265,-0.091751165932934,-0.1393397038998594,-0.18294140717998336,-0.22671076520747005,-0.14635031383354383,-0.09070164332181598,-0.08183901064241265,-0.10194841868386892,-0.05062289917897843,0.14468641432777224,0.20578124955282648,0.1924745306122914,0.16396762708790377,0.2176950639622066,0.19813280131593422,-0.050666216706872484,-0.25625847066107277,-0.26055828518288937,-0.1905740626618377,-0.06703590517503469,0.018199908529640717,0.03961280684528468,0.03790471995156913,0.03971592545913776,0.3398719220785573,0.23636847449787307
stat_53,-0.10275338132662737,-0.05968469580174382,-0.02226080463302975,0.004974781580629286,0.08045971383581453,0.17036015598683407,0.2117191257424695,0.20100442036738703,0.20826198981872904,0.1712681145653908,0.12799330238527867,0.12610917910477748,0.07974338361348667,0.08606865184523406,0.08609037360351245,0.07195733506963753,0.04182930517044731,0.010348295681492824,-0.0026647148125926966,-0.04153516148008399,-0.07388516901415301,-0.08880030500045902,-0.07982560346650058,-0.08465780964651418,-0.10303338370221299,-0.15437756650928328,-0.20822850713046331,-0.20979367693012538,-0.16900435551290918,-0.13911824096328718,-0.12444428968618079,-0.13938316309818907,-0.1424314359588356,-0.1421864753595085,-0.1463144708952585,-0.156242545975773,-0.1132093864745241,-0.12433854686813897,-0.1588684744490139,-0.03819503004393991,-0.04533879730730803,-0.15343558176253497,-0.08352143977862307,-0.13376588205416298,-0.14658997705193008,-0.012348965147893414,0.06878919371104601,0.030209345068310977,-0.08845906158178207,-0.14258475361331557,-0.14555986813181243,-0.132208641676056,-0.08664661783554876,-0.2010700805752882,-0.28967526585317466,-0.21805612377580633,-0.15499430794277083,-0.11211040311791523,-0.0882603999925456,-0.07771644950026697,-0.07674203326352792,-0.13813710810115748,-0.04052336849177212,0.03830322102562523,0.044132140887630324,0.026269657985484713,0.0905839693637166,0.19428574642000784,0.21856070206878786,0.2567222593026405,0.285763266807518,0.27682974315274517,0.16029579882305534,-0.049845469556941954,-0.09691756190010627,-0.06667365139190068,-0.09262931048730168,-0.13188627192776634,0.015565128417763707,-0.03798045577354607,0.040089431049871824,0.008471092062845697,0.3266678334727848,0.14130865556614397
stat_54,0.002401532301616639,0.032679989502242726,0.07265567214651902,0.06405649224294135,0.10926142993308692,0.16972260898653732,0.14516552552528866,0.11328603399652903,0.141997236876278,0.13594741610233552,0.12189771293989483,0.11876599406189302,0.04172952230297487,0.009249954374328172,0.00958193367918873,-0.014729094272576213,-0.0055161966251401325,-0.024360156299046025,-0.02528186950958714,-0.01736397164684496,-0.03657526648637926,-0.02722124313480231,-0.02684260540521562,-0.03104555761906032,-0.06470684104791694,-0.10470896006301397,-0.169445034240964,-0.1737687914306838,-0.15732564992279607,-0.14280312438329282,-0.12265390713737272,-0.11191917449306606,-0.11949008890079964,-0.13687232789647627,-0.14237426810210643,-0.13460585530130445,-0.09455689727886994,-0.08852773632142545,-0.10158058788899298,0.03323029596278148,-0.09088381748697676,-0.026888977276882737,-0.09928790481994332,-0.11827945502192307,-0.054741478238983135,-0.022621182179279803,0.014787354970228464,0.0063703709138180275,-0.17157011759769952,-0.21058303404683856,-0.1916859530743329,-0.1884857005368805,-0.13726065064902507,-0.2126315290024182,-0.2850235589780177,-0.20958949256565373,-0.12948868495639337,-0.07479914674104952,-0.05718623333655691,-0.10199164208717337,-0.11930626267665752,-0.1546720895123122,-0.0882194143996826,-0.033423829020198303,-0.07117458601652947,-0.11381153169825269,-0.10804519174820887,0.04389649027905988,0.18177114548857007,0.17417211922448908,0.056387570822918995,0.07153094959678813,0.23883917202414714,0.12576354534621462,-0.0042100020801694865,-0.009332153899900166,0.029573128769333337,0.08204609663099048,-0.00822276445995117,0.08540223362726677,0.038400880376595205,0.021594373577302647,0.2946608665829408,0.20198014614027524
stat_55,0.5092587398344884,0.5760003091158622,0.48589535066320344,0.2583305343063513,0.06426648634880029,-0.0064673564675284245,-0.09112542819451051,-0.14094486365790038,-0.1526522598168759,-0.18212248497526395,-0.2652326441505525,-0.26774057017616465,-0.29531157657551477,-0.24515684316407624,-0.22618701942212055,-0.2706996175047929,-0.2989094062424648,-0.3173973890139331,-0.3106180837621138,-0.288427053874976,-0.2474469314827348,-0.24724715723383697,-0.2596665602549889,-0.25640065145471397,-0.2517875451777191,-0.26192853752622874,-0.2171616066226676,-0.21292266218567357,-0.19490623125297063,-0.16525300256265374,-0.18064577572543544,-0.17944505671580022,-0.1604944470667136,-0.17125043799747602,-0.1682236846492247,-0.1620854407638963,-0.12569511426776905,-0.08007917330364503,-0.11836169527774117,-0.015782105889319817,0.0546345319774616,-0.04422867893750015,-0.10691542075487892,-0.10254911000484068,-0.05235121596870519,-0.022428954820433493,-0.07261025847898171,-0.1351101462321364,-0.21312232091288635,-0.2187979138103269,-0.253250249926386,-0.2575882543724536,-0.17283906088112821,-0.20083118543350825,-0.24797421348158424,-0.26834810546134463,-0.3037312478338921,-0.25557046132683575,-0.294837913246843,-0.39942060445561284,-0.550067943362883,-0.5346058760179616,-0.3989535198554562,-0.26561326644009625,-0.232444841194692,-0.3366543147987031,-0.4467619982973111,-0.4390775840424198,-0.4005586583866383,-0.2752185056473618,-0.224327237181104,-0.3357875694256646,-0.3503051369997469,-0.1949108854370801,0.10936488496914767,0.4955185328728426,0.7158457416716414,0.6371870923945753,0.4037347802957283,0.10249654386697742,0.5065157233950472,0.9299563884208943,0.04256633960476977,0.19618621506761305
stat_56,-0.30879063479019253,-0.22346874336694256,-0.1459627603301025,-0.038002187608838583,0.010478188946733611,-0.012551105075323529,-0.06147655896833096,-0.16864542392881557,-0.22509792452437974,-0.2565547823353525,-0.272525952219032,-0.27091614129476677,-0.3064986266034362,-0.3101427987969823,-0.2577864065322996,-0.285622266552274,-0.27694357434864786,-0.25112316549548086,-0.24642998946044148,-0.22463769837320094,-0.20789460212727162,-0.15037345962502244,-0.21541386170374952,-0.22305396515682233,-0.23155490758186592,-0.2245127944772496,-0.2640364913465365,-0.26394501275098603,-0.25082659846824745,-0.136020152531182,-0.15165730570210215,-0.18229071124637852,-0.22904511385328377,-0.23194426387270126,-0.22506450688161578,-0.2131229511851075,-0.19480632913451112,-0.1490705092178831,-0.1380260284336522,-0.0030182926215705356,0.013734628096881205,-0.04592404528939714,-0.05747723763550477,0.0037508742394348565,-0.04843656895692352,-0.08683289192685098,-0.0829333260509753,-0.08886134372842845,-0.1436891892660674,-0.21901654653713326,-0.23754466685070816,-0.16917075890463612,-0.1290303605879232,-0.2254043342383296,-0.25314012132638547,-0.20934578874584103,-0.19698918084575456,-0.10678431882149857,-0.03710583704960964,-0.11817487396071434,-0.2590441420064839,-0.40566724439957325,-0.42322984168402955,-0.4015109693344973,-0.2774354522514856,-0.1962649136486487,-0.25497435349879705,-0.358373099489497,-0.39583247595614773,-0.30679119870871885,-0.2686510273700991,-0.19745004280408812,-0.06679597015056643,0.01571187785880173,-0.024114587269083644,-0.17644689516679138,-0.32528472335486835,-0.3509302664015277,-0.3071489374197597,-0.24397308235059323,-0.1674506505327368,-0.41558081808608816,0.3456177564486321,0.1925068893492315
stat_57,-0.8643647993057691,-0.8600907933185452,-0.8374867381322751,-0.7900900194347769,-0.698186055520682,-0.5743564126562569,-0.5054158078277826,-0.4563941701610276,-0.43229339782825577,-0.43248043601268926,-0.47765335707837403,-0.4813461530882316,-0.5255926422234385,-0.5264895096203766,-0.5272043039650147,-0.5291599351357631,-0.49814864380537155,-0.5058440501206731,-0.49999275450692665,-0.4261694773672943,-0.3468060010761289,-0.2707045312637745,-0.23618952425561704,-0.2405809346263492,-0.27417536475068116,-0.24868115362893814,-0.3241439820714437,-0.32341683126878545,-0.2847673840400849,-0.2831243750685825,-0.30164001045734057,-0.28891585025545913,-0.3005149041213528,-0.2869946230854747,-0.28591387034502375,-0.23872054292925338,-0.2326805075689309,-0.2669757286381979,-0.25962960676110597,-0.03782742480596564,-0.040632646964480636,-0.009871734823701857,-0.04938045289951113,-0.02408100423310703,-0.06301444612764438,-0.07081256365923945,0.029939030487413514,0.03855221743290467,-0.09624300929588814,-0.16859443705733365,-0.1901402462244456,-0.18242988388613296,-0.17417276718708527,-0.25367387598323354,-0.28787252615188164,-0.21129864535007697,-0.14747999511378854,-0.08810755152984207,-0.07352133696691317,-0.12934659665748516,-0.24310212069918982,-0.38575633214221877,-0.42159472911588686,-0.4480349340294707,-0.4944364053814637,-0.4932586306554578,-0.5476529590416345,-0.43165836009956476,-0.31561385377450757,-0.36936777700811,-0.42411141798642343,-0.4225140672525139,-0.6142601765431588,-0.7603559017285311,-0.8038396220610164,-0.9391063578631454,-0.9857741702375661,-0.8808880487896453,-0.6526821143647397,-0.6636903529510647,-0.5676690296659043,-1.3491737430546153,0.4453813061496617,0.35010185460891924
stat_58,-0.18786233632079014,-0.2829172284009935,-0.27848471424267,-0.17777415577953903,-0.1150611569090545,0.04676666160074527,0.12246415947392637,0.15320354605481906,0.21296034135304281,0.18536276215029185,0.17842127727464202,0.1740614198089665,0.11241923073428763,0.13390408514106023,0.11870800243264429,0.08662578780318297,0.10175578569198226,0.10528415506273245,0.10752878562353185,0.12357071843252765,0.09380909796883341,-0.009995744131279401,-0.03828778616267025,-0.03699567111836551,0.028051494700265946,-0.01852656168391462,-0.061160136610446385,-0.06603287446947198,-0.08602995750303143,0.001194831951051657,0.015261453299418548,-0.050898470641662155,-0.08088764644745841,-0.07186046845156085,-0.06755774632954759,,,,,,,,,,,,,,0.04063371629991725,-0.00038852306356204305,0.048180042281661825,0.13933053505665657,0.10479004163748692,-0.10454960208925362,-0.2600738424898224,-0.16087549138352708,-0.04263906753346219,-0.021182293436824654,0.03893699175630837,0.003472378985182555,0.01793389246496468,0.06912473040501786,0.14288724344860623,0.17967181791519066,0.1925391878768528,0.20730071133327094,0.18148346994361197,0.31817767511269424,0.3889649035489936,0.3221807706902979,0.25460092272022133,0.32687867902204454,0.17531418609138072,-0.1867105872611159,-0.25293457599813396,-0.377046303857738,-0.4175323026556697,-0.2641163805553512,-0.10405909786449388,0.12280480134823726,-0.041008219565658977,-0.1964240551006002,0.36937918584405455,0.2372608431586351
stat_59,-0.8463443608863258,-0.9526810255501693,-0.7731732047022415,-0.5801162953529153,-0.5325777624083318,-0.6127710334418061,-0.6500895901785237,-0.6588206835055416,-0.6721488823108732,-0.6655169042506601,-0.6108416562176399,-0.6105247269839922,-0.5992368023329739,-0.5552688768494037,-0.5461297989071358,-0.5872005701326182,-0.7073073907691055,-0.7875987896207391,-0.7996372199249422,-0.765188891986719,-0.7177995834556634,-0.5962449443115406,-0.546155627159746,-0.5301146950076131,-0.47164867900582585,-0.42408690058315335,-0.3656788753534646,-0.36033072124095034,-0.35916961201289754,-0.38738612089775293,-0.4195797167715309,-0.47176792096979386,-0.5209255571180442,-0.513679463634436,-0.5057553390341402,-0.4789689723949369,-0.47170556712803213,-0.42989581496425266,-0.40193428228065764,-0.01664837470913923,0.01213186435643415,-0.007459332121433021,-0.0472639061949635,-0.1387653519033366,-0.33876310199868825,-0.3565949148072465,-0.3852391581283724,-0.3824973213915854,-0.48910567972120106,-0.6325173708813452,-0.63704982776515,-0.49806891079100196,-0.37371124894958413,-0.3231091141595331,-0.3598106936422029,-0.4231341462988614,-0.44829263497522137,-0.5340445536085385,-0.6734498334410656,-0.9038969508140962,-1.0421349103943895,-1.0159342011369983,-0.8609623427451748,-0.676779961290103,-0.574108287410987,-0.6362461533908629,-0.6978954280140525,-0.6427873505964702,-0.6344564260083302,-0.6599269325040994,-0.7633515768135494,-0.7841721958907176,-0.5121470038088072,-0.4259460222184124,-0.6425319233457971,-0.9810337179357255,-1.1516782633674654,-1.1382337788469432,-0.748565906803528,-0.7072899048557413,-1.0468225329397884,-1.6685453078629748,-0.0946827036658281,-0.2652488781252489
stat_6,-0.6520619655317575,-0.5937964359642564,-0.5984930376998805,-0.6274690392132561,-0.6199896941860429,-0.5489234400755355,-0.5264195509616652,-0.4546140867992206,-0.39915064200964046,-0.2781175760378176,-0.18962591947570995,-0.18028036391412808,-0.146181299054628,-0.17559425732917203,-0.19692099924495365,-0.25159909046613577,-0.29743891262056443,-0.32722036407784827,-0.3338898165995276,-0.26895484700573974,-0.18974405770315075,-0.13466444274471118,-0.1380323514386025,-0.13553590327425172,-0.14626182747533462,-0.1510098308084058,-0.16463019849001373,-0.16598961684832927,-0.19411943665681652,-0.19944504466991628,-0.15465821529858473,-0.15378791958356247,-0.12707657298642003,-0.07086452663020851,-0.06737127739752413,0.03205763347584939,0.05239939271895871,0.040648639605726775,0.07262634690245431,0.2356472085186002,0.1943730617046336,0.13676149922167002,0.09684237712203926,0.21990445582987575,0.2961553599674127,0.30385901769812895,0.23093020497356911,0.09510427867392045,0.01084018214445734,-0.034831865042822006,-0.10335362084056332,-0.12078593388594722,-0.06693582211085614,0.01979971321985173,0.0878214967564426,0.057712951628077054,0.017311554856226225,-0.00877831602532323,0.03926714402840547,0.08476890495867458,0.0146443114115151,-0.10471496237289173,-0.1682920445118634,-0.07982906086416906,0.0487416635107794,0.10305364457102832,0.16525242016780095,0.14140332216034895,0.03976676607619487,-0.07167130003167684,-0.2595021446514396,-0.49139445732354403,-0.540907710155084,-0.40276840366989214,-0.306412037513797,-0.30706355287221404,-0.2786072164810492,-0.2866124276157793,-0.6970756281384004,-0.41821809413156147,-0.19373672990203245,-0.7582808945035827,0.3854414261151131,0.37113482500026035
stat_60,-0.8043358480202992,-0.6826200431185849,-0.6586109684931711,-0.6742601912910464,-0.7114966595122735,-0.6913348054278577,-0.7241556836104082,-0.6876536283960788,-0.6904105511199029,-0.7258988880586281,-0.8308461235624028,-0.8346791248639641,-0.8158333122195237,-0.7815819238127255,-0.7572376006876367,-0.7711716623126761,-0.7838410432968749,-0.7967682775738547,-0.8055113877562544,-0.7712750902109539,-0.6882838532915374,-0.6388721255720308,-0.5827949346025235,-0.5746905468861884,-0.5302293142619381,-0.5203494124767382,-0.48547624275403367,-0.4851693400073141,-0.4310020801256436,-0.3853780991408359,-0.3891060580955436,-0.46380006443836136,-0.4422942605704298,-0.4358315855564332,-0.43300736210083,-0.40484276936067276,-0.4032162432739801,-0.3492952337102661,-0.248308510446649,,0.02860999038649412,-0.08190571937157147,-0.11571278779022827,-0.08811743782891751,-0.15275397885418573,-0.12035317199714465,-0.1877079995974417,-0.2546552504619253,-0.38928719837210196,-0.37789717991391675,-0.37640945424666555,-0.32245346856867535,-0.288497424690389,-0.3502963427731212,-0.45234444056594847,-0.49042331657714744,-0.46240814438207917,-0.4344566567015749,-0.5433954924772465,-0.6811048643587987,-0.7738036911917389,-0.7867116934013473,-0.7418422044816376,-0.6889376833436692,-0.6531620271707551,-0.6784142608835692,-0.7734019401646782,-0.870508229446439,-0.8480859819587753,-0.6086132553646666,-0.5528887531412158,-0.7103438249478524,-0.7784585054350855,-0.7628665603454147,-0.5804232971461367,-0.4908863343193543,-0.5987253163199144,-0.9352450979305074,-0.721693236888332,-0.7917576138068733,-0.7865657398289463,-1.5180362006888548,0.0024965933178936086,0.05469050999746185
stat_61,-0.4281259973814501,-0.4096551803018658,-0.4092237478149927,-0.4874043759113575,-0.44083878462348286,-0.43149137148082173,-0.42913773205656797,-0.5102194521601214,-0.39903568108193027,-0.27510535045936013,-0.2048464333614677,-0.20071135266332518,-0.14729450551042947,-0.14393539897743723,-0.18205895139575753,-0.2419958117536345,-0.2544873839278132,-0.18599522063641583,-0.1681153901887101,-0.12627333761624124,-0.11567904065526996,-0.1394742428285591,-0.09310579395663292,-0.0699944651577535,0.05647632980789906,0.09958706784366426,0.12813415040770698,0.1285646331865383,0.10509148771484565,0.0008185405649203604,-0.1401581455889246,-0.19996090077741058,-0.17554326483375332,-0.13205286087643262,-0.12595108547514874,-0.15588094459586815,-0.1749219177434942,-0.15700698589555417,-0.18496226849494965,0.30938242704367036,0.38065512700011145,0.3603961290230955,0.10321003605668562,-0.23340215619516236,-0.39661631755775656,-0.29997871254834446,-0.3407675367180278,-0.3853109209829916,-0.4345871119555016,-0.6339449170027648,-0.679425447047328,-0.406554443629539,0.015033882432002096,0.2642285540846221,0.24916644947493644,0.17973015350316612,0.043926201130032545,-0.10702535348723051,-0.167079093571308,-0.14904168351147754,-0.13378136809341032,-0.23046605776025791,-0.42306578320397975,-0.5479321371740473,-0.5771474598867429,-0.3963095764157422,-0.28528653452026925,-0.3543848684261702,-0.4145551613827579,-0.4687393134961779,-0.5660097145815356,-0.6195889860243847,-0.5670424684177824,-0.6110241426325382,-0.5714135603891594,-0.5201642558711423,-0.47690444713152685,-0.6118872988549982,-0.4747013102464399,-0.23341072038142205,-0.9028696875763378,-1.3062289679171153,-0.49356577706213944,-0.4857140539736613
stat_62,-0.49518500873488164,-0.49891432653938783,-0.5140943334061513,-0.4690843378522607,-0.46364518218398065,-0.4658018897847961,-0.45531477078258265,-0.4807866725687709,-0.5074361103814743,-0.5235592943974541,-0.4835798939046272,-0.47710756621807937,-0.394363238228684,-0.3395934022937512,-0.2961094465690751,-0.2169914566733326,-0.2048357980127903,-0.21971401214807398,-0.21453382694089204,-0.22338913002402744,-0.2554721142177649,-0.31964357767232504,-0.3475684893782865,-0.34877814238605087,-0.39193285729301774,-0.43331320053824574,-0.4673221188652412,-0.46328741653565003,-0.4415921949684362,-0.4780619083811227,-0.526399675427766,-0.5469971543132087,-0.537384336228336,-0.5361297113017466,-0.5327035665713247,-0.5171128856940266,-0.5160438719806673,-0.4291475132869828,-0.3811479134971551,,0.022297602916968758,-0.1028818713006438,-0.03801397482989149,-0.10952694563638299,-0.29494949086081745,-0.41669745095626554,-0.546928397594708,-0.5861210998291048,-0.5453114985405645,-0.46397156607315,-0.3886036576454403,-0.4413209066501447,-0.501855136445405,-0.5171733111583708,-0.6036775508820187,-0.5694496170258273,-0.4666066677543581,-0.3771613222991888,-0.33966368329216656,-0.26283517145366364,-0.2036204307135206,-0.20362419853383315,-0.15566955378963573,-0.2332182583872002,-0.36747403015174024,-0.41657441897301145,-0.47850483677971867,-0.5619813273614019,-0.7047909905212724,-0.676065724337868,-0.646558631610028,-0.6547142762125688,-0.6514720938401445,-0.6245858063774479,-0.6266097666474651,-0.6337238591832204,-0.5282464671153975,-0.5211330568113938,-0.4704137075086373,-0.4488654819072371,-0.8017183263426492,-1.2643273598500837,-0.3597467922839114,-0.3372614025550754
stat_63,-0.13152358806790207,-0.1626306193213166,-0.18440196987988236,-0.16969504967196514,-0.1897369990262434,-0.20397272486631915,-0.27604262185829,-0.33633477232556236,-0.3435598841475466,-0.3362812168615493,-0.23468588881204724,-0.2266694527946866,-0.15069998863229705,-0.10571196007822067,-0.053212887351676084,0.044621945433176324,0.117070068692077,0.1717560923325013,0.17957178813619404,0.15386458235677972,0.11551761849735452,0.20293964299459913,0.2065816527449288,0.20833971291050202,0.22827376197310545,0.152066030873395,0.07783716997048197,0.07468700969033587,0.021776094403043806,-0.026582294531797605,-0.06564127411289933,-0.1232353873648698,-0.1386195176014341,-0.15820579490102196,-0.16525044451208812,-0.18203143734912142,-0.1721365336979063,-0.16214874319207456,-0.14497945749426647,-0.066716905355637,-0.03298410195404124,-0.0814135428397576,-0.11959225340061694,-0.14839933730975916,-0.23252154651619378,-0.24271824676136655,-0.24986675101160077,-0.19628201048106672,-0.15707717853231065,-0.13869930554071924,-0.08387411829745481,-0.11902865302597021,-0.14035316067217657,-0.09110050997173853,0.009098487862215347,0.12006114080391576,0.12868666197362086,0.1338386989587803,0.13661377153563073,0.0924179214730467,0.13911650330560624,0.13834642927190438,0.031214016339114706,-0.06695700763638254,-0.08342143623489393,-0.11126312828809504,-0.17175023384267052,-0.3163264915883388,-0.49519564202642996,-0.5237449429617781,-0.4475264994339905,-0.33158225735421265,-0.23268251521528482,-0.1461738817455312,-0.2241050857037235,-0.31249199513898557,-0.22813884821848285,-0.10834698224102587,-0.09873734522825849,-0.15708139730857493,-0.30271418471884826,-0.47067940015171994,-0.15270791708229595,-0.1659306592410102
stat_64,-0.7251965907509308,-0.6739766414528193,-0.6259260469130619,-0.5712434004120506,-0.5246559179761124,-0.5857476063740698,-0.623931775481255,-0.7228604274814379,-0.8338739725050469,-0.8534921905982943,-0.8349121542532724,-0.8320836024489776,-0.761823234828388,-0.7022556159396686,-0.617247932568941,-0.47749213329294693,-0.38652801001175097,-0.34948617130135434,-0.3336460248680088,-0.32050243537990497,-0.3500584939160273,-0.3638830522402614,-0.3676599042963827,-0.36972429792686534,-0.3873237254422561,-0.4066829672981533,-0.3780071237725221,-0.3780749130112883,-0.3652153331195057,-0.36463833797969264,-0.33181085081919265,-0.31221028861007244,-0.2958798691588797,-0.297099634478162,-0.30232527181189117,-0.2856166364159853,-0.27355270036396717,-0.23997473866782934,-0.24775981671318914,-0.10802205302140441,-0.13129660125136902,-0.16411824298726405,-0.11440536340348083,-0.19716637781883725,-0.22662296960709466,-0.23597773847878115,-0.29759407127162485,-0.3073143125961891,-0.2587280478551615,-0.22276651929854277,-0.18315070638631908,-0.20497422814442617,-0.3064518529632179,-0.35552559514006615,-0.32470377993347027,-0.2413828990459645,-0.2694884993070071,-0.33175449185244227,-0.239551326893683,-0.18594471267245707,-0.16490653380040948,-0.10382849525825065,-0.07178251212169896,-0.2693894585696765,-0.5707828702936174,-0.6465283749094218,-0.7242612294434682,-0.8026396551421402,-0.7741866572054001,-0.7423762791002801,-0.6975173690484243,-0.6596153294425982,-0.6163559570621715,-0.5297340160302855,-0.5775786864113832,-0.6647996526926758,-0.7474657181390059,-0.8858637876494938,-0.767156673257829,-0.6505916341717429,-0.8442673539795863,-1.652561924470467,-0.1636116240425887,0.04369655614231628
stat_65,-0.4269729248752045,-0.44908250038283104,-0.4859096859328677,-0.4808643591675731,-0.44247628710847314,-0.4389002019786789,-0.38172241521172134,-0.31588852034446835,-0.2774890313599682,-0.28936483265560503,-0.34291381969070833,-0.3474483771563214,-0.3866206901888827,-0.3775926535417105,-0.35473064177056357,-0.33548150708237573,-0.2894983333101318,-0.2778118670634818,-0.2657958788428853,-0.30542619751497263,-0.3560786363470521,-0.3303123058173312,-0.32176497793941133,-0.31778503211580755,-0.33936949917575804,-0.35258216175744916,-0.3591099636498853,-0.3589679337213434,-0.34985591328901594,-0.3630059066763111,-0.37915795694722276,-0.36972306168196756,-0.3577300632994383,-0.3318008712122811,-0.3333541711056081,-0.31168167929025603,-0.2827227563942815,-0.26720148902386703,-0.27105852433397487,-0.07658813835100231,-0.037454779285618064,-0.0507579156683264,-0.11123571318877697,-0.19182983976028387,-0.29593996530980293,-0.2990921635606825,-0.35040755661378115,-0.39214961454755487,-0.4179901105263398,-0.41756180873215987,-0.4095872994060804,-0.39042267818818344,-0.3112828961957878,-0.18347332177885775,-0.1676024100279197,-0.25957704109182483,-0.33552629994661004,-0.3643394379696789,-0.4111843917865222,-0.40874809216071284,-0.28924711149556753,-0.1779082716939345,-0.3020029503363815,-0.4181346189456682,-0.5460945624573702,-0.5625260107825405,-0.4600540405310592,-0.4007975360229469,-0.35879102426047055,-0.24684490636910658,-0.2899675086411727,-0.4726450447226515,-0.5780014182122758,-0.5462067831853682,-0.5884568629675002,-0.5536328304681046,-0.4561323402699553,-0.3924282099353781,-0.3262178731345753,-0.3584094042841523,-0.5946277702702318,-0.9377450836038534,-0.14280688385817816,-0.15583950719884399
stat_66,-0.39634837185303556,-0.32873721212944296,-0.3293372563541019,-0.2526678453720904,-0.2485905792375766,-0.2979951749745884,-0.3861829639457127,-0.37699561468268594,-0.38700009663602775,-0.3912061775413253,-0.38916014551572015,-0.3856174722704853,-0.3661140623721044,-0.3907270920957404,-0.46315343925322267,-0.5436623682073226,-0.5796399050109575,-0.5534714860203737,-0.5441470853159968,-0.5763319631711631,-0.6677486076872483,-0.7953767904332149,-0.8388227360445323,-0.8399384809778225,-0.8877456472362956,-0.9019269841332197,-0.8447754518127624,-0.8418620355059834,-0.7958744051281494,-0.7386617966005914,-0.6740995890176662,-0.6326226908069847,-0.5948558860481299,-0.5548273745231753,-0.5519596963262086,-0.5265890122135632,-0.48340499474804743,-0.43030129879040474,-0.3993156652891284,0.0012650865439645179,0.1248016019397036,0.06635689091438515,0.014793181905322538,-0.07494446093724463,-0.16948988259376424,-0.19477057654670354,-0.2638138335955591,-0.29018016423703435,-0.3127021902223246,-0.3695018923631299,-0.4322737614993417,-0.5374628392912326,-0.6674984653317577,-0.7414641496686757,-0.8946411525193283,-1.0917426184450063,-1.1832988726815152,-1.1082749479703207,-0.9935707470210047,-0.8503894219072031,-0.5852609032778755,-0.5452234397402507,-0.6890470080503824,-0.7030839110563313,-0.6339612523589436,-0.5509348621389151,-0.4922497611416437,-0.5656171564058514,-0.6343783614345108,-0.5027550710423756,-0.5645461409419419,-0.7534831701469101,-0.632052708380861,-0.3158502424556836,-0.35707422448071374,-0.4739911840788046,-0.4826801531083053,-0.6937125824707506,-0.29567650305224785,-0.3368728758950416,-1.0096233225394646,-1.2643649144073175,-0.7415188679265253,-0.5934808595744986
stat_67,-0.6487447105249096,-0.6739000784017678,-0.6998692378806859,-0.5846983701079616,-0.5118466484009961,-0.4655374942512868,-0.46024096960102706,-0.4493473471328643,-0.5129166228830269,-0.54195840601837,-0.5777955064973925,-0.5786502482440893,-0.5965175936809247,-0.6047651460145193,-0.564815987754418,-0.5327653422125225,-0.4737784486290136,-0.43220079089381996,-0.41521792519790734,-0.3903930430056496,-0.42031430729036623,-0.5149224960738924,-0.5402027309131534,-0.5371759782706833,-0.5693457793000142,-0.5948324251027876,-0.5483263907484827,-0.5434311504092287,-0.49099370944494686,-0.47441067299490736,-0.3838135435853239,-0.2717060025875458,-0.26096238446856973,-0.30633781318966186,-0.30242067105138487,-0.2752049331767141,-0.21375662029734938,-0.19847922049445296,-0.2231058456369055,-0.11225900564679538,-0.10867718730170166,-0.16663220787587207,-0.18600529044977002,-0.1438579078550526,-0.14354910519687114,-0.14585066446277095,-0.1928390137620688,-0.20350190373346408,-0.17016522987666668,-0.07484340257418874,3.294321541539862e-05,-0.15855548350720086,-0.39921188094362187,-0.47909845564022435,-0.5358994188106848,-0.5905696641028964,-0.5584026397490914,-0.5076747531959082,-0.462320066985082,-0.35791347449811295,-0.2368430991465065,-0.2993201618554499,-0.4623490501405654,-0.5347238210341393,-0.5765086896603634,-0.6433170721970404,-0.6808419152720122,-0.6782948969135576,-0.49644450557547465,-0.43277732784640993,-0.5129506782074952,-0.60926041145051,-0.6513218784741509,-0.6642916774402854,-0.7135681734202685,-0.8403735603696885,-0.7708786344390052,-0.7105588355796683,-0.5080868514434845,-0.5519348397086012,-0.9088554666597307,-1.4835889770834056,-0.30712648125184494,-0.1335466463986171
stat_68,0.3156747931424224,0.2814188660910306,0.3069098772392026,0.31449025554488796,0.2589125424030113,0.17828375827344703,0.04994791132491194,-0.038376279491011286,-0.16964657733772387,-0.3033905452730493,-0.37989560688059454,-0.3815961656160651,-0.39333297949125257,-0.4022538363977234,-0.37740824128686534,-0.3251778175204012,-0.2767085601818039,-0.2619137189492275,-0.2537982762718593,-0.21336667146998356,-0.2556952359242218,-0.33788907405454,-0.37696794788680654,-0.38162789785498735,-0.4300173962490651,-0.47589590868079373,-0.4119029213251853,-0.40727272426975264,-0.38488956202914276,-0.2621502072157936,-0.16976280634369736,-0.06760066928111816,-0.046468251759743645,-0.033046891751525566,-0.03304975278017779,-0.006278266494866808,-0.0065358787343084805,-0.059685705188562005,-0.0810894808148922,-0.06653211724371448,-0.11789621736958247,-0.19152813055636786,-0.1964817654728349,-0.05879945834897402,-0.04837316305319312,-0.05053208431102478,-0.0675679517045986,-0.0348307916270109,-0.037324651482866934,-0.058973052784760636,-0.03862178674905459,-0.12803575900047895,-0.2636820241573031,-0.4197696538977234,-0.47381043302018894,-0.5018540311796912,-0.44347345477128564,-0.40360244186457184,-0.3358657922096785,-0.1915699492460173,-0.050852306364177514,-0.1214456949327155,-0.31506532988092145,-0.4317737824255899,-0.5292847460678833,-0.5644011776510547,-0.5580692058439,-0.5468643629960543,-0.30192986923871606,-0.10582280348707174,-0.10016357009198525,-0.08720211576383867,0.044312953022842876,0.19220735227354596,0.3001911927784077,0.3472590152587373,0.2946599536352121,0.3407347095505826,0.13176994115818896,-0.06066630338443163,-0.1512217640262879,0.027221785950521524,-0.3173765420663014,-0.1982082894112448
stat_69,-1.067295567769089,-1.0606057331877115,-1.0517173167913265,-0.9288093105367685,-0.851353318602842,-0.836972188504797,-0.8210842068527132,-0.8111195369264409,-0.842218748613424,-0.8696818972459198,-0.881398135056206,-0.8846371073844206,-0.9030491799111048,-0.8843385176686139,-0.8086111237910004,-0.7819099019122154,-0.7701396604757835,-0.7317095248892368,-0.7320912356421087,-0.7192224689672038,-0.7032839214306478,-0.7623152546213344,-0.7481083105975855,-0.7437038450588466,-0.784841888695245,-0.8103113011448679,-0.7621365140436176,-0.7580110389231584,-0.7189340886591811,-0.6897633227556998,-0.6526965301890532,-0.6066219706831691,-0.5932961544370514,-0.5564920791218105,-0.5522970083647688,-0.5222381578483685,-0.4880619427432574,-0.4437548040643031,-0.44041371115106187,-0.08230147235877888,-0.18893394532729973,-0.21162245777734562,-0.1974051020050978,-0.1846536181641794,-0.38851551863709727,-0.35779106185064186,-0.37349579000080346,-0.39857853166432483,-0.4428153608162198,-0.39943345320447876,-0.37395417000065245,-0.4793938962637013,-0.6105921378623766,-0.6562814778744362,-0.6822832493859524,-0.7677535963111836,-0.7606956409234962,-0.6711615890650906,-0.6681205307640968,-0.661141005310416,-0.6079198041291922,-0.6060006578808363,-0.7086280972144603,-0.7286263095364152,-0.7210466071123559,-0.8669608314349891,-0.9744718955225069,-0.8876052746426307,-0.8338297394691723,-0.8281017217048432,-0.8902682550665901,-0.9495888086305364,-0.947190316400455,-0.9315623264002111,-1.0511562993389605,-1.1563409542485086,-1.140135651761212,-1.251877707674523,-0.9305472676156477,-0.8681838411044209,-1.315490820765401,-2.319203864314185,-0.1526750578926812,0.006946753004106149
stat_7,0.7603787534914891,0.808534236237402,0.8620749874987813,0.8807992569452044,0.8899449864620582,0.922779627962412,0.9267525902350366,0.8964255555852066,0.8650359803476977,0.7602148376203219,0.7873699308553641,0.7910066950469185,0.839481915772851,0.9123553808557087,0.9534332237447863,0.8077639594306685,0.7721368119525266,0.7440905957260362,0.7291459707935117,0.5946071432051974,0.47707961602975596,0.4726467364316699,0.43898436459289975,0.4412885553586108,0.4980814637784768,0.5750100527038379,0.6079852923343491,0.6165399758975606,0.7397783932705189,0.7560111505064697,0.8238490362398437,0.7919890591087317,0.6597024987998433,0.559299541695331,0.5431655824857762,0.37710409843162895,0.16707825707022494,0.04451239024283059,-0.05135387757843213,,-0.4932294505017644,-0.6624648758822277,-0.577080903902862,-0.5537699894986149,-0.5351249749748981,-0.4331312896924975,-0.2331903317669625,0.06312349087625202,0.3887562731691373,0.5918339042136675,0.808123570815014,0.7999541571198844,0.6796093873803446,0.6661615505208813,0.5673051883792984,0.4349228263637793,0.29890075261562876,0.1624657591997196,0.1423683240963859,0.2449137912523581,0.3905141645172461,0.6147922068651491,0.6863640962038497,0.7071991141690185,0.8172914726346057,0.7779689998546224,0.6693179125764066,0.5305682030230577,0.5822178187801348,0.8125594279399412,0.9250189244185961,0.958193826029931,1.0010742978984615,0.8653789206268326,0.8479876110051973,0.8804849927239684,0.8462756330258588,0.7823053401775072,0.7779515076204842,0.6812914969018757,0.4370662743336276,1.4091154042524985,-0.5564034254780961,-0.8299648057400058
stat_70,-0.6516633750892615,-0.7181749432900262,-0.8024214783509972,-0.8833137471402989,-0.9618014159540599,-1.0456201616610852,-1.0991686579808329,-1.0963159180482351,-1.043817731550766,-0.9513766927905811,-0.8647797572406306,-0.8615681528451169,-0.7905737272169133,-0.7042528744633906,-0.6385520003323613,-0.5868935262783459,-0.5351104653686902,-0.5153231098418695,-0.506511365926392,-0.46617233348538256,-0.42229764714395457,-0.38932893896447246,-0.3537076584082009,-0.34571877141111357,-0.32035205983181164,-0.3113088987488221,-0.3134805894029808,-0.31444940357932105,-0.33757446428024496,-0.36519263652199085,-0.37086756693632666,-0.3755055964662838,-0.36173536133305584,-0.3564052441584932,-0.3533116407234046,-0.33272699384088983,-0.305918423744529,-0.29102713322853807,-0.28405039188790315,0.033977593280630464,0.01297308682865379,-0.058288109405315494,-0.11097494936611532,-0.2153175173705313,-0.2386098793677981,-0.21685154986082106,-0.2587911964069495,-0.3137125504027705,-0.3616624980314189,-0.39134989429938455,-0.40801290166688203,-0.3901944934735689,-0.3080606199462744,-0.23824048436532688,-0.19023707916010232,-0.16763690891955646,-0.1385448245963518,-0.1781002751921894,-0.18546428948089694,-0.16140082856039753,-0.20960251010824243,-0.261681889228025,-0.3645485549222551,-0.438707442660444,-0.4779582957509444,-0.6200344449891568,-0.7977813524374651,-0.9166202355295636,-1.050836816995185,-1.1864104743088852,-1.3238079263540201,-1.4323369317772463,-1.3759374459235103,-1.2225347269315177,-1.1605474628875097,-1.0778014623553496,-0.9704998094041183,-0.8737285091329412,-0.5432123455095276,-0.5175503498521515,-1.189231664485208,-1.8741595889084506,-0.639485542335884,-0.3895175671595216
stat_71,0.15255942116364937,0.21773468430044,0.3006563430409419,0.3806526271584173,0.460443889342955,0.5119888855646614,0.551689617946414,0.6541763930031783,0.7304249130488598,0.7315219194770174,0.6911194990422458,0.6903950784214874,0.6652641233306225,0.5977681411857733,0.5261538365675149,0.4616173611373968,0.43790025665839205,0.4227424347869024,0.42700661438693055,0.4685550299349716,0.47376983789740934,0.44165791732346615,0.38895034776996357,0.38418285050848605,0.3199151314690804,0.24571303427622043,0.23357344317732823,0.23381189535331295,0.12011594132002201,0.09969557763716273,0.07496443230597681,0.16128560407533463,0.1677687434564524,0.10158992014673529,0.09840149900143272,0.034713501111556175,-0.03196085714073125,-0.0337149742267831,0.009177837636058936,-0.08284217088438667,-0.10235354715884963,-0.21585835683969617,-0.2881222943743083,-0.2091244163566926,-0.1655313988862058,-0.2006093795895991,-0.1759500095847109,-0.10193554283278902,-0.009587153506291286,0.08292215532749922,0.057529621404420285,-0.05174464651799302,-0.117798886382843,-0.12263345245584696,0.04340599397393981,0.18231273828491484,0.21634302276725206,0.2629331436355711,0.42117349083153877,0.5252655561025037,0.5378824526067093,0.47625431901041937,0.41935281802716856,0.41618093682791213,0.5065635044032346,0.6227230149669966,0.7125210286564143,0.7996937312100529,0.914733790065991,0.9177805818932518,0.6768486908674222,0.4976425967507976,0.4848752909654005,0.4501485637645029,0.31814072268292615,0.2315659738437072,0.06095772706575603,-0.05136853457152994,0.3163833323748551,0.33035183446561556,0.5223797878737675,0.935963526085184,-0.012442731480775342,0.025614437201950127
stat_72,-0.30829494432160853,-0.2938472725026471,-0.24047206768294935,-0.19999555029615174,-0.15533631364715061,-0.12320577143026168,-0.09796308528609908,-0.07203396654603778,-0.10257871474661925,-0.17274774591608766,-0.21857629971986783,-0.22376267211088846,-0.26396853934622816,-0.27095497962656745,-0.23155357699029272,-0.19990163929971186,-0.178304455427034,-0.16843075314044384,-0.16271177991287294,-0.15345531935578263,-0.13956723325117384,-0.09855351122824803,-0.07067607220700624,-0.05806027953632215,-0.0006832429609227577,0.015672130053143635,0.05505266730847131,0.05655834088642927,0.0628551892424298,0.05653510829992431,0.053737092494685376,0.06495472220028638,0.06296356216130576,0.07080421286897529,0.06818427499435031,0.056667815374027646,0.06585262457216157,0.09277899350236893,0.11596291133328022,-0.1325240006639857,-0.07184389784243937,-0.05295569865477535,0.02023038198998694,0.06335724506003952,0.03979695382572942,0.045559293793673405,0.017487940399492155,-0.021817335838598583,-0.03714804086439165,-0.029339095038674354,0.011698853492191175,0.046515149044657124,0.06775729551787973,0.0797833406261187,0.049768591565747144,0.009203137474945096,-0.0304782008153742,-0.12648565694090932,-0.23604189387649444,-0.2514339514364599,-0.22173283531077054,-0.24315171605710306,-0.2471677000639904,-0.2449940711126726,-0.2504836209165435,-0.2405581265175209,-0.24519418902392728,-0.18521737607934136,-0.09573730570612236,-0.04376600992294963,-0.08875895906771147,-0.13577755723306406,-0.15585682400814543,-0.17536726223972998,-0.27527851338139814,-0.3553665510327514,-0.3835269111257955,-0.38283260479640296,-0.23030543784522842,-0.2293260325882686,0.010786714457081622,-0.26814195023522747,0.18724508997132977,0.3826040666375825
stat_73,-0.42376177011380384,-0.4523779974069422,-0.5067169671696278,-0.5690842312948987,-0.6001770370016712,-0.5392463062788956,-0.5051637073987476,-0.5192849759845514,-0.497218439125134,-0.45159564102629224,-0.4300085401194879,-0.4314419774629,-0.5025833363463376,-0.47240125600316324,-0.41697036758620365,-0.3991927030189795,-0.43457321489533085,-0.4692699054895659,-0.4672376763648642,-0.45884200739939374,-0.46504339656524935,-0.46976579860997647,-0.4616971743942481,-0.4610242775037553,-0.46026523023589266,-0.4688810143277948,-0.4644796811985683,-0.46374081454584004,-0.4417702072933723,-0.3812475982596322,-0.306776182003149,-0.2511312097826177,-0.22375560355520813,-0.22678372266906038,-0.23057859619734572,-0.24382620189357576,-0.24027436673284933,-0.22356706502633378,-0.18347397191720907,-0.07588725684522153,-0.037291779616762395,-0.03673409037295465,-0.11129519122893713,-0.1390675257857511,-0.12428157785878052,-0.05875540833050633,-0.02090411337380069,-0.03405089141046404,-0.07213507549299568,-0.12147024058758535,-0.12624548772890062,-0.10597431903937658,-0.12740584911890168,-0.17570328609950825,-0.35565350663659806,-0.571910482248279,-0.6617035692944495,-0.6787534422931151,-0.6242255994821498,-0.5281388292605398,-0.5148402614994303,-0.6179639605906492,-0.5180602246420742,-0.3668999208524075,-0.3959370653248822,-0.4764682882913089,-0.5258607380591116,-0.40628194991147465,-0.31147097232843934,-0.3066120815995996,-0.35774759906795645,-0.4669122003034509,-0.5695877224516346,-0.7145082488081302,-0.7329626959911117,-0.5392661959750673,-0.3853629874643462,-0.4019545019336938,-0.47217150496243354,-0.443821173728442,-0.30046993256012344,-1.1379677262423915,0.33745611889345417,0.7770909139994533
stat_74,-0.47018647697109184,-0.42116824234325234,-0.4270571834967459,-0.4137024891103118,-0.356460598096859,-0.3046337925849628,-0.2538087441049358,-0.19674423853990802,-0.13548351636481976,-0.0799350509719296,0.0191866986426611,0.02315071519478219,-0.0038021406825543384,-0.018579229591220794,0.05287941882157456,0.08375312065950401,0.10227987892318208,0.11287459047320272,0.12724587562488401,0.19436223021711577,0.24276395781040078,0.17786855703201532,0.11592321727590042,0.11596782616260555,0.06118239163663027,-0.04901586025591233,-0.07925740951163182,-0.07915097625270315,-0.07796250880200446,-0.08674844946817431,-0.08178743474123068,-0.0456647493696135,-0.03497982409177579,-0.01654339139649006,-0.015053854031741802,0.014325812603269207,0.04524902497271458,0.07199490299213028,0.05804288896136721,-0.0894870957839211,-0.011741703270464228,-0.06195077985587396,-0.04453317041213973,0.038316834599465846,0.0216929302439883,0.018323930438411292,-0.03111179811908929,-0.09129439730628265,-0.09685548755788016,-0.12740892693626893,-0.14210257935235152,-0.16068873887997107,-0.22656103157655605,-0.25058217454189724,-0.23379948481925952,-0.18468177905923935,-0.026966168358991398,0.1985806191156081,0.2863683184536041,0.22111821906069792,0.19168544498492002,0.17633771215888092,0.15262242262713932,0.08196494698691587,-0.027624170269526575,-0.08345955962043182,-0.015082206187450986,0.09125915233324641,0.05047916407573555,-0.08709361990359293,-0.26313743595620886,-0.37612755793031183,-0.4125545759024193,-0.485059439423196,-0.5915781596026342,-0.5527394985539588,-0.49874498575089315,-0.6970907910139407,-0.3701269891717671,-0.18958560995257503,-0.4815487372280436,-0.8270795495922826,-0.06721941217353283,0.014131361614416802
stat_75,0.3473940545811522,0.4076583037942187,0.387183436236868,0.4121319459384693,0.42152209735206647,0.39335363803632856,0.336045209895361,0.30802019878087394,0.27356833481039317,0.2751656963321412,0.36477098483198117,0.3730682293983296,0.42147859489282335,0.42343945887964946,0.370244515945941,0.3200271206924092,0.2803558499802377,0.21045174711849327,0.19870986449200415,0.16917495989282216,0.13620083799361465,0.0865480613024066,0.035016475902510995,0.02923291941297413,-0.014948559475829324,0.05032303503130942,0.05842234457118098,0.0558875987296974,0.02330956737400077,-0.011566929604190522,-0.05218812806721659,-0.08662527958926151,-0.1077978396299791,-0.09286896235230824,-0.09299536311897798,-0.07480172638977477,-0.10568925069683031,-0.10342120652102321,-0.05647572671183139,,,,,,-0.10586708109573416,-0.17273551468169326,-0.1351741751060892,-0.13775584886247536,-0.19895623409190008,-0.2115258841452558,-0.20072902445915805,-0.1537099816129051,-0.0814576570789188,-0.01989752817738977,-0.004596724004624602,-0.06385618656843658,-0.1276457128199136,-0.07751547690402724,-0.02693300398943989,-0.04469864617639753,-0.11117536719671223,0.012432497682186983,0.22346238085505366,0.3156763540500752,0.36029056491716605,0.4529801312769643,0.48468945625189164,0.4737350320636253,0.2997884251470662,0.17227126745871216,0.27742972064680077,0.46597991497276164,0.4987717208310741,0.493468926499053,0.41982359697107113,0.45475102667323963,0.4702835603569134,0.27984709842259575,0.27144748428404736,0.24676543555096497,0.33474958801364496,0.6976173914365452,0.19654019675022313,0.06009352929864364
stat_76,-0.5952994791229093,-0.5653693527497611,-0.6180982665618956,-0.5518849891432319,-0.47759760749601066,-0.46108466061714,-0.5451406015972228,-0.5869934733901128,-0.5916856444756322,-0.6002229487327576,-0.5583997128135856,-0.5561965713913803,-0.519105691985215,-0.5036002552511936,-0.40565299324668663,-0.3626806488105921,-0.34617621468441784,-0.3565873475930344,-0.35077902558799345,-0.3389259672262472,-0.32287312304974963,-0.2780173342435186,-0.22850743889855696,-0.2185992947835584,-0.15142191569907382,-0.1423882332300349,-0.16006056011455094,-0.16271094706279896,-0.1799488962022257,-0.21332087217854104,-0.2229484163517452,-0.2216652179112311,-0.21828784108391672,-0.21663269493264078,-0.21910403984185117,-0.20046504388060632,-0.169064244809316,-0.12397973449973056,-0.10064080100225732,0.039512127823459454,-0.012018018750538048,0.013265572434370022,0.025241695800189205,-0.015796444946251983,-0.18315624112159423,-0.27527162929373983,-0.3600947127417738,-0.34821219090281524,-0.19413672573582044,-0.13700596560793898,-0.17473632350869675,-0.24727886066474827,-0.274263014091916,-0.2070593090805099,-0.09546028726245599,-0.07899327523932295,-0.101918232820249,-0.13298367748752102,-0.19313777798883183,-0.2262073155487432,-0.24953614836574792,-0.30679671771623485,-0.2749873060670244,-0.18655994300451081,-0.2931859984685188,-0.4126299081755071,-0.5432517761868714,-0.6168993747684012,-0.6422130962119449,-0.6446429912946906,-0.5250030088094182,-0.41697567356342063,-0.4127630123303836,-0.44525165598532024,-0.6090281868193207,-0.6956209166806228,-0.6408526314994921,-0.5882889868385404,-0.5801066115073304,-0.4685210054222431,-0.538390629224774,-1.1156418680057354,0.14818025900707024,0.22346299338551692
stat_77,1.2406159833685666,1.1528752240572895,1.066488436861528,1.0503665688098558,1.0771006493378634,1.0706978493417747,1.0229466028324996,1.0163920215754418,1.0213350666444656,0.9528178292257051,0.9338070821516825,0.9323336573990412,0.9352811620517463,0.93630263971999,0.8876459031440268,0.8123419158364944,0.7241242431598022,0.6833761933643148,0.6814905806464695,0.671892442353742,0.6476059454495257,0.635902795302875,0.610331477283544,0.6116299236333269,0.5984120996746304,0.5991590418532581,0.5946781943590878,0.5960373043302175,0.6162949917488311,0.5575544358000862,0.4892295681668533,0.42072677494666694,0.37467524411182085,0.36389142469782737,0.3629157695160101,0.318259642216505,0.3200813794075395,0.33718308399577024,0.3622423253270996,0.05638153543573439,0.07325249681479165,-0.09925632805264188,-0.0626055422255019,-0.06211619046376446,-0.04172917796377963,-0.049689970893612885,-0.030097582672213942,0.044702130193214284,0.12686845544689654,0.17816543517773464,0.17998096289258708,0.24835818943106244,0.3950760519701476,0.4414228115164082,0.4543739530509836,0.47932433699604143,0.4331163833110321,0.3936559931857206,0.4325940178603275,0.38643995665502,0.28600335038103714,0.1779064814191461,0.15214027048932638,0.3903360315080271,0.5379250073376001,0.6335767617384703,0.7237747153320019,0.7400274646025412,0.7589539838893702,0.8612290563961422,0.8752646971980811,0.8639393675595977,0.9718497154811504,1.032464821877539,1.0307360440380329,1.065031039787566,1.134018985667438,1.209998088882,1.0905035064793533,0.9992388466856273,0.8841254204163222,2.0359190387441957,-0.3144569119577892,-0.3986113513197534
stat_78,-0.351231247330729,-0.34711252246478425,-0.45903313600324486,-0.4135457524449801,-0.348253545671231,-0.3101605733232047,-0.39982600214296715,-0.4374232457309383,-0.5003968445323359,-0.4945040702495213,-0.45992031629276525,-0.4603455419658156,-0.4174866409383796,-0.4266372521080534,-0.47787093244496937,-0.5174981225888257,-0.5518750700617863,-0.5227957017507828,-0.5048668009296216,-0.4481258137257094,-0.42873917928931415,-0.4326315167045279,-0.38910312494717336,-0.3808171127263054,-0.37860875364908575,-0.3628063152703737,-0.35452928702749076,-0.35480918736339634,-0.37641346633121114,-0.3867019564545129,-0.3947888601886939,-0.3595535156970737,-0.36715417355219254,-0.371621309960435,-0.3708762725009621,-0.38055386849545275,-0.39073205862547217,-0.36845124699987164,-0.3747168928872842,-0.11034942623030246,-0.060933028544301895,-0.07654465890263186,-0.1101580689953336,-0.20221160624735393,-0.38486182593109686,-0.4200446577312162,-0.4241971533866716,-0.3037720944594999,-0.21602431069593211,-0.21247906612184767,-0.23841659954514982,-0.24275521017509077,-0.20321646083698156,-0.20223699251741645,-0.31736517123240193,-0.44011366550996556,-0.4142094629108949,-0.31273964414012134,-0.2212920190349336,-0.17047986789482336,-0.2387823060488518,-0.36064593388676613,-0.34146928237065055,-0.3335751409939311,-0.2847773302086999,-0.22097726812484197,-0.34298678116563874,-0.5409282408185837,-0.5268915313334875,-0.4478962321431675,-0.3829089290306996,-0.31946402244439304,-0.3785137951200988,-0.4837685298821101,-0.5907276202456512,-0.45927973144491063,-0.215088226590219,-0.3238623645748474,-0.6496817913659019,-0.5921276216477125,-0.26078523306569334,-0.932204560420326,0.3777332659415423,0.6246514203019644
stat_79,0.3297663242496661,0.30387417829336055,0.29039094265838994,0.3713573650638723,0.37844696498455566,0.312028481643599,0.16633998257659674,0.07054347902371358,0.026490310341297927,0.11294790654928025,0.09356699333084598,0.0885754147158457,0.06384639752288666,0.00698923905800239,0.03664366397692948,-0.04767983848531376,-0.1564360293502129,-0.18421071984076925,-0.19491255353171474,-0.20784741439313667,-0.19405720809584887,-0.07697269146105866,-0.006716772975370389,-0.014945274894767987,-0.005513848667612275,0.03235613225305327,0.003699104172115085,0.0032309592992747632,0.04156221630199052,0.07893721796119005,0.0604978298204761,0.0574416992020321,0.009739328001023425,-0.06150742476783544,-0.07000440346595628,-0.056458200105069356,-0.007156353309803956,0.019327016427482965,0.02909480572214216,,,,0.19851765165031668,0.011485096479857168,0.048782123409199074,0.00929384476356198,-0.100368536281204,-0.18519116818687428,-0.14969465084017478,0.08346221462459151,0.15723427629141395,0.11310586176642243,0.11297369613303973,0.05114069962484348,-0.0723406720108314,0.009895432312865927,0.08707730324403257,0.07962973405585116,-0.09763253296649341,-0.2374003900238365,-0.26219583757326836,-0.3199096752393207,-0.2489012692544013,-0.026129618319639846,0.033247638933349574,-0.043475478608012236,0.11008125994278564,0.24892047150479849,0.1511236338977317,-0.10701036355413034,-0.060413697673448265,0.13929844283038073,0.44293146609323303,0.6129034769793984,0.44323106473950846,0.25717678384692927,0.3572461783063756,0.5557587385824002,0.10053251335776986,0.11011918200591357,0.004592991258588076,0.23833969847317918,-0.19659646655755217,-0.26807239953273304
stat_8,0.10498323547600134,0.12601616664718931,0.17119354904095713,0.24740539158810826,0.2460974111810614,0.21585215658917262,0.20421806529380263,0.21321424274104067,0.26447002156086213,0.26585844447576606,0.27651590330512865,0.2778472619027267,0.24242010563851635,0.16364941467180794,0.11396603301744947,0.06639168244347358,0.03237134243280257,0.01264052110587438,0.0030141781962081415,-0.04946194351784286,-0.03362125653515042,-0.01633854711655365,0.06604767894462052,0.08450486827784134,0.19449316887651133,0.29019698473113814,0.3611593617008041,0.36474399372136673,0.44679396864352167,0.47520212056448896,0.5190077412142157,0.5209498326221352,0.5021068973989316,0.5018210764578049,0.502264180903982,0.49316922997073553,0.46645555269903755,0.4535921290822856,0.4381840528340397,-0.054702238079556674,0.15606278325344583,0.2841207934697865,0.2896146589859887,0.3224299859816888,0.3988219901060302,0.4631075892562236,0.4748832486258387,0.5731364124507979,0.7323714204700681,0.9217733734692635,1.0647180231842754,0.9159802675425682,0.7398784792861295,0.6518706510665185,0.5687104052233312,0.4433317429326912,0.3566503357050807,0.18597464849831433,0.013756275997217713,-0.0318595209969828,-0.03659532582763661,0.055111598018710566,0.07324142927461326,0.0603235020756783,0.05134472492524076,0.14739897190966678,0.2899925780414631,0.33563605833785815,0.36716611716786557,0.29300106768292283,0.15340939942859977,0.06807060701291115,0.11786412291319628,0.3463810891720075,0.3758675514812492,0.18510883308115025,0.1004408163297481,0.14498061955658617,0.02637886739753602,0.09884376326238319,0.11513998045487603,0.11379157712670421,-0.2847179226396512,-0.08602136452750053
stat_80,-0.6289762174441595,-0.6504578587326033,-0.6472135537644469,-0.5890377343038472,-0.49088199265708243,-0.4571701542857977,-0.5362780348191417,-0.5408055451039395,-0.48512148815148526,-0.42203054170911414,-0.3888139332836018,-0.387844568573826,-0.4472025698208907,-0.5146152747886233,-0.5027729117468485,-0.49407106073396384,-0.4926997454552154,-0.4829692354219392,-0.48792920858964994,-0.4778360540759759,-0.4111829015003797,-0.3493835482017017,-0.33327817449737607,-0.3309485588088518,-0.30918385341215787,-0.2731367971334225,-0.3460892395830253,-0.34865966258111614,-0.308794149851844,-0.2534691331809918,-0.26492693714225823,-0.2776323427882441,-0.29081009837292116,-0.2802535218884117,-0.2732662921207482,-0.23449334419642806,-0.21145361746470584,-0.19235984520555563,-0.2376737703045051,-0.0019057641833663673,0.007220527047405176,-0.08774211612067716,-0.0690582043749616,-0.059120805718831465,-0.04308123457956706,-0.04605239741473103,-0.07692308281934875,-0.09547844025945665,-0.1751623539129882,-0.2678552205778662,-0.2925891100902527,-0.23520560680436575,-0.19562893388051145,-0.3018778218406201,-0.3709266612694439,-0.29514738416886405,-0.23533819383291416,-0.23867139066749424,-0.2505121954873109,-0.32573803029918996,-0.5118898028248158,-0.6029085390870027,-0.5307093386669534,-0.42739536224146746,-0.4737983466288164,-0.5909855774211974,-0.5435091573549664,-0.36348931042221555,-0.3672683549427225,-0.5095997090426989,-0.6708996458990448,-0.5606410541942474,-0.39268313980111047,-0.4707344904669711,-0.6042672980430968,-0.7320473684865778,-0.730687039360431,-0.6113352148864235,-0.624370339551743,-0.6076864475788247,-0.6393245833856656,-1.2495084184734786,0.28229122002455187,0.10563194722066323
stat_81,0.13371291773983168,0.1762005965466569,0.2444248118344831,0.16416426233747983,0.09911450742754417,0.0880551192698376,0.1433462637500252,0.1409134297716927,0.07442352190466552,0.05335962546910654,0.1200084248849877,0.122504695642905,0.17542421605806974,0.167211307036436,0.09533556556118802,0.06526836176521936,0.04645386282737828,0.02439758483370448,0.041929933219285516,0.07777163446457508,0.04992907967250314,0.039240825852118244,0.009019884747833648,-0.019817850222861002,-0.03422536823304598,0.003692239074522557,0.035943609027667724,0.03778714088831555,0.04382188126404878,-0.014602864596901733,-0.05231435233893255,-0.1188123857678921,-0.14455761560178565,-0.13328808378013085,-0.1366573645185686,-0.10151547329652254,-0.07085416555424635,-0.021944048703879636,-0.08044416901345941,,,,,,-0.1129050689133492,-0.07322066091721494,-0.09791889786743574,-0.1280926374489411,-0.32344001510290643,-0.304014273582687,-0.24527799517136917,-0.15974583998432584,-0.03355700262550673,0.05307208051227667,0.038314302844387374,-0.03276005503912177,-0.049383656184591875,-0.08102816134826381,-0.0025568444688787197,0.005998674667348272,-0.04609971973790422,-0.01865003244621025,0.005894987739724319,0.0114993699047263,0.0600368694211903,0.14862773632942605,0.1851604594186274,0.12155330293426415,0.04429006724636168,0.0534656560552842,0.0749206767745642,0.1415118129942882,0.15335276228619782,0.11507570510174575,0.22641969808983278,0.47400582450383766,0.268378794016643,0.03705204938915448,0.0541463726777032,0.00029265278386572826,0.11418021358616054,0.20411858904150781,0.3740367008719129,0.0985431453690559
stat_82,-0.3473326595869243,-0.3646373882884573,-0.3219897866876575,-0.3515900774607635,-0.2669052568873067,-0.23251136063732816,-0.20181235347427098,-0.22817391938813802,-0.3772282179962396,-0.42078942209000275,-0.3580992712933681,-0.34587067085559,-0.2628655665296026,-0.23824020674490612,-0.285877888023149,-0.2221377598404126,-0.25954480500667926,-0.17050735087429394,-0.137745836738708,-0.13310830374546462,-0.0666993086128358,-0.07702313093989639,-0.1415106437887279,-0.1461705917715055,-0.13104299205221984,0.0008612090828217864,0.024835599961207336,0.023976359434197195,0.05866114490557247,0.08958585488082339,0.22867686425241568,0.24665368830632572,0.2653276332125254,0.22727860689790325,0.21744623158987525,0.10310621747654612,0.049991721914955385,-0.02081675654189632,-0.025224967471374732,,0.011555897959337137,0.03331232610779704,-0.008953312283071084,0.11775067049989175,0.060197963823284725,-0.041918997056668794,0.020770276158404207,0.14588542116177455,0.2023553980303273,0.3203753925242606,0.3897196300039918,0.3719340718377136,0.24123104716944851,0.26797637111113587,0.2439126622515763,0.09559638482449186,-0.0062207858852545445,-0.015498631067109728,0.05592964420235608,-0.012207095358625238,-0.0796368472877786,0.027788637462638148,0.002962255628809835,-0.17872805450360374,-0.1759035573122595,-0.20144699785349926,-0.19296606645572273,-0.25784406415752287,-0.4822703633297594,-0.3695406835165899,-0.14679928469988676,-0.08382289019622588,-0.12133107507051705,-0.10661128421969789,-0.2186073892225586,-0.2898181024360784,-0.21309269036457223,-0.11117346608981316,-0.4616877301468666,-0.19887202983873795,-0.01141496196744071,-0.4123568680618569,-0.017687175905976165,0.20657116986337978
stat_83,,,,,,,,,,,,,,,,,,,,,,,,,,,,,,,,,,,,,,,,,,,,,,,,,,,,,,,,,,,,,,,,,,,,,,,,,,,,,,,,,,,,
stat_84,-0.001967837810414876,-0.03485778528831977,-0.16572228857957705,-0.16447524310753966,-0.1449352239988931,-0.09896809403776033,-0.03363713709042088,0.04530888089980089,-0.030303386662967766,-0.13319902047142876,-0.1760016202751227,-0.17282366885248346,-0.11450093521993185,-0.06479057770452801,-0.2000902942568493,-0.24725892127149937,-0.25423851712407625,-0.24224107869459527,-0.20898481003821395,-0.14197518915017962,-0.030844583225053384,0.056588121897817645,0.023444844149860308,0.003223753130625498,-0.035138667434634265,0.02264259595473951,0.10499912385209988,0.10603684866933352,0.15270979819102476,0.07603516352893533,-0.007481982817369903,-0.05816105317063078,-0.0818887078755083,-0.07673431701273506,-0.07745824487798607,-0.07510775068652999,0.015933204761182387,0.08965354651113976,0.10534073631237564,,-0.10038889205238564,0.04482408163923918,-0.03975367474135785,0.026886194687117157,0.11382940674188936,0.07245856979351473,0.01287829011720351,-0.011275486552748447,-0.05780719006339426,-0.12141158420744003,-0.10870335489331824,0.023909125399092016,0.0934590985714901,0.19030602280067827,0.29806076165224243,0.17110671445325984,0.09644119940023485,0.1920251545719848,0.2081770891669701,0.04457826196957064,-0.08940526565625673,-0.18221144852112325,-0.26066966874744063,-0.24402862658992872,-0.17328956183792713,-0.003964038745118996,-0.04297267271955758,-0.2092160928755314,-0.17728505000935815,-0.030803761775972945,0.10235530771595217,0.15826584339753982,0.04704777015891181,-0.11854210111297482,-0.1882316027598262,-0.14030194877771626,0.05010631011010943,0.12964844943445275,-0.19983618999873787,-0.10873979273965764,0.40695975003856705,0.2190121278545525,0.20769623604696738,0.3328328243805297
stat_85,-0.5896439414995799,-0.4944737706954003,-0.48557588037928207,-0.4929121430757206,-0.5529830098970024,-0.5482603231719487,-0.5557310116357893,-0.6531879513026727,-0.6891712501255738,-0.7183581087517161,-0.6989898413604878,-0.6959953147015397,-0.7207724898779883,-0.6893758779037622,-0.5934038278826068,-0.5858016018240944,-0.5905090808447667,-0.5669537559625353,-0.5678992662090085,-0.6269657938125879,-0.5536721401436915,-0.40543662026010907,-0.3529239196000777,-0.35109081421496896,-0.3130395386980532,-0.20910295702005818,-0.1497353376914025,-0.14697936865485905,-0.1224919848415315,-0.08193227298033383,0.04129065018343628,0.11167557588106553,0.12565448393873502,0.12908811532519973,0.12303008337255505,0.10310546721689828,0.04210140947136244,0.01158080778150563,-0.006609564305466607,-0.13512167415556553,-0.07455025480682453,-0.031324663991242646,0.03550622947337916,-0.0053487837124532745,0.015404605956616885,0.02933319789924722,0.11442956394847499,0.20201249250369735,0.23015622259355853,0.23925167394604496,0.24643168122964443,0.1638759936690137,0.03389439341849632,0.07185950917098743,0.158916308445849,0.10023108956925525,-0.1323097355142481,-0.2005366521529663,-0.2729981028978808,-0.472569702170438,-0.5430729011720039,-0.5436262108263354,-0.5101571573937829,-0.4705916241513689,-0.5596358433816253,-0.6263302999615699,-0.635551535417802,-0.7385167070461881,-0.7596099327471794,-0.7593588162974318,-0.6444526770001209,-0.46724822112716363,-0.4325210448264294,-0.44996644479765363,-0.38853974802352,-0.23606218322221934,-0.2220749337947879,-0.36575362491524316,-0.5419967101109313,-0.47411817808650364,-0.11796199912503814,-0.8918097213645292,0.3308695156237077,0.5823574810504778
stat_86,-0.5711004523659682,-0.5918786330071792,-0.6203435719411475,-0.5275421436246682,-0.46793141111312503,-0.5007618854954317,-0.4879866710234319,-0.436032195751375,-0.43662398218049264,-0.4657813874587761,-0.4820615254894094,-0.48281812356030557,-0.48945872052767064,-0.40761677970159144,-0.3936347717636163,-0.42183963234604477,-0.4526523351176841,-0.3982296235234961,-0.38238855827297097,-0.3033560421987629,-0.24176341195921258,-0.27725056815358834,-0.2906954560142307,-0.29155350666136537,-0.2952448234765522,-0.27117860379731723,-0.20107510887460942,-0.19910093624391278,-0.14146638001365794,-0.09837393975263091,-0.06114170949721081,-0.03154163947699771,-0.05643910582668984,-0.08418422767864574,-0.0880830612821546,-0.059066808682353776,0.03551883819585786,0.11250464801768129,0.13348913101117463,-0.24212925989126285,-0.15341245197773912,-0.03422076637299316,-0.004732417661218933,0.1627896514826819,0.24606257548084307,0.22756143921175606,0.13806730577893067,0.03469634910262821,-0.04539203994149028,-0.01423409496340419,0.050275195238435925,0.030504310591338863,-0.045715026068428984,-0.028355957222683633,0.03950549667065473,0.08944568008519523,-0.019697761460507102,-0.1191177946161892,-0.15067713781937409,-0.1161583879253219,-0.16874395630323338,-0.2980058447061773,-0.4008811278674537,-0.45527615497019064,-0.46093139527564964,-0.4212098846845077,-0.35375356266481955,-0.39845849167574615,-0.46742138063910055,-0.4881561460063549,-0.41924157804217616,-0.40938749482457903,-0.382675762412044,-0.19044310046121582,-0.37110802433654455,-0.7364285256508428,-0.6764429399451993,-0.709618413889851,-0.4909683208240354,-0.39155639433107414,-0.21547313266638965,-1.030275061799252,0.09974054974347578,0.42937316765211886
stat_87,0.4174143951345923,0.241956393406799,0.104671976535973,0.06822820394790276,-0.05093906688332249,-0.23054865289301532,-0.32025548824265476,-0.4704293055432792,-0.5092427674804076,-0.4122648944491239,-0.4261548076815013,-0.4259705278587349,-0.4184951469841187,-0.37066134813219437,-0.3184620218621873,-0.3618017177602533,-0.4177092576746373,-0.3481876780672697,-0.34454093665968566,-0.28909504998408847,-0.28652387129467594,-0.2198150344614205,-0.17342172661648475,-0.17659984651565458,-0.16043914569912457,-0.08280544780133568,-0.0425998483946247,-0.036012211276592744,0.067632374703019,0.15395396262476185,0.19626476410718283,0.2739123770895286,0.3201809185671631,0.3278536080037555,0.3293753924328718,0.3410629368688825,0.3053113283483472,0.29808364102953183,0.27632271352667226,0.16932710391252057,0.1621829768888475,0.3237100339695599,0.28321077399872047,0.24967843195019954,0.3023092637259144,0.3350038830055369,0.3877444962912889,0.36783550030107115,0.3329220484065764,0.4033974327626757,0.4493207342858043,0.36989173936795583,0.2727990577693779,0.18800720461274226,0.07730926325565593,-0.0034596833797430377,-0.0036900566425268045,-0.02496751851863478,-0.07272410507365538,-0.12778082996257886,-0.2653257316377554,-0.4451705103754721,-0.42487501793334065,-0.2591064107039944,-0.2034703422104386,-0.4164089888621601,-0.601280213869497,-0.6481105899174244,-0.6430236345205046,-0.6519945783299511,-0.6229312918043337,-0.401208178282932,-0.19615143751969175,-0.003334319383361475,-0.03439541487005713,0.059653083960184775,0.4034034835786344,0.7746131235104233,0.13483116623870195,0.03466197446158319,-0.0061772804000737105,0.2173922621137827,-0.2681923266507875,-0.25369554130556665
stat_88,-0.8290299076365965,-0.8139306824751967,-0.7623405587575702,-0.8428676618680349,-0.7579492036894093,-0.7213663601934471,-0.6648503635475579,-0.6905651070575388,-0.680227207573789,-0.682132136107442,-0.5413140414823453,-0.5315748017267314,-0.4064024842718319,-0.37340244637937897,-0.5313257714604228,-0.6070038160033296,-0.5185053109242321,-0.43324890513844216,-0.42322699329645674,-0.46569997231481736,-0.5294053081484946,-0.6020330192914214,-0.56786535894814,-0.5632013400576142,-0.5406917824010863,-0.5512380355921619,-0.5573049008033459,-0.5546601242833091,-0.5352214598241499,-0.5302942457835402,-0.490109507002811,-0.34564543560542577,-0.2005358731764693,-0.10713229856373903,-0.10600064666971573,-0.12469848979208996,-0.1281975591993375,-0.0956356432054367,-0.03792653943323686,0.023826553577002384,-0.019815426118764596,0.1494057724746213,0.03316091411544517,0.05202352540553826,0.06368581534178602,0.014719126451947393,0.005817031120543713,0.11182247755139627,0.1741461437796406,0.011872111798333742,-0.3408026006231313,-0.5265785111120362,-0.5283485917786812,-0.4311995826756577,-0.3684542265139996,-0.5020405820106744,-0.5031856444020806,-0.35719769308803706,-0.30552390862238343,-0.24145534211414282,-0.13752297653419246,-0.3205670337434343,-0.5524046925578638,-0.7146397029532866,-0.5239909731906233,-0.23930262858642223,-0.30503194271455236,-0.6293838970480672,-0.7219477559905656,-0.8105681492475749,-0.807174672490113,-0.7430216565392483,-0.7329839006974943,-0.7913908763421189,-0.8327053454155543,-0.6556428442281269,-0.7112923844273937,-0.8042383995080828,-0.6784565270665572,-0.5491881107307964,-0.7959122966087169,-1.647138644395457,-0.14970732126395397,0.06359392129263366
stat_89,-0.2053025592819188,-0.1527457352934544,-0.13107332297479612,-0.19967291937689766,-0.17789867524907063,-0.16357288282067936,-0.13815942632307213,-0.09356425617478133,-0.07336113505026791,-0.1826309821833963,-0.2683100049688617,-0.2733535060962122,-0.2734309387079969,-0.28376150825069224,-0.3675634220690765,-0.4113353021404328,-0.4579179865009284,-0.4731578727919893,-0.475963332498111,-0.45283562165752816,-0.4410892682503353,-0.39021024268288396,-0.37846935211864347,-0.38039327188309746,-0.3785238670095682,-0.40511013893965336,-0.3743652673087738,-0.3724348637686149,-0.39421730706137953,-0.33734359152615695,-0.2713699197160036,-0.13448386386913028,-0.10644657887007179,-0.07451664863742015,-0.07697441414730871,-0.11250946202895193,-0.19833363275117386,-0.2227152188735906,-0.17398799599147766,,,0.17667204968764177,0.04326364910003999,-0.05440981797021356,-0.10521254421852962,-0.16872149678146706,-0.09390523279573747,0.13122150128423787,0.1820576165252285,0.13406674465405166,0.014011935544252365,-0.1516703362597572,-0.2718370662108898,-0.36449060736104805,-0.3315499540416031,-0.2928013344190934,-0.34834195098465975,-0.3664771767627558,-0.3914067453486563,-0.4466814762132702,-0.4484502091901908,-0.4730719099782481,-0.4281262005436288,-0.3736467908179021,-0.379444740418856,-0.32939907378425276,-0.30876788756851425,-0.24217187709763716,-0.19083759970279748,-0.08495498055600607,0.0384184057858327,0.04258899679079361,0.07090332904546347,0.19760820059300763,0.17060995323989048,0.04985112042484005,0.02747568072903304,-0.1334119947427337,-0.3064453607506724,-0.3193971983892103,0.0696162238976153,-0.2854711492344151,0.29318993130221394,0.4576554750341886
stat_9,-0.6997145483026874,-0.6637103825958539,-0.6145335829837902,-0.457908442435586,-0.30619161074668944,-0.08791162377247569,0.012085020390934318,0.14011175134261974,0.307052998253357,0.5039670814899845,0.6341918675095887,0.6390450503851329,0.6464209284758886,0.6331686538696522,0.608305292590438,0.5705145427953989,0.5167010865705678,0.46549359604242724,0.47828633055123765,0.4750431893249079,0.46845717307619084,0.4311465292095617,0.40829453148508327,0.40655693059533626,0.3817315699763721,0.3964028463546769,0.4531592085154352,0.45758605115651535,0.5237631809136035,0.5953937844370902,0.6010630199373049,0.4824987158541765,0.3511556673292873,0.2929389226382247,0.2851109543759365,0.3109150703601242,0.2979086467187498,0.2888130071329441,0.2929176981188064,,,,,,0.19497210022004416,0.18184682412053282,0.41256518359351346,0.2900112574812606,0.21158431525971427,0.41996725148536324,0.7550726178930515,0.964484887023408,0.9578166414213855,0.9425802731475462,0.7220932822478275,0.4911531140532201,0.3459238077748056,0.22291096878545238,0.2685475127382322,0.19464439213841367,0.19539493499991148,0.42360904076014577,0.6165645299584872,0.7328617814257488,0.7794611625935612,0.8913273106515591,0.9178045768339911,0.8963659865304925,0.7208368394702616,0.5576398146130386,0.27532441564978305,0.033607848806883334,-0.046760875068834216,-0.22792093977974703,-0.5773718308357252,-0.8952021532699443,-1.0333016706997755,-1.05426405984089,-0.30809605201990853,0.06518246577767871,-0.1897629874258682,-0.4318091405067254,0.03382048581043118,-0.16636601126670017
stat_90,0.2068258134231927,0.2965029250440021,0.26732357951331165,0.20657313427808505,0.19170870268983078,0.267307429186369,0.28319516216621166,0.33400018723902136,0.45593769111616617,0.5845245491541589,0.5285070764579638,0.5184951247983233,0.441628468742409,0.3909108500535197,0.39211327348477043,0.427982056941099,0.31434368915966676,0.16621760326576865,0.13203547699075596,0.09380895453231256,0.18168407368764508,0.20621558727597783,0.21643541835291136,0.21731310621415423,0.2187326335045057,0.24469098963249064,0.13916824030922204,0.1348855634530298,0.12147708522050706,0.12762776196705497,0.17970675854063978,0.17632128477351347,0.1289038723612768,-0.11900512212469247,-0.11910439365188932,-0.046886030311077735,0.016992904868299366,0.03167659056569657,0.0423955429028738,,,,,,-0.02463425386038155,-0.036487715440251894,0.012151921123018236,0.10978401391117512,0.1866124617996453,0.38072308594105847,0.3107634297378113,0.09082337355512154,0.006823100897669266,0.0005854244964944486,0.11805354555557827,0.30126971199015234,0.3345887359725598,0.24808386801210902,0.15918287211999546,0.084098935128082,0.0240199717426391,0.13798124612284374,0.40769674409270357,0.6719892570476087,0.6673171849055194,0.6649705115192772,0.7653949829737062,0.8139222569852728,0.8366468271736887,0.6121674886087386,0.4746233485251904,0.49496773410448835,0.42209167139125325,0.3810472625678409,0.3404496984202894,0.38013690663809263,0.44340043566538456,0.32723384986439036,0.12251992654198386,0.2567984111432853,0.6287849955170332,0.9128971049277897,0.15428690750996668,0.15980547445122373
stat_91,-0.06939722414481798,-0.1756049118866641,-0.18673108867123744,-0.16151216038625132,-0.06149911388363652,0.041714691974018066,0.08697932872761772,0.09331432607171754,0.1294298221438341,0.17812403764663007,0.22006063217047872,0.22050849933030214,0.23936819256611755,0.2181176172467586,0.17139294733824392,0.08228784596464377,0.031153210706415604,-0.039399074468863524,-0.06894258749432461,-0.052358125386018854,-0.007739853970325611,-0.02243892828000031,-0.09354969446048034,-0.10365578356308085,-0.14497608934224046,-0.23739887242763436,-0.30053351890095953,-0.30178892996171136,-0.3553417833706427,-0.3511564158663835,-0.3547783264547297,-0.3012279776085837,-0.28581082027259586,-0.2574283716546768,-0.2567421874104989,-0.218506844310314,-0.16020326084915426,-0.10589465201380786,-0.08073145009230458,-0.0016284845987993928,-0.0393271495970511,-0.03575017107580331,0.01126842979361845,-0.02339775643693263,-0.012025304572769494,-0.05268487027848111,-0.06969275292714587,-0.07107558886730103,-0.07702209817219445,-0.10584165798804474,-0.19513536276552756,-0.3101631990648703,-0.3797933704727832,-0.38115354091349585,-0.2718566839648067,-0.09842076707842207,-0.0406350034921478,-0.06608480977582697,0.08058937019094736,0.11839416422602936,-0.04356310726203994,-0.0891522297377575,0.03610887812045595,0.1806295224257583,0.36058808098976175,0.35944558218540856,0.27863752271760184,0.33585976684607594,0.4367558036790169,0.35518137266910993,0.20193519720259345,0.18423749351406135,0.25118096443271226,0.10168462239729882,-0.17348001910841274,-0.29653504210410225,-0.2529417456498176,-0.013000375625361132,0.10836955164791183,0.019340543068233913,0.32038201326035415,0.12635613696742132,0.4330726219549871,0.5114523524230085
stat_92,0.29559185008691014,0.3418642691011878,0.296722228038934,0.21948825572203465,0.23002672087852677,0.3181378232762307,0.3665809204995094,0.3974522928888978,0.439793023952907,0.4992134587372239,0.463193663055597,0.4612226880272158,0.394680005712373,0.34521752994286437,0.2939154509569297,0.3655615566826707,0.42569447389015436,0.4197200972124877,0.39415843062378736,0.31740176025280026,0.3005666213049536,0.3300488536326791,0.32402558019199895,0.32216499701719725,0.3354272289391275,0.3561959718340044,0.3149858264422955,0.31493368151043477,0.31056083223866,0.30778576297343746,0.3428109843760504,0.35185588036737236,0.35151546415105156,0.29026985782584275,0.2798392897106319,0.23277329933219162,0.23513998658640317,0.30728749081292833,0.37170288428372705,0.16617592459242342,0.020370376785863776,0.14449069079337026,0.1719084153587449,0.34708439275105424,0.3214406694902173,0.22973851229131784,0.1806450364452919,0.280126335216589,0.45294068405698257,0.5798781726186987,0.5676309574792054,0.4728868762887283,0.4210120981349838,0.3464640340648497,0.2917725988456697,0.4109781710318505,0.4808058455776088,0.38920414118992613,0.37794991347704854,0.41558147290104247,0.4618065619479051,0.5043525477940766,0.5669613190261527,0.44601315611842873,0.300605952372581,0.45537141596357905,0.5699446571192934,0.5903419461976254,0.6415960729420427,0.5449686269649765,0.37566314868187684,0.37460875550478434,0.3446650467556029,0.28148265066798206,0.30799879925902446,0.400060377125158,0.3777311406484157,0.38563704439350516,0.22921183005564627,0.22729753667680266,0.43684797502590794,0.5236354205586827,0.4637369956757521,0.30872976461433693
stat_93,-0.3843764035436153,-0.21639653978786438,-0.015985860308228038,-0.06046301179583074,-0.1147846841827335,-0.12225412239929664,-0.18241435548010834,-0.1641652258409029,-0.167037123657873,-0.11622070852123466,-0.0660898534667298,-0.05751682446444574,0.13213494868979475,0.29422651945151695,0.28811327519391244,0.3782044556498014,0.4365879514312559,0.5124224919846948,0.5375609962502735,0.4928839663805723,0.3938162444561289,0.30901891584972624,0.2064856770251079,0.19205220844818208,0.17328255282267446,0.1315850079587175,0.13311642593795356,0.13134208653108345,0.13159512120040728,0.13678131661310405,0.1480995798250028,0.09650903206383159,0.034063534261815125,0.024189500909781756,0.019324271508193734,-0.05791556858716483,-0.017844241718589608,0.007138055265477938,0.008200168011581176,-0.05323938117305174,0.09928110374099025,0.20243327151857612,0.16831345956182156,0.10624399327308331,0.07596477261056754,-0.028929034456251744,-0.1180569338907399,-0.040627510063703916,-0.04540721383869422,-0.11639928351106071,-0.06291531319360315,0.17944471921763677,0.1846057034651432,0.0717388961772046,0.0022222185969528628,0.019851038612378948,0.07970192618609506,0.18093141811737126,0.3233749004096688,0.38623297757812897,0.483983728762548,0.5340882513603007,0.49552523134297743,0.38525994038644507,0.2422900757005061,0.2510504545038473,0.0869810552540651,-0.10581100276081927,-0.060569641254501,-0.0984875199162942,-0.28493820234177075,-0.2468399689609293,-0.028947936624872533,-0.014907186453833854,0.005446690259287946,0.07183545239266713,-0.13787156728272268,-0.3413468766167344,-0.30598531405756413,0.05281842318332649,-0.1146868793112307,-0.22362728656487946,-0.1061317982461773,-0.15396865370633225
stat_94,0.2892358946274904,0.3185794787193983,0.3622254825870737,0.318080864323327,0.3663807059510021,0.3654216508581633,0.3522601807614748,0.3747008065178585,0.4567823789793052,0.46939916365663936,0.4885700402885065,0.4875746214711815,0.4774456885523236,0.4677916756747607,0.4664939944772571,0.4399799591640707,0.40026644033627995,0.36813621412737674,0.3548239446879338,0.287296992870369,0.24817691792130708,0.277475854520671,0.3658320240931008,0.37817898114903753,0.4236769803280247,0.4540298891757017,0.37277710639692935,0.3676729448951971,0.31522143984422357,0.2951925101465829,0.32820750576188246,0.31863018215068784,0.39363569785414865,0.4334964685361415,0.4306862843678822,0.38906987027191725,0.3585186684838781,0.37897367864846243,0.3530733102795988,,,0.11548165236027641,0.06968741467464874,0.167037942918889,0.2266589355974769,0.3616892033731579,0.4158142851462792,0.5036516465894653,0.565475593227101,0.5398956566271925,0.42747421938216046,0.28545402290102995,0.19712933613161993,0.2229034181614677,0.3435528674547763,0.4817223302842523,0.5539699113958916,0.46562212489554033,0.3082312163684523,0.2594821089483651,0.27119149307759627,0.41074224702956724,0.6199587306443066,0.5990110916979032,0.6207904552605323,0.7812579591650627,0.7139198452370693,0.6841159875964524,0.6363365828122949,0.5407997221507282,0.4519344670922368,0.3749597979471972,0.4807677240359963,0.576147036623218,0.5993313026769426,0.627148659848014,0.47926156528086217,0.3153545033846072,0.24554402886511037,0.3119173583989686,0.7087148960197178,1.103866345225093,0.1580691216683649,0.2446017594906005
stat_95,0.15775563564539666,0.17238878677496042,0.2777118058918299,0.30234593087972694,0.38476168156248747,0.40902524841261834,0.4301670239595843,0.42761222853373426,0.36532020751044225,0.299456611575052,0.25817160658728344,0.25548055980297923,0.2510517803748329,0.24400848944489179,0.2080256937847818,0.2672423914434203,0.3370271697087918,0.36370535235637297,0.32291802222928717,0.21524456572558334,0.2056983638261174,0.22092199819197686,0.21843585499038776,0.20768475708845163,0.14773131708296675,0.16739616830806978,0.22276753859695647,0.22621101813172925,0.2472840222081289,0.3318468823254183,0.39874945113726806,0.4333850203736335,0.3491464454495771,0.2481574194634977,0.23913093513967515,0.17933715620875368,0.17381450934096124,0.17741865022640413,0.1998181959678109,0.2679347881013152,0.2442693890402865,0.4317768825830091,0.22707646344990057,0.1981884780630664,0.16570908156894457,0.21886967890665077,0.25542438660101424,0.2164400530559508,0.2693462093542116,0.5307015242939676,0.656485195493357,0.5384369542008981,0.4486221924864057,0.3282245644180183,0.19572964659528616,0.1778027020498874,0.1942363315269079,0.22887289790662574,0.3266865105366953,0.37311778073480584,0.3923119789747131,0.4395887670992654,0.43210993051709945,0.3904578009410843,0.3348259835038988,0.29633020739764576,0.2235786468579773,0.22056453069685936,0.3317122667144645,0.3513069440900693,0.45692356452739646,0.4903496001369578,0.5226215859030076,0.47906065823514815,0.3031468691317643,0.21462881676253942,0.27533569216341847,0.25106556028691907,0.2715054287614919,0.2798494087279753,0.6052289126847479,0.838763777038011,0.3999665019622995,0.2358636721177778
stat_96,0.9678205676429583,1.0161649052969486,1.133601089754939,1.1821556006931804,1.1685479602909299,1.1255982694002078,1.0529101362388131,1.045778812180106,1.0485565180970042,1.109337189620119,1.0600364083688378,1.055350057941129,1.0840620918358665,1.0647565597352222,1.060832959144614,1.1148912171890186,1.224582866957771,1.2373722944476166,1.2270680345971328,1.2112826435821515,1.2056165791998241,1.0812742665854609,0.9685449443536174,0.9553806439780351,0.9146097229981911,0.8381946539821504,0.8147159393867681,0.8147325323581035,0.8233774491164,0.7188935080356789,0.7309242201075187,0.7566174223830083,0.721962698002314,0.6155089709496394,0.6142531432211232,0.5586999212252391,0.44704775498414656,0.4154302035076688,,,,,,,,0.14602921490444407,0.1596747920525594,0.1593069096246226,0.1956073511800236,0.3499876634410229,0.4014922541660511,0.4724180161478891,0.5172158303965008,0.7471874169812125,0.774252153301823,0.8626972560937226,0.9769808954241486,1.042112028790565,1.2087236968758694,1.4102245970405818,1.4799841306678405,1.467423262332087,1.3363690329645637,1.2701775387696999,1.2082504699766994,1.219210525038667,1.3497750108997197,1.368736420378364,1.2913757162678512,1.2413578481944323,1.2173946863496201,1.2133994654688776,1.2457140413109988,1.3903845216880304,1.527459840528733,1.4662553348552156,1.2782423480607317,1.2842308893538517,0.9206802133417856,0.9534134386131815,1.4389685035754447,2.3423897191129788,0.552922783250669,0.48603358448416073
stat_97,-0.7593307862758927,-0.6815249634327684,-0.5694410155770977,-0.6488437760969098,-0.7072571361311237,-0.7979203762527179,-0.7138085030394181,-0.4354964303193055,-0.18410492173262547,-0.14333548014861594,-0.29151182191095687,-0.3016659551358012,-0.4239121401505278,-0.4633910464094963,-0.4704027568807326,-0.3401086641819113,-0.3603447954655844,-0.36651950588835963,-0.3444431531227464,-0.25398783127590335,-0.21952139933374384,-0.24150992028957663,-0.32676885793617816,-0.33251527956916294,-0.45226710984959123,-0.5238882934485137,-0.4640686205422598,-0.4512373785472343,-0.31450611590559757,-0.17692406577361067,-0.04489623364558173,0.05298089816925855,0.20844988003203951,0.3163082516340419,0.3242099284481164,0.3260160176370522,0.31050795629673944,0.33481367671304507,0.25593515397849176,,,,,,0.2739171875286949,0.333468640457731,0.5917396112767002,0.9107108497968466,0.9130053776008068,0.6914512225209669,0.3907963269984255,0.1231590150265229,-0.06436525338812545,-0.3469318660893352,-0.6417602671931604,-0.7360294124903768,-0.5848657429711277,-0.3756138440758847,-0.06828063829738161,0.10688578031276773,-0.032994276054130654,-0.20279145961660572,-0.26076907603061733,-0.3026026957961396,-0.3974721160466444,-0.44606573761976487,-0.40328243693321053,-0.1208042490531379,0.19550053894699415,0.22511593200352578,-0.2148522429572659,-0.6545254049810126,-0.7472942255817683,-0.6790487074678188,-0.4367955047653576,-0.28492242665235884,-0.4366512207195471,-0.5487231798714449,-0.7326671142990061,-0.5344606630418195,-0.5459630150313204,-1.030218919065604,0.23604334596447457,-0.03928082243624291
stat_98,0.9670991799636538,1.029053098718658,1.053406468171511,1.1150424622263848,1.0459002574936984,0.9388840456991014,0.9141599631676397,0.91777645445539,0.9562074963156895,0.9406521624350209,0.9235760509899977,0.9287324758717665,0.9482485180821097,0.8625979808736459,0.8159760071665504,0.801741640296426,0.7855198532971984,0.7437243264677973,0.7301453983991191,0.7429142749769938,0.7127770254018574,0.7029642570791734,0.6395752444193288,0.6329091952138168,0.6263035027098749,0.5836595975521065,0.5935719682747891,0.5922661800450439,0.623208176786925,0.6992560673236364,0.7579180994588046,0.8523695204205959,0.8905356635809168,0.8937180749405204,0.891696886250529,0.8387509178349848,0.7104697588294868,0.695544920902931,0.6778876676925231,0.11424637341264553,0.1248432147580302,0.3155344273191783,0.2980238033260584,0.30044940599286585,0.3982198904606454,0.4123047337428731,0.44224199707994033,0.6212424860523281,0.8703923294746334,0.9235145345117568,0.8916018302865266,0.7538561247855722,0.6307979714774259,0.6227084272143749,0.6541212198828227,0.654962127896259,0.7459064032309579,0.8324951527912635,0.7107907473548598,0.7129931935378746,0.8209168510001484,0.7982675903766675,0.7735508235526946,0.8836068503920614,0.9142519877220413,0.9492649158480314,1.1708929714005871,1.0884116291634567,0.9530155739122202,1.0005715018666834,0.9526890813882051,0.8370941615573577,0.889986507833984,1.06066623581957,1.2444301142583118,1.1522936324779314,1.072801482778555,1.075630984251693,0.9391848434629131,0.798903819201862,1.0961445032806794,2.000241653489367,0.5089693800586607,0.17355811556817322
stat_99,-0.38901349599282636,-0.30099889434483357,-0.1834150045162272,-0.16659581580572172,-0.24506112022406704,-0.2995936694394418,-0.353812489559996,-0.36285047429829564,-0.29673468127915953,-0.31108495799915403,-0.32580725346768324,-0.3309925727873433,-0.32038839716040624,-0.4175225473683982,-0.41823996517936174,-0.4080417188931569,-0.5026016359051748,-0.5620187647579771,-0.5959002759989563,-0.6181822844725039,-0.4570562545428354,-0.40982846274336104,-0.3931748413575959,-0.3893231616831285,-0.389512217732291,-0.40231511920755525,-0.44842952962249344,-0.44820388746161866,-0.37770881068623113,-0.30176097842357147,-0.2655793504131146,-0.2732357658666319,-0.28203817457813224,-0.34201007318789123,-0.3428729112317426,-0.2785205010129741,-0.23070249290099692,-0.0879092731434415,,,,,,,,0.09696997000026208,-0.15519638653985496,-0.410866782887281,-0.6164203314524177,-0.5272214669836894,-0.4357617540684956,-0.3163891463967676,-0.21701584567733426,-0.3486146443574428,-0.40472272760833544,-0.3603656209263422,-0.5064741389702576,-0.531041569038188,-0.48193249574526686,-0.509306509505758,-0.567597656892642,-0.6918913641926782,-0.6263561509072165,-0.4931238793820408,-0.5128333627399483,-0.38761439777061646,-0.22855854887215374,-0.19403321013946825,-0.08586146601634971,-0.19206674879024974,-0.3931870800725244,-0.47993519488021535,-0.2163650180957541,0.031211896180290286,0.12985076227330755,-0.0029236524362230977,-0.16575773738248942,-0.2150561990809439,-0.4433687961903685,-0.37150370635424323,-0.681488299021115,-0.895721645951036,-0.2230887587423517,-0.3789949010872802
