,pSA_1.000000000000,pSA_1.072267222000,pSA_1.149756995000,pSA_1.232846739000,pSA_1.321941148000,pSA_1.417474163000,pSA_1.519911083000,pSA_1.629750835000,pSA_1.747528400000,pSA_1.873817423000,pSA_2.000000000000,pSA_2.009233003000,pSA_2.154434690000,pSA_2.310129700000,pSA_2.477076356000,pSA_2.656087783000,pSA_2.848035868000,pSA_3.000000000000,pSA_3.053855509000,pSA_3.274549163000,pSA_3.511191734000,pSA_3.764935807000,pSA_4.000000000000,pSA_4.037017259000,pSA_4.328761281000,pSA_4.641588834000,pSA_4.977023564000,pSA_5.000000000000,pSA_5.336699231000,pSA_5.722367659000,pSA_6.135907273000,pSA_6.579332247000,pSA_7.054802311000,pSA_7.500000000000,pSA_7.564633276000,pSA_8.111308308000,pSA_8.697490026000,pSA_9.326033469000,pSA_10.000000000000,EAS_0.050000000000,EAS_0.060000000000,EAS_0.070000000000,EAS_0.080000000000,EAS_0.090000000000,EAS_0.100000000000,EAS_0.107226722000,EAS_0.114975700000,EAS_0.123284674000,EAS_0.132194115000,EAS_0.141747416000,EAS_0.151991108000,EAS_0.162975084000,EAS_0.174752840000,EAS_0.187381742000,EAS_0.200923300000,EAS_0.215443469000,EAS_0.231012970000,EAS_0.247707636000,EAS_0.265608778000,EAS_0.284803587000,EAS_0.305385551000,EAS_0.327454916000,EAS_0.351119173000,EAS_0.376493581000,EAS_0.403701726000,EAS_0.432876128000,EAS_0.464158883000,EAS_0.497702356000,EAS_0.533669923000,EAS_0.572236766000,EAS_0.613590727000,EAS_0.657933225000,EAS_0.705480231000,EAS_0.756463328000,EAS_0.811130831000,EAS_0.869749003000,EAS_0.932603347000,EAS_1.000000000000,PGA,PGV,CAV,AI,Ds575,Ds595
stat_1,0.23691887839841833,0.23677757770987987,0.23571756410803923,0.23199019385111735,0.22994608940586114,0.2293033615868781,0.22501953101751093,0.22196055228334038,0.22020237296856288,0.21804454126037678,0.21685756451432905,0.21676672480342996,0.2145780100292503,0.20913594909929806,0.20440550597173013,0.2012154843659888,0.1937244147253945,0.1885724503022239,0.18613787387643002,0.18074916793736154,0.17640446397010345,0.17302459492671526,0.17279118699173882,0.17293138193310498,0.17018820552813646,0.16589614494751456,0.16093341563080343,0.1606331015994918,0.15763581657333828,0.15549322318257328,0.15586835020564296,0.15477404345913115,0.1536126541390942,0.15152132205373947,0.15152281815772803,0.14904978095638943,0.1465374253308804,0.14385550708559047,0.1418921320698221,0.11447902168775262,0.10458788037573466,0.11716838492121423,0.1226603239223301,0.12309131730581419,0.1378238049899752,0.15188062266953045,0.156882303010769,0.1607237936047245,0.17109369265538166,0.17765060280185474,0.17740704269665716,0.17245128149551034,0.16848930097135567,0.17073816788593635,0.17318513817933773,0.17875283704267275,0.1849601944820231,0.1888431729672213,0.19663952131178483,0.2013789598890019,0.2043290057463935,0.2034496897423291,0.20898196413913797,0.21248220194529388,0.2178870299968335,0.2182769009902734,0.22016217994088033,0.23011666070005357,0.2343266927624636,0.22982367276147941,0.22662628105774812,0.22720799355405796,0.23537926211289703,0.2392734851294215,0.23824259576497991,0.24006389368437567,0.24452930675552548,0.2428812637954465,0.2191860668838756,0.19283936253767267,0.15752789163222536,0.36251100150039683,0.2050294055905888,0.16718989318797736
stat_2,0.16256677743708955,0.162441408753045,0.1617947532361753,0.15936865680700746,0.15810984375355897,0.1579634777848099,0.15528213058652515,0.15328156571071805,0.1521772179842131,0.15071565867140732,0.14986864292983487,0.1498019016368788,0.14826205893477756,0.14451260506220104,0.1412885853904029,0.13902957957736958,0.1336518159548132,0.12997917732905614,0.1282591866137986,0.12451786568086584,0.1215729264613502,0.11935569668120587,0.11944279160554322,0.11956033239980152,0.11753011049952262,0.1186562967344077,0.11508369456149378,0.11486687463854343,0.11265011935649927,0.1110959430621886,0.11135985091627831,0.11061461344516779,0.10993538078229986,0.10853107897003614,0.10853692495488292,0.10690463531996675,0.10538863238623486,0.10398467893876197,0.10285859007547285,0.08626382902650481,0.08349959822344741,0.08983921494084396,0.09510929057129613,0.0953869342563998,0.10201082461776692,0.11254008816149152,0.11463872194426035,0.11655645983621848,0.12344247963480594,0.12768653937361724,0.12699537503302324,0.1234483593903935,0.12108059413339241,0.1227198744387848,0.12411638861424819,0.12797601863044064,0.12828727181178695,0.13175868873741065,0.13718534584773992,0.1396681541578326,0.14107685351750848,0.14016866257040156,0.144251270057725,0.14691388852609097,0.1508622005009546,0.1507798232056245,0.15176858811228874,0.1587788876236165,0.16188547181395008,0.15876620781970993,0.15640924742401974,0.1566349504005489,0.16193295326136548,0.1641731112203258,0.16325627400410056,0.1644090794201658,0.1673861802610967,0.16632446814716065,0.15084084578724502,0.13288616843729836,0.1102535920119072,0.25056235093231155,0.14843087787937653,0.1170494036311866
stat_3,0.16863949506284712,0.16851439468092266,0.16783290900144254,0.16530618170245437,0.16400342876653703,0.16385001847123976,0.16105795770149442,0.15897491007516465,0.15781959973332602,0.15629543618155803,0.15541681272023197,0.15534800364973958,0.1537552103992895,0.14985742842848515,0.1465150243866078,0.14418250303973282,0.13860413531823884,0.1347990818857803,0.13301653646551184,0.1291406933227046,0.12609140727538473,0.12379107893415031,0.12387063560896283,0.1239930805939854,0.12189383599769675,0.11863026937972398,0.11505431917853762,0.11483757767670398,0.11262774353610742,0.11107268413844008,0.11134047910437456,0.11059950016952305,0.10992157754409093,0.10852600044608199,0.10852615911249973,0.10689441959194809,0.1053883161918624,0.10397501256207943,0.10704127456787567,0.09972095635931211,0.08670301042902552,0.09376107751191286,0.09912273277849493,0.0994005721112934,0.10597557394494,0.11252172414417297,0.11463041820794855,0.11653803564976856,0.12342419918399827,0.1276670923629263,0.12697685143003337,0.12342686696685157,0.12105131474248754,0.12269074509395086,0.12408292388597027,0.1279470439877219,0.13304222012834896,0.1365965537231484,0.14223523766480073,0.14485649918556234,0.14635199241844496,0.14541253261598716,0.1496292939420143,0.15237287505027958,0.15645079286636282,0.15636448461448932,0.1573952597187837,0.16467194163664564,0.16788676619454124,0.16466129207024843,0.1622336824368575,0.16246353025629187,0.16797358220795738,0.17031530967321556,0.16935160779501016,0.17054792099694494,0.17366514763304297,0.17255340365166918,0.1564263431982325,0.13780272973442498,0.1139596911242474,0.25948862056649996,0.15354822385394112,0.12135329735404554
stat_4,0.18410885990347184,0.18398064683607435,0.18321835078580173,0.18044158726972748,0.1790197803245827,0.1788344380373479,0.17575606639141086,0.1734698753733526,0.17219107448515134,0.17051729738308813,0.16956026294801463,0.16948592284000155,0.16775478114208783,0.16350651902836458,0.159852481258338,0.15731966344940132,0.1512560106798525,0.1471152205389501,0.1451739423362226,0.14095103274670165,0.13761782908326958,0.13510621472701345,0.14200544321078062,0.1421411538774626,0.13976673512136653,0.13608185236493328,0.13199661918288472,0.1317488572094583,0.1292352925515607,0.12746468453565352,0.12777297902986964,0.12689692759332957,0.12605758643578702,0.12438900333986476,0.12438277820622069,0.12245122515688188,0.12061664090087736,0.11881397824763444,0.12400612306771212,,,0.11691767537972783,0.12240567394410008,0.10918496978131007,0.1217425854239914,0.1275888088714699,0.1305847836270343,0.13310662443608776,0.14121426547105256,0.14629005296407552,0.14569605992339255,0.1416633765256305,0.13875342303874258,0.14060932964613315,0.1423148452614604,0.1467699512779608,0.15240880347916408,0.1562348118851381,0.15501407657644156,0.15800635242724279,0.1597462484249163,0.15875292246130268,0.163314026373672,0.16625947982656764,0.17067545330544157,0.17061827477424607,0.171754156200116,0.1796927659660382,0.18317835326900336,0.1796691605334486,0.17704857614819383,0.17730413291882502,0.18335501799537593,0.1859532664554812,0.1848804213323875,0.18618556313430148,0.18964172347537392,0.18840978799947644,0.170690446825575,0.15035797302789328,0.12351096171739474,0.28242229924827106,0.1662191309047852,0.13217639350532556
stat_5,0.16247926017386277,0.16235452466495093,0.16170678946523756,0.15928012645000808,0.1580211708243615,0.15787570804551265,0.1551945770161213,0.1531927798138586,0.1520894676351995,0.15062739946567216,0.1497802779610614,0.14971362948302372,0.14817544184663203,0.14442193202438913,0.14120203747484025,0.1389471809598783,0.1335680980468601,0.12989846555289808,0.12817975258209463,0.12444165971052688,0.12149968461807505,0.11928074748977896,0.11937263034426111,0.11949069623614726,0.11746385875619199,0.1143092166600131,0.11086285872020551,0.1106537721581086,0.10852233900373273,0.10701435644136993,0.10727487293199955,0.106569443415608,0.10997220121781706,0.10857601573487802,0.10858640981516583,0.11654994931543142,0.12065051064942495,0.1437986681032269,0.1541877264479609,,,,0.14383477905903555,0.14428242175856804,0.14848568307373675,0.1518197872496768,0.1306374441637705,0.12687732279218256,0.12350136330040613,0.12772944736186317,0.12232239917213722,0.11888095647705446,0.11663488986863844,0.11823078653984753,0.11955477382363809,0.12327430913524769,0.12821835432728806,0.1316854608853827,0.1371057290580723,0.1395901116500778,0.1409986619570485,0.14008902292723305,0.14416715155063856,0.14683010610814215,0.1507730734131248,0.15068645309883277,0.15168000679338067,0.15868697737692256,0.16179170203565865,0.15867586595441283,0.15632088709903103,0.1565466522099074,0.16184403486066654,0.16408542304941148,0.16317141181211917,0.16432534591365822,0.16730215666926637,0.16623983992756095,0.15074848965836343,0.13280297886505982,0.11019382875182361,0.25041182740492396,0.14836676181670508,0.11698944149565202
stat_6,0.16864035131290495,0.1685155282211983,0.16783397128570474,0.1653085827288431,0.16401033494453104,0.1638651480442449,0.16108434385497397,0.15900251016066036,0.15785116143636915,0.1563261193355504,0.15544556565139686,0.15537671065553685,0.15378469989471624,0.14988824425442204,0.14654453664158953,0.14421340583525816,0.1386285705259812,0.1348204979051326,0.13303676066068293,0.12916159082858497,0.12611249378158576,0.12381523929162548,0.1239213153253389,0.12404505164535481,0.12194377927180566,0.11868034980144429,0.11511410839413218,0.11489723007511353,0.11269307646431458,0.11113912673093204,0.111422857309984,0.1106859453799315,0.11002814516852288,0.10863255884066343,0.10864619976726907,0.10702095420969868,0.10554608699913397,0.10418818733826099,0.10730318831027481,0.08335691747554683,0.08708350919939319,0.09033993265667993,0.09550298921793494,0.09570687626221513,0.10625425400396919,0.11277818594252485,0.11482411208956038,0.11669274222531344,0.12357187001148481,0.12779379641068211,0.127074926873474,0.1235150366387305,0.12113136094433119,0.12277114861670663,0.12415215655174962,0.1280043622414363,0.13310552998341835,0.1366686716304833,0.14228704196526248,0.144899565732796,0.14638863578244415,0.14544153974627144,0.14966245288518507,0.15240973600055915,0.1564892362700271,0.1563966655254712,0.15741706487180848,0.1646985707446084,0.16791890541044988,0.16469406511927015,0.16226195062140605,0.16248664463090226,0.16798472600330985,0.17031777615164204,0.16934562214629156,0.17053950018573485,0.17366074340823934,0.17254860656760668,0.15642425533822762,0.13780481730993754,0.11392531012705152,0.25943656720114733,0.15362227795589842,0.12138897816609874
stat_7,0.1571102677240497,0.1569850862136586,0.15636768084424255,0.15402702453760386,0.1527995396401824,0.15264615189113975,0.15005515385391602,0.14812255817239398,0.14706004516143723,0.14565436603287532,0.14483565008965446,0.14477091051548746,0.14327925019637597,0.13965787217580114,0.13654264664105228,0.13435278886407695,0.1291575404668517,0.12560992897581835,0.12394830125395373,0.12032939258510825,0.11747886998752122,0.11532662748441819,0.11540610984904817,0.115518726627728,0.11355637018372144,0.11050085670189826,0.10715517807873472,0.1069528670682966,0.104883188902386,0.10341553726230374,0.10365811552476771,0.10297387703544987,0.10236577617426477,0.10109274224279656,0.10110406776522625,0.09959051605010477,0.09818847617423532,0.09691746856134961,0.1070609813562583,,0.11120604812218234,0.1096106177509422,0.10352631151790673,0.09938712948970795,0.10597630043139475,0.10517214845064822,0.10695721869111063,0.1086532582647392,0.11500906996737895,0.11887174186497736,0.11815752280393924,0.11482043407013631,0.11269368072140655,0.11425346594465786,0.11553568170239281,0.11914629230926388,0.12394413654607775,0.12732197379288232,0.132563029463454,0.134942874074839,0.13628670391015768,0.13541558972120898,0.139367978258634,0.14195665265276805,0.14578033125348133,0.1457088216154213,0.14667800119209726,0.153441474185239,0.15644452075682144,0.153421727390582,0.15113433489434472,0.15136580607453823,0.15648492880901985,0.1586526318270285,0.15779423608061957,0.15891440794061953,0.16176165958367705,0.160743670396832,0.14580855662970837,0.12844788955396302,0.10697099994016392,0.24259345741715083,0.14370468866609482,0.11312352503997157
stat_8,0.13410147195274047,0.13397327801143977,0.13348413961669975,0.1314996522233646,0.13037379611986125,0.13014220565675075,0.12790644116643304,0.12626142684379305,0.12537590022745232,0.12421753732934193,0.12352636143426181,0.12347008055922523,0.1221817475770176,0.1191108646251479,0.11644363267849808,0.11453749849485967,0.11016536189357562,0.1071608026581042,0.10575097597786136,0.1026470280369599,0.10017758296979201,0.09828741699638743,0.0982926563300901,0.09838194815229134,0.09672719300176094,0.09412431404700002,0.09125121774539012,0.09107797209504036,0.08928467294471486,0.08799181749144665,0.08816971312519507,0.08759970292271868,0.08712729978248812,0.08610006101883713,0.08612143615966353,0.08485396609782554,0.08553956949848662,0.08448050771473864,0.08363369120671928,0.08289007234017899,0.07608283381943347,0.0785507233255459,0.07526603987855379,0.07541057280416803,0.08339840851984576,0.09197217421498122,0.09329156186482195,0.09254949798629629,0.09786398927868126,0.10100290994601505,0.10027767310561712,0.09734073082695242,0.09570399094154149,0.09711351135507602,0.0982454686019175,0.10136219804586538,0.10546044431602718,0.10836513699376146,0.11280106818342907,0.11480836672354677,0.11593362458927414,0.11527130650209194,0.11865532346355927,0.12090746379230385,0.12419354254389589,0.12424055099751402,0.12518261819927495,0.1308625420048075,0.1334005217737545,0.13076973152292368,0.1287714920389465,0.1290634520514908,0.13345590225922682,0.13535988399569113,0.13480367917460107,0.13579990323669136,0.13806584391657947,0.1372384497057396,0.12459775283756402,0.10971731095360643,0.09340942109530995,0.20938714822292703,0.12293505642601286,0.09623217510182287
stat_9,0.17575303726211203,0.17562704446875083,0.17490732082474933,0.1722648399358864,0.17090874723882699,0.17074273082383196,0.16782025663334346,0.1656428359017318,0.16443011796146378,0.16283572105123814,0.16192012986291826,0.16184881018135908,0.16019229657740305,0.15612869889201464,0.1526420715074992,0.1502202962550728,0.14441432418847383,0.14045472898803582,0.1385989960172809,0.13456402616617982,0.13138856506280022,0.12899088950213614,0.12906273557165285,0.1291892338928223,0.12700797163561556,0.12362065915358018,0.11989766997250709,0.11967206250760483,0.11737626438160388,0.11576493638012453,0.11604706359253911,0.12059429386073194,0.125994986077038,0.13159327862862927,0.13158201861904673,0.13821087986061678,0.14651772786179407,0.15680575371073807,0.15445877632494948,,,,,,0.14870942386357744,0.16379440618569446,0.15684230912652317,0.14957282031767283,0.14921390969601445,0.1462230671172924,0.13847640726938729,0.12866573757832703,0.1261374691642382,0.1278321529966452,0.12930500235764222,0.13333650654128462,0.13859889173682366,0.14224535484481596,0.14812376102786595,0.15091285229521803,0.15251515634252494,0.1515471948078424,0.15592202033671287,0.15875979059493908,0.16299124110922436,0.16291467912746324,0.1639941493011648,0.17157854864058597,0.17491953868690865,0.1715655121642564,0.16905068018632388,0.1692898854741662,0.17504782265896884,0.1775076104267017,0.17649159983043175,0.17773809720082637,0.1810139415545354,0.1798459123785621,0.16298088510725914,0.1435725010889789,0.11833387925380058,0.2700037973457326,0.1594369613913102,0.12635412024419673
stat_10,0.1405621149703242,0.14043440335283025,0.13991062552412192,0.1378294464814544,0.1366792364612692,0.13647677522965074,0.13414719607606965,0.1324235531896794,0.13149067203582065,0.1302633727916119,0.12953578561772797,0.1294770419160597,0.1281306408824502,0.12490397284151455,0.12211071512579251,0.12012305082847952,0.11551600327506131,0.11235606022298596,0.11087456340308202,0.10762487736449586,0.10504936339744919,0.10308714841509654,0.1031063207508096,0.10320264212900945,0.10146094445449085,0.10134019026922546,0.09826145544910796,0.09807533050780298,0.09615523208560564,0.0974321392480435,0.09764087675718107,0.10671168998102394,0.1261806918530822,0.13184285586710864,0.13183351661684817,0.12980065204243946,0.14661642021950871,0.15680575371073807,0.15445877632494948,,,,0.1438641032432834,0.13246287816214636,0.14870942386357744,0.16379440618569446,0.15694039848261848,0.1408325245026418,0.149488397813216,0.14642441648972387,0.12246011715597348,0.1080174855497637,0.10610465479228667,0.10466881062928518,0.10586711537326332,0.10919728087598557,0.11066620432867931,0.11371170182367446,0.11838463405386102,0.12048858285688792,0.12166662674206757,0.12094199834104094,0.12449057138832198,0.12684135963654394,0.13028294278793676,0.13029235320661367,0.13123703446327534,0.13722532538665652,0.1398980011647167,0.13715615686685598,0.13507297977804553,0.13534470947109983,0.13993383125316622,0.14190121563619723,0.14125168616355324,0.14227874957427933,0.14470940043508493,0.14382942443884678,0.13056143087127867,0.11498825305578084,0.09718814676157783,0.2186838789002702,0.12884685056926684,0.10100462019518539
stat_11,0.18376604998036383,0.1836396816352545,0.18287446596028206,0.18009639299694388,0.1786726845420496,0.1784815922065574,0.17540348246865314,0.1731167753517382,0.17183598137886524,0.17016168918403274,0.16920671454856803,0.1691327133584149,0.16740682035764767,0.163158646354294,0.1595147172831912,0.1569951507033599,0.15094274111666783,0.1468164721381902,0.14488275808965537,0.1406727445428862,0.1373605459731017,0.13485886389401577,0.13492558458631054,0.13505694595256607,0.13279012910933313,0.12927293804302706,0.12539118261481336,0.12515555599653425,0.12905994265752532,0.12730639709680147,0.12762797757522001,0.12676256094973698,0.1259243112980123,0.12428081214709738,0.12427399558750171,0.12943829216126312,0.1274507198666519,0.13353126131117551,0.1318472632860127,,0.11933163978845926,0.13897840680634846,0.12237350184597157,0.11536773345409244,0.1288616269093999,0.14203862088186825,0.1376231288517718,0.14044952606428768,0.1410941012188438,0.1461453320295073,0.14555602063929038,0.14152475593380615,0.13859253352426457,0.14042609168635778,0.13522295938883921,0.13943815321507602,0.14487054650339035,0.14860269464502363,0.15473901887033262,0.1577204270242325,0.15944894477640506,0.15845237016977565,0.16299124776919943,0.165924672689581,0.17032170875657318,0.1702589756220216,0.17140220612940854,0.1793253012412605,0.18279996628272727,0.1793025147349012,0.17669505183904702,0.17695013553537325,0.18299859120354892,0.18560827252684098,0.1845483585615702,0.18585768566493893,0.1893096179948981,0.18807655280546537,0.1703491622389384,0.1500502498128537,0.12330156380921706,0.2818875045351555,0.16593803415097208,0.13193200226710408
stat_12,0.1405088575807013,0.14038139924065607,0.1398573476373763,0.137776252966356,0.13662650767684426,0.13642274894834006,0.1340906336965237,0.13236723619601223,0.13143320226100016,0.13020580480395333,0.12947832517597307,0.1294196307195932,0.1280748224018427,0.12485164117192472,0.12206082774532877,0.12007493698555986,0.11546904263891387,0.11231281680969533,0.11083168945615669,0.10758568875319637,0.10501543633410672,0.10305713237415064,0.1030795878028144,0.10317793301133577,0.10144155989863585,0.10123754438318071,0.09816100786198553,0.09797511173296948,0.09606433507870164,0.09729898507346088,0.09751427233180243,0.096872918924998,0.10240624344300009,0.10112498369027835,0.10113356025622397,0.10309673804196526,0.10163371771156834,0.10029409349170458,0.10289915469958884,0.11464482986014805,0.11129052664087553,0.1035083167749491,0.10902694567047383,0.099461878974434,0.10203488189054766,0.10869208388207184,0.1106342403981636,0.11244325619302045,0.11503816964970777,0.1189128738031971,0.11107542828331264,0.10790366565235157,0.10597468884227099,0.10457841879170361,0.10576521012446469,0.1090917145129313,0.11064586978849708,0.11368561037141633,0.11835339234913958,0.12045243043493711,0.12162562799821673,0.12089804394838306,0.12444262130149707,0.12679202036836987,0.1302312598467893,0.13023825181671836,0.1311797091300758,0.13716510771899396,0.13983662230803323,0.13709676278959435,0.13501651636320414,0.13528750788652483,0.13987856498874188,0.1418476091573534,0.1411984929912018,0.14222573307764685,0.14465616785117477,0.14377611755418293,0.13051134500486208,0.1149439007101451,0.09715236364411517,0.2185986196162264,0.12881386256879027,0.10097306882143016
stat_13,0.1687322902805027,0.16860672344961788,0.16792568361660923,0.16539813208830625,0.1640938512235138,0.16394195442835766,0.1611477389766829,0.159065481034696,0.15791276661040948,0.1563888183158412,0.15551035302586516,0.1554414724438006,0.15384753269246698,0.14994784414863999,0.14660311749359173,0.14426789523008307,0.13869145792452509,0.1348842761440242,0.1331007375850532,0.1292221301150758,0.12617003008348399,0.1238679793947432,0.12394340625633785,0.12406544706551467,0.1219672703227986,0.1187029769388211,0.11512963109028623,0.11491272050586324,0.11270168482853894,0.11114678665614662,0.11141451299904856,0.11067530179698838,0.1100020089042358,0.10860722685991687,0.1086081707151929,0.10698438960092814,0.10547459408469792,0.10407709211435702,0.10299194187118707,0.1065248557451437,0.0901184459254062,0.0936224631175721,0.09177807140360308,0.09202265636761407,0.10212532382296743,0.11260933351011068,0.11470949278180782,0.11662303720422659,0.12350548808444216,0.12774806678097653,0.12705182260431655,0.12349261655886795,0.1211195856389707,0.12276132867344008,0.12415751695939134,0.12802072987298818,0.13311568297003035,0.136666884868603,0.14231027629235213,0.14493607692075777,0.14643430936022284,0.14549747360399093,0.14971711116254446,0.15245951757490933,0.15654058728908388,0.1564579597714279,0.15749187672975576,0.16477078724043998,0.16798653733357927,0.16475766391915092,0.16232455855750788,0.16255501920917248,0.1680683786408926,0.17040806204072917,0.16944495586037361,0.17064178736988184,0.17375885018655485,0.1726472584574825,0.1565118340568946,0.13787778685834434,0.11402624360640275,0.2596419907374775,0.15359137303746295,0.12140131379250983
stat_14,0.18390780245507135,0.1837807172345792,0.18301636538728283,0.1802378336310416,0.17881310282507484,0.17862154013452725,0.17554134687923942,0.17325330948893403,0.17197259091482087,0.17029851210482116,0.1693428843413518,0.16926877062700826,0.16754124877644255,0.16329855181934275,0.15965199284209872,0.1571275456573259,0.1510717295266899,0.14694171011294174,0.14500599441642334,0.14079213096564833,0.13747654857702196,0.1418852778701328,0.1419162998735448,0.1420519885863382,0.13968351805785514,0.13600498144533596,0.1319218442590255,0.13167426536639737,0.1367347423871652,0.13487870838667887,0.14433153987085634,0.14332770729506242,0.14230619867258595,0.14039846175177942,0.1403800360362352,0.1489233889466309,0.146392214865509,0.15668721284016798,0.1712474941497098,,,0.13920401048490758,0.14378092503830556,0.14426421903030057,0.16278781252484925,0.16368952278656268,0.15671722245856035,0.16057856808221216,0.15891068721451276,0.16485117221756998,0.16443750545994795,0.15987541410812708,0.14668627107255128,0.1486283302936781,0.14223523164428178,0.146688542915994,0.15231713337532263,0.15613376737895807,0.16259149922827767,0.15784373147926006,0.1595732603038358,0.15857834088124273,0.1631227169303095,0.1660602710553354,0.1704635994779988,0.17040361799652445,0.17154097239844524,0.17946832581642344,0.18294595508415795,0.17944377295744748,0.17683201933910303,0.1770897292829683,0.18314167646026253,0.1857504896004565,0.18468887522593103,0.1859978641300904,0.18945044201158964,0.18821767486209376,0.17048779872828976,0.15017345915020885,0.12339932181108343,0.2821218974936717,0.16603110472611574,0.13202064650905904
stat_15,0.13153486124063984,0.13140512548023475,0.1309320694570097,0.12898638012975708,0.12786397728551196,0.1276100786244252,0.12540612320849728,0.12379123430181879,0.12292482600037673,0.1217975049059379,0.12112174582750457,0.12106639940236218,0.1197999353385254,0.11679614273397988,0.11417861640193301,0.1123013736460047,0.10803062272766924,0.10509350374738823,0.10371268742548033,0.10066627295093415,0.09824238733511591,0.09637637314035143,0.09635022710397687,0.09643563075673925,0.09482400776938883,0.09227848912481103,0.08945529743049853,0.08928526785684812,0.08752017941529461,0.08624946354240241,0.08641695874811367,0.08586730424634596,0.08541517965080785,0.0862428087952961,0.0862580881899436,0.08690071519907838,0.0856757677858061,0.08461314580259821,0.08376567884927778,0.07699657593944094,0.07601390304562836,0.07266106561836555,0.07537452516515947,0.0755046002654969,0.08351442980588321,0.09209251628914839,0.09342347758719032,0.09478526733482603,0.09800369426218956,0.09896014743959605,0.09822786797053096,0.09531589645575383,0.09374724009398844,0.09514350086399029,0.09627268771417316,0.09934243407207304,0.10334574927562105,0.10617542206485191,0.11052864979158619,0.11251078913628595,0.11361614511140515,0.11299098280038816,0.11630513717277377,0.11851910311595171,0.12174312397240691,0.12182010195910495,0.12277102923682227,0.1283190835954784,0.13079896418257742,0.1282076948901803,0.12624117655704392,0.12655223185930822,0.13087168711228542,0.13275715336194874,0.13224917368889205,0.1332351834941531,0.13542657185780402,0.13462251840285047,0.12223725708407271,0.10762713980658559,0.09196643191636597,0.20578983222559255,0.12042157037901534,0.09426229850327554
stat_16,0.1374222105559883,0.1372930495478789,0.13678892211382912,0.13475768194447277,0.13361935146726245,0.1334019296970351,0.13111917603467957,0.12943439918854716,0.1285296647844203,0.12733883885835529,0.12663379012147294,0.1265761163959311,0.1252564736947379,0.1221102910336964,0.11937876738245885,0.11742665237079583,0.11294248941789037,0.10985980842943152,0.10841211121370144,0.10523308300275952,0.10525876573451985,0.10329672086401705,0.10331701402506253,0.10341643348413532,0.10168952957736437,0.09896098536283215,0.09595016668545431,0.09576812530449638,0.09626017409660223,0.09490508154301976,0.09512389375541692,0.09452469144903448,0.09401236213275657,0.09290126143160783,0.09291733964325595,0.09155742089610507,0.09030903701365049,0.09430881973925465,0.0933616188873066,0.08309713519500209,0.08096902737327394,0.08134875219957559,0.08619701168450908,0.0863672834658614,0.09288844309234814,0.10241751451003164,0.09845842979721268,0.09988418340841959,0.10564003557788487,0.10905751834102953,0.1082998796569948,0.10514671633083196,0.10330842967788126,0.10477697618040785,0.10334019295425305,0.10660116553480088,0.11090575218252599,0.11393758700422936,0.11860997683407465,0.1207140532325352,0.11888968039096047,0.1181976940621058,0.12166784924606625,0.12396851866639459,0.12733896363285244,0.1273711200812678,0.12831318309832154,0.13414934610689075,0.1367528359079002,0.13406093980703274,0.13201150729521702,0.13229778521514796,0.13678845829042138,0.1387199017609857,0.13811482016684568,0.13912493687588356,0.14147111595388173,0.14061912931106113,0.12767704848350495,0.11244099088254166,0.09536818728970427,0.21420696972288422,0.12592814588548848,0.09866470393797644
stat_17,0.13739267992201548,0.13726385649327494,0.13675891481538419,0.13472672292524798,0.13358704586710307,0.13336741187202558,0.1310833991823962,0.12939846588193712,0.12848979005371694,0.12729849398284274,0.12658890044231888,0.1265313026472985,0.1252136527034325,0.12206840001534278,0.11933945488987312,0.1173897530247105,0.11290019464743557,0.11246437686789397,0.11098124001074186,0.10773025917418705,0.10783270771539355,0.10583148327703394,0.10586199645126279,0.10596495185441245,0.10417806594933814,0.10136852193577672,0.10098376810978296,0.10079266361146366,0.0988239974816378,0.09742413933450848,0.09763334621260981,0.09699075033414159,0.09644679920029614,0.09526983581228085,0.0981312735683875,0.09667579387315027,0.0983738589481625,0.10422666337283683,0.10729992163190884,0.10668911471432152,0.11131680989031159,0.10964233574178665,0.10910558698817356,0.09963288039177905,0.1062042105158251,0.1127545231104854,0.10714342027349086,0.10547139973001304,0.11160702771329434,0.1119311609784826,0.11119434717986522,0.10801211259045863,0.10609672503496917,0.1076016121149628,0.10882673165066346,0.10922652921360096,0.11364881070804893,0.11676772062938498,0.12156763819970616,0.1237261859803256,0.12177604651293997,0.12105055009464144,0.1216255693061412,0.1239307445685237,0.12729729727908948,0.1273283764040426,0.12827203881623955,0.1341044263886466,0.1367105210641898,0.13402029629305015,0.13197632082197827,0.13226262263829242,0.13675488612221678,0.13869034021684742,0.1380886907039019,0.13910006162962252,0.14144577645343429,0.14059329803301668,0.12764391981345127,0.1124096783926503,0.09535396243654719,0.21416292340249993,0.12588853329366131,0.09863654927772428
stat_18,0.13437527287269802,0.13424595485161214,0.1337574694056938,0.13176984131673314,0.13063887979203917,0.13040148688944,0.12815871619375663,0.12650988366221946,0.12562302875919973,0.124464761063553,0.12377271949249781,0.12371628058635772,0.12242569207408496,0.11935352885428048,0.11668277428833401,0.11477038093388725,0.11039418253443592,0.1073877881837592,0.10837253778947466,0.10519567655755717,0.10267512278823948,0.10074627639367163,0.10074891171069597,0.1008428748213665,0.09914961880324512,0.0988046646672879,0.09579738242403565,0.09561575844266791,0.09373802007075129,0.09239442463330766,0.09258279751379048,0.09198417437119681,0.09148188000347714,0.09039373787041464,0.0904044110792395,0.08907903199911199,0.09547782152733592,0.10054544649871203,0.10748514891666311,,0.1111718388159892,0.12656210435595894,0.10893457160019605,0.10403728214232413,0.10639912357214722,0.10894647976590162,0.10403269831272151,0.09716810345707382,0.10276386558699543,0.10610245142921258,0.10536592265211826,0.10230570257325983,0.10054889365024472,0.10200620892968672,0.10318451390582076,0.10644115513613182,0.10811363274740027,0.1110805494256181,0.11563989200126684,0.11770159818991704,0.1188504012278532,0.11815926754372771,0.1188868689388462,0.12114459564992028,0.1244376776395134,0.12449191986002313,0.12543946184372354,0.13112441887071197,0.1336652808657668,0.13102592219309242,0.1290217502897624,0.1293210141004931,0.1337242735456688,0.13563405002535225,0.1350810125060871,0.13607938391773206,0.13834538084884893,0.13751788831082373,0.12485897991484757,0.10994608987769612,0.09360959428899567,0.20985140376812922,0.12307021184655728,0.09638157441834554
stat_19,0.1441646742250677,0.1440375388381139,0.1434934164083282,0.1413561590219243,0.14018990951924357,0.13999824667421154,0.13760999014272982,0.13584120926323778,0.13487949132807076,0.13361317664859482,0.1328655153919923,0.13280546515064875,0.1314285103027419,0.1281187821573855,0.12525820847690308,0.12322672584288812,0.11849121317656931,0.11524978665820378,0.11372883035607693,0.11040209570372536,0.10777581362015407,0.10577816694817378,0.10581003788484906,0.10591332967616725,0.11015212835225081,0.10718549978366668,0.10393987024660258,0.10374338011428458,0.10173416561779336,0.10030911008478825,0.10054114098164452,0.09989001408675802,0.10257175675596572,0.10131289012231713,0.10131494088058557,0.09981041588367978,0.10171674697126833,0.10414305339096654,0.10720792013744547,0.11449774925934174,0.1111718388159892,0.11712489182524607,0.11513238919410738,0.11553591492552294,0.10611271478941894,0.11266336206222795,0.11070481418430343,0.10887268091231396,0.11522860928281536,0.11908392690768153,0.11455854014334191,0.111286222585309,0.10926882190289798,0.11079416630796976,0.1120384506830424,0.11554394693682188,0.12020693275797235,0.11671066417854487,0.12150641433241631,0.12366149222749759,0.12486366378934691,0.1241022636072594,0.1277361959977005,0.13013882393148082,0.13366394293410713,0.13365156202573095,0.1345973227266287,0.14075397335349915,0.1434992489290542,0.1406965687710059,0.13856963452384952,0.1388315745668365,0.1435376902951332,0.14554838942566034,0.14485190768426284,0.14589865782325473,0.14842059707782235,0.14751056609920615,0.1338825450747974,0.11792079237537544,0.09931000705120804,0.22388148371164557,0.13210959584547277,0.10365241904215823
stat_20,0.16885710812984092,0.16873089787481663,0.16805065467951735,0.16552429201757463,0.16421918737186897,0.164064222067172,0.16126832532808613,0.1591829385593581,0.15802792949677177,0.15650419781170036,0.15562535462683527,0.15555637802550445,0.15396103997248936,0.15006694156094136,0.14671926189108986,0.14438041165416635,0.13879791955294002,0.13499276992107878,0.13320768567548827,0.12932859486075868,0.12627936631368486,0.12397369216364593,0.12404909653880532,0.12417326632447875,0.12208000626452385,0.11882178525764385,0.115240533093615,0.11502335792277747,0.11745939091709048,0.11584373527600968,0.11612389896442475,0.12070536472111408,0.11993874062337394,0.11838955941723517,0.1183809674607435,0.12251184122917197,0.12762446211592238,0.1437640783452312,0.15428079553925123,,0.11933163978845926,0.13897840680634846,0.1435975868146398,0.13223926409358844,0.14855605335229843,0.1517680043096142,0.13779679784884688,0.1331621650470491,0.1344985571203985,0.13923888941873167,0.13858904948268924,0.12873452973829644,0.12621280974679633,0.127914830352962,0.12427066722780111,0.12814323867649155,0.13323321229566834,0.1367790704416615,0.14242169192195703,0.14505272316607565,0.14654501251623,0.14560655362978445,0.14982534813729503,0.15257462971120134,0.15666050067800616,0.15658104845953283,0.1576091214063452,0.16489157398416665,0.1681096314816511,0.16487672041686074,0.16244233588786533,0.16267710474605826,0.16819333775381562,0.17053480677737237,0.16957000781612483,0.17076503077016927,0.17388266618821435,0.17277135978442626,0.156638323696861,0.13799036952380525,0.11411415560876796,0.25985437137540407,0.15367697510995051,0.1214825772700073
stat_21,0.1374486844897233,0.13731921021940025,0.1368158200367166,0.13478564264578644,0.13364835475581657,0.13343290456439605,0.13114805320544204,0.12946364365753224,0.1349462932306638,0.13368044035337603,0.13293236780002782,0.13287222368808752,0.13149291679983136,0.1316823026120027,0.12874083754787344,0.12665830820981178,0.12177906616479951,0.11843874207108097,0.11687360196539034,0.1168629195119633,0.11408760989077439,0.11198976386995015,0.11204703442724757,0.11215915961060685,0.11026217125609968,0.10729688563096536,0.10404654136208936,0.10384979434551687,0.10506579435818157,0.10359601087166799,0.10382760895311204,0.10669575918620665,0.10605966592853533,0.10473204037941695,0.10473183522780755,0.12255483600780526,0.12762136619991984,0.13367579629811166,0.17113573271480018,,0.11957913119628549,0.13929040921301547,0.14383787070620582,0.14425775682703745,0.1626974718656952,0.14217293915484716,0.13779650731689555,0.13320966405270315,0.11911014828970996,0.1231561661653133,0.12244442197094584,0.11497267922434816,0.11286509542228686,0.11443326080947212,0.11214772184604976,0.11565901342582645,0.12032249404275432,0.12360668198593737,0.1286908575949092,0.1309900927866188,0.1322824930512096,0.12758023078002562,0.1313190374948352,0.13378278717424535,0.1374040520023909,0.1373737414874502,0.1346601133654376,0.1408217568538977,0.1435702020536852,0.14076503517725408,0.13204015149859089,0.13232631372442244,0.13681878045896606,0.13874660408558123,0.1381386409600071,0.13914741623507304,0.14149390921357471,0.14064238843793866,0.1277064006408549,0.11246856311565652,0.09538141208929468,0.21424736823607687,0.12595836685809733,0.09868782991853797
stat_22,0.16878987932712558,0.16866397547136644,0.16798379890852097,0.1654577262657323,0.16415617376469585,0.16400673414283626,0.1612153164741576,0.1591316205790827,0.15797949064512182,0.15645553932384298,0.15557477332487135,0.15550580794795846,0.15390993048093396,0.1500116933065835,0.14666574937968593,0.14433047109886296,0.13874510116344768,0.13494182259873827,0.1331581065827073,0.12928028716144904,0.12623528263971467,0.12393706793776908,0.12916423472119679,0.12929075197076928,0.12711496504584757,0.12938781845915365,0.12550148460969518,0.12526559277668808,0.12286999341802057,0.1211928302728915,0.12148864240373784,0.12066543123739686,0.11989760008865355,0.11834577786376729,0.11834393559004137,0.12245642110770141,0.12759587009226614,0.14379885202298925,0.14181659632213672,,,,,0.13242419662797547,0.1377435688942391,0.15181420051856476,0.13778196325341455,0.1331172877194711,0.13447020648123117,0.13920329152761543,0.13855362336706803,0.13470779408453107,0.13200896672666304,0.13377014073675733,0.1353404974320188,0.13955994298522795,0.13871726243250865,0.14236243994879053,0.1424002283920567,0.1450178891250113,0.14650195615325418,0.14555903890214772,0.1497748767687896,0.1525257785557726,0.15660917805995753,0.1565237745759147,0.15755101045995765,0.16483569542617976,0.16805700875595236,0.16482633243002745,0.16239053090490307,0.1626211905247254,0.16813148673996112,0.17046667762406995,0.16949672558330892,0.1706911213684959,0.17381039944089768,0.17269914694250757,0.15657095543541721,0.1379334805336784,0.11404666221157218,0.25971227743632996,0.15367643597250535,0.12146026000656558
stat_23,0.13425435487359932,0.13412513380323163,0.13363759579774998,0.13165333360026985,0.1305270192071756,0.1302957714683818,0.12805596337670605,0.1264095873287489,0.1255273383104921,0.12436985406772406,0.12641395840529893,0.12635648990156462,0.12504017697884334,0.1248073403209648,0.1220177285224734,0.12003259137316281,0.11542761461000539,0.11227056720111346,0.11078976275785615,0.11031128402691803,0.10767747252244511,0.10567870370758337,0.10571867242940915,0.10581935024618232,0.10695011259934442,0.10407180824271065,0.10091451801005938,0.10072355926867084,0.09875783052816549,0.09735741564619155,0.09757239801381899,0.09983928788247098,0.09926321449647005,0.10125016979783194,0.1012549392628669,0.10698953226610607,0.12066260861822817,0.1256783979932248,0.12413175083752369,,0.11978031089752565,0.1268106358948466,0.13183653767136966,0.12304363956320132,0.12185102143070267,0.13438072157193887,0.13063136714996268,0.11662894653384547,0.11516586809487427,0.1152369439924501,0.11450907139043415,0.10795548352204416,0.10603415089528058,0.10753787877908365,0.10875731705753724,0.11216798807751119,0.116701207433873,0.11662220366443175,0.12141440465560074,0.12356626534954436,0.12477390560836574,0.12085542622019857,0.1244008843174663,0.1267490854313946,0.13018770333995988,0.13019229360323312,0.12809118966934596,0.13391960945885187,0.1335624213825856,0.13092567755391987,0.1289190918167082,0.12921459505986788,0.13361207376395046,0.1355127770061987,0.13495338103897578,0.13594862412253986,0.13821476284404208,0.13738820878565014,0.12475111728231249,0.10985470441647706,0.09351328383388118,0.209642805780239,0.12303590631595941,0.09632826437799792
stat_24,0.17570508783261485,0.1755792306622038,0.17485940992628793,0.1722171631463907,0.17086098920842585,0.1706957648914319,0.16777346826286335,0.16559638677886557,0.16438382411959845,0.16278961854552315,0.1618758052993259,0.1618045174122286,0.1601491883103797,0.15608835483435166,0.15260572022778177,0.1501847250977002,0.14438107790647234,0.14042809086238114,0.13857273372500037,0.1345412689059837,0.1373648455248403,0.13485402516112355,0.1349135849372127,0.13504491472743432,0.1327775610005994,0.1292563717046953,0.125370869757072,0.1251352833419723,0.12274759736760184,0.1210706321841952,0.121372780576744,0.12055681158353981,0.11978142706699223,0.1182329267661304,0.11822837662405045,0.12239235386108782,0.1274507198666519,0.13362663543193476,0.13194801704652737,,,0.13907591686664758,0.12252334570145225,0.12294889210300007,0.1289468659060491,0.14212147961911395,0.1376231288517718,0.13304293727781458,0.13433548387683478,0.1390715410253519,0.13843603619174746,0.13459157221774473,0.1318782436400953,0.13363605054729907,0.13520142093592896,0.13942044673905646,0.14485695940979162,0.14858961915491403,0.15473356857940435,0.15772521908303713,0.15248943816058205,0.15151879964384227,0.15588669137979072,0.15872250258802853,0.16295259280845664,0.1628727778470182,0.1639505139898238,0.1715321227514065,0.1748702874438868,0.17151748134266698,0.16900374432807613,0.1692428930169874,0.17500014239445608,0.1774592197817195,0.17644446766561062,0.1776911382800191,0.18096611381804312,0.1797981882132492,0.16293480990720266,0.1435312803832233,0.11830501622238199,0.26993187128720497,0.15939493267401092,0.1263191635823849
stat_25,0.13423682975394535,0.13410817609294526,0.13361896549427824,0.13163193924688277,0.1305022158953242,0.1302654647458694,0.1280250295417761,0.12637748593672965,0.12549066146187035,0.12433220616033115,0.12364069926116217,0.12358436670767553,0.12229536902888423,0.11922568306475556,0.11655784109691003,0.11464920962043292,0.1102763092787823,0.10727284803523306,0.10586162848804022,0.10275606329687076,0.10029022068253572,0.10063901592747063,0.10064699804769528,0.1007407140598274,0.09904796189081047,0.09638332970760533,0.09569533683085563,0.09551394986974804,0.09363866496548964,0.09229989813064038,0.0924936246013039,0.09433280462649811,0.09381074311650216,0.09526421570113276,0.09527482815916179,0.09386590450481187,0.09526030847214505,0.10040413607256328,0.1030133426064179,0.11483277836546216,0.09950656459285835,0.10993886137212948,0.10381212508882565,0.09958791657293747,0.10213064135680179,0.10878493191768009,0.10380130843016341,0.10241353902097375,0.1083500018412256,0.10884484003277475,0.10810832589018983,0.10222487175094265,0.1004578515226269,0.10190674221387572,0.10308108961975007,0.10381293005367341,0.10800878761310022,0.11097595470865752,0.11552935889172251,0.11492001819448427,0.11604288196475229,0.11538338218018242,0.11876697439151515,0.1210206758838893,0.12430885920479427,0.12435971117735205,0.12530465354853648,0.1309855655748681,0.13352378938706244,0.13088901440465894,0.12888887523891804,0.12918551279095322,0.13358496003929404,0.135495111397453,0.1349431426675931,0.13594161170823807,0.13820703602095324,0.1373793469135724,0.12472414124460639,0.10982649179798812,0.09351475033325968,0.20962332331100053,0.12298307253162775,0.09629686312197361
stat_26,0.14055399415537906,0.14042623463332865,0.1399026223847678,0.1413052455571749,0.14014119881984577,0.1437890003594309,0.14134389887067192,0.14363974464125795,0.14717655237711233,0.14577164496839817,0.14495928332794195,0.14489441057032654,0.14339978109356574,0.1445826653724507,0.14669228486684044,0.15039191304344277,0.1446006171252548,0.1406405259919268,0.13878135636434152,0.13474158890062096,0.1315678940306957,0.129166525801585,0.1352032589768936,0.135334388970703,0.13310208790497105,0.14386361306723372,0.1489422641210457,0.14866374459654377,0.1574328619918278,0.1553074646117612,0.15567795868339596,0.15459025508576532,0.1534116585929989,0.15134237497402336,0.15132475797803455,0.1488238150632356,0.14631115868632638,0.1566276310099411,,,,,,,,0.16363909680341385,0.1566442783450148,0.16048447228888538,0.17087363932708433,0.17742704810510576,0.17720659155539537,0.17225747987000714,0.16829523897447693,0.17052321257493286,0.16044110408864878,0.15514624502606114,0.14520276476713237,0.14890338186022675,0.14832131009722824,0.15111270272684305,0.15270350560208854,0.15173368219855374,0.15611252037018733,0.15893633008191477,0.15663684643794828,0.1508520541270771,0.14680152483126166,0.15357006377289203,0.15656910505762894,0.15354161824283166,0.14654673285546985,0.14258969493312676,0.14741462328521687,0.1454952611917571,0.144795717408762,0.14227025751505282,0.14470058471436334,0.143820760716462,0.1275563995735966,0.11233252454300634,0.09529131757633867,0.21401368004551366,0.1258340182103548,0.09858176101794572
stat_27,0.1342859665035871,0.1341567652972534,0.13366880257013097,0.13168314081930244,0.13055506047484813,0.13031990731281853,0.1280778966529635,0.12643047607694735,0.12554712239426383,0.12438936948361248,0.12370126094158193,0.12364482913125248,0.12235466869597347,0.11928251183884914,0.11661322562046533,0.11470262767114074,0.11033342971808528,0.10732711096674886,0.10591483525791379,0.10280748871246426,0.10261637475694656,0.10069229623877603,0.10070343225013824,0.1032225092547827,0.10409846217954888,0.10129641677091436,0.09821430632528379,0.09802824863809032,0.09611213167365719,0.09729898507346088,0.09751427233180243,0.096872918924998,0.10244603475768067,0.1046845486947719,0.10868095387020987,0.10703928818872578,0.10551162164385473,0.10409900798418566,0.10716125856207082,,0.11978031089752565,0.10992913077861957,0.10911493992938427,0.09946879449283899,0.10607642125676148,0.11263449765426595,0.11475434291684017,0.11668787888066373,0.12359139997167472,0.11895383691013253,0.11107542828331264,0.10790366565235157,0.10597468884227099,0.10462867436735117,0.10581936507689604,0.10915152412310117,0.11356812176331642,0.11373634761239569,0.11559256557246698,0.11764444900845009,0.11609606853079672,0.11543542818025629,0.11882360157265562,0.12107496444895337,0.12436677820380887,0.12441772278959451,0.12536255690345768,0.13104651912351997,0.13358384589777858,0.13094660073371317,0.12894078854950095,0.12923783110964884,0.13363843610268128,0.1355442605036547,0.13498767987513666,0.13598436250845874,0.1382502475038788,0.13742332721387499,0.12477940618185929,0.10987815976775613,0.09354172662322456,0.2097016998204024,0.12303932009480381,0.09633967719929194
stat_28,0.1441743371874171,0.14404726850143598,0.1435028860377218,0.14136519005854162,0.1401984808036321,0.140007847726425,0.13762312341709318,0.13585418038307898,0.13489337769489576,0.13362687670433182,0.13287948091758495,0.13281942881029365,0.13144267606642948,0.12813434264519863,0.12527387143404994,0.12324201826428126,0.11850753360158689,0.11526624789383447,0.11374490607498289,0.11041748312712277,0.10779089243325982,0.10579098750219755,0.10582395704361477,0.10592603933568295,0.10414122179122558,0.1013423806487778,0.09826586957854794,0.09807973629491427,0.09616411068096599,0.09480580767565859,0.09501996660910947,0.09441041175270341,0.0938921451441731,0.09277011439631645,0.09278694569203208,0.09401882118951671,0.09273473024014874,0.09160024528810275,0.09070628805950708,0.0801911213812278,0.07872970089175545,0.07885226967020265,0.0814509054777069,0.08156043350944799,0.09030714498848982,0.0995447202612171,0.10107656581893348,0.10257192978631405,0.10549665402005665,0.10893016268787055,0.10818563123317208,0.10505394843602399,0.10321025949099191,0.10467806940611205,0.1058717128266469,0.10919967776027464,0.11360892097907346,0.11672370282109491,0.12151983631848187,0.12367810753610946,0.12488070673010943,0.12411970109232984,0.12775368132532794,0.1301549008617734,0.1336804958974818,0.13366782887028372,0.13461213415907708,0.14076901306309555,0.14351405504308343,0.14071112802570265,0.13858302505988235,0.13884498087987615,0.1435479322112719,0.14555824536757683,0.14486249971656745,0.14590962918426612,0.1484317639699571,0.1475215073052316,0.13388820498819046,0.1179251811718186,0.09931604795852378,0.2238932107232749,0.1321107957535763,0.10365545639214788
stat_29,0.13427257984957225,0.13414378583484637,0.13365463872948266,0.1316670757795779,0.13053663174252075,0.13029883496313258,0.12805697280403422,0.1264088097557978,0.12552166920616403,0.12436321220180391,0.12367150325093382,0.1236151524855417,0.1223247250655761,0.11925410623243712,0.1165839554149228,0.11467420920371289,0.11030038855834279,0.10974378637356375,0.11090630372040054,0.10765671266903463,0.10508211094231568,0.10312027655851119,0.10313702261160017,0.10323350322531998,0.10414389435327505,0.10133841213167788,0.10095823361423333,0.10076716823123881,0.09879705180729353,0.09739459208629425,0.10381216879399356,0.10678285762950501,0.10615835301661526,0.10481782168165016,0.10482210625784966,0.10325469197603973,0.12769538638858144,0.1256783979932248,0.13203623804751377,,0.11957913119628549,0.13929040921301547,0.13203889623282983,0.12304363956320132,0.1290224517852686,0.13438072157193887,0.13786886111529126,0.11260424006974648,0.11921572462065996,0.12326620343868747,0.12253534309343785,0.11496149044033957,0.1060721674404041,0.10757919548374546,0.10880275785134239,0.10919622408409313,0.11361608925434517,0.11374530531004413,0.11842184792933873,0.12052505914566625,0.12170036810287219,0.12097445506347214,0.11879128022770499,0.12104610038292454,0.12433542239550811,0.12438917547212214,0.12533568107849857,0.13101840751508592,0.13355702598608526,0.13092118229626262,0.12892045822725046,0.12921817695558938,0.1336195683462284,0.13553082029848373,0.13497937642409344,0.13597825453256382,0.1382436744801167,0.1374159575687906,0.1247583579399367,0.10985640125413638,0.09354121265965135,0.2096844628156201,0.12300045252020869,0.09631624579193052
stat_30,0.13155293732344103,0.13142305893942607,0.13095029186089677,0.12900502053651905,0.12788295866674268,0.12762969995066747,0.12542587060014795,0.12381114851678329,0.12294504041794975,0.12181784254801245,0.12114201906920767,0.12108664687039555,0.11981993450775823,0.11681600709048619,0.11419815506651904,0.11232027602199833,0.10804872997748513,0.10511053826297077,0.10372944627130493,0.10068273490975005,0.09825851665171031,0.09639367562294898,0.09636811757790474,0.09645477616124257,0.09484462896663998,0.09229884378573738,0.08947654384933537,0.08930645433069595,0.0875478041414342,0.086280522852939,0.08645465205880586,0.08591081749250636,0.08546178706391748,0.08448389781338432,0.0845048756672663,0.08327385265248169,0.0839665057387505,0.08296280410330872,0.08396584323690004,0.07456695463408734,0.07389978144103794,0.07646363277295251,0.07909669043764851,0.07567884463190928,0.08371879801321173,0.09031939901370424,0.0915590119405958,0.09079019456671239,0.0959809081585478,0.09900977337944132,0.09827011342923363,0.09534776958725431,0.09377847492424558,0.09517289033733702,0.09629453453356554,0.09936337631015234,0.1033679725785805,0.10619680829442435,0.1105486863194873,0.11252898731034199,0.11363356738910459,0.11300794618825441,0.1163235434290181,0.11853850339402051,0.12176361144614527,0.12184051506440945,0.1227909003196596,0.12833983478046687,0.13082047918665382,0.12822845391970625,0.12626091953559782,0.1265719114285841,0.13089123934804994,0.13277545364940607,0.13226631299191907,0.13325175663327032,0.13544335327533955,0.13463945760818158,0.12225591906059552,0.1076442717355963,0.09197661717098267,0.20581754473947272,0.12043893016249306,0.09427629393963145
stat_31,0.16875865143628127,0.16863299353081862,0.16795207179806215,0.16542452247281156,0.16412052024534451,0.1639667644679357,0.16118010818765097,0.15909576170374548,0.1579433304530152,0.156419318781435,0.15553892220819326,0.1554700147114845,0.15387545052206145,0.14997904238844198,0.14663403254346224,0.14429974853832908,0.1387178082093765,0.13491131237714163,0.1331285412956252,0.12925055975813435,0.1314323609595523,0.12903380854264787,0.12910789002320786,0.12923434832457312,0.12705454850422426,0.12366789200340518,0.11994860179812462,0.11972286402750633,0.11742649420604316,0.12113085312308286,0.12143094630894086,0.126871205832387,0.1260406246805789,0.13166187259596188,0.1316496069668718,0.13830798741379868,0.1361103885492474,0.15664937016579797,0.15431793655936793,,,0.1392947517485556,0.143835050571257,0.1442513315218881,0.14859378114839308,0.1636596780512563,0.14643526956782507,0.14967626937584788,0.14928879220182378,0.14627287413538045,0.1456706895615709,0.13464859297977852,0.1319406679668767,0.12788562096527498,0.12935797008519626,0.13338559045422416,0.13864915878381598,0.14229546505814128,0.14817317173813965,0.15096251453167078,0.1464659885010325,0.14552694469643893,0.14974497218067295,0.1524928358249784,0.1565736177203956,0.1564902405718296,0.15751960960751482,0.16480032844936612,0.16801898920630162,0.16478927336363342,0.16235500098132513,0.16258730850327885,0.16809328805419033,0.17043467751517086,0.16947050137734784,0.17066712433048062,0.17378471289256686,0.17267310191579216,0.15653650253236615,0.13790013802205647,0.11404083447935826,0.25967897376151006,0.1536195648009981,0.12142196831714815
stat_32,0.1523536925881529,0.15222774759530755,0.15163768202781072,0.1493727032670972,0.14817012169103155,0.1527010736482997,0.1552728909611292,0.15326968017449083,0.1521639315534045,0.1507023183156259,0.14985392294708513,0.14978722636663844,0.14824709013154297,0.14449437951201644,0.14659165365993193,0.14425742979273679,0.1444280863980524,0.1469011482556478,0.14496266390998355,0.14074728431720118,0.13742756618354918,0.13492712180674238,0.13499177006808022,0.13512833395929255,0.13961222137443371,0.1439092613892086,0.14896772312874462,0.1486891460727147,0.15747405313291854,0.155357530806363,0.19120254623470134,0.1898006468704792,0.18808141407011292,,,,,,,,,,,,,,,,,0.21597111569271749,0.21660323701691628,0.21034712284657772,0.16834564519085146,0.17056562235068218,0.1604676227303763,0.1551970362449039,0.15225031199741484,0.148688859690219,0.15482766051838198,0.15780475335836408,0.15953539425345076,0.15853845670199918,0.15593853526426799,0.15245032781670842,0.1565314304429579,0.150761260974301,0.15175781520302564,0.1587660150300664,0.1618719516009219,0.15875286387830992,0.15639788592238424,0.15662752081385314,0.15654193688836873,0.15383804322922123,0.15303446608025958,0.15412621887462885,0.1568553584012336,0.1558772381226283,0.1414261286078817,0.12458183414210929,0.10413817860263924,0.23569443284349284,0.1394921740774961,0.10966138383112929
stat_33,0.13153488843083916,0.13140486360567769,0.13093273025560773,0.12898864577447447,0.12786820927937126,0.1276173143870477,0.12541634651662867,0.12380217910706372,0.1229400372824215,0.1218133488211454,0.12114116986872978,0.12108575667974626,0.11982011346479716,0.11929345062251019,0.11662454999257293,0.1147137515218245,0.11548309816251869,0.11518251017406275,0.11366188831232725,0.11033426245551772,0.10770222734357737,0.1057035396546518,0.10574131872896966,0.1058439241681967,0.10405760833233124,0.1012532572152925,0.09817861584846817,0.0979926721045885,0.09608314290458804,0.09472140167279887,0.09753985526405426,0.09690092136486869,0.10244896493204192,0.1011627315179986,0.10117181180068568,0.10705459182132254,0.1055426028160409,0.11330052640205401,0.1120187578871664,,0.11949798417805908,0.1172003511251517,0.1090177047521921,0.10402841819403864,0.1106565566266017,0.1220536332553157,0.11479792602116398,0.11671074294435946,0.1150811645279971,0.11895887184978458,0.11110367734379363,0.10792674904137407,0.1031295351577636,0.10459846955060027,0.1057834520354434,0.10910797256749313,0.11352410490372328,0.11664293998842314,0.12143430933888633,0.12358810860351291,0.12479552922322407,0.12403422296353225,0.12445700880499336,0.12108637913166051,0.1243786850408057,0.12442894249926294,0.12278834425287634,0.12833669736308156,0.13081490211150035,0.12822261450395378,0.12625091883204398,0.12656129273492117,0.1308769021522328,0.13275716521945075,0.13224518733096902,0.1332294275724762,0.13542107620518354,0.13461767341768466,0.1222425235763854,0.10763422241740472,0.09195928008195052,0.20578490316717146,0.12044360514011068,0.0942730384104237
stat_34,0.15232466860894592,0.15219889622104843,0.15160851620145563,0.14934335043987082,0.1481403412289027,0.1479756076721312,0.14546137115312924,0.14359034496036086,0.1425652219312871,0.1412105663199479,0.14486854341296743,0.14480378242023506,0.1482630859178047,0.14996312369776377,0.14661653307160136,0.1442788799409565,0.1510702171336774,0.14694244532421555,0.1450034774605012,0.14802426670689017,0.14452645161513103,0.14187802189897897,0.14191630370553088,0.14205473409306493,0.13968563840031867,0.14399772930302138,0.1609254994769901,0.16062518417870125,0.17274004863625705,0.19074581304170524,0.1911184454537242,,,,,,,,,,,,,,,,,,,,,0.21026971268096223,0.20479216654442164,0.1864581564872007,0.1731721582201466,0.15528972732168256,0.15232855440291174,0.15615041737534172,0.16260311325402632,0.16585080781048764,0.16775936259947308,0.15858095139450196,0.16312644368293264,0.15247238751431288,0.1565574924738493,0.15647351128701303,0.15177350202549986,0.15347697844271158,0.15166687881722773,0.14872603052148242,0.14649784837143387,0.14673774030354744,0.15170212418471893,0.15380889039735016,0.15300682227750126,0.15409896854779684,0.15682769052384665,0.1558494390618276,0.14140031108551973,0.12455828480556506,0.10412324561813824,0.23565558744689377,0.13946552478620824,0.10964106810506537
stat_35,0.18444300162946475,0.1843135575273781,0.18355247768026736,0.18077719614760948,0.1793548662676342,0.17917431626086078,0.18508640984545474,0.18266643898580134,0.18130673073426198,0.17954025269179402,0.17853948292945676,0.1784617159565672,0.1766436421676177,0.17217251123840793,0.17806918529970858,0.18703754879702233,0.17997282119168337,0.17512771860308676,0.17284566671212195,0.16783550304330405,0.16383384363580794,0.1607724566975622,0.17330231345582628,0.17344975850305158,0.17071011559742416,0.1821133509323433,0.19783114013457187,0.19746443844004058,0.1938166755418931,0.1911597650415953,0.19152398545424038,0.1901201665698602,0.18842044850656733,0.1857627292100588,0.18572115267506875,0.18238317405475665,0.17864301904214405,,,,,,,,,,0.18774466489811314,0.19388495942084166,0.20755838182556272,0.21632648572989463,0.2169356024978313,0.21065581097583688,0.20518699838283772,0.2080273996077254,0.21195298285100747,0.19602558927978733,0.18549349967409512,0.1893620398547232,0.18339295710218176,0.18746870794433876,0.18994890945766807,0.18898045704122446,0.19423274791463854,0.1975793957898474,0.1900367575804307,0.17966768478473918,0.18089628866348773,0.18924020435320513,0.19288216439923192,0.18918857417694887,0.1864473329826171,0.18673567051595916,0.18370097126821322,0.18629262975780267,0.18521237401649052,0.1865134669561407,0.18997412807506614,0.1887420363005963,0.16352911434122205,0.14406464833529667,0.11867820740576462,0.27087092281360425,0.1598829191763923,0.1267452167729349
stat_36,0.17631364532861746,0.17618506164897013,0.17546890004982937,0.17282926449652392,0.17147462151202708,0.17132233941281957,0.16840460808416327,0.16622668047690928,0.16501919515934765,0.16342479894963766,0.1625087270847263,0.16243688892453018,0.16077285979768816,0.15670893169040917,0.15321010818998765,0.15077260544248192,0.14495194887917842,0.14097526279117994,0.1391117926061836,0.13505996324350095,0.13186504547351857,0.12946477289333716,0.129541711313569,0.1296715930420536,0.12748395150591202,0.12408550373396059,0.12587990109221062,0.12564314092310624,0.12323276350481636,0.12153333114740303,0.1280796876336169,0.12720764127503642,0.12638325634134254,0.12472500693279324,0.12471628256943927,0.12284904935625028,0.14703404282127439,0.1568327884690607,0.15449267857394736,,,0.13920401048490758,0.13195523281925697,0.1324094664005448,0.14873967972336868,0.16381894327571095,0.15736281896948165,0.13353143501359513,0.14158404000503405,0.14664773805599263,0.1460262624625887,0.14196424980581163,0.1323526057132484,0.13414657126825777,0.13573243936363685,0.13382261944759538,0.13910728852628143,0.14276664461277797,0.14865096493057345,0.15144312339903993,0.15304850624140875,0.15208058624506063,0.15647904760951414,0.1593311043621437,0.16358703257951798,0.16351479654406792,0.16458312670121275,0.17219237682816266,0.17554726638674317,0.17217465729265868,0.16963680036851395,0.16987736664080927,0.17563515282168624,0.17807463736425946,0.17704121594174857,0.1782803878545924,0.1815634669685767,0.18039634103906654,0.16352911434122205,0.14406464833529667,0.11867820740576462,0.27087092281360425,0.1598829191763923,0.1267452167729349
stat_37,0.1479594416844374,0.14783343046155112,0.14726691057893435,0.1450693753145655,0.14388796811213472,0.14371220854632166,0.1412671628027661,0.1394500810512541,0.13845841872900183,0.13714971843212181,0.13638048831823665,0.13631908041129834,0.13490848080686624,0.13150330699013602,0.12856930744341205,0.12649403237468862,0.12161882149615882,0.11828770054220016,0.11672548063042734,0.11331365463603914,0.11062499456031924,0.1085858565262885,0.108639206038133,0.10874469392074905,0.1069081172969056,0.1040331028129826,0.10087985263174043,0.10068897571232666,0.09873717606254,0.0973591310420099,0.09759248771378352,0.09696855386736815,0.09641353255641438,0.09526265812229205,0.09528200127854794,0.09386393445250871,0.09256191139821086,0.09404086379735199,0.0930732777099272,0.08578985086508042,0.0864504394440779,0.083649496711148,0.0859126599493629,0.08611206186469347,0.09261021782905689,0.10214973528346627,0.10090974708951413,0.10242221341533314,0.10836412449278043,0.11189832912935282,0.11116906192077693,0.10797032649089199,0.10603598620638154,0.1075168766177056,0.10872147179220461,0.11212781875379253,0.11665655768632163,0.11985385551209866,0.12478020860666356,0.12699227814470113,0.12822935607846286,0.12742986150600022,0.13115644381287944,0.1336147886663335,0.13722644472010764,0.13718907757743062,0.13813923952157045,0.14447834407314208,0.14730158541075203,0.14443635685860776,0.14226351991303277,0.14251253751833623,0.14733716075290368,0.14939079095744248,0.1486418495885754,0.14970967418513995,0.1523308564159395,0.15138819339194642,0.13737514061165368,0.12100553581305482,0.10152855013970662,0.22932404822155564,0.13558659190034428,0.10646197573089618
stat_38,0.19336337681436772,0.19323523180809798,0.1924180358562438,0.18947885081554142,0.18796955306061638,0.18774329003639456,0.18447461271232454,0.18205633719402467,0.18069903838521467,0.1789327334289885,0.17793167206452312,0.1778543907710146,0.1760452948789539,0.17157468050480754,0.16773671999563786,0.16509614002078565,0.1587494727754271,0.1544194708130506,0.15238719002732504,0.14796208574316816,0.14446544399491063,0.15009358784892807,0.15007489460973722,0.15021419042278944,0.14773913406623843,0.14388553574841348,0.13958317022483827,0.1393216455850105,0.1366876255181672,0.13483954428040837,0.13517530714835338,0.13425180108733167,0.1333445170936156,0.1315819147049598,0.13157226270183045,0.14879878001087563,0.17808628852649228,0.17381128919445646,0.170907642226812,,,,0.14358332595959727,0.14406248279286024,0.1625152369891771,0.1788448711943185,0.1872315847833689,0.1604596973299075,0.14920367395012496,0.15464487635827825,0.15411079756636595,0.149839833125699,0.1466517473689004,0.14858430482964133,0.15044762112722349,0.15516857581862994,0.16099439130438006,0.16487456597493547,0.17170006353459974,0.1657827327083975,0.16769128295388946,0.16667769776870925,0.17142424392359434,0.17447984614848988,0.17907563918032499,0.17904884996627335,0.18028293284609367,0.18860267089183128,0.19223371399866185,0.18855952221042205,0.1858338835429176,0.18611798632506044,0.19251777785500615,0.1953071342646595,0.19420206589055408,0.19558718369278325,0.19924252016566169,0.19793399066481798,0.1791774666941146,0.15780919837832458,0.12929676286404723,0.29619266766697233,0.17353852771977912,0.13853719259127642
stat_39,0.14811953798172242,0.14799269909318974,0.14742735812330676,0.1452311323470673,0.1440498420340615,0.14387795955395785,0.14143583820477848,0.13961925690965996,0.13862992769985563,0.13732149615621728,0.13655213562256682,0.13649056952004351,0.13507722558176086,0.1316729614662054,0.1287317938964257,0.12665007940445253,0.12177213158016273,0.11843211748611425,0.11686728745100178,0.11344793715320342,0.1107452109144091,0.10869947402115217,0.10874736551398521,0.10885238283004062,0.1070088151049621,0.10412744542401428,0.10096988352985974,0.10077879849245842,0.09881367436067187,0.09741196273867479,0.09762385032008497,0.09698428412700595,0.09644528623065267,0.09526853089780228,0.09527696977266659,0.09388933842513335,0.09527565222380313,0.09407676844225568,0.09312822268760537,0.08618272425242006,0.08084561303345596,0.08379635384856221,0.0859709174195554,0.08365880665086316,0.09266268142757145,0.10218224835980463,0.10382736381691332,0.10244564401459358,0.10835653955435187,0.11193408274347261,0.11118946103208764,0.10800495733111261,0.10608975649968541,0.10759637393782504,0.10881500011536896,0.11222612574637354,0.11676304615318547,0.11996860765044597,0.12490345704743962,0.12712383865002114,0.1283717511853509,0.1275758539606833,0.13131385111025398,0.13377539998153654,0.1373959678801159,0.13736432295299014,0.13831085926592518,0.144657285044707,0.14748449959230694,0.14461350110599205,0.14243295874925896,0.14268233799514463,0.147505318705086,0.14955289193351784,0.1487994766032252,0.14986491131742682,0.1524876236436017,0.15154538693314093,0.13753149344085708,0.12114567658965172,0.10162885187558131,0.22957528410894495,0.1357045696353855,0.10656884641516022
stat_40,0.12432842131726109,0.12419616488004741,0.12376515457685543,0.12192801669155542,0.12082361622488035,0.12052176035213233,0.11841478041940336,0.11688615302739244,0.11607537875102207,0.11503042080265943,0.11439939309832174,0.11434671485673976,0.11314342859103442,0.11031578200035663,0.1078369246423879,0.10604617681868922,0.10205373832965729,0.09929357727394955,0.09799415572997237,0.09510837324173335,0.09279736406102317,0.09100349681178778,0.09093817141863293,0.09101466207597812,0.0911164805126448,0.08867422375296623,0.08595361609413527,0.08578998830034756,0.08409053481920335,0.08285813203366317,0.08301541497694878,0.08249520528778934,0.085368975805988,0.08438701397084844,0.08441132305651484,0.08316553301736067,0.08199291630717716,0.08098588531705428,0.08189010124029408,0.0824963177384436,0.07858837655607319,0.0764998406902475,0.07377147095706339,0.07387658355953204,0.08167987384368483,0.08819537868458614,0.08941089225383644,0.09067735984271333,0.09588154390260584,0.09891262418869765,0.09428236754918182,0.09144697205555115,0.08997954339472268,0.09134512970230206,0.09244917634436596,0.09541711330714465,0.09924990904976308,0.10011505353680825,0.10420525977926565,0.1061022192490312,0.10716230539983326,0.10662597910156178,0.10975390704439734,0.11185500130892194,0.1149043884985566,0.11504678783378276,0.11601440717131946,0.12120471696440863,0.12352512675947695,0.12105079394044319,0.1191736601331099,0.11952329985448727,0.12363056904355911,0.1254548642245957,0.12506753907731144,0.1260221352290607,0.12801631644005798,0.12727448122651042,0.11559781074455965,0.10175327246608114,0.08784870656055045,0.1955700253459406,0.1135663401136759,0.0888291940219427
stat_41,0.2608553436699699,0.2607020802508343,0.2595069184921896,0.25531107602186,0.25287391628020445,0.2518513589817132,0.2469337001304118,0.24349380461016523,0.241509923457955,0.2391573685895918,0.23788390135485968,0.2377863310160958,0.2353999295349603,0.2294562808340497,0.2242304949851801,0.22074731772623632,0.2127353468819458,0.20719116869068993,0.20455641820033602,0.19865017932381712,0.19381448563439888,0.18997350925991474,0.1894456842381806,0.18958550988166492,0.18671825240304127,0.18217636795872577,0.1767913138540525,0.17646224169561694,0.17316489471658147,0.1913635997672313,0.19173509144108208,0.1903431863240823,,,,,,,,,,,,,,,,,,,0.21716980880691805,0.2108609693042269,0.20538606352936156,0.18689126275130694,0.1899224343995738,0.19609684897914764,0.20239273168179517,0.20606049524089823,0.21456724409934894,0.22033086836728386,0.22401652600382815,0.22334914465429273,0.22922901924946973,0.2329264483480248,0.23870498564576223,0.23949453939234464,0.24189500856693955,0.252621456604375,0.2570638608907745,0.25208110071417017,0.2486323458808898,0.2494945701586901,0.2587317534221965,0.26339974486006373,0.2625975859984637,0.2647186818908042,0.26954834772147057,0.2677182371352153,0.24110095249502583,0.21193912600884438,0.17371037356408403,0.39986741945661974,0.22036761938057592,0.182007122918994
stat_42,0.13726383192874572,0.13713574661612568,0.13662980697900576,0.13459781918940425,0.1334589640280528,0.13324003466089593,0.13095772143287276,0.12927399428719097,0.12836521015898317,0.1271734836511229,0.12646490035477967,0.12640741492617635,0.12509185111359827,0.1219492844008909,0.11922286895288521,0.11727601237935166,0.11279149282548721,0.10971438090213045,0.10826916272703474,0.10762815144284482,0.1050568235293368,0.10572817291421337,0.10576900690686061,0.10587090303569072,0.10408408341462504,0.10128988128756321,0.09821435651013634,0.09802832627675424,0.09611356647793037,0.0973593674356568,0.10050660410957432,0.09984817706747369,0.09927932235836757,0.09805531291590096,0.09806540279183108,0.09978134822370013,0.10558998796109685,0.1042432125382868,0.10741173031965053,0.11449774925934174,0.11933163978845926,0.13897840680634846,0.13176390900777538,0.09993750991616365,0.10635128453934241,0.1128058675318142,0.11484679608287188,0.10885183928782369,0.11154149295824563,0.11525431735072053,0.11451901794600826,0.11125808921966865,0.10603606276936196,0.10463049447028126,0.10582060865305405,0.10914617428628515,0.11355237312686764,0.11667196110398212,0.12146156045813254,0.12049870723764827,0.12167163480107604,0.11805441297712146,0.1215159974427626,0.12381489799863607,0.12717745542127543,0.1272054382353948,0.12814637459794714,0.13397451661888832,0.1365773255243796,0.133891694510377,0.1318518378954006,0.13213538127589294,0.1366248164684148,0.1385612485694907,0.13796138327103244,0.13897321016447928,0.14131857712538654,0.14046565870504013,0.12751705152656467,0.11229665901562662,0.09526605791631221,0.21394932265715697,0.12580668776626205,0.09855729772037289
stat_43,0.13722873228083132,0.13710075090602075,0.13659475243939195,0.13456288553679943,0.13342415311209532,0.13320471747082274,0.13091934874315955,0.1292357782490321,0.1283267658112981,0.12713513761365614,0.1264264608853967,0.1263690045235107,0.1250535247997574,0.12190954065908013,0.11918382052204383,0.11723851015444672,0.11275411490071888,0.10967558289913443,0.10823106614723514,0.10505755167847515,0.10254109088554396,0.10061906223865563,0.10062713644127048,0.1007218665803696,0.09902948320865017,0.09636108284698444,0.0934250059997285,0.09324776026829798,0.09141972396099919,0.09011333183274339,0.09030561670986331,0.08973163677111406,0.08924062323338712,0.08819410849946724,0.08821374203274979,0.08690933010443792,0.08568724701287946,0.0846288414523176,0.0903614938940341,0.08239262591471312,0.08649675517220054,0.08639394114594706,0.08570307008403527,0.08351456446890267,0.08996567199674156,0.09210916262906824,0.0934367777986693,0.09479530460276091,0.1002558198092694,0.10347415222224811,0.10274569718812109,0.09973742468334408,0.09803706215861342,0.09945865712752891,0.10060707340903652,0.10378969047871368,0.10798913146608753,0.11095589471727423,0.11550735316915492,0.1175589583275964,0.11870642476741759,0.11801452392719745,0.12147696902377207,0.12377596741037258,0.1271363802968196,0.12716426007807682,0.1281073468539933,0.13393423199567564,0.13653636840334063,0.13385184352248378,0.13181330459003285,0.13209674153010706,0.13658879011313194,0.138525755911015,0.13792649045727257,0.13893846572255233,0.1412833264828224,0.14043047757106777,0.12748312599175673,0.11226648487704138,0.09524403700036993,0.21389499405909473,0.125779947366571,0.09853325835838231
stat_44,0.13432378096644124,0.13419466844654923,0.1337060939225708,0.13171915343385818,0.1305893054511044,0.13035310853435517,0.1281114459997215,0.12646339116874353,0.12557677831522676,0.1244184942553125,0.12372672218698716,0.12367031092527352,0.12237923096589515,0.1193079560415918,0.11663659421968879,0.11472487546706078,0.11034963469476426,0.10734380092760112,0.1059315199867666,0.10282305341910551,0.10035509393341098,0.09846241149614171,0.09845280310145804,0.09854311066784684,0.09689407261390832,0.09429237433126854,0.09141509731960684,0.09124146446837396,0.0894515901505315,0.08816404884792724,0.08835124487644096,0.08779730042011197,0.0873351725598124,0.08632605966254067,0.08634615453325545,0.08509178272325212,0.08392412012310137,0.08292759197870418,0.08214170323681766,0.07259776186656153,0.07223424745361993,0.0713155801174726,0.07563053774266451,0.07418167348242329,0.08195014004727937,0.09029989430135205,0.09152534779956396,0.09279698094574358,0.09810416403052548,0.10121881347804641,0.10047310083845923,0.09750043250754148,0.09586899686269595,0.09727967215522575,0.09841047960137095,0.10153406766666444,0.10563088029291809,0.10852666489909282,0.11297632555417866,0.11499062672596191,0.11611324948584772,0.1154548800476106,0.11884185230434129,0.12109832453856854,0.12439069751084277,0.12444468064023483,0.1253902786523932,0.13107538280945624,0.1336156963609548,0.13097795595925135,0.12897488907427526,0.12927265217025757,0.13367404257206417,0.13558253052916847,0.13502858736906445,0.13602642669324652,0.13829249793754209,0.13746504254643124,0.12481022143224646,0.10990355230693012,0.09357115210884435,0.20976327495210165,0.12304677061229362,0.09635461276195566
stat_45,0.13432378096644124,0.13419466844654923,0.1337060939225708,0.13171915343385818,0.1305893054511044,0.13035310853435517,0.1281114459997215,0.12646339116874353,0.12557677831522676,0.1244184942553125,0.12372672218698716,0.12367031092527352,0.12237923096589515,0.12197475906120073,0.11924575878016903,0.11729802827408776,0.11281205343578779,0.10973424798377164,0.1082888617354907,0.10511405199886371,0.10259870082957923,0.10067560588717862,0.10068086303496855,0.1032871694752835,0.10155238430051775,0.10138064010814704,0.10100711423901017,0.10081594110999101,0.09886128334304665,0.10033436449144052,0.10056501753473375,0.10311957566626546,0.10606871020083294,0.10474982981034253,0.11312743708451832,0.11143687773123206,0.109884487660094,0.11331504512927909,0.12447315099499837,,,0.13913661149872272,0.14374014272507257,0.12291901645179105,0.12220434801145708,0.12207435666853698,0.11937723782636425,0.12140100755085668,0.12860435366314352,0.12316757643804976,0.11830108849506181,0.11130902033061592,0.10929426842948851,0.10764068197662933,0.10885028592156444,0.10923900475809833,0.11076028537264691,0.11379731548977974,0.11556819255509475,0.11762113198171563,0.11876553252345337,0.11807373640308043,0.1215361752645159,0.12383700260317643,0.12720046784679886,0.12723172777327452,0.1253902786523932,0.13107538280945624,0.1336156963609548,0.13097795595925135,0.12897488907427526,0.12927265217025757,0.13367404257206417,0.13558253052916847,0.13502858736906445,0.13602642669324652,0.13829249793754209,0.13746504254643124,0.12481022143224646,0.10990355230693012,0.09357115210884435,0.20976327495210165,0.12304677061229362,0.09635461276195566
stat_46,0.13730464132067632,0.1371764060673087,0.13667051996012483,0.13463790711784226,0.13349826789329333,0.1332782018317674,0.13099433976336974,0.12930990613108778,0.12840076134911327,0.1272090069068433,0.12650016831995484,0.126442662436026,0.1251254143275091,0.12198176785665925,0.11925272833797458,0.11730499970855399,0.11281931258090015,0.10974163664087108,0.10829606593876079,0.10512101212761137,0.10260521706299672,0.10068076053949712,0.10068692584645138,0.10077971037465631,0.09908663216111342,0.09642527825994451,0.09582158731623922,0.09563990021207903,0.09376693707739321,0.09243196725122614,0.09263360322383518,0.09204462927086506,0.09154685891959344,0.09046605124310532,0.09048350951051132,0.08916592535436778,0.08795422053156536,0.08690861314355289,0.08819690386245414,0.0794631027061023,0.08067388316664638,0.08093726392395362,0.08122216162964775,0.07937631225327181,0.08786182122659017,0.09455857239268337,0.09590325063459261,0.09726624011513826,0.10285380902833482,0.10617221088478163,0.10542605231076846,0.10235003614175676,0.10058681657508231,0.10203692586791427,0.10320957200946045,0.1038564165721549,0.10804969265837115,0.11101750065819851,0.11557345318208607,0.1176284130853876,0.1187735569731724,0.11808189300398127,0.12154423560957585,0.12384447183579092,0.12720793664100816,0.12723912790565114,0.12818176525272298,0.13401210026286817,0.13661541033159633,0.13392859180589348,0.13188808011314537,0.13217278774865102,0.13666436605714122,0.13860203387175724,0.13800270312086488,0.13901499526677194,0.14136041881087083,0.1405074494787575,0.12755599529162095,0.11233072044214372,0.09529591199703856,0.2140184271407102,0.12582745669228662,0.098579868660433
stat_47,0.1526970680512502,0.15256933751274193,0.15198170457419863,0.1497181060789629,0.1485148294514818,0.14835590031691176,0.14584394774551088,0.14397127918947872,0.14294932600301502,0.14159536747835974,0.14080123425501034,0.14073786771207808,0.13928361511542997,0.13577167455975195,0.13274193675385432,0.13059948092647677,0.1255620249933549,0.1221150868938546,0.1205002904459317,0.11697792249542543,0.11419759531068698,0.11209594913930461,0.11215247182571245,0.11226293678422611,0.11787050714775957,0.1240091420157747,0.12027136493056666,0.12004486946937226,0.12954487150468696,0.13522389667474777,0.14464820242897533,0.15495320019762152,0.15377357340091585,0.16596619555776557,0.16594044516039508,,,,,,,,,,,,,,0.1866231015796889,0.17781198488772607,0.17758560179210292,0.16018520981156006,0.147035389494568,0.14092732727610108,0.12969085945965445,0.1337400747037383,0.1286395166546582,0.12371986440554812,0.12881037652154104,0.13111351198227097,0.13240613720945493,0.13157574989221596,0.13542763106507408,0.13795988747276258,0.1416905563208092,0.14164383693359703,0.14260182040055752,0.1491576806345779,0.1520766995424155,0.1491227512682604,0.1468793562251438,0.1471232699067538,0.15208841490826822,0.15418445752621548,0.15337321886977373,0.15446141147609502,0.157193152386415,0.15621591648958838,0.1417656678541975,0.1248854257070966,0.10436283989318683,0.23624933127566233,0.13973880068933273,0.10988810925183777
stat_48,0.13733416899720316,0.1372054757513579,0.13670071009293236,0.13466950961696375,0.13353141804394378,0.133313703561857,0.1310317398044969,0.12934765396336553,0.12844294730757275,0.12725193815299665,0.12654711071387093,0.12648951510762335,0.12517124229217677,0.12202613714225438,0.11929652546478903,0.11734688908319758,0.1128656971391875,0.10978316835387222,0.1083366752031289,0.10515838999312013,0.1026379744434598,0.10071477091376482,0.10072199716732039,0.1008157883012062,0.10146386019432875,0.09872872623242415,0.09572604310128047,0.09554456985330309,0.0936797320516239,0.09234924092236713,0.0925544471870673,0.09196656968933087,0.09146940377330345,0.09038740777474458,0.09040319389562339,0.08907751804076831,0.08784878363976852,0.08677815524980499,0.08594277528523968,0.07114120330562598,0.07231628167655231,0.074663468106815,0.07917298803271108,0.07931061741295098,0.08567143543325423,0.09442936941810748,0.0957990142959974,0.09717993807583877,0.10277221075032586,0.10609225881140844,0.10534646089155236,0.10227666554326785,0.10050776751065843,0.10195045490921402,0.10311267588115756,0.10636306480459554,0.11066920995472103,0.1110597684030384,0.11561493724048469,0.11766617688562571,0.11881159312321604,0.1181207261380895,0.12158959254353927,0.12388677697183995,0.12725369839820527,0.12728420368460555,0.1282258848823246,0.1340587332077831,0.13666025149805294,0.1339713692153931,0.13192463495059595,0.13220952855349527,0.13669866602976827,0.13863150313356218,0.13802823275634107,0.139038853761427,0.14138445288478896,0.14053222482416003,0.12759027133241035,0.11236342755746491,0.09531045736868615,0.21406457809458743,0.1258656181365426,0.09860728891320945
stat_49,0.1372387064728794,0.13711066962486412,0.136604763101224,0.13457310505076214,0.13343445567624893,0.13321513302940596,0.1309332428483262,0.12924982876395796,0.12834115028319876,0.1271495630038314,0.1264407602728059,0.12638328812514404,0.12506772498697863,0.12192253249869356,0.11919697045644802,0.11725152132747808,0.11276650201579705,0.10968937061171231,0.10824459398670634,0.10507215621762162,0.10255825105289261,0.10063594455875659,0.10064577068123677,0.10074092739984708,0.09905114204823165,0.09638773027956163,0.09345306374659729,0.0932757389551317,0.09144978369755459,0.09014803112165029,0.09034764555393798,0.08977494328430037,0.08929178443422044,0.08824904718459986,0.0882715073574898,0.08697021513681444,0.08782813687051781,0.08674736176588002,0.0858905242725142,0.07938238321503016,0.0780314178467649,0.0786314690028037,0.08123255022974331,0.07929639425854144,0.08561505503284901,0.09439387859613747,0.09577680296439998,0.09486503194178546,0.10032197152097551,0.10352901276345351,0.10278821933054512,0.09977349681876771,0.09807208345587479,0.09949078490861468,0.1006360194678289,0.10381716494377032,0.1080125833117036,0.1109772432792516,0.1155268577926717,0.1175784500542196,0.11872202967977889,0.11802837361082304,0.12148972128916831,0.1237893902836797,0.12715020560663104,0.12717764985779573,0.12812155592989663,0.1339489757854335,0.13655167937799118,0.13386666517096812,0.1318273208119353,0.1321106303330282,0.1365992810934923,0.13853595256728393,0.1379362656944865,0.13894795557555303,0.1412929436497719,0.1404401317647889,0.12749290769717828,0.11227533640299814,0.09524985970977604,0.21391006033062138,0.12578845666119545,0.09854042606806322
stat_50,0.1441743371874171,0.14404726850143598,0.1435028860377218,0.14136519005854162,0.1401984808036321,0.140007847726425,0.13762312341709318,0.13585418038307898,0.13489337769489576,0.13362687670433182,0.13287948091758495,0.13281942881029365,0.13144267606642948,0.12813434264519863,0.12527387143404994,0.12324201826428126,0.11850753360158689,0.11526624789383447,0.11374490607498289,0.11041748312712277,0.10779089243325982,0.10579098750219755,0.10582395704361477,0.10592603933568295,0.10414122179122558,0.1013423806487778,0.09826586957854794,0.09807973629491427,0.09616411068096599,0.09741491814408118,0.10054071121942741,0.09988256381337719,0.09931617787895383,0.101236671949423,0.10124127518715047,0.10326798740083704,0.10568573562510426,0.10857954231070185,0.1074174496643705,0.11483277836546216,0.11138306778292302,0.12680691641579536,0.12295929461630253,0.09969317930567534,0.10632173876459268,0.1172322374522577,0.1149304489069792,0.11261074717431219,0.11514915237036744,0.11529001717495097,0.11455401270340221,0.1112899511578593,0.10608725576185958,0.10467806940611205,0.1058717128266469,0.10919967776027464,0.11360892097907346,0.11672370282109491,0.12151983631848187,0.12367810753610946,0.12488070673010943,0.12411970109232984,0.12775368132532794,0.1301549008617734,0.1336804958974818,0.13366782887028372,0.13461213415907708,0.14076901306309555,0.14351405504308343,0.14071112802570265,0.13858302505988235,0.13884498087987615,0.1435479322112719,0.14555824536757683,0.14486249971656745,0.14590962918426612,0.1484317639699571,0.1475215073052316,0.13388820498819046,0.1179251811718186,0.09931604795852378,0.2238932107232749,0.1321107957535763,0.10365545639214788
stat_51,0.1407219468486061,0.14059330864738942,0.14007093061891637,0.13799000413803053,0.13683986042448792,0.13663902886240453,0.1343092635537811,0.13258447130491477,0.13165577019304756,0.13042904483740309,0.1297056384792572,0.12964672197900154,0.12829942952929363,0.12507341464313013,0.12227791460681059,0.12028545669061544,0.11856491212648601,0.11532015954732544,0.11379798866499731,0.11046850267110052,0.1108222536428095,0.10877422857889602,0.10882126585722235,0.10892782051236025,0.10708862334792363,0.1042140484333794,0.10105462100738741,0.10086334046477134,0.09889728126263975,0.10038057083869865,0.1006042647594572,0.10313772594029913,0.10254249423548303,0.1012692384334255,0.1012739842573911,0.1072522959666411,0.11008786256120699,0.11329733840207167,0.1241174536419969,,0.11933163978845926,0.11700370296894155,0.10888256925928469,0.10925909913657428,0.12183823446677648,0.1220268077783639,0.11958468782807732,0.11690554607591087,0.11518621752833799,0.11905524931376556,0.11832199357445064,0.11134872530202503,0.10934202911101346,0.10767875608439713,0.10890011672048154,0.11231477718460259,0.11684445661533593,0.12004403873222753,0.1249786840274569,0.12720362079413364,0.12493531286359802,0.12417420288577888,0.12781257018100076,0.12700758069326754,0.13045651971459912,0.1304670485782254,0.13140872607064766,0.1374018481145778,0.14007417612117284,0.13732640120199968,0.1352337556637675,0.13550795168778118,0.14009838752628603,0.1420615869165786,0.14140782703498328,0.14243365364347366,0.14486538605932409,0.14398601040289558,0.13072053600877281,0.11513111539783624,0.09729154110154331,0.2189416131053459,0.12896552652764257,0.10111151424919666
stat_52,0.13160156241127105,0.1314712211519872,0.13099945959544537,0.12905521075451296,0.12793441890765392,0.12768353158716608,0.1254811988366649,0.12386652065743867,0.12300380333146546,0.12187718209205907,0.12120468129129153,0.12114921514126954,0.12251529395024573,0.11944171170248127,0.11676944891030179,0.11485394687420483,0.11048047767180666,0.10747031576090949,0.10605592074091696,0.10294462505582956,0.10047517923193236,0.0985802980390448,0.10326929231711504,0.10336859941556494,0.10163653694957489,0.0989069608033219,0.09589541105653356,0.09571350067205381,0.09384368084303553,0.0948408050169307,0.09505032289482107,0.09702490163420113,0.09648448785274294,0.09815009601802165,0.09815635226791244,0.10321648368229101,0.10998498667297307,0.11338673052264353,0.11211668061287756,0.11483277836546216,0.10458061237734738,0.11712489182524607,0.12257655977584349,0.12300890832439916,0.11073484807199978,0.12212036368811247,0.11947098698069226,0.11256098439241734,0.11163432011020176,0.1119718475006052,0.11122992132179418,0.10508175293276621,0.10324559470027139,0.10211777544839609,0.10328456077830575,0.10654562700852244,0.11085088074414125,0.11388869812717933,0.11310426733827576,0.11512083448536793,0.11623916827457545,0.11557996273287947,0.11897372900970057,0.12123008845578814,0.12452849155022856,0.12458234825217536,0.1255280188904401,0.12840330597511795,0.13088299606981488,0.1282885560965064,0.12631548502480744,0.12662685043831676,0.13094448307118192,0.13282416989367535,0.13231121597154683,0.13329523290868167,0.1354873290328148,0.13468402383410438,0.12230791585959375,0.10769245966149875,0.09200352296654288,0.20589300777159256,0.12048965877322507,0.09431590994626379
stat_53,0.14061884850523818,0.1404904690380078,0.13996850445335637,0.13789021361312806,0.1367441042087821,0.13654870383079698,0.13422357900452309,0.13250097562958593,0.13157346592267788,0.13034694497496896,0.12962282595347294,0.12956392974051917,0.12821588654485147,0.12499123394339909,0.12219655446331379,0.1202051135571043,0.11559987265025913,0.11243761250256251,0.1109538107255373,0.10770283529266489,0.10512568164962671,0.10316526004293798,0.10319519289465508,0.10329239152747607,0.10155715608639973,0.0988308186178449,0.0958231200636856,0.09564134849721738,0.09376788866669622,0.09242823443326001,0.09263262170378328,0.09203070279262136,0.09154792158544073,0.09048005840473274,0.09049788963787411,0.09136463784032507,0.0925440312650313,0.09140092624685903,0.09047359905556106,0.07299698465044857,0.07417115075325433,0.07659062483599853,0.08120774598031749,0.08137961853875701,0.09009747832157344,0.09936705518662516,0.10089551068684416,0.09969620177558092,0.10288607874259194,0.10617712578865865,0.10540689937932979,0.10233996284367872,0.10059018824579723,0.10204864787428823,0.10321422315137106,0.1064686386095041,0.11077389677505083,0.1138194869311169,0.1184862451064891,0.12058297606080781,0.12175240883881679,0.12102223823566936,0.12457648364280895,0.126926459448863,0.1303753102641717,0.1303815089839698,0.13131728151973884,0.1373116186774252,0.13998555090088818,0.13724059359979884,0.13514890234880758,0.13541901062585232,0.14000263853805145,0.14195868278813242,0.14129936406231172,0.14232254059871263,0.14475514143749593,0.14387622669522715,0.1306266138083472,0.11505120925806503,0.09720527866613451,0.2187560956577325,0.12894015078044851,0.10106866454675807
stat_54,0.13726383192874572,0.13713574661612568,0.13662980697900576,0.13459781918940425,0.1334589640280528,0.13324003466089593,0.13095772143287276,0.12927399428719097,0.12836521015898317,0.1271734836511229,0.12646490035477967,0.12640741492617635,0.12509185111359827,0.1219492844008909,0.11922286895288521,0.11727601237935166,0.11279149282548721,0.10971438090213045,0.10826916272703474,0.10509613516335291,0.1025819092787031,0.100658203698049,0.10067023106796538,0.10076458320686096,0.09907156844870246,0.09641191552482004,0.09347451313393605,0.09329714581105657,0.09146518588754368,0.09015589510054779,0.09035054998863705,0.08977612229091007,0.08929321914263745,0.08824349670694784,0.08826506417427342,0.08904501981743046,0.08781353171658064,0.08674696229458323,0.08806725642520996,0.0769263325584008,0.08062368209090047,0.07645656769752518,0.0791268506832544,0.0792611790707389,0.08773703509236454,0.09438550197591607,0.09575408570966497,0.0971418798906023,0.10031343070360738,0.10353133948043652,0.1027920457029842,0.09977963567205246,0.0980803142337422,0.09950661337077162,0.1006585316001327,0.1038426651231645,0.10803416663632678,0.11100218830192474,0.11555098055391115,0.11760462292806668,0.11874812737069901,0.11805441297712146,0.1215159974427626,0.12381489799863607,0.12717745542127543,0.1272054382353948,0.12814637459794714,0.13397451661888832,0.1365773255243796,0.133891694510377,0.1318518378954006,0.13213538127589294,0.1366248164684148,0.1385612485694907,0.13796138327103244,0.13897321016447928,0.14131857712538654,0.14046565870504013,0.12751705152656467,0.11229665901562662,0.09526605791631221,0.21394932265715697,0.12580668776626205,0.09855729772037289
stat_55,0.13723035885564805,0.1371023923607048,0.13659633658166384,0.13456423905582854,0.13342538468355122,0.13320446087363824,0.13091890280178467,0.12923509736759764,0.12832511627252638,0.12713342593304186,0.12642458250576247,0.12636713199523,0.12505159872585053,0.12190804129883669,0.11918210633685146,0.11723704418908824,0.11275223818981177,0.10967603854594143,0.10823157147776248,0.10505957321309015,0.10254624202480006,0.10305713237415064,0.1030795878028144,0.10317793301133577,0.10144155989863585,0.0987105592942975,0.09570745588098498,0.0955260250277393,0.09365880848893246,0.09470186048173339,0.09751427233180243,0.096872918924998,0.09918714411066476,0.09795974625382944,0.09796951616459407,0.09650598788309686,0.09514363532053999,0.09392520573243662,0.09293954980197744,0.09998712084409231,0.10455760371642457,0.1095926010946407,0.11512538513930072,0.09194977883462427,0.0924580951007423,0.10200699402331459,0.10367602507759237,0.10529492514659854,0.11143364146828905,0.11515462453424513,0.11107542828331264,0.10790366565235157,0.10310961595918883,0.10192824280389819,0.10309314948414464,0.10634407832231627,0.11064586978849708,0.11368561037141633,0.11835339234913958,0.1175646362815345,0.11870856020227735,0.11801511625531834,0.12147512690049007,0.12377448443283712,0.12713452618714058,0.1271627673726566,0.12810566391780515,0.13393249696065443,0.13653463367701038,0.133850216361565,0.13181273579944564,0.1320963921479707,0.13658870163805284,0.13852728041415302,0.13792822291832915,0.13894041826699058,0.14128530448228255,0.14043240681298422,0.1274862477039659,0.11226919334394093,0.0952463141568471,0.21390034387100554,0.1257816350772767,0.09853521642391459
stat_56,0.184330146133123,0.18420116961521324,0.18343944220674396,0.18066416658374343,0.17924110685693745,0.17906331456889055,0.1759910484075398,0.17370383192592923,0.17242903993268746,0.17075476988135316,0.1697997498702285,0.16972523643966633,0.16799220014517308,0.1637441457912603,0.16008679807542234,0.15754843778910482,0.1514813831002602,0.14733530508019854,0.14539123869912243,0.14116173156868353,0.1378235288237949,0.13530916441634663,0.13536886790083735,0.13550485973380377,0.1332314799813852,0.12969465485301354,0.1257949035212615,0.12555834464913398,0.12314856149847621,0.1214536669893646,0.12174424220069378,0.12091517844693647,0.12016224727407711,0.11858793299685375,0.1185856855807289,0.11679355279176931,0.11511444926073455,0.11933805570387146,0.12456730793224198,0.11473387949212333,0.11131680989031159,0.12674915990527014,0.109352400025093,0.1096773491784255,0.1222694722550625,0.12810796157188664,0.12486399267619477,0.12710948703750546,0.1347274331778983,0.1394848387731269,0.13881134606517065,0.13494872789356807,0.13226666757701125,0.1340538950447942,0.13564165457606536,0.13987812651430145,0.14533860056123565,0.14908086602241336,0.15523296133898115,0.15823109160916426,0.15997227832264774,0.15898026608202856,0.16354825520686117,0.16649624307843844,0.17092042924727685,0.17086462182917236,0.1719977362631491,0.1799446023452595,0.18343218272425346,0.17991588692316515,0.1772845324139197,0.1775414884997089,0.18358890472318598,0.18617892602073757,0.1851029349476504,0.1864050567660665,0.1898637823021714,0.1886316035873289,0.17089878068674855,0.15054283127525375,0.1236522627865713,0.2827647562507801,0.16637079845434452,0.13231800207908664
stat_57,0.13444880282282612,0.13431885046547654,0.13383169330204345,0.13184548014733352,0.13071612513895328,0.13048178896896095,0.12824060197613715,0.12659191559779523,0.12570920939229785,0.12455163803631095,0.12386342399777443,0.12380685880535074,0.12251529395024573,0.11944171170248127,0.11676944891030179,0.11485394687420483,0.11048047767180666,0.10747031576090949,0.10605592074091696,0.10294462505582956,0.10047517923193236,0.0985802980390448,0.10076609826013419,0.10086199048202428,0.09917176192284988,0.09651010524546366,0.09584799259878111,0.09566623329686487,0.09379873945783376,0.09245957636294691,0.09266244314111113,0.09207726421581684,0.09158090499411889,0.09531269099437796,0.09532054697082634,0.09392937482026123,0.09264541767364366,0.09710207112126874,0.1030165357329,0.11483277836546216,0.11951223715536656,0.11729562828613858,0.10901841075756905,0.09961787908678084,0.10214279681138541,0.10534552198387331,0.1009812437733562,0.10247717467900654,0.10839609321356916,0.1062082949164136,0.10545782936099234,0.1023747303935604,0.1006143971038921,0.10207041404024647,0.10323665972822609,0.10394344538960269,0.10813743268444191,0.1111016387666978,0.11310426733827576,0.11512083448536793,0.11623916827457545,0.11557996273287947,0.11897372900970057,0.12123008845578814,0.12452849155022856,0.12458234825217536,0.1255280188904401,0.13121675934120627,0.1337569900920449,0.13111423641989597,0.12910283786814536,0.1294024890715253,0.1338040292034261,0.13570792895461653,0.135149761590266,0.13614611811611813,0.1384129013549856,0.1375861608965503,0.12493630486370089,0.1100173724229269,0.09365102327717817,0.20996529341821038,0.12314364049703579,0.09643987996758605
stat_58,0.13740088079385088,0.13727204157289713,0.1367671333370553,0.1347350657317326,0.13359567518651647,0.1333767525171706,0.1310925429297252,0.12940771808605186,0.12849909687426891,0.12730772617702604,0.12659837680999828,0.1265407701489118,0.12522198390101016,0.12207660187122998,0.12229131456903834,0.12340745650557884,0.11866629794950764,0.12209106216764895,0.12047642459013744,0.11695518297707158,0.11417750211005934,0.1196639886734733,0.12421485922755938,0.12434007541657284,0.13998704843521226,0.13630691520115235,0.13221003346036225,0.1319617953141249,0.13711033277341722,0.14431585274389025,0.15618988211152565,0.16968844801872798,0.1683118091588898,0.16597089884527727,0.16593868023933991,,,,,,,,,,,,,,0.1866192339694745,0.1941020479201676,0.19416694159589412,0.17274792325247124,0.15669356604581797,0.1490160522043976,0.1425340305774361,0.1470036442998998,0.15263850321010466,0.13695890546672326,0.1375006663326174,0.13109049430097308,0.13238183340941986,0.1315514742132909,0.12791572748273133,0.13032474897791843,0.13046955691414494,0.12733688894109627,0.1282799154647595,0.13411412283183913,0.1367203377541421,0.13402994459465567,0.13198566315034752,0.1322715979641127,0.13676409624995403,0.1386987589559734,0.13809639100743965,0.139107515755008,0.1414535741330747,0.14060107484689452,0.1276523840606996,0.11241751116273929,0.09535744154872502,0.214173423752721,0.12590130307200215,0.09864520251729386
stat_59,0.20554695201066647,0.20541325371123342,0.20453552005913767,0.20139678982933995,0.19976167002581754,0.1994653849138874,0.19595254981095553,0.19336953070250498,0.19191393343962596,0.19004000373698265,0.1889876318171712,0.18890608047076754,0.18698701175241902,0.18224710408375192,0.17816214843315772,0.17535650087265967,0.1686761872986983,0.16410053163965926,0.16194962395972143,0.15724859795989027,0.15351538779702703,0.15067604579139993,0.15065504619778672,0.15079976746438165,0.14831967343712835,0.1444518537008338,0.14012279114788245,0.13986007175291276,0.13719699121564713,0.13532879039105505,0.13564880066353158,0.13471061866347905,0.13381268778175504,0.13202379766001882,0.1320125767195297,0.1299756991389914,0.12802251608962284,0.12605626510026136,0.12458333980678797,0.10668380668909906,0.10496864534320223,0.11760047983800828,0.12291599030279161,0.11595107321006223,0.12228672528337949,0.1347631426410947,0.13821087112434477,0.14100257204605304,0.1496747178109674,0.15514688466541912,0.15459060776146533,0.15029535121994983,0.14713991118339007,0.14910577025934724,0.1510041174672308,0.15575832516870486,0.16160251270885653,0.1654851369315542,0.17231883268208303,0.17593695803688253,0.17809442569207173,0.17709478150591415,0.18208829150237343,0.18528125861983172,0.19013021796338775,0.1901894726938283,0.1915666455823811,0.20036674585857375,0.20417873887646312,0.20026782885337474,0.19738867558041231,0.19773322659187192,0.20458088656552093,0.20761410926948806,0.2064820966989566,0.20796458248502095,0.21185501783324587,0.2104565378406752,0.1904135658524382,0.16767320828406249,0.1370733713468869,0.3146218763442781,0.18273984673294516,0.14672700790480642
stat_60,0.13739928179071148,0.13727054002117745,0.1367653051144253,0.13473264651621572,0.1335924234158684,0.13337231457888618,0.13108754371698303,0.12940245949825252,0.12849354422779383,0.12730202759369882,0.126592853319002,0.12653526550641925,0.12521822575037475,0.1220732653371109,0.11934427900040026,0.11739417312007257,0.11290616527930511,0.10982597910025284,0.10837930789608255,0.10520318147436032,0.10268675789948083,0.10317180334638758,0.10319228463573901,0.10329058463231515,0.10155293460623742,0.10138513314924026,0.09830618088167327,0.0981199486960278,0.09884464581936915,0.09744494814051684,0.0976584869376649,0.09702490163420113,0.10605416906760125,0.1086147329368228,0.10861526577884827,0.11142976523588237,0.10982853456036232,0.10831714436723731,0.14176139842775753,,0.11951223715536656,0.12656210435595894,0.13177337608817322,0.12295157806965007,0.1376843719016736,0.11696479405002592,0.11930907750839032,0.12138956602905353,0.1235123861929398,0.12315223085616667,0.11122992132179418,0.10803619935115324,0.10611757603932588,0.10762288125021065,0.10591347203781143,0.10924413787048229,0.11076084163195125,0.11380061024593509,0.11847072715673909,0.1177142814665827,0.11885849179169061,0.11816656621416348,0.12163235708016454,0.12393557264222871,0.127302375080518,0.12733363882041254,0.12827739187996262,0.13410921123640152,0.13671455893971088,0.1340244301235726,0.13198075761313133,0.132267089633434,0.13676045420159796,0.1386971048898058,0.13809648816162526,0.13910833682405557,0.1414541391704735,0.1406014191131127,0.12764865732678188,0.11241324190349358,0.09535990300824862,0.21417374588776683,0.12588917316217924,0.09863874642490578
stat_61,0.23650091132395298,0.23636044588757596,0.235300718171838,0.23157754529741462,0.22953541239920838,0.2288919822152894,0.22461414463131757,0.22155973298240866,0.21980297110438893,0.21764736408795163,0.216462524036584,0.2163719211493106,0.2141880183657451,0.20875511737833713,0.204033521077274,0.200852626802003,0.1933708862265045,0.18823222883469093,0.18580231279985215,0.18042411137745817,0.1760933279961261,0.1727201373036737,0.17246263515875093,0.1726030965749403,0.16987042013663062,0.1655900208757006,0.16064133698573788,0.16034162297403926,0.15734058300398418,0.15521514493432137,0.15558099173126586,0.15448582018216261,0.15331487606763308,0.15123390151537572,0.15121683446102496,0.14873965525150257,0.14623327307275585,0.14355517415325617,0.14162489716270282,0.09981526956085021,0.10440975458442113,0.11698030216947788,0.12246766786942345,0.12287921837500979,0.13757199089356925,0.15158037451090914,0.15656668631303208,0.16039861635286579,0.17075759947155067,0.1773215149719773,0.17709462673402174,0.17216017450906068,0.16820181650458968,0.17042820354922952,0.1728775481934586,0.17842864027213903,0.1846212512585648,0.1884936828493304,0.19630310575297658,0.20103116008547334,0.20397124142490966,0.2030910190068574,0.2086079020272653,0.212103033693942,0.21749432888862977,0.2178809047794353,0.2197631582528344,0.22970001621568453,0.2339012501547194,0.22940839905416077,0.22621987733995882,0.22679898432741896,0.234958732966204,0.23885183662435724,0.23782688356226994,0.23964746190646524,0.24410556383340037,0.24245922096845945,0.21879072236655986,0.19248882379885762,0.15726839941079984,0.3618780580033743,0.20471863589167433,0.1669063496889555
stat_62,0.129105939029808,0.12897449732476432,0.12851772252729154,0.1266113342114163,0.1254960051509886,0.1252272320351503,0.12305809762517687,0.12147328337533587,0.12062930700301831,0.11953178675970404,0.1188736198216618,0.11881907045002994,0.11757443188941862,0.11463075384316072,0.11206143841738375,0.11021148021968107,0.10603841404242233,0.10315959346291871,0.10180557013875212,0.09881347242414484,0.09642842336009566,0.09651270203005775,0.09648715562776121,0.09657483423399688,0.09497076281904242,0.09242602055832463,0.09151484499973263,0.09134095342275944,0.09165191558158599,0.09256382523309281,0.09275398378525829,0.09215798088659403,0.09167407936447725,0.10164218746878902,0.10164625080145004,0.1036696871342246,0.10611836562036506,0.10907690457585348,0.1079295691394739,,0.11172030433858346,0.1098363198688626,0.1005379997323308,0.10042691531691633,0.10687873301931834,0.11780059795497486,0.11542376610951896,0.11305489074279212,0.11559708627379003,0.10630343115796079,0.10553342487001972,0.10244853286878794,0.1007155260204249,0.09969590828685414,0.09851061669941265,0.09949313346044002,0.1035002519647991,0.10632459689066825,0.11067834635323173,0.11036584329068734,0.11145081721048423,0.11085606771807965,0.11411097801073117,0.11628725689234752,0.119455020388271,0.11955480449858519,0.12051144419317908,0.12593662203155181,0.12836179951524798,0.1258071129380567,0.12386517238528798,0.12419142696510815,0.12843584420605983,0.13029481865267423,0.12982497073956686,0.13079817806110025,0.1329206412752153,0.13213931078450974,0.1200101486845026,0.10565925121115706,0.0905835803042198,0.20236590452877057,0.11809458082749727,0.09242392429491945
stat_63,0.14065621761635083,0.1405279383374667,0.14000514447676393,0.137924834678224,0.136775489019681,0.13657546429321393,0.13424659011892415,0.13252284109459783,0.13159070748042728,0.13036368783946042,0.12963576302824167,0.1295769137914947,0.1282304199762189,0.12500671021552937,0.1222146124777555,0.12022337750598393,0.1156135687441737,0.11245344936297881,0.11096998680114581,0.10772032591987434,0.10514969698819869,0.10319044808872593,0.10321801409771553,0.10331782626892415,0.10158151908560961,0.0988516989594677,0.0958451692917576,0.09566339304708678,0.0937972186170531,0.09246553820993629,0.09267368027811883,0.09208904572542377,0.09159408832469827,0.09051545203262897,0.09053669562005047,0.08922173283639144,0.08801919922954177,0.08697275928389457,0.08614782896328815,0.07994554980980904,0.07244301670640611,0.07484309478127708,0.07937610047971497,0.07946854619094121,0.08588976766328314,0.0946451714009924,0.0959888530386095,0.09733695951607316,0.10291952559190114,0.10622446870733623,0.10546884098598289,0.10238314398989258,0.10062365540324439,0.10207282723094832,0.10323503651653479,0.1064901459751314,0.11079460934686654,0.1138368184016104,0.11850108542211228,0.12060043995419513,0.1217680644565684,0.12103976038239055,0.12459063077699407,0.12694466252168768,0.13039179497436332,0.13039828712895346,0.1313374536216668,0.13732873686870056,0.14000455087539923,0.13725927772229735,0.13517210626663248,0.13544427145207213,0.14003312964690043,0.14199610197398563,0.14134239139896781,0.1423678194326215,0.1447995986310351,0.14392006351300776,0.1306560443415009,0.11507400393282084,0.09724420377160198,0.21882968910227057,0.12892858966560175,0.10107350245893545
stat_64,0.12918690295677218,0.12905418812397026,0.12860044599020026,0.12669831392539876,0.12558668207326618,0.1253244869122318,0.12315979807006182,0.12157675368978121,0.1207335614424381,0.11963822827069168,0.1189756598651352,0.11892090194609445,0.11767339717347246,0.11472883945431119,0.1121582026352073,0.11030290235652734,0.10611788916173762,0.10323440047713776,0.10187840492203121,0.09888286440091106,0.09649506886919412,0.09465241841895014,0.09461013068507806,0.09469471854728072,0.09311905034755848,0.090617570956782,0.0878399114871599,0.08767264544194868,0.08593432681974225,0.08467332468455706,0.08482792166385222,0.08429599523101357,0.08386417615950317,0.0829222418655122,0.08294434826868266,0.08172937099866665,0.08058241953926061,0.07960958895288889,0.0803886786375214,0.07471935377018349,0.07213054671859838,0.07457501446782272,0.07914283113603932,0.07745765308172235,0.08020411234490579,0.08670052686302955,0.0878608841961032,0.08907747231524953,0.09416772438817876,0.0971008277840583,0.09635171158165724,0.0934549520699912,0.09196933566825513,0.09337087170623476,0.0944921129749481,0.09751829482432577,0.10145151525820192,0.10422497434661833,0.10849014107171127,0.1104404326836652,0.11151932024664192,0.11092413781051605,0.11418706585905875,0.1163785756472317,0.11955504552588175,0.11965415627078396,0.12060702333138316,0.12603771978073977,0.128472791401388,0.12591257357331256,0.12396496598612441,0.12429162384326685,0.12853019461359078,0.13037600114559844,0.12989672458620435,0.13086534538604788,0.13298782267965728,0.13220845326766814,0.12010413490116063,0.1057487106245045,0.09062715242910267,0.20249748190296346,0.11818673935919986,0.09249337519313701
stat_65,0.13167370362091868,0.13154302596662906,0.13107159340331048,0.1291268776347254,0.12800523788337342,0.1277537507088817,0.1255504804624634,0.12393501105362535,0.12307257571518522,0.12194604831551736,0.12127338419353693,0.12121786494800613,0.11995068318534911,0.11694438247357579,0.11432564773950675,0.11244432657524094,0.10817442040526602,0.10523239602096218,0.103849262485609,0.1007997962256173,0.09837456695011876,0.0965073943529778,0.09648250729746582,0.09657048396588697,0.09496725706223419,0.09242383864091795,0.08959735730385132,0.08942695350515864,0.08766551145761652,0.08639813023327164,0.08657528234142162,0.08603494403713013,0.08559825710894316,0.08645588139451049,0.08647674373399658,0.08521748544266303,0.08403087044428512,0.08302641344942259,0.08221751004244231,0.06935842640248202,0.06897957254847038,0.0728669672413624,0.07576504849155961,0.0741983311522733,0.08202522617843626,0.09040529340986814,0.09164246405176549,0.09293117190987484,0.09824396961995073,0.09914988576664131,0.098389403146498,0.09544840120991378,0.09389108309681017,0.09529221106833143,0.09641656159101052,0.09949091285061198,0.10349647694549124,0.10631970304139017,0.11067195953158422,0.11265474722691378,0.11375480596219566,0.1131284509095658,0.1164502349983668,0.11866514282004019,0.12189582125139381,0.12197265708994735,0.12292331971089403,0.12847574066627937,0.13095655514980614,0.1283597160333674,0.12638426764235908,0.12669721028648595,0.1310166100938654,0.13289649743349086,0.13238339164794055,0.13336754752821725,0.1355598426053964,0.13475661069588768,0.12237761080204179,0.10775406189550234,0.09205380490072657,0.20601266855300354,0.12053181105319258,0.09435840229833524
stat_66,0.13755578836323953,0.13742587804442816,0.13692283508341632,0.1348918532234517,0.1337533679149501,0.13353723546531307,0.13125394642373026,0.12956840991465962,0.12866443533804403,0.12747398049365585,0.12676830558305913,0.12671050444230617,0.12539061932875303,0.12224218219351204,0.11950977525982732,0.11755430908547146,0.1130662994941063,0.10998034162681247,0.10853077438476504,0.1053491323465238,0.10282972574397012,0.10090181287125335,0.10090857914942548,0.10100408869627897,0.09932027212562701,0.09665834207108157,0.09371060499968681,0.0935326273699998,0.09169745074797689,0.09260330014506302,0.09280186812281913,0.09221456012455438,0.09173478860772027,0.09299110436939287,0.09300146091590619,0.09166418431902701,0.09041509564624287,0.08935329230160519,0.09354381149511493,0.1147901975012363,0.08740394971171912,0.08732285525200006,0.08906029439970839,0.08668244520981123,0.09310201162485031,0.09719265878031026,0.09858857476532915,0.10000619793208386,0.10573380749334219,0.10636821940151234,0.10558926092045787,0.1024903201778884,0.10075521644819545,0.09974432745985969,0.10089826232554013,0.10409501344117825,0.108295356846256,0.1112570278955241,0.11581456895654095,0.11787263349803191,0.11901079024962248,0.11831875212260029,0.12179392744686893,0.12409929348743223,0.12747483723197925,0.12750727139485704,0.1284502480499537,0.13428963958587672,0.13689668838570537,0.1342000335707146,0.1321455280942125,0.13243366574607596,0.1369259080711556,0.13885413028695634,0.1382459231987417,0.13925498059877323,0.1416020085705082,0.14075047067765117,0.1278093739181166,0.11255954964182631,0.09545534229216372,0.21442287384321973,0.12602557321747335,0.09875288960535702
stat_67,0.14844398033437964,0.14831427097925354,0.14775460898356968,0.1455628024609943,0.1443860873093021,0.14422130824302712,0.14178017832984768,0.13996286376207587,0.13898311500515984,0.1376782273689997,0.13691267186310105,0.13685060295557158,0.13543063820586757,0.1320163961703892,0.12906984927712667,0.12697769643873594,0.12209485433592442,0.11874608237108293,0.1171757201305868,0.11374767139409306,0.11104735467110406,0.10900148912520757,0.10905308205379012,0.10915845119039776,0.10733049214365575,0.10444388491382153,0.10127273171789161,0.10108079620458155,0.09911837705950129,0.0977392965871243,0.10090204929254858,0.1034375325875599,0.1028540157145696,0.10902273801197762,0.10902549831679231,0.10737921851327151,0.12113977741585377,0.11931819146784221,0.11791032051189242,0.10824648320312107,0.11254554012110474,0.11833535729755325,0.11573834178592171,0.10972553758046862,0.116163048555951,0.1281112745581703,0.1311391052265082,0.11704783868476815,0.12396195705830963,0.11937832268839559,0.11860834201436586,0.11159042997265328,0.10640549314693669,0.10790864974418857,0.10912009659855453,0.11254730884961639,0.11710289934104008,0.12030228525173291,0.12524068446013079,0.12745521631592835,0.12867891029467432,0.12788076777641502,0.13163503185835704,0.13410782292151668,0.13774643775989986,0.137716150528949,0.13866369783628968,0.1450255486657291,0.14786102528527875,0.1449750824525129,0.1427717508360589,0.14302635314047246,0.1478482228706927,0.14987722000134068,0.14910685460665102,0.1501662172445926,0.15279022671244735,0.15185121451637895,0.1378723701821381,0.12145813944931168,0.10183154431826891,0.23010374790445112,0.13599237757131463,0.10680704312513066
stat_68,0.14448292903044296,0.14435283238905722,0.14381493851052865,0.1416839391510907,0.14052461466706673,0.14034600201155426,0.13796511260593247,0.13619694956534498,0.13524635365415705,0.13398370975682397,0.13323925576900034,0.133178661430925,0.13179411875087013,0.12847753005991125,0.12560838293623727,0.12356480919442347,0.11882200529054855,0.11556641260797414,0.1140391793189235,0.11069992436498717,0.10806522839168639,0.10606426710818932,0.10610139723751474,0.10620257318268693,0.10442464215340225,0.10161404185211939,0.09852254099340725,0.098335648626709,0.09641858395921325,0.10061538361107925,0.10784140180014974,0.11128324063006063,0.11063459721467743,0.10931349396011335,0.10932054106864114,0.10770159358683748,0.10615871573117691,0.11351412304657328,0.1122083799622655,0.10824648320312107,0.09971027849913634,0.10405371378225658,0.10402511360823499,0.09968408960203423,0.11085443115816342,0.12228578949834418,0.11548279677091415,0.11740491907196696,0.12429048719838728,0.12841574962444818,0.1276547078035492,0.11936684965571814,0.10956840654739888,0.10494379096503054,0.10613172654176928,0.10947553940620883,0.11391231567825363,0.11703317714978374,0.12183546775420812,0.12398615709030028,0.12517284660830205,0.12441038642259998,0.1280671841983103,0.1304831603364915,0.1340294243269893,0.13401889040434264,0.13495874404851055,0.1411338276577956,0.14388983515678738,0.14107188525954847,0.1389200114884682,0.13918486345469028,0.14388274043321922,0.14586735710842946,0.14514922316111872,0.14618760335625297,0.1487119967558448,0.1478055360261321,0.1342195555700001,0.11823212485246196,0.09949450528076485,0.22438297902360843,0.13242103165642102,0.10390072430679004
stat_69,0.15302187720697563,0.1528911500237097,0.15230971339190014,0.15005138874138682,0.14885446693460055,0.14870478627910713,0.1461948109150101,0.14432175743522893,0.14331032824574927,0.14196012903972566,0.14116972288368018,0.14110581804519307,0.13964395174491062,0.13612469776759126,0.13308857006221347,0.1309341492245162,0.12589070218604537,0.12243374603059114,0.1208127601437504,0.11728089817947457,0.1145023807146201,0.11240289205253769,0.1124668550604299,0.11257693426664596,0.11068979077280992,0.10772207138703549,0.10445459010194481,0.10425671629296984,0.10224063625855638,0.10082382152807709,0.101055551179127,0.1036118593549913,0.10303931659918852,0.10544849964670924,0.10546142144976368,0.10393498623598495,0.1025234709378131,0.10505881263934554,0.10394786031970703,0.11707643545723988,0.10553114663302127,0.11833007885866066,0.10944079333130338,0.10452515000506447,0.10313819421019244,0.1137061333042827,0.11162891238409936,0.11334816224109415,0.11992007704456698,0.1195766396698273,0.1187851253975119,0.11172979246544668,0.10977732739713761,0.1113214304725114,0.11256441882833108,0.11609448249277861,0.12077955401067539,0.12406900542132941,0.12916175767997254,0.131453618806949,0.13271913818916886,0.1318850173584952,0.1357555277362588,0.1383001718183249,0.14205160944054487,0.1420052019809817,0.1429587311753998,0.14953238046868075,0.15246118378188742,0.14949199102274818,0.14722438880903038,0.14747264083797607,0.15243509013597617,0.15450911520505886,0.15367744135987954,0.15475847305561705,0.15749222838239255,0.15651853126164092,0.1421108845797873,0.1252037250939555,0.10455775230314387,0.23677011559820957,0.14005087348212167,0.1101387657358887
stat_70,0.1481201807148588,0.14799332359593143,0.14742782209995833,0.14522967615666732,0.14404686201864267,0.14387202524604614,0.14142872773509796,0.139610122803559,0.1386202320821488,0.13731194489995066,0.13654279429630237,0.13648124629129446,0.13506941966172867,0.13166621531692824,0.12872904267892976,0.12664755097310862,0.12176941179727623,0.11843153333036853,0.11686708323526676,0.11344924970259665,0.11075335237063218,0.10870994509047457,0.10875947253066601,0.10886585014755457,0.10702648710569082,0.10414979515902333,0.10099166738434748,0.1008005300492788,0.09884696601722116,0.09746142121767419,0.09769018712823926,0.09707349032148846,0.09653660543091924,0.09538133088392273,0.09539394072808581,0.09400170252952979,0.09274194360029864,0.0916289240150901,0.09075975513265391,0.08980160394086492,0.08461991332233555,0.08184632781541065,0.08655650502754428,0.08172411238034023,0.09039052894720166,0.09960319007375865,0.10110064333900799,0.10256311472769551,0.10848122022388447,0.11202712499936995,0.11127546205572339,0.1080597311720731,0.10613418763475202,0.10762644061798096,0.10883461812225122,0.11224755257741102,0.11677848123339472,0.11997806509604869,0.12490795636926783,0.12712693416271698,0.1283691164718652,0.12757363077545927,0.13130903337660282,0.13377151936107526,0.13739109040378455,0.13735734523694865,0.13830539817458426,0.14464864469791047,0.14747456228384273,0.14460353093092004,0.14242381557063358,0.14267619708206752,0.14750070442834393,0.1495518690959478,0.1488015617661063,0.14986924293143183,0.15249082418184107,0.15154854758408703,0.13752986196651515,0.12114281229729984,0.10163902754112455,0.22958809161983684,0.1356841300441801,0.1065576727232432
stat_71,0.15296008308045822,0.15282977558228295,0.15224754688509556,0.1499893225718382,0.14879156149561698,0.1486400344772497,0.14612950432787805,0.14425649903047438,0.14324468672571827,0.14189421867158963,0.14110472675559235,0.14104089687342095,0.1395798186377123,0.13605813058800914,0.1330231145062394,0.13087139971376846,0.12583144580954836,0.12237675411629222,0.12075688769007835,0.11722683450111929,0.11444871320522462,0.11234917418861977,0.1124127224463329,0.11252393876339153,0.11064191932578826,0.10766821144945667,0.1077783112460072,0.10757437506234045,0.11338658937239086,0.11184044198122427,0.11677811822757465,0.12145394115953238,0.12662708968137062,0.13237384359216478,0.1323592699366686,0.13027229698822257,0.12826068328667697,0.12623128673216452,0.13269968479767316,0.11539133126351038,0.11978031089752565,0.1395426988771322,0.13285543921574483,0.11610591504501941,0.12966332516672652,0.1349568502674929,0.13846967574179878,0.14131344599356216,0.1500440348053848,0.14688637777291055,0.1393369270619525,0.12931284469997667,0.12180345132294047,0.12346930307154243,0.11616861605004337,0.11603861454349516,0.12072798578432338,0.12401027509045412,0.12910016252470902,0.13139302162316963,0.13266148182015844,0.13182791696097426,0.13569486862358177,0.1382355678548694,0.14198287493745182,0.14193666457742293,0.1428946586561399,0.14946549277286086,0.1523913065739614,0.14942443506600378,0.147159420292929,0.14740740091380777,0.15237024475456037,0.15444771368090418,0.15361930088443573,0.1547008365429392,0.15743383465253807,0.15645974467900867,0.14204772757606907,0.12514613087282292,0.1045215594995106,0.23667440383204602,0.13999278117181632,0.11009159902562426
stat_72,0.12923518085791816,0.1291020027715667,0.12864926318958256,0.12674815068952197,0.1256377529320766,0.12537788828291083,0.12321467135694493,0.12163168920948686,0.12079247408025588,0.11969772779606852,0.11903884268661764,0.11898399033364483,0.11773562000876328,0.11478993339213421,0.1122181154230966,0.1103607202471364,0.10617943099120185,0.10329346807037561,0.10193624431089711,0.09893862486179558,0.09655005361064234,0.09470716437586031,0.0946675222279932,0.09475205771762801,0.09318273997006887,0.09068374688717601,0.08790275435196089,0.08773529762395328,0.08599725417279366,0.08473914591746828,0.08489674629570101,0.0843653281183418,0.08394467568996472,0.08302256113343254,0.08304522211499869,0.08184322203890249,0.0807038461699263,0.07975417440134294,0.07898015142087533,0.0749356911242261,0.06811280214830621,0.07014562799398812,0.07425807068438929,0.07288626131664273,0.07885282325506891,0.08688527620041361,0.08801198505556268,0.08921003345796152,0.09428226967672595,0.09718374146073183,0.0964153449227739,0.09350756055770691,0.09203325581019532,0.09343697394231829,0.09455584725943633,0.09758542558029258,0.10151999738193235,0.10428962112282414,0.10855396664692582,0.11050268552705232,0.11157730949748035,0.1109813704495315,0.11424855719652525,0.11643753923249878,0.11961773927068177,0.11971668821738275,0.12066825196969555,0.12610175237918023,0.12853547735464763,0.12597282444425772,0.12401907556399108,0.12434612453213371,0.1285830281545818,0.13042436350574363,0.1299413709003422,0.13090859064347024,0.13303152400968052,0.1322527452018303,0.12015575514096506,0.10579653844660644,0.0906540818156581,0.2025726742840863,0.11823653286753924,0.09253240350245369
stat_73,0.1841467830425457,0.18401862398929525,0.18325568705127793,0.18047703188543318,0.17905269419577005,0.17886391097956802,0.17578268954096785,0.17349298030417024,0.1722130378110185,0.17053890707283612,0.16958189775300897,0.16950757673444694,0.16777613076519754,0.1635202017402928,0.15986866725839874,0.15733962536383858,0.15127375969043955,0.1471369815108695,0.14519836459987748,0.1409785193483756,0.13765804512978455,0.13515603241973934,0.1352195381982459,0.13535474559951838,0.13308934855896398,0.1295609650525676,0.1256739794828281,0.1254376970086827,0.12305430418588394,0.12139886455055975,0.12171968472843173,0.12092708345252474,0.12015172993350115,0.11864022918218932,0.11864091344676743,0.11682597443392505,0.1151537566913811,0.11352700026164907,0.11772391490836166,0.10051298763151005,0.09060291004039724,0.09854786821751688,0.10395043665324069,0.1041949847610402,0.11597385038601019,0.12228648272526832,0.1249096556365199,0.12714499436461907,0.13478694696664173,0.13947015409026844,0.1388190264361312,0.1349196089357598,0.13220855017436153,0.13395392921316926,0.1355147659440067,0.13973758773204745,0.14518631953691416,0.14891872531884162,0.1550617078805221,0.15804520690270535,0.15977361052875888,0.1587785216675039,0.16333204725053396,0.16627964996115288,0.1706908076543117,0.1706329220473395,0.17177949940909962,0.17971776089857983,0.18320218926096818,0.1796924733688298,0.17707274369182074,0.17733246268532712,0.18338747358014723,0.18599103695843702,0.1849226039292675,0.1862298633610032,0.18968543187389866,0.1884529697501068,0.17072221498820042,0.15038367735431524,0.12354884955837285,0.28249503301021733,0.16622338510702542,0.132187964006353
stat_74,0.15790084468397428,0.15777031758235446,0.1571619455704852,0.15482752843839626,0.15360325739782368,0.15346092654053314,0.1508706382576963,0.1489353052783301,0.1478869295042183,0.14648583828507317,0.14567080835736304,0.14560513456692178,0.14409986188616544,0.1404612648248717,0.13732927690807945,0.13511483580310432,0.12990688854383747,0.12633900255256947,0.12466618521014601,0.12102578022758598,0.1181665864285063,0.11600746022573881,0.11608240329771881,0.11619851387179278,0.11425822618728679,0.11119435595815308,0.10782926989407357,0.10762521602221752,0.1055465523079847,0.10409963551429115,0.10434496951061727,0.10367154970281182,0.1030917260603941,0.10190449369787359,0.10191877098298692,0.10042862764294824,0.0990451155230124,0.0978125704213663,0.09679503386803551,0.08405031330655864,0.07911831304946836,0.08433060929283802,0.0869448159986175,0.08690294233618406,0.09628095810225848,0.10616685652386072,0.10791097791197286,0.10955646167384754,0.11589922770510044,0.11963201119386886,0.11884536688272136,0.115418972276212,0.11336267034051746,0.11493390017717327,0.11622141787760004,0.11985699913591989,0.12468294962717463,0.12804997060798218,0.13330603206056477,0.13569004780585836,0.13700915336688774,0.13613907389471822,0.14012430785965949,0.14273443692907717,0.14659609787381267,0.14653568879742343,0.1475090175566267,0.15430568643106682,0.15732675245974206,0.15427252679010944,0.15194284515908735,0.1521853105039973,0.15730761682658806,0.15944700301015985,0.1585623015503298,0.15967198126054852,0.16252345380318614,0.16150995031603546,0.1466069386090555,0.12916911534024403,0.10748238664107128,0.24387669429354825,0.14431855554027156,0.11366346006199257
stat_75,0.16257609262984704,0.1624506859904057,0.16180391806634112,0.1593771916328279,0.1581172120133439,0.15796796938097715,0.15529126969249463,0.15328857557017697,0.15218277984366343,0.15072131401377123,0.14987258419936209,0.14980584700421154,0.1482647897303631,0.14451435896067674,0.1412914577209441,0.13903142242526342,0.13365004527392838,0.12998400993014167,0.1282653103089947,0.12452669117200137,0.12159157427505553,0.11937439107053714,0.1194669982712617,0.11958424624492345,0.12197587842546254,0.11872303002483774,0.11514318326757574,0.11492622259024342,0.11740768670506946,0.11579788131142359,0.1160879952227786,0.1153153134384604,0.11460513224441503,0.11837378941054864,0.1183749024647576,0.12244176788251737,0.12759149429052008,0.13381608253644703,0.14204694047168892,,,,,,0.13796521594896996,0.14233333101576734,0.13778695005656216,0.13310876451481846,0.1345094486305074,0.13309020683391615,0.1324026426942554,0.12870689186878184,0.12617882952335088,0.12787355577569806,0.12417604736679566,0.1280443267229741,0.1331321471549281,0.13178112610467874,0.13720122265158638,0.13968473359222236,0.14108344543082213,0.14017363221682513,0.1442480185289343,0.14691486029179288,0.15086376067656493,0.1507816454351253,0.1517731717438399,0.15878381190581528,0.16189167694205875,0.15877200736852448,0.1564163275807572,0.15664486500279184,0.16193861660412187,0.16418211307729075,0.16326746270999087,0.16442116308974256,0.1673975214447278,0.1663357552395406,0.15084874727314526,0.1328921146834351,0.11026777313346912,0.25058710617035496,0.14842426679835752,0.1170478854906695
stat_76,0.1760973333207981,0.175969603513156,0.17525222762395906,0.17261190985007882,0.17125539329461012,0.17109371090785422,0.16817589758914375,0.16599873381482141,0.1647860568228074,0.16319209148950647,0.16227685732151273,0.1622052197586496,0.16054329708932694,0.1564787080764387,0.1529909801773049,0.15055658236962816,0.14474066295538257,0.14077932775626253,0.13892006872564353,0.13488034303260685,0.13171101953553804,0.12931660438711762,0.1294017902162622,0.12953202329118957,0.12735804317111477,0.12398807740701197,0.12026271624607503,0.12003624100272871,0.11773951683500047,0.11614280908107924,0.11644349761936115,0.11568451548032374,0.11498176580748938,0.11354263745768597,0.1135526279379206,0.11187200516340523,0.11038422804825278,0.10898868248469475,0.10792272433618656,0.08728008238818953,0.08782364714585553,0.09468121720518291,0.09647889183018106,0.09641743293869524,0.1068535187936447,0.11768941756154208,0.11991719450787149,0.12186502749616475,0.12907144536853954,0.13348836389447927,0.13277922986122812,0.12903583160584198,0.12651726907106095,0.1282094209107716,0.12968181868023831,0.13371807708450162,0.1389691435022212,0.1426109457566259,0.148479186691164,0.15126542583139246,0.15285002302498715,0.1518777484531885,0.15625699681200972,0.15910581169763652,0.1633547714124794,0.16327640414060426,0.16435241759887576,0.17195114156366872,0.17529926905443216,0.1719333499432245,0.16940747971971756,0.16964832891382894,0.17540455650971173,0.17785591732054898,0.1768318176627384,0.1780739202548884,0.18135267922101433,0.18018544038114623,0.16331972605462297,0.14387567316504318,0.11855836548138897,0.2705561469720571,0.15969424084849332,0.1265850083250374
stat_77,0.14406046068610276,0.14393370209982032,0.1433895208734968,0.141253867421583,0.1400901185388663,0.13990152798680386,0.13751664322533808,0.1357495624081095,0.13478782522743124,0.13352156598625883,0.1327741137140296,0.13271411225345497,0.1313374065040797,0.12802580940015046,0.12516729348026967,0.12313701404985022,0.11840171058094434,0.11516218762080732,0.11364209911789053,0.1103168912123064,0.10769241161364826,0.10569430528411171,0.10573613818914629,0.1058375138075482,0.10405055394907328,0.10125522599040146,0.09817919021155251,0.09799323738666302,0.0960801564383598,0.09472361915991957,0.0949372750239704,0.09432685239036902,0.09379258933782672,0.0926734494278962,0.09269311628730449,0.09384873467115926,0.09524166994575228,0.09404026599984044,0.09309484611139433,0.10046452322539244,0.09028604256279457,0.0900618191298776,0.08861168645385169,0.08614960311658493,0.09263391900442354,0.10214809402567845,0.10379437257544866,0.10240566246306046,0.10540074212307533,0.10882619098769031,0.10809947441706744,0.10497601764746183,0.1031320444648156,0.10459599494493907,0.10578405606366649,0.10910985615018023,0.11351699998787611,0.1166369284432242,0.12142502986877259,0.12357765320686993,0.12477712142064364,0.12401394240423463,0.12764563853645705,0.13004755176355828,0.13357149858571993,0.13355514862617957,0.13450051324817108,0.14065618667986707,0.14340092741340657,0.14060138337530192,0.13847707006274154,0.1387358638234498,0.1434369592974667,0.14544411833643242,0.14474531455971773,0.14579076349367343,0.14831286593597734,0.14740299808576315,0.1337843164554877,0.11783540598215099,0.099230986394216,0.22370204873047306,0.13206545844709028,0.10359910270285509
stat_78,0.21975679234149945,0.21961868160200818,0.21866258923058793,0.21526985663090445,0.213464750185103,0.21303505292864244,0.20918382534600022,0.20639414839905115,0.20480160881902917,0.20279973816290073,0.20168744154680657,0.20160142467173672,0.1995554435320762,0.19451092200522208,0.19013509494503755,0.18714941391832168,0.18008691514596625,0.17524075122032476,0.17295767275448798,0.16794363604628879,0.1639365881543858,0.16086648857698083,0.1607621474113943,0.16091002839053975,0.1583049364072239,0.1542439196280011,0.14962050411034952,0.14934049138124098,0.14651839190614802,0.14451622889008695,0.14484980642598497,0.1438490066325234,0.14283300925684483,0.1409204253777045,0.14090456330785,0.1387344642115487,0.1366277625721391,0.14411427085888445,0.1421661145186781,0.11506522348646743,0.11153775447382672,0.1269766435211762,0.1321345338509774,0.13256490282085714,0.13804792588519801,0.1520947472018208,0.14695982934718782,0.1501105717654075,0.1594744924229275,0.16541935438095812,0.1649865220420078,0.1603795287959439,0.1568946676251329,0.15900270221376817,0.16113920854163896,0.16626335504761763,0.17229371885237227,0.17620627642255135,0.18347736714723598,0.1875677259032512,0.19005555921049747,0.18909258272893248,0.1943463670795971,0.1976921004243848,0.20280828566300316,0.20299722318432523,0.20456694496090372,0.21390711832016637,0.21791008494341874,0.21372954605221475,0.2107026110151504,0.21113919508011889,0.21857082367907124,0.22195977184581855,0.2208430500884482,0.22246372872731332,0.22662092189787134,0.22511217111326995,0.20347612767634266,0.17911495590259785,0.14626141028950185,0.33623437288373154,0.19309704886873177,0.15611509115940161
stat_79,0.15223765312620255,0.15211234189540213,0.15152165135643278,0.14925847746043544,0.148058198658762,0.1478972265250097,0.1453863628200707,0.14351700249552213,0.14249193550635,0.14113695992435396,0.14034445112341354,0.14028147942886884,0.13883247803026963,0.13532652373459728,0.13230639949938874,0.13017600955232284,0.1251486366178168,0.12171267299033987,0.12010325650786884,0.11659335935600502,0.11382549473395466,0.11173443417328194,0.11180505843960839,0.11191433949810811,0.1100144028334117,0.10704962377247952,0.10380728984568237,0.103611098645979,0.10160052011849816,0.10017166356893595,0.10040407476441417,0.09974530863588081,0.09916444366087468,0.09794009794962148,0.09795409327549572,0.0996080385619189,0.10164405909996437,0.11322438865012502,0.11753008446039322,,,,0.11504405665908687,0.10932767039629651,0.11580688246570564,0.12199652978460891,0.11066836788703356,0.1086824076474841,0.11142789745427488,0.11513661281407596,0.11441694814928231,0.11116659207131893,0.10914257209353108,0.11066705847125813,0.11190771393335085,0.11540652786878415,0.12007002020619541,0.12336098829000774,0.12843403842083223,0.13071970086552642,0.1320075408654814,0.13117139603246525,0.13500771059236355,0.13752697173080355,0.14124103796089116,0.14118393084835162,0.14213698042135736,0.1486787323717172,0.15158794190407643,0.1486501396907244,0.14642419641832125,0.14666022398196515,0.15161989378299848,0.15372294549381538,0.15291781411274008,0.15400808482429162,0.15673788080278192,0.15575949358732843,0.1413172660309438,0.12448647652776115,0.10405083918068796,0.23549508719126844,0.13944215540151536,0.10960331232549071
stat_80,0.14800015057585847,0.1478737882034205,0.14730799450660637,0.1451121013160923,0.14393149509910502,0.14375728801819665,0.14131269569517155,0.13949683499851542,0.13850530212151743,0.13719694412332525,0.13642783700137218,0.13636636832925825,0.13495457324581048,0.1315513739077269,0.12861466789966125,0.12653509234990887,0.12165894936350143,0.11832506054439515,0.11676145811751501,0.11334783927118279,0.11065456184581585,0.1086128475030252,0.1086641223919253,0.10877087801039993,0.1069346010431165,0.1040570942504197,0.1009023668508242,0.10071143000617898,0.09875696809861595,0.09736771077076198,0.09759667656961156,0.0969719207718185,0.0964167709641183,0.09525284256184248,0.09526740853626099,0.09385016764226073,0.09254512399400965,0.09138719563616057,0.09045910173415152,0.08249555730066353,0.08338888854002607,0.08352769166161209,0.08333902462947271,0.08355272976907885,0.09007207974879715,0.09933957242949137,0.10088843994280157,0.10240595170144084,0.10834718013379999,0.11190133337812053,0.11117240226218558,0.10797381971945957,0.10604400960593505,0.10753711713611379,0.10874437758613197,0.11215236976462274,0.11668449323735723,0.11988198812779198,0.12481022850146271,0.12702504667096243,0.12826503469632766,0.12746591268962412,0.13119691589174853,0.13365672491786212,0.13727377513106093,0.13723843824722323,0.13818518790908701,0.14452683805336794,0.14735152612612898,0.14448446526549238,0.1423097942361669,0.1425579613048466,0.1473820739807564,0.14943255577304476,0.14868078184969644,0.14974666574137166,0.15236826514859492,0.15142602963337742,0.13741785033332374,0.12104475528628618,0.10155164486466356,0.22938770783793208,0.1356233482910469,0.10649301947450589
stat_81,0.17578835512633972,0.1756620642716933,0.17494302887455992,0.17230304338658872,0.1709482105225932,0.1707843965280101,0.16786289644190655,0.1656874217139633,0.16447455354703636,0.16288037657265564,0.16196439483268746,0.16189301624136235,0.1602355357442358,0.15617118682418754,0.15268414342522585,0.15025847798943423,0.14445087879599103,0.140489086631084,0.1386326196912591,0.13459651366148673,0.13142008676130246,0.13493330582083146,0.13499556541722377,0.14203118544868112,0.13966372812855454,0.13598498740324028,0.13962901422031537,0.13936739727440495,0.13672821982397632,0.1348765641512114,0.13521271626076123,0.13429243988691247,0.13337260136776183,0.1316240977534943,0.1316100727059705,0.14895233499230195,0.1464417765125053,0.17399202648437706,0.17113462204522986,,,,,,0.1626999643254462,0.17899345415478402,0.15676813409037754,0.1606085915069076,0.14923913402702263,0.1546718414338512,0.154151875073766,0.149874360624792,0.14668502210566992,0.14862207814247375,0.15049303802199707,0.14667112725480294,0.15230246102633896,0.15612110333732584,0.1548279070002678,0.15095148485567525,0.15255135483965368,0.15158199385689936,0.15596001657386144,0.15879952365655764,0.1630361458282695,0.1629583579666308,0.1640363095469652,0.17162352314466173,0.17496670931515124,0.17161113337401993,0.16909488732463296,0.1693320466652185,0.17508884356181503,0.1775448403506064,0.17652524164064481,0.1777688595758794,0.18104546856312884,0.1798778248013503,0.16301845046535873,0.14360751223369617,0.1183506240602127,0.2700546261846986,0.1594791560881268,0.12638588532743253
stat_82,0.26233685355131536,0.2621776266452048,0.2609847056433237,0.2567682123016088,0.25429675296203463,0.253225198552705,0.2482405617237572,0.2447801294094736,0.2427734265821222,0.2404221394338511,0.23914522206313166,0.2390468512991211,0.236645197937118,0.2306652600733869,0.22541652340019216,0.22190183782846548,0.21386651133772971,0.2083009631415013,0.20565447928536748,0.19971886476616582,0.19484642896577664,0.19097001711571088,0.19051934548724228,0.1906626028473958,0.18778835331394914,0.18322496604281815,0.17781115214652685,0.17747983703391437,0.17415591723283536,0.17178324607406031,0.17214066226686137,0.1709372620074364,0.16955783334582816,0.1672515425930944,0.167235577276029,0.16436881933279524,0.16148926433081856,0.15822788639172503,0.1558510271752797,,0.12073874943030398,0.14140269562232705,0.1453390230300588,0.14545375853527948,0.14991526654177578,0.16506155157310845,0.17145427607352642,0.176108285625835,0.18793827410341568,0.1953835145589566,0.1954324551580166,0.18980062829725514,0.1852863316913371,0.18783075441663516,0.19093038644419683,0.19716050474674218,0.20345912680476994,0.20710219989806225,0.21552156045839896,0.22136030387779335,0.22509082863107488,0.22445962189774918,0.23036673910081018,0.23409786373994368,0.23990973630607623,0.24074679042148858,0.24321342395118334,0.2539649009492488,0.25841858807303114,0.2533907049211166,0.2499276236566643,0.25083192976717605,0.26015893934057666,0.2648813980578532,0.2641138759188065,0.26625402525706987,0.27107769601929604,0.2692461953224105,0.24252320749124776,0.21317928439711872,0.1749013074763989,0.40249686213859653,0.22110138421603984,0.18280094806583996
stat_83,,,,,,,,,,,,,,,,,,,,,,,,,,,,,,,,,,,,,,,,,,,,,,,,,,,,,,,,,,,,,,,,,,,,,,,,,,,,,,,,,,,,
stat_84,0.26583651290889027,0.2656595186896871,0.2644786219610568,0.26021597335647983,0.25764951287975274,0.25646170458557405,0.25136506766850397,0.24785335167237857,0.24583254536719504,0.24349225921927517,0.24220866176635242,0.24210821083309347,0.23966464419505606,0.23362890237759698,0.22830256480018488,0.22471004008083623,0.21664506107249884,0.2110336279024943,0.2083610090115943,0.20233641902359475,0.19735614471796867,0.19337058762207202,0.1928530886511328,0.19298975225177886,0.19012081132263922,0.18552188730045255,0.180024779305622,0.17968848436211432,0.17627964404552368,0.1738172052218453,0.1741219836581405,0.17289989551616425,0.17151177522747504,0.16922364441777635,0.16921077854219227,0.16637373147195147,0.16342335093118643,0.16001458061577212,0.15752689167921322,,0.12252495794562392,0.14456478283576438,0.13521592286041811,0.13493616179341578,0.15128371691154258,0.1665330210173112,0.17317883962561503,0.17793284422696556,0.1898544838119385,0.19730032313532536,0.1973298377506739,0.19150256306176558,0.1870977369810218,0.18980210247826199,0.19308890510000598,0.1994653636306658,0.2057435664597458,0.20929365844617281,0.21774001129780474,0.22379198723922705,0.22765453113363168,0.22714727283206948,0.23311670297930695,0.23692117061532966,0.24280766653575067,0.24381108150633,0.2464367695911036,0.2572321910923003,0.26170496199471943,0.2565564584424114,0.253011879687264,0.25404078629570104,0.263532171526591,0.26837147488991464,0.2677099984171134,0.2698981915044969,0.2746841660460791,0.2728565051104242,0.24586765352609938,0.21608671272190294,0.17786277076890422,0.4089162401755529,0.22259464239190127,0.18452020752080625
stat_85,0.20967896578706532,0.20952369116995068,0.2086646389087417,0.2054803650161327,0.20375783113582946,0.20335330054477596,0.19972276917475312,0.1970833707146452,0.195612381842506,0.19375265722759538,0.19268460590585115,0.19260018762367348,0.19063108259775657,0.18581748385233463,0.18164835513812483,0.17874929565805248,0.1719924352030824,0.16734553576707048,0.16515774939914374,0.16035587199310886,0.15649998989723526,0.1535442440776721,0.15353159227538332,0.1536710414970746,0.15118032590229463,0.14724958519885337,0.14284789000758763,0.14257886208494822,0.13983482660089944,0.13785101770721397,0.13812752015392035,0.137197979411811,0.13630496330236,0.13457280745683778,0.1345899641266958,0.1325197914117639,0.13055610258467326,0.12849193149947974,0.12687239391532196,0.09865683371477349,0.10176094743802276,0.11387229379601049,0.11843714473332038,0.11164433733683354,0.12427574192398266,0.13693617965144236,0.1405965864233058,0.14341320436037908,0.15225033657897027,0.15763253524032222,0.1570125764855198,0.15243695982684624,0.14943321081634503,0.15161006520424944,0.1536868704794151,0.15857934616319813,0.16445292383901194,0.16827997300794648,0.1750804002528218,0.17890827601484463,0.18117932876088316,0.18029421440031262,0.1853879028134379,0.18870630672816754,0.19366020216303095,0.19387783993602858,0.19540985221781734,0.20428300941670666,0.20814512814107577,0.20409063193806612,0.20110951196794483,0.2015859747116315,0.20860615229890525,0.21173604765784879,0.2106831463100879,0.21221001827650515,0.2160697833006809,0.21467767502093513,0.19440366211350676,0.17116939393336114,0.1404060867855648,0.32201382209332835,0.18483391512619632,0.14893007731248162
stat_86,0.2626641551571826,0.2625030703129131,0.2613124142230737,0.2570947164236473,0.25461959624103925,0.2535451277765199,0.24855527691834653,0.24509181177460881,0.243085698052458,0.24073580221729246,0.23945757136159374,0.23935891784328525,0.2369527024701817,0.2309670069108136,0.22571150208978003,0.22218820571907166,0.2141450421415318,0.2085719554693698,0.20592180200826163,0.19997717735680506,0.19509582937938558,0.1912114622428652,0.1906519907119144,0.19079538753256522,0.18791992403371535,0.18335271157556693,0.17793533442448387,0.1776037314091884,0.17427495849205674,0.17189862731894656,0.1722543390979722,0.17105116171614393,0.16967284330082558,0.16736895272853491,0.16735386966213997,0.16459675761031053,0.16161703862078408,0.15835481235484786,0.15597378612636825,0.10962680235988535,0.11322453539976597,0.12947008970329993,0.13386680987072122,0.13379442407266115,0.15002762300884465,0.16518104884694107,0.17158121314720187,0.17632967173538736,0.18806105471768705,0.19550188685029757,0.19554610166949307,0.18990194443498787,0.1853956823591981,0.18794857330332712,0.19105571744476144,0.19729154776151187,0.20359434252180192,0.20723718779307856,0.2157629640445574,0.22161598902549906,0.22535139338335666,0.2247274525298152,0.230645416541134,0.23438807964254085,0.2402110640106086,0.24105808377519064,0.24353253365195374,0.25429280576648455,0.25875281438521097,0.2537129160183547,0.25023903912534373,0.25115144524982064,0.26048693863582234,0.2652090019928552,0.26444075008352536,0.26658116854301483,0.27140442196738995,0.26957386410345063,0.24284409929137896,0.21346391580006063,0.17514032649892597,0.403054388564351,0.22128120134724172,0.18298933742448825
stat_87,0.2225852955946481,0.22243338385029282,0.22148829066157194,0.2180614873463576,0.21620004907176646,0.21570436691390743,0.21178301325879442,0.2089525372365477,0.2073543549899285,0.20535993404554242,0.20423366709577292,0.2041457171822228,0.20207185746080292,0.19696100155956633,0.19253235276431868,0.18948862500280958,0.18236670749201517,0.1774697003110489,0.17516068712976296,0.17008125544311364,0.16599521382789703,0.16284591707950977,0.16270040335894798,0.16284665149912558,0.1602358494193106,0.1561256768504556,0.15148136020638292,0.151197112424625,0.14832415264670826,0.14626420951947294,0.14658183842090358,0.14559080564345317,0.14458801661186418,0.1427082443105894,0.14272189991021245,0.14051059675824543,0.13828959733809143,0.13599552657537076,0.1342349839197505,0.10956222323477559,0.10133637076140241,0.11282012728907197,0.11768304491208859,0.11746060871704472,0.13098334989420707,0.14430607804453988,0.14852986047577854,0.1518067781689561,0.1613090807333336,0.16719197209481695,0.16670657959057547,0.16190823027498,0.15850703935352428,0.16073514559330151,0.16298485889378497,0.16817124213534665,0.17423187051444236,0.17810955122930794,0.18540877504894893,0.1896402485906142,0.1921989686049293,0.19130449628314417,0.19662824273685492,0.20006142369531518,0.20524548727669745,0.20552983424752216,0.20721312824049626,0.21660320126306754,0.22064592428678625,0.21636963826588831,0.21326884513512653,0.2137921054538103,0.22133170391354898,0.22478179906455306,0.2237130679330275,0.22536550729554664,0.22950778519221038,0.2280015466426613,0.20619644325395714,0.1815003467346343,0.14850111637000007,0.3412216890416945,0.19457972694351058,0.1576537127180119
stat_88,0.2947328217740844,0.29456088512583606,0.29316083794608705,0.28824056537936193,0.28511148520006535,0.28331207209892467,0.27730397483824054,0.2732863249620947,0.27091665326228154,0.26830613306466033,0.26693089863928304,0.2668252152191393,0.26416414173672603,0.25750954185489283,0.25157884017302284,0.24768275454767508,0.23908231972184063,0.23306627930964563,0.23017881733182735,0.22355594991508687,0.2179922294972675,0.21342451819731786,0.212389871391095,0.2125174891008814,0.20952928275553473,0.2047134406245815,0.19869942641093793,0.19833110139396237,0.19470485520084022,0.1920745462811538,0.1924679267463714,0.19113270815574493,0.18944131926725036,0.18685870807931707,0.18687299763225865,0.18352570203647398,0.1798458430556937,0.17563786437984208,0.17275372694862154,0.11759308752150685,0.12097827577107943,0.1411315795251856,0.14532406000251177,0.14549802901259434,0.16403859584072356,0.18040023163438643,0.18885161875092826,0.19497136209020197,0.20873378470794912,0.21740256462466517,0.2180056184184654,0.21158640508269752,0.20607416463831388,0.20890398847519073,0.2128423583022168,0.21997888043637429,0.2261437525502656,0.22925788101384817,0.23866134883376622,0.246112022374776,0.2510574151817571,0.2508677714449792,0.25711811184618755,0.26100830848859313,0.26723486833608096,0.26879038051293935,0.2721576068420312,0.28382892858987446,0.28848275793756434,0.28280823767125957,0.2790871221115196,0.2804824869196901,0.29145200793842785,0.29750356403245853,0.29729345404098595,0.2999342328026296,0.305182265278466,0.3030906607232845,0.27203459449547196,0.238772531793726,0.19751579116432696,0.4539423333441143,0.23994032891671138,0.2018968013841236
stat_89,0.2626641551571826,0.2625030703129131,0.2613124142230737,0.2570947164236473,0.25461959624103925,0.2535451277765199,0.24855527691834653,0.24509181177460881,0.243085698052458,0.24073580221729246,0.23945757136159374,0.23935891784328525,0.2369527024701817,0.2309670069108136,0.22571150208978003,0.22218820571907166,0.2141450421415318,0.2085719554693698,0.20592180200826163,0.19997717735680506,0.19509582937938558,0.1912114622428652,0.1906519907119144,0.19079538753256522,0.18791992403371535,0.18335271157556693,0.17793533442448387,0.1776037314091884,0.17427495849205674,0.17189862731894656,0.1722543390979722,0.17105116171614393,0.16967284330082558,0.16736895272853491,0.16735386966213997,0.16459675761031053,0.16161703862078408,0.15835481235484786,0.15597378612636825,,,0.14029919814694933,0.14459528741613992,0.14484030690995453,0.15002762300884465,0.16518104884694107,0.17158121314720187,0.17632967173538736,0.18806105471768705,0.19550188685029757,0.19554610166949307,0.18990194443498787,0.1853956823591981,0.18794857330332712,0.19105571744476144,0.19729154776151187,0.20359434252180192,0.20723718779307856,0.2157629640445574,0.22161598902549906,0.22535139338335666,0.2247274525298152,0.230645416541134,0.23438807964254085,0.2402110640106086,0.24105808377519064,0.24353253365195374,0.25429280576648455,0.25875281438521097,0.2537129160183547,0.25023903912534373,0.25115144524982064,0.26048693863582234,0.2652090019928552,0.26444075008352536,0.26658116854301483,0.27140442196738995,0.26957386410345063,0.24284409929137896,0.21346391580006063,0.17514032649892597,0.403054388564351,0.22128120134724172,0.18298933742448825
stat_90,0.23672392108475107,0.23658352952525066,0.23552251301879068,0.23179602863019255,0.22975336859671408,0.22911136206402863,0.22483042100246034,0.22177335880728852,0.2200120877988953,0.21785413959891928,0.21666816908078707,0.2165774794531717,0.21439604473294546,0.2089579617701945,0.20423982394807505,0.2010576592361921,0.19356481099819886,0.18841913816908992,0.18598662114352854,0.18061099617131593,0.17628243944708633,0.1729125924740979,0.18906268451826969,0.1892070254377545,0.1863355150180937,0.18179962919526826,0.17642441106925702,0.17609615788313188,0.1728234371271905,0.17050216884222752,0.17088192003258848,0.16968340137738286,0.1682987101421171,0.18597070985583575,0.1859476648569916,0.18260019967065094,0.1789285110334642,0.17475581623430045,0.171854265222806,,,,,,0.1633011566219083,0.17965549898208816,0.1880124888958616,0.19409815572060873,0.20779725748848726,0.19410378029912465,0.19417912226175515,0.18866597509541477,0.18409520722373596,0.1865478681650014,0.18954827669299162,0.19570812996544795,0.2019988115824613,0.2056771803680004,0.1965222288829626,0.20124924552703513,0.20418531155960273,0.20329501399912947,0.20881915238286727,0.21232052736350618,0.2177156817097242,0.21809279519370134,0.2199745161684739,0.2299175619264713,0.2341234122606751,0.22962676151213618,0.2264382343807768,0.22701654079299943,0.23518287225814577,0.239077810392776,0.23804909928560228,0.23987064606328354,0.24433494072668188,0.24268663956281783,0.218996408989288,0.1926709744195199,0.1573938047359379,0.36219111171446855,0.20490207700578406,0.1670676984815883
stat_91,0.2407715619209427,0.24061120387694965,0.2395656706001557,0.23579531619850752,0.23366502673497877,0.2329232317316333,0.22853401423997427,0.2254239570467402,0.22365164402119014,0.22150414340967192,0.22030737036281114,0.2202140436245221,0.2179833627102622,0.2124770028266783,0.20767265608592275,0.20439907609332686,0.19684873567771244,0.19163553155952096,0.18916802848304423,0.18368958750706915,0.1792372086288317,0.17575411259041274,0.17553560152047698,0.1756792700742096,0.1729406432989323,0.16860412231450805,0.16359287791562518,0.16328654285266855,0.16017845158283164,0.1579504660594115,0.15826425742733866,0.157166025367418,0.15599901874343003,0.15392818015397972,0.15391876107240327,0.15135602382517702,0.1488950974666215,0.14616134497425334,0.144098715987464,0.11604331427315853,0.12073429876252627,0.14137898333872154,0.12511542320996707,0.12487809115140024,0.13970330595886207,0.15388678908686593,0.15906915173594277,0.16288930925615008,0.17347844786645897,0.1800417346298894,0.179758436790811,0.17455568461729376,0.17073603750848734,0.1731545119630276,0.1758112128255693,0.18149065398269834,0.1877008920796163,0.19150324122051784,0.19925449296791414,0.2041956187309005,0.20725811354772516,0.2064839566149114,0.2120998477374565,0.2156998363744337,0.2211948486654593,0.22173145556683976,0.22376344870467496,0.2337802819984726,0.23802656699603564,0.2333923971156011,0.23010201051103726,0.2308032892070767,0.23913356420354476,0.24312175986971712,0.24217139483494818,0.24403311102828706,0.2484720370676948,0.24682786706061782,0.22288294272038936,0.19607093483363944,0.16064092746842046,0.36939299374306983,0.20689807468335802,0.16921174992284466
stat_92,0.21924181924995775,0.21910719281688712,0.21814607821360874,0.21474812390025003,0.21294823656680478,0.21251804720503328,0.20867416420818038,0.20588322746142884,0.20428932692366641,0.2022847683802128,0.20116893760273422,0.2010833909863482,0.19905184735489534,0.19399830128947904,0.18963982339931693,0.18667517959818972,0.17961174357203405,0.17477780772783805,0.1725004284320484,0.1675077879342932,0.16352335947318175,0.16046287641819096,0.16039310225910203,0.16054216073575206,0.15794059430761598,0.1538842660139659,0.1493105939634384,0.14903135264917436,0.14623987038169345,0.14427339428952834,0.14463075896487806,0.14364440508393303,0.14261980586311374,0.1407259279422356,0.14073713203279226,0.1384913135103568,0.13632349701470464,0.13409592959267078,0.1324192524438302,0.11483671949252117,0.11166681931551697,0.11801928426552236,0.11564426082690846,0.11591230267709715,0.12939866168294845,0.14260251804370158,0.1466621567859892,0.1498768253706318,0.15931095924684816,0.16520845796318503,0.16479268808698555,0.16019573294439543,0.15667091791869575,0.15873285958655625,0.160832184325412,0.16589947639008334,0.17192533039056915,0.17584001520710715,0.18307556661781993,0.18714605921170843,0.18961770363715152,0.18863672574898346,0.19387260781817953,0.1972126203108322,0.20230420139350302,0.20246860219070706,0.20404254174422257,0.21336234325250622,0.21736134973025292,0.21320113376029784,0.2101926185651373,0.21062126800619485,0.2180411614184779,0.22143955730115214,0.2203277055132387,0.2219559405898911,0.22611464314882243,0.22460302922061146,0.20296483452267175,0.1786609136968982,0.1458825042836847,0.3353374349043099,0.19281143735547254,0.15581773155274342
stat_93,0.2611807827459077,0.2610281848819954,0.2598286662153045,0.2556221600632147,0.2531754938664765,0.2521322615005401,0.24717735074017233,0.24373120913105312,0.2417259540057747,0.23936960549956304,0.2380957404820101,0.2379982091946548,0.2356124111287381,0.22965120335786246,0.22442816949888097,0.22094275508776504,0.21292324524113845,0.20737717158291885,0.20474098438854638,0.19883662317762651,0.19400089925266142,0.19015908860630537,0.18966017196480045,0.18980621918207505,0.18693624911732037,0.18239311034935005,0.17701447545920665,0.17668505493697964,0.1734198909339981,0.17108787392000835,0.1714821465222504,0.17030584266564558,0.16894420067394236,0.16665558311066175,0.16666284024934708,0.18296627195789228,0.17925873337896908,0.17500788176295576,0.1721353446348796,0.11603231097535996,0.120155533023054,0.14023179164324115,0.14465259688856785,0.1450023850035304,0.16352842852521818,0.1798663815184777,0.188310398190099,0.19444150942818583,0.18738131688985438,0.19478609014291948,0.19483356594012066,0.18925152357034528,0.18466596149945216,0.1871412068278761,0.19015258612845856,0.19632672089342162,0.2026157460607592,0.20627655435137304,0.21475073991419247,0.22052663405827191,0.2242228696018898,0.22355483086545175,0.22943371196049495,0.2331329140413702,0.23891289101982915,0.2397000249264934,0.24212211772883815,0.25285335143126747,0.2572945698015868,0.2523087567152055,0.24887822999202383,0.2497446137020803,0.2590272400318699,0.26372778457186546,0.2629389821286842,0.2650694930901399,0.2699037145577891,0.2680691510523121,0.2414023421435594,0.21219696254871004,0.17395579492476732,0.4004036130687824,0.22054780826182915,0.18219809608432824
stat_94,0.20500960382254407,0.20487931713090768,0.20399690133610698,0.2008543190017192,0.19922485821296904,0.1989226744242149,0.1954058739713316,0.1928228575476376,0.19135800221515653,0.18948173575723917,0.18842731162752613,0.18834625129926177,0.18643726382097742,0.18170194131432765,0.177632192287693,0.17484556483104857,0.16816307942149353,0.16360152785653728,0.16145666203026524,0.15677689775670994,0.153064874412096,0.15023858333474344,0.15025540180428534,0.1504005971988002,0.14792124760733333,0.14406628051171053,0.13977047035768447,0.13950860567729623,0.13688189919443206,0.1350344442893744,0.13537825138745155,0.13446137424203872,0.14240003277581573,0.1405058106536926,0.14051508503330293,0.13828179962382348,0.1361035999705514,0.13385103373628449,0.1421251730949917,,,0.12726547483048048,0.1323853920305248,0.12331782066171579,0.1380297001948897,0.14236898569256856,0.1464417213212407,0.14966412269351018,0.15907351640816544,0.1649697188681284,0.15434901741606508,0.15006059066990546,0.14686461978795737,0.1487984184406623,0.1506527025688184,0.15536672003668,0.16119756224388904,0.16508522349289745,0.17187975345555387,0.17547364511286884,0.1776167932640997,0.1766003376225869,0.18157404475416952,0.18476324329441554,0.18958926562631886,0.18962691331587375,0.19099492670180718,0.19977771669886712,0.20358353496096257,0.19969393633579247,0.19684220879579759,0.1971778901344715,0.20402459673236029,0.20707192140531958,0.20594416462068124,0.2074329143241125,0.21132435186648119,0.20992336422771118,0.18988903783568356,0.16720800149902526,0.13668460309235636,0.313703042546137,0.18244440204260196,0.1464200678083405
stat_95,0.2611148616494246,0.2609622715007218,0.2597633501458191,0.25555880900854094,0.2531144512817193,0.2520741581111396,0.24712221256645184,0.24367745936458954,0.24167320998742786,0.2393173245754999,0.23804350566312085,0.23794597902749165,0.2355601594442269,0.22960017201279176,0.2243774245885966,0.22089226110492072,0.21287294961854092,0.20732716730617223,0.2046912806609507,0.19878695823250994,0.19395201619246952,0.19011182047203853,0.18961419738836838,0.18975990717679125,0.1868886459404998,0.18234476645131928,0.1769590341145941,0.17662971280268408,0.17336700359872692,0.17103577647791157,0.17142556603029016,0.17024112265536984,0.16886792136064255,0.16657699389256658,0.16658701802464493,0.16374653592473612,0.17912065589785553,0.17484284282082627,0.17194543566837273,0.11598090199509836,0.12009256803236791,0.14006228719283653,0.14451913496597238,0.14487207789105985,0.1633797611554128,0.1797340441843239,0.18819099234614958,0.17553579793567972,0.18730600957899085,0.1947066755239791,0.194765485323191,0.18919585976053535,0.18461674012934454,0.1870903739539782,0.19009648241366173,0.19627646744368255,0.20256822919726217,0.2062328706397485,0.2147066625220548,0.22047794075266627,0.22417112693913513,0.22350230637540092,0.22938138548218656,0.2330808785548028,0.23886099597176047,0.23964665460180032,0.24206563239848164,0.25279641365590033,0.25723799836550293,0.2522535309858121,0.24882313260723654,0.24968771107841112,0.2589658494613671,0.2636616664173739,0.2628696147781863,0.2649982667228313,0.26983230383578427,0.26799836458647447,0.24134359264113414,0.21214694153247907,0.17390364208668976,0.40029199467867516,0.2205218395790873,0.18216618879377305
stat_96,0.19344832122031266,0.19332074556576764,0.1925019437497311,0.18956064640061834,0.18805234159661258,0.18782569447219627,0.18455688643247237,0.18213771217791141,0.18077418506881085,0.17900573728186214,0.17800401059291723,0.1779267293988674,0.17611793041339135,0.1716449196064108,0.1678079648112986,0.16516593432154422,0.15881335231377394,0.15448204920760167,0.15244863420731894,0.1480241008524111,0.14452777976684789,0.14188198727149506,0.14194732086676434,0.1420875380721653,0.13971734263197685,0.1360398980078669,0.13978944156508163,0.13952753405121784,0.13690210321192298,0.14427339428952834,0.14463075896487806,0.1547585457231164,0.15358203959851335,0.16598351794739252,0.16596644420775444,0.16312441083667006,0.16019038467889826,0.17435744002434733,,,,,,,,0.17932422236829715,0.1702411371052752,0.17492784632809782,0.1866616834221053,0.17762121682508403,0.17739623650192063,0.16019573294439543,0.15667091791869575,0.14881957051490646,0.15067242004827214,0.14673565835506708,0.1523685108105249,0.15619337018818943,0.16262194843183186,0.16586552653282424,0.16777293283905031,0.16675374098232268,0.1715010784870763,0.17455796606161542,0.17915714090404708,0.17912320018584071,0.180353645680165,0.18867913963843616,0.19231267793260803,0.18863890077740345,0.18591876333874502,0.1861994590302423,0.1926011145235355,0.19539439591780391,0.1942863387380976,0.19567218416444493,0.19933251142709885,0.19802216448166737,0.17925818135812768,0.1578811951182423,0.12933319566287016,0.2962932929278961,0.17364976854759917,0.13862096940799293
stat_97,0.23697897783526478,0.2368378646836559,0.23577689276581737,0.23204740785403496,0.23000153521439076,0.2293568998474384,0.2250707142502987,0.22201049466758524,0.2202481695893647,0.21808943790879565,0.21690234935658875,0.21681151991313874,0.2146270944416,0.2091838672100099,0.20445988926559705,0.20127271404615849,0.19377350890357553,0.18862472877452827,0.18618965985487906,0.18080693652290117,0.17647158576447308,0.1730962811594356,0.17287079157059684,0.17301931798270184,0.17028860938902066,0.16600517758757025,0.16107350514171276,0.1607729250482161,0.1577802488339262,0.1556552634811105,0.15603382104556934,0.15496396545518526,0.15380140092598735,0.151747575093148,0.15175596643171624,0.1492827810033963,0.1605964064887885,0.17516916489018605,0.17229169287019408,,,,,,0.16367451829742755,0.18001964607877918,0.1706411318521243,0.16096050623101843,0.1713424548284076,0.17785587100911665,0.17761120166428618,0.17261830048351925,0.1686525111307337,0.1708862949072692,0.1733316445524236,0.17886863794092697,0.1850656940157263,0.18893346114175227,0.19671465790533793,0.2014517335691573,0.20439379176411945,0.20350761166375333,0.209035864891018,0.21254281799296157,0.21794465820200148,0.21832740435484044,0.22021424215023108,0.23016565846233814,0.23437553019381718,0.22987199625075663,0.22667812130857506,0.22726038800119064,0.2354355856931889,0.23933420294557864,0.2383059044269781,0.24012905354368994,0.24459548920754887,0.24294649941353672,0.21923767219876986,0.1928832806905928,0.1575706520380876,0.3626027568528808,0.20506429392454575,0.16722460030599842
stat_98,0.20517084005173514,0.20503982337930154,0.20415838934505584,0.2010157756809084,0.19938662123602927,0.1990862733295367,0.19556863006137007,0.1929844263700082,0.19151990559929447,0.18964358635859166,0.18858838695030047,0.18850718958377483,0.18659596660396385,0.18185742564864266,0.1777844625193037,0.17499401753063507,0.16830573072459434,0.16373720658168658,0.1615903334907011,0.1569057413305863,0.15318720649416842,0.15036097328787948,0.15037717937843068,0.15052243545872981,0.14803830047393327,0.14417969563845415,0.1398818653045049,0.13961974966323557,0.1369886261699125,0.13514082242605258,0.13548416477509687,0.13456560449520472,0.1336505407434648,0.1318856132280364,0.1318939507618198,0.12982321124188947,0.12787297779355136,0.1259245257883083,0.12442756444484394,0.11489357599274011,0.10492011547433848,0.10996021709341922,0.11544872766571485,0.10963253012530726,0.12216123799370553,0.13466687581900708,0.13808055405484537,0.14086923628299208,0.14956866258781185,0.15499378576702794,0.15446020882502542,0.15016474117170414,0.14697374253316128,0.14891035653958806,0.15076881921332558,0.15548549761716401,0.16132211004075192,0.16521582935554022,0.17201489902991027,0.17560934273229428,0.17775532201434613,0.17673950607119213,0.18172194119679197,0.18491680900797966,0.18974880819661838,0.18978780064020068,0.1911563102193227,0.19994596986501392,0.20375610186187762,0.199861436949495,0.19700454693217645,0.19734165119113317,0.20419054382417823,0.20723423425039317,0.20610157238808532,0.2075889829913241,0.21148255646109373,0.21008180080115058,0.19004738653955874,0.16734998955078204,0.13678463967398408,0.3139545398356864,0.1825710537721941,0.14653247057669186
stat_99,0.23698393751038016,0.2368429614301343,0.23578160968934178,0.2320515696883337,0.2300054197459044,0.22936046611432095,0.22507386499563636,0.22201342667745844,0.22025074323762048,0.21809170108696718,0.21690461804284986,0.21681380003328915,0.21462980954772662,0.20918639001544204,0.20446312051675047,0.2012764794056193,0.19377725165534704,0.1886288160507741,0.18619376446936367,0.18081192227041615,0.17647710159089125,0.1731018779745506,0.1728770496235345,0.17302586178752483,0.17029604264176132,0.16601326930366794,0.16108661294349763,0.16078601464019626,0.1577918208159214,0.15566496960477688,0.15604800380852257,0.15498404827345238,0.1680995695644248,0.16580635612188252,0.16578605179125463,0.16299676572385258,0.16009787724061042,0.17400071431708744,,,,,,,,0.17900838358726928,0.17015748861124194,0.17480417370956014,0.18647304804336606,0.19388883995320355,0.1776334993987177,0.17263378388044442,0.16866271970939303,0.17089831753543658,0.17334567604119672,0.17887772101713664,0.18507376768972278,0.18894029589923642,0.1967209041483601,0.2014583507407923,0.20440054087969894,0.20351338676268477,0.20904097032107719,0.21254733742286944,0.21794858725622074,0.21833029392883288,0.22021718639101617,0.2301685134875603,0.23437820329222572,0.22987494912044093,0.226681598711699,0.22726364102614993,0.23543956875393393,0.23933936714277274,0.23831168972753194,0.24013534181375062,0.24460220887362513,0.24295287834776008,0.21924042260256638,0.19288528837767144,0.15757270981263546,0.3626064691551024,0.20506754397812083,0.1672278108654621
stat_100,0.16864512806490933,0.16852050969941468,0.16783834926596208,0.16531203209533793,0.16401297437374365,0.16386483420586936,0.16107645415274377,0.1589942399177456,0.15783853386340713,0.1563130120375917,0.15543272910123615,0.15536391238161515,0.15377175172086796,0.14987304871615675,0.14653040922466778,0.14419754833632997,0.1386130772213341,0.1348068382598265,0.1330234947028011,0.12914899836969557,0.12610155168485015,0.12380569915115862,0.1239093607124999,0.12403367646010713,0.12193055325207579,0.11866537886155698,0.11509089463836017,0.11487409418066677,0.1126712349004635,0.11582032968817904,0.11611647183677473,0.1270752734137139,0.12623909441153824,0.1404753549812502,0.14046630761145246,0.14898986001857853,0.14645575360451682,0.14377624869398603,0.14181210008722894,,,,0.14383985979323144,0.144254973366427,0.13774464635164263,0.15179960449457652,0.1567968986876023,0.16066172316029148,0.15901920440398296,0.14650644867348153,0.14590327223614555,0.12875060545488484,0.1262133583263918,0.12274779266522043,0.12412866467319592,0.1279897211913455,0.13309100006806202,0.13665462062379877,0.1422745986541305,0.14488680967102624,0.14637658553956046,0.14542988212734378,0.14964802284412654,0.15239407213774422,0.15647473377258328,0.15638145806395365,0.15740510065072663,0.1646864254127159,0.1679054724506674,0.16468152740156236,0.1622545498804825,0.1624791782206774,0.16798537314198797,0.17032278000680637,0.16935232673484946,0.1705471194888582,0.17366868028193394,0.17255604965051535,0.15643008182699572,0.13780899208566671,0.11393241654148917,0.2594490847783635,0.1536241993717281,0.12139272565762224
stat_101,0.17584127733300725,0.17571483754737693,0.1749958792721711,0.17235402253994922,0.17099905192079976,0.17083579796167025,0.1679141526701423,0.1657365396727002,0.16452359774193126,0.16292921585045747,0.1620128943636442,0.16194148192465455,0.1602832833804553,0.1562207309363279,0.152734264053507,0.15030856056057365,0.14449725834371488,0.1405422845698933,0.1386872723014058,0.13465445097713372,0.13149096391296375,0.12910842805041683,0.12919070642827377,0.12932120762964824,0.12715216149233943,0.12377432967629731,0.12006480722220213,0.1198387904736927,0.11756649960691777,0.11599214045862066,0.11631160908230079,0.11556699303260866,0.11485571311822103,0.11344362337315302,0.1134545532502948,0.11173164710826419,0.11512477861031857,0.11350764836153217,0.11228119775594701,0.10018851568024736,0.10468673738753313,0.10401048226391572,0.10417860219822571,0.09983810849689091,0.11093754736952151,0.12229557892787485,0.12489911773022386,0.12172998374205973,0.12897504202211127,0.13335960634526783,0.1326614799383862,0.12891625641754634,0.1263736229114162,0.12803739122545796,0.12948123235767747,0.13349808392037985,0.13875605926185566,0.14239349948752503,0.14826147747975774,0.1510311640667378,0.1526146656131958,0.15163978532783037,0.15600883218762457,0.15885170585185898,0.1630890694264213,0.16300977603240538,0.16408495308155752,0.17167445041897977,0.17501893459576356,0.1716620463061733,0.16914456202724423,0.16938366228094007,0.17514122817568378,0.17759669481871504,0.17657624005813244,0.17782125701560683,0.1810986697229088,0.17993089504270957,0.16306902360264644,0.14365256797562784,0.1183840069418761,0.2701357676669227,0.1595229665883506,0.1264230099015809
stat_102,0.183762902002181,0.18363661761339364,0.18287148101828934,0.1800942662462906,0.1786725503487272,0.17848481499714852,0.175408881221325,0.17312283257224062,0.1718415796500422,0.17016698475249983,0.16921177226274461,0.16913775603931383,0.16741160908844957,0.16316526415356444,0.1595216525797663,0.1570002711632811,0.15094289865145333,0.14682243436647516,0.14488821996814336,0.14068144332822222,0.13737798991854336,0.13488027597226815,0.13495453587500278,0.1350869796878875,0.1328294380879593,0.1293243427116329,0.12545403859220494,0.12521825964407482,0.12284215513529714,0.12741868275545778,0.13532299027486577,0.15459568832143183,0.15343695211044192,0.15138809634799816,0.15136697972182542,0.16280755611259567,0.17821863436346655,0.17396617958311605,0.17112794776884133,,,,,0.14427662041072897,0.16269362717750332,0.17897018535745363,0.18734717008603266,0.17460081857687343,0.17091262092607706,0.17744937411688352,0.1772086064743919,0.1499870377944764,0.13871519285047532,0.13374368936409073,0.13529281258512002,0.1394946326988679,0.14491811555755568,0.14864387928105458,0.15477494450909984,0.15774906433583696,0.15946462424478947,0.1584614053739351,0.1629947173674944,0.1659320143403752,0.1703320869949551,0.17026591871006366,0.17140368353577604,0.17932913428690633,0.1828053428638024,0.17930831265298733,0.1767012611775586,0.17695414660040976,0.18300000816527592,0.1856058553618973,0.18454216283154726,0.18585015122758367,0.1893036662698212,0.1880705383777335,0.17034742014865048,0.1500505222294825,0.12328579250122029,0.28186383899940326,0.16596697069769117,0.13194586548394704
stat_103,0.23701258683829346,0.2368704075582043,0.23581146139855735,0.23208318546753562,0.23003493960915458,0.22938638982521187,0.22509830028883357,0.22203762510380196,0.220275969917723,0.2181193451195468,0.21693260163502984,0.21684170126128807,0.21464871640275712,0.20920602988594847,0.2044737722390581,0.20127792303046468,0.1937816874592374,0.1886320446168743,0.1861972433519844,0.1808066920968638,0.17646717939295892,0.17308319537571326,0.17281601530246798,0.17295600445179873,0.1702177272739971,0.16593002923064457,0.16096823630669785,0.16066783256699577,0.15765059467039144,0.15551774958916856,0.15588529542495275,0.16963715764529272,0.1682464368261569,0.16594833596280906,0.165915560108109,0.18231470406657904,0.17854576734974814,,,,,,,,,,0.18765169612874913,0.19381930199962247,0.18659795819552888,0.1940361484911775,0.19411730897379276,0.17245724127747725,0.16850154034674175,0.17074182207064503,0.17321364706651635,0.1787827022992377,0.1849817456245975,0.1888547988739714,0.19667962741136222,0.20142833172568134,0.20437537423597024,0.2035019543448611,0.20903218850506244,0.21254128125336785,0.2179506924806848,0.21834876683174537,0.220241809989787,0.23019769394935835,0.23440665397445937,0.2298993210749783,0.22670255718375149,0.22729048789311299,0.23546728608560724,0.23936589988435406,0.23834022485079576,0.2401628936239439,0.24462492636872488,0.24297777258990724,0.21927830556614394,0.1929184826422603,0.15762341360716312,0.36271151664889845,0.20503703563419914,0.1672189420836638
stat_104,0.17570785421231255,0.17558254675980897,0.17486201088591807,0.17222044586901802,0.17086876760582692,0.17070962564177886,0.16779187420340952,0.16561587836682717,0.16440266618084848,0.1628069316415965,0.1618908916379778,0.16181959383319053,0.1601627331876253,0.15609906562273973,0.15261383004012483,0.15019092210145893,0.1443798024217728,0.14041986868735093,0.13856382863481598,0.13452994977566812,0.13135589836225608,0.1289626011625306,0.1290587392413914,0.12918538096294385,0.12700023214386533,0.12361101405705135,0.11988622203903372,0.1196606543161593,0.11737412138718409,0.11576408212739936,0.11606007876550083,0.1152815770274038,0.11455804955702728,0.11309454575734328,0.11310603557540203,0.11138226276221183,0.10979270528385868,0.10829496406153089,0.10712564040204002,0.10013722913901657,0.09031122697168571,0.09388279321973685,0.09924638200471995,0.0995129613106168,0.10606671013243478,0.11697915732033738,0.11929663564859207,0.12136180841012185,0.12859800047890907,0.1330468409352102,0.1323762944615308,0.12869248549490453,0.12615221928803133,0.12784435467919392,0.12930199958894442,0.1333328709468392,0.13860222687055546,0.14225887176264354,0.14811990604652817,0.15089869583325002,0.15249569854033923,0.15152109129103095,0.15589625266880677,0.15873545944932987,0.16297031096157316,0.1628847349791327,0.1639558012201052,0.1715451656515984,0.17488862804803765,0.1715376597418655,0.16902490640417364,0.1692578469323649,0.1750102201868032,0.1774641461922407,0.17644120304641997,0.17768588789653492,0.18096590003987983,0.17979700771144738,0.16293588740993317,0.1435358597800835,0.11826994458562921,0.26987916758348374,0.15948214919470324,0.12636346608017024
stat_105,0.19357256706599904,0.19344391783236908,0.1926268540765787,0.1896861079799872,0.18817647739441826,0.18794861992338088,0.1846781818209027,0.18225800978933993,0.1808951181250174,0.1791278342900917,0.17812562024680623,0.17804820930640555,0.176233284085658,0.17175832655394818,0.1679145955694282,0.1652655418507809,0.15891070250950481,0.15457634086617775,0.1525416610514809,0.14810959955217776,0.14461089068862554,0.1419586850940278,0.14200900095077004,0.14214456342635767,0.1397714375580531,0.13608752074205227,0.1319988257032297,0.13175109509350255,0.12925166549650816,0.1274932835257094,0.12782130553887103,0.12695893763905217,0.12612459216995706,0.13177538559232155,0.1317797191866634,0.1490725459983103,0.1465546922148459,0.15682099674785993,0.1545275561122067,,,,,,0.1487763349272617,0.16381397139006246,0.156881929531549,0.160730867662701,0.14943769501759965,0.14637196430342156,0.1457706608602291,0.14172250536074837,0.13879166879067267,0.1406341256003099,0.14232300419849478,0.146780713411087,0.15241997287017062,0.15624651186360725,0.16269389780815835,0.16594633476221216,0.16785399162545991,0.1668426644990035,0.17159486891135742,0.17465696149536822,0.17926397348814305,0.17923964725261712,0.18047415749316234,0.18880639093430532,0.19244241786225638,0.1887631864212609,0.18603799991064476,0.18632285352819894,0.19272691280439552,0.19551822219985723,0.19440905576465153,0.19579402129029855,0.19945300533861504,0.19814382452600626,0.17938405793246112,0.15799323517667963,0.12943012149835983,0.29651999071850266,0.17371645477803507,0.13869031272804502
stat_106,0.1935804191502918,0.1934514706200704,0.1926345576225253,0.18969259797299803,0.18817903855101148,0.18794496280183776,0.18467072728838466,0.18224944769615015,0.18088584305321495,0.17911939354076606,0.1781177745290448,0.17804038443599024,0.17622577314869703,0.17175284641160637,0.16791204545116895,0.16526500711066222,0.15891586798559898,0.1545862789372155,0.15255555838593943,0.14812762125139206,0.14463601877370305,0.15023823333954336,0.15021706183971906,0.1503561492113504,0.1478780126636127,0.14402171705201147,0.13970409359173117,0.13944231960573888,0.13680031211553725,0.1349508366932661,0.14440622006577664,0.14340974146824037,0.1423773945913749,0.1515470499739472,0.151521101642559,0.1490314764627379,0.16007504770696304,0.17423752715479393,0.17133073112408553,,,,0.1441015216987314,0.14446945590466406,0.16285767367401133,0.1792008229866501,0.17011795687524583,0.16068873054876742,0.1710784069220312,0.16493045949952562,0.1645275759642478,0.1599533609816421,0.14676111982128415,0.14869734031140477,0.1505716224091811,0.15531038210479448,0.16113818996903337,0.16501941516734903,0.17184950664655918,0.16595705676178354,0.16786088312732753,0.16685003307398263,0.17159322164497676,0.17465206149815837,0.17925475666895715,0.1792336373900575,0.18047349480528163,0.18880095066175595,0.1924338206169455,0.1887533970305622,0.18602879003562403,0.18631826883497457,0.1927268092344556,0.19552459997156776,0.19442267654649323,0.19580983536295618,0.19946529224062154,0.19815649372064792,0.1793903903229406,0.15799546612979515,0.12946451386551602,0.29657423665556154,0.17365912932238695,0.13866277116458278
stat_107,0.17577725498095523,0.1756511948021639,0.17493193668812768,0.1722908887126891,0.1709380704974237,0.17077758033415946,0.1678586020142698,0.1656819987906286,0.16446925300190807,0.16287456126206554,0.1619583215256991,0.16188694315708063,0.16022898610134242,0.15616530160200826,0.15268071529359484,0.1502566390792326,0.14444535721480678,0.14048508688292355,0.1386306246922996,0.13459694144949683,0.13142407435320747,0.12904250695708527,0.12912850843607307,0.1292582085835462,0.127078288611388,0.12368978382788656,0.11997268699970387,0.11974689100072801,0.12282470398392079,0.12116488073915106,0.12147913511668684,0.12065983385733027,0.1198802778027634,0.11834409433375899,0.11835274379214154,0.11653118016795364,0.12058971783038863,0.11880246193715534,0.11744539229722792,,0.10484847861819649,0.10983941827963342,0.10897625870386109,0.10397571249689169,0.11571454455164924,0.12759228494070582,0.13056646129599217,0.12684610035306587,0.13448389683323664,0.13918789474750298,0.1385504802003061,0.1347026157811857,0.131984347636704,0.13372605835386084,0.12938755005954453,0.1334115354346886,0.1386807707272056,0.14233121047115943,0.14819791019155656,0.15096472894333077,0.1525586842974817,0.1515840479263482,0.15595819880609532,0.15879998664014178,0.16303610223315693,0.16295249811800605,0.16402600839856113,0.171615795088397,0.1749603466505752,0.1716058198395865,0.16908991126871192,0.16932617028085178,0.17508008492147598,0.17753295007348424,0.17650996754293433,0.17775412364216778,0.1810326143398747,0.17986466224822983,0.16300762039363156,0.143599548795646,0.11832821114799938,0.2700141885512561,0.15950632361115652,0.12639624670778588
stat_108,0.15775915324604603,0.15762948801647242,0.1570198289584702,0.15468424098493216,0.15346028579250784,0.15331746755122574,0.15072866324207793,0.14879437067379786,0.14774549622412342,0.1463438527262278,0.14552978905268152,0.14546425252333509,0.14396026629835235,0.14032450295721408,0.13719523294146976,0.13498397419910782,0.12977955815811987,0.1262153864395632,0.12454473978372763,0.12090780941432767,0.11805090388175545,0.11589661250451094,0.11597305050753527,0.11608745260001303,0.11414582938753423,0.11108399613233225,0.10772404839755599,0.1075202529369218,0.10545079403913937,0.10766264259619718,0.10792292170886714,0.1072178091858387,0.10660838139305939,0.10945264133492252,0.10945975269322329,0.107845281376186,0.10632617237068129,0.10935393797224657,0.11292968305793656,0.0950687815137318,0.09960498794624474,0.09893056478321494,0.10043379895543911,0.1004463848098956,0.111605662343875,0.11812516180259688,0.11567236116942002,0.11756264560549907,0.12444616022097568,0.1237373151516141,0.12295932693670786,0.11944362590857935,0.11726410368727329,0.1148374031322427,0.11611473633625266,0.11974387895307119,0.12456597060101988,0.12793383708109257,0.13318856645947497,0.13556648810484642,0.13688723607355663,0.13601635861677314,0.13999561718927203,0.14260087045916447,0.14645768262993877,0.14639465568809507,0.14736605609894296,0.1541585921213412,0.15717567454848502,0.15412666636593758,0.15180210296429114,0.15204199258173734,0.15716177117837288,0.15930399518085048,0.15842247381799096,0.15953403915850004,0.16238494280955057,0.16137082641800166,0.14646576268962347,0.1290427319460543,0.10738706800371063,0.2436427593798369,0.14421940727797486,0.11357183162094114
stat_109,0.16336440166231855,0.1632339892250992,0.16259535229998875,0.16017267788078413,0.15891495770446581,0.1587764066760621,0.1560936397692109,0.154087806958725,0.15299709665696762,0.15153951220732334,0.15069730905545814,0.15062968164113225,0.14907510569565233,0.14530753708555977,0.14206771067380183,0.1397843645709937,0.1343939032717798,0.1307031798395271,0.12897315333748088,0.1252106161604417,0.12225770317375892,0.12003311393561562,0.12468780271237112,0.12481163337179095,0.1227351800100918,0.11945701526836329,0.12077428812428752,0.12054648432876809,0.11824842789940422,0.11667168115972353,0.1452093692323339,0.15580666410111102,0.15463640860100752,0.15257779419493825,0.15255616676959244,0.1644606974719035,0.16140766222421715,0.15804160225846065,0.17287848528244734,,,0.14092865732967094,0.14516221926055567,0.14555394965791563,0.16420148068521032,0.16495484238646502,0.17142777230039086,0.17623355156435735,0.17216508630040633,0.17870234068289081,0.17843505011769742,0.16067549616293345,0.12703334002237493,0.1287324545402345,0.13020283402779095,0.1287976173374945,0.13392953764945584,0.13747359773385037,0.13791765905765344,0.1404078852750345,0.14179515782059782,0.14088990360675058,0.1450011830733576,0.1476844794543155,0.15166954535803542,0.15159861691217486,0.15259475607446196,0.1596385962388723,0.16276045364358016,0.1596105231455126,0.15721251482367285,0.15745161752629447,0.1627559693790555,0.16497362040205815,0.16403500184311437,0.16518032006256364,0.16816138943463826,0.1671033925335955,0.15163984855094909,0.133605495466048,0.11077884765110985,0.2518618591276561,0.14903039018164432,0.11758357220166159
stat_110,0.2931005200509616,0.2929319157199024,0.29153679415848743,0.28664756283284276,0.28355658827053043,0.28180197712771926,0.2758471061420887,0.27185645072038855,0.26950115282938386,0.2668970497119527,0.26552567018189405,0.2654205542921186,0.262755764502927,0.2561322571360237,0.25021800580261216,0.2463288499239706,0.23775090054681225,0.231760616702842,0.22888541927464645,0.22228151490185064,0.2167484123508865,0.21220640338132268,0.2111634670319961,0.2112726224392628,0.20826917253092997,0.20344635470258782,0.19737475630400234,0.19700901975338395,0.19338312059035534,,,,,,,,,,,,,,,,,,,,,,,,,0.20760733692619077,0.21149470394154904,0.21866337361080848,0.22486395970735326,0.22803723585339952,0.23746669604465495,0.2448364611884159,0.24972625395370823,0.2495169777771598,0.25574268656355964,0.259615600879235,0.26583595245464986,0.26735684246560587,0.27066596837024015,0.28232155698639677,0.286967154726085,0.28133388499442713,0.2776344308433275,0.2789916049744699,0.28987892863953646,0.29586573558607754,0.29561817831899107,0.29823415390701113,0.3034749753536039,0.30139128231815926,0.2705233061859351,0.23746169316404003,0.1962985157768996,0.45121478155862194,0.23913007129349498,0.20101103338667947
stat_111,0.2657119745384246,0.2655336365380198,0.26435715840423146,0.26010238195377616,0.2575416965377631,0.256361658593604,0.251274042093486,0.24776686724162708,0.2457511286372643,0.243415073998098,0.2421313033181225,0.24203069672307972,0.23956891268294503,0.23353666351877292,0.2281958030991593,0.22458380342420303,0.21651879682067485,0.21090687708876735,0.20823438401322808,0.2021943686139674,0.19720040943055817,0.19320344417838306,0.192535531186138,0.19265451364102545,0.18976753508713892,0.18515027227103964,0.17957746499550523,0.17924202204135653,0.17584769250780705,0.1733705471780947,0.17367725463683356,0.17241028429726882,0.17100894164358155,0.1686991485958763,0.16868444749989764,0.16587949828914006,0.1627364329637254,0.15926620112556736,0.15677719840862445,,,,0.1456040520891171,0.13437507501571685,0.1506727386437411,0.1659104672130264,0.17256001869585919,0.17747295946221556,0.1893285472504797,0.19677818249087747,0.19681932440247982,0.19107061421157717,0.18667201466813577,0.18938278648431084,0.1926358847439617,0.19907932731145184,0.2053873823096135,0.20897073337487493,0.2175751095356064,0.22362662850045226,0.2274906740575954,0.22699856254674727,0.2329726322929066,0.23678437462411223,0.24269284574254582,0.24371151385399611,0.2463306952160436,0.2571417398854294,0.26161824942403356,0.2564678220313833,0.2529173117401008,0.25394594251407426,0.26342332326842893,0.26824468707795746,0.26757437795460554,0.2697562918561572,0.274537394591566,0.27271360745708906,0.24577375057330833,0.21601129927319299,0.1777843862516297,0.4087477297871849,0.22253542867169723,0.18445289367988893
stat_112,0.23703818559647308,0.23689722059107512,0.23583541922224371,0.23210395728648459,0.2300565356770314,0.22941002038914665,0.2251216169577663,0.2220601583134612,0.22029672715950813,0.2181372438666605,0.21694996743477654,0.21685913896401496,0.21466677566664247,0.20922225281827633,0.20448978237463963,0.20129554090251406,0.19379594616913287,0.18864542668095252,0.18621024560615104,0.18081995973142637,0.17647671697338094,0.17309454554202805,0.17286462125795485,0.17300480833554888,0.1865814567610443,0.18202808862644437,0.1765920574149424,0.17626347411546783,0.17301168143900056,0.17066865790870261,0.17106359954781122,0.1698505976995251,0.188866822569699,0.18626232590039818,,,,,,,,,,,,,,,,0.2168016624020909,0.19435327221239052,0.18884072823116707,0.18425618496020066,0.1867342324048847,0.18971945355392816,0.1959457555204586,0.2022509833989019,0.1889176121860678,0.1967116792720504,0.2014571650453645,0.20440932381239946,0.20353143562662873,0.20906097628274,0.21256728681900114,0.21797635524211348,0.21836780546222967,0.2202562829908248,0.23021734723243656,0.23442733783745381,0.22992303715893067,0.22672944443516146,0.2273124312793723,0.23549127500594755,0.23939391337014476,0.2383676508663902,0.24019247694038634,0.24466000893881598,0.24301015777215423,0.21928918590905466,0.1929273906907947,0.15761074985653997,0.36269200973361837,0.2050963085529473,0.16725841314853485
stat_113,0.21874040802634093,0.21860627040944425,0.21764667984771013,0.21425503291514075,0.21245734063686994,0.21202569041537445,0.20818914445958608,0.2054039113603572,0.20381261595994613,0.2018118426518639,0.20069856974518496,0.2006132695920416,0.19858011351331506,0.19353802186373262,0.18918273674581496,0.18622036022239066,0.17917466294619003,0.17435438341777235,0.1720828553807864,0.16709551622034396,0.16312133615578067,0.16006427238092993,0.15995891093836553,0.16010040710470358,0.1575037831742996,0.15345641164108884,0.14886565275009706,0.1485873009783362,0.14579641518245,0.1438326577408465,0.14419907612790767,0.14321173669210463,0.14219029431386485,0.14030445480842535,0.1402920176863053,0.138054015205557,0.13587508279580052,0.133628589844049,0.13199556679443522,0.09461327539697567,0.09903422690785324,0.10965198105388319,0.11517992621242387,0.11552824702045976,0.12899948912028866,0.1421346022605326,0.146196112413011,0.14941658500760094,0.15882055272876075,0.16473084435110677,0.1643199495115855,0.15975256587386727,0.15621361139839865,0.15826523208017096,0.1603614387740149,0.16544360026784263,0.17145636846029835,0.17536570644663754,0.18262922220344682,0.18669088137244932,0.18915667500418218,0.18818414652397272,0.19340469149328315,0.1967344073474671,0.20181828465387242,0.2019890748483513,0.20356114743652165,0.21286556437797613,0.21685411568472043,0.2127045823632863,0.20970493471491808,0.21013246402833852,0.21753775294184843,0.22093287865928865,0.2198277369602257,0.22145408344541687,0.2256021628220905,0.22409365194073388,0.20249612745245577,0.17824582356059676,0.1455805208139432,0.33459887589879844,0.19241869023318,0.1554684779855592
stat_114,0.17566386470203765,0.17553842209688672,0.17481813887222644,0.1721764779981916,0.17082269052710045,0.1706597532531654,0.16774050068334848,0.1655643668915183,0.16435100473827421,0.1627561359996106,0.16184064903292744,0.16176938807047278,0.16011330082672393,0.15605430425740408,0.15257195264504994,0.15015111605205073,0.14434494913549126,0.146848738994214,0.14491101893451488,0.14069853206969585,0.14442744609894384,0.14177902466430478,0.141822062426765,0.14195768645079276,0.13958835709422426,0.1359108697734223,0.13183046817664984,0.13158310820016408,0.12908391913680473,0.12733621053412417,0.127663175116595,0.12679330930729446,0.133360041734704,0.13160733617488535,0.13160096703881485,0.1295341185392885,0.12755773783260654,0.13369554456708707,0.13203161235803032,,,,,0.1324495120638338,0.12903942309237304,0.14220929925491252,0.1377422684635471,0.1405563918469638,0.14923987891965776,0.15466717865097446,0.14559551239719526,0.1415681137593907,0.13863196996996785,0.14045928333309726,0.14214771189629063,0.14659556693673126,0.1522256924836331,0.15604745709006718,0.162496767283338,0.16574366682766045,0.15948513667533634,0.15848616329471757,0.15585449372379384,0.15869091396578566,0.1629217788963681,0.16283790241581284,0.1639096195980469,0.17149384260447653,0.17483443447808283,0.17148377944302928,0.16897220329053075,0.16920784829699367,0.17496140648248312,0.177418758418896,0.1764006771025015,0.1776464390372443,0.1809233493434137,0.17975499869140518,0.1628942593201647,0.1434969894258637,0.1182607182951408,0.26983954115930353,0.15940715136791572,0.1263126442067489
stat_115,0.1840774164762649,0.18394948247243775,0.18318661025599092,0.18040936088078982,0.17898707933726643,0.17880111958397585,0.17572292401487935,0.17343463716846053,0.17216767550679685,0.17049371614459086,0.16955219600355653,0.16947786675009635,0.16774581421651658,0.16349123729684092,0.15984013756345047,0.15730953310545068,0.15126968397425236,0.14713231810753943,0.14519435656374075,0.14097459570585563,0.13765449225513107,0.1351573439531628,0.13523437951297673,0.13536940519887178,0.1331343149224169,0.12962118068057576,0.12573200719628322,0.12549555412292232,0.12942294121504058,0.12772309394706247,0.12808388825640155,0.1272231539787441,0.12643176473325754,0.13166993326769208,0.13166951313495398,0.12960550694798287,0.13587508279580052,0.133628589844049,0.13199556679443522,,0.10454300993597222,0.10965198105388319,0.11517992621242387,0.11552824702045976,0.12899948912028866,0.1421346022605326,0.146196112413011,0.14062553464345354,0.14930883019549354,0.14668658100755932,0.14602687117470417,0.14194570333754977,0.13900875207477978,0.14080297807293396,0.13557526134180692,0.1397999275819371,0.14523701149577906,0.14894081830802858,0.15507167418025014,0.1580471926700947,0.15977175912891747,0.15877447242405746,0.16332831734936665,0.16624931493436773,0.17066295915846622,0.170602586464687,0.17174499374665442,0.17968445236621336,0.18315333889274843,0.17964511245716996,0.17701355219164908,0.17727083694660825,0.18332159499461773,0.18592178224381564,0.18485119696944372,0.18615727199940454,0.18961306733597555,0.18838075789204303,0.17065729599943436,0.15032777547987755,0.12349341626773275,0.2823720278169272,0.16619696556136002,0.13215421702690658
stat_116,0.2937480034856367,0.2935779370490123,0.29218132175001504,0.2872806680112069,0.28417564968318293,0.28240494225529233,0.27643021934036627,0.27242932574380657,0.2700688537767675,0.26746245913799616,0.266089305436024,0.2659839381152786,0.263312538475853,0.2566767223531035,0.2507484275242665,0.246848418137794,0.23826075045961156,0.2322575948499377,0.22937750833361067,0.22275859708497003,0.21720325073832986,0.21265020619891842,0.21161377252987448,0.21172185734457136,0.20871317478037407,0.203888508465237,0.19781391130384052,0.1974473050218365,,,,,,,,,,,,,,,,,,,,,,,,,,,0.2119420700787368,0.21912230934137322,0.22531607625314842,0.22848044867068673,0.2379058280344219,0.2453053754958498,0.2502249708084918,0.2500302227648626,0.25626907889992057,0.2601500609162642,0.26638186287919563,0.26792320076332665,0.27125375067420615,0.28292477931888055,0.2875748116242088,0.28192478206962446,0.27821577250842966,0.27958757834231523,0.2905058042376024,0.2965155033718401,0.2962806408411628,0.2989054506268097,0.3041493053385045,0.302062810800857,0.27112544257799653,0.23798527860994997,0.19677643955649063,0.452292277991253,0.23946051896051165,0.20136771133936723
stat_117,0.29369038523441354,0.29352051706560334,0.2921238114072351,0.2872237584746406,0.28411954154952573,0.2823496446866316,0.27637626974172225,0.2723761434822939,0.2700159450181654,0.26740964989198157,0.2660366877887363,0.265931351987153,0.26326064079064493,0.2566259128560965,0.2506988600361286,0.24680000809717928,0.2382134729458772,0.23221583969444975,0.22933623078132817,0.2227186347370217,0.21716459999326584,0.21260770122438474,0.21157250898791702,0.21168067477877597,0.20867577240610138,0.20385011454530264,0.19776760183637307,0.19740109020552912,0.19379907633195084,0.19114334687765755,0.1915571947494944,0.19019751838034438,0.18852036347219006,0.18591675226653562,0.18592116867929864,0.18265308225289903,0.17898870028837005,0.17475645701686732,0.17192066757848887,,0.11999451733487924,0.13995450879148547,0.14443757574727106,0.1448369255908299,0.16336561894977658,0.17966659329706972,0.1880743201598595,0.1941514146738594,0.20777083032666022,0.21643900562368523,0.21702492009033875,0.2106988855777068,0.2051791318942152,0.20801681150160764,0.21189468138923853,0.21908241571838188,0.22527758130607028,0.22843905493214905,0.23786276710257806,0.24526486204071432,0.2501831062369983,0.24998748114182842,0.25622043434579983,0.2601003163825266,0.2663307553721225,0.26787047617465165,0.2711995085411998,0.2828689058275217,0.287518220855176,0.2818698511150508,0.27816203799944056,0.2795326772499185,0.2904487759083868,0.29645764431311283,0.2962227556706696,0.29884733278434666,0.3040907763324205,0.3020043639941543,0.2710705564850385,0.23793703726537732,0.19673620030779024,0.45219751435792194,0.23942789617216853,0.20133384737022417
stat_118,0.2601330910086124,0.25998199243458275,0.2587859330678464,0.2545965873783703,0.25216529584149666,0.25113649854186165,0.24620751316007197,0.24277645032848694,0.24077901136551613,0.23842874153081256,0.23715858585309277,0.2370614741552278,0.2346728833427905,0.2287392903498882,0.22353501571467346,0.22005861015140374,0.21206857405552312,0.20655725993577512,0.20394290696371706,0.1980615021933145,0.19326765463695533,0.18946854232238838,0.1889568007449051,0.18908922068523962,0.18623270953408305,0.1817123572700772,0.17631053677919659,0.17598248117749374,0.1727262535542365,0.1704478039423682,0.17087463811241857,0.169684888957877,0.16830767675268918,0.16605696126682015,0.16604834105479216,0.16324528742228714,0.16035497413520616,0.1571760391216895,0.15504555020484997,,0.11968141159576788,0.13953751550948784,0.14408039773761222,0.13297926380090178,0.14924226557984624,0.16414512093280723,0.17039449601209294,0.17503621588060148,0.18673556789729426,0.19409810081350665,0.19416384163660833,0.18863653285082635,0.1840250788918681,0.1864358978335718,0.18942131476979546,0.1956093227166573,0.20188118948930983,0.20554229647918348,0.2140290532211055,0.2197374621288088,0.22338466695549367,0.22270479230093002,0.22853452528198007,0.2322133639258262,0.23797957083355353,0.2387501958008444,0.24114410487596827,0.2518549635634633,0.25628370138528306,0.251322170419219,0.24790710831489848,0.24875919174616012,0.2579987464415985,0.2626729289046715,0.2618776629530393,0.2639976327114006,0.26881853593246907,0.26698995491933436,0.24042946167238446,0.21134519650917344,0.17324875403444084,0.39875573965070993,0.21990426067810925,0.18155851615104582
stat_119,0.2365757217952292,0.23643522405891548,0.2353749421704973,0.23164987302251355,0.2296056590664127,0.22895983225395716,0.22467939912899904,0.2216236189192807,0.21986294029157497,0.21770679532177792,0.21652177450979596,0.21643116040663282,0.21424383897797394,0.2088137336042127,0.204098020443747,0.2009153429297812,0.19343370756039127,0.18830256511363827,0.1858808728667759,0.18050984438056467,0.17619622642970087,0.1728455937301514,0.17260511024137218,0.17274551578848044,0.1700233438556259,0.1657561188301629,0.1608164819550004,0.16051641581310633,0.15752274196654095,0.15543658708156563,0.15584453601660658,0.15477237100599756,0.1536017223512104,0.15155964957519383,0.15155516866860408,0.1490846813431446,0.14664245943279966,0.14406297729950782,0.15439763551390925,0.11492626105571457,0.11959914511151945,0.1268637218705922,0.13203785472714463,0.13241521674872875,0.1486698093068915,0.1520680488623144,0.15697938245387774,0.16074905158137243,0.1711186544368554,0.17763023066417,0.17739739065124002,0.17241845072953746,0.16842253659099957,0.170613244021497,0.1730586990443859,0.17860263635535803,0.18478028359207596,0.1886391374069426,0.19643270710033192,0.201139997307424,0.20406282606780238,0.20317447963002444,0.2086738698905557,0.21216811305478983,0.21756115030664094,0.21794216535283217,0.21982274189488682,0.22976409938933515,0.2339654267186613,0.2294711242895778,0.22628523633538328,0.2268658770048191,0.2350298010407715,0.2389270057889183,0.2379046717898223,0.23972691811238692,0.2441854773235307,0.242538507974208,0.2188580714867043,0.19254672273544524,0.15732525055701466,0.3620017354586683,0.20475766308933738,0.16694705437348153
stat_120,0.2930755842429771,0.2929065180633878,0.29151226032288396,0.28662337757214684,0.2835299423115395,0.2817712985208385,0.2758148931242981,0.2718241789166387,0.2694691261726895,0.2668663650206434,0.2654954739178031,0.26539036058972587,0.2627259350861662,0.25611209803043394,0.25021315314787507,0.2463311202718236,0.23776428031095245,0.23179184736873137,0.22893425164123005,0.2223472799597777,0.2168453745765646,0.21234878387846756,0.2113142108431109,0.2114230754916172,0.20843808941839903,0.2036506030706502,0.1976056320568139,0.19723941641485968,0.19363347743687448,0.19107392783134516,,,,,,,,,,,,,,,,,,,,,,,0.20510276596474775,0.2078450891887634,0.21172358650723105,0.21887052868738968,0.2250286428799409,0.2281754229636892,0.23759149012674938,0.24492190555242027,0.24978215660530617,0.24955925555860653,0.25574847278864365,0.25961325110809175,0.26582463579465865,0.2673351136796188,0.2706402250975864,0.2822907568087701,0.2869340751182285,0.28129990326661,0.27760029372285777,0.2789610665389206,0.2898496191657677,0.2958390668494075,0.2955966612063893,0.29821350109748707,0.30345010613396894,0.3013674626750209,0.2705025476145896,0.2374415058836022,0.19631227320626662,0.4512211287065261,0.23907729711333714,0.20097235187983292
stat_121,0.29306672991285027,0.2928977978781407,0.2915032134103798,0.28661388768222795,0.2835200523116643,0.28176079097302204,0.2758040477288973,0.27181324702548737,0.26945796157721363,0.2668550324399617,0.26548421370713604,0.2653791188653202,0.2627149235937027,0.2561014438952738,0.250203020459077,0.24632162480029643,0.2377555425081149,0.23178333110853772,0.2289270124538319,0.22234148521650618,,,,,,,,,,,,,,,,,,,,,,,,,,,,,,,,,,,,,,,,,0.24977624615981348,0.2495523877242727,0.25573994778115877,0.2596036885554789,0.2658141718989636,0.2673242557653099,0.2706293765616673,0.2822793955973044,0.2869221710835931,0.2812885311908342,0.27758962499534545,0.27895031089306216,0.2898393480734631,0.2958301808564024,0.2955890020588438,0.29820644534715995,0.3034429556698938,0.30136008198573605,0.2704923503233795,0.23743190080737592,0.19630816933785022,0.45120711688085796,0.23906908796824006,0.2009650172644982
stat_122,0.29306672991285027,0.2928977978781407,0.2915032134103798,0.28661388768222795,0.2835200523116643,0.28176079097302204,0.2758040477288973,0.27181324702548737,0.26945796157721363,0.2668550324399617,0.26548421370713604,0.2653791188653202,0.2627149235937027,0.2561014438952738,0.250203020459077,0.24632162480029643,0.2377555425081149,0.23178333110853772,0.2289270124538319,0.22234148521650618,0.21684063102148393,0.2123450840081725,0.2113164264995204,0.21142526549953897,0.20844625283803325,0.20365507644792874,0.1976110797064903,0.1972448610145736,0.1936357479932259,,,,,,,,,,,,,,,,,,,,,,,,,0.20784651311641464,0.21172900350197893,0.21887524881961734,0.22503645532308708,0.2281766063177165,0.23758673477088826,0.24491643531183221,0.24977624615981348,0.2495523877242727,0.25573994778115877,0.2596036885554789,0.2658141718989636,0.2673242557653099,0.2706293765616673,0.2822793955973044,0.2869221710835931,0.2812885311908342,0.27758962499534545,0.27895031089306216,0.2898393480734631,0.2958301808564024,0.2955890020588438,0.29820644534715995,0.3034429556698938,0.30136008198573605,0.2704923503233795,0.23743190080737592,0.19630816933785022,0.45120711688085796,0.23906908796824006,0.2009650172644982
stat_123,0.2600373839187159,0.25988670826692484,0.25869051111124736,0.2545027862690851,0.2520745142260344,0.2510496534140964,0.24612437256057593,0.24269497740846352,0.24069824399218134,0.23834783278737542,0.2370777850689753,0.23698071516726343,0.23459311916519587,0.22866090149146445,0.2234583441381939,0.21998412007971857,0.21199420297608917,0.20648090233394706,0.203866884061085,0.19798735335413617,0.19319536781031788,0.18940069973888596,0.188892670445607,0.18902523709053964,0.18616387221226421,0.18164063046281012,0.1976110797064903,0.1972448610145736,0.1936357479932259,0.19108640391803514,0.1915296749175245,,,,,,,,,,,,,,,,,,,,,0.21066124495875124,0.20511442625699333,0.20784651311641464,0.21172900350197893,0.19553676248112736,0.2018140593868769,0.20548348340431113,0.2139681949611066,0.219668308461665,0.22331185178380025,0.2226287166188004,0.2284607366728305,0.23213847939323218,0.23790296970179456,0.23866896090851528,0.24105794261401342,0.25176803652917124,0.2561968201898334,0.2512383684701188,0.2478249923881194,0.2486734119481298,0.25790765197918974,0.2625774916637669,0.26177869583058777,0.263897083905569,0.26871895033810855,0.26689039192559655,0.24033916383373288,0.21126730477752592,0.17316756155184157,0.39857978117930004,0.21986983769564905,0.18151434849415696
stat_124,0.2600373839187159,0.25988670826692484,0.25869051111124736,0.2545027862690851,0.2520745142260344,0.2510496534140964,0.24612437256057593,0.24269497740846352,0.24069824399218134,0.23834783278737542,0.2370777850689753,0.23698071516726343,0.23459311916519587,0.22866090149146445,0.2234583441381939,0.21998412007971857,0.21199420297608917,0.20648090233394706,0.203866884061085,0.19798735335413617,0.19319536781031788,0.18940069973888596,0.188892670445607,0.18902523709053964,0.18616387221226421,0.18164063046281012,0.17623580862180493,0.17590790841853277,0.1726540308010374,0.17037641837102033,0.17080745666306146,0.16960964721654545,0.16822619944983677,0.16596249112725872,0.18524458101287222,0.18193289059491669,0.1782362582961188,0.17402214879387792,0.1712061925207344,,0.11959042027164817,0.13937036599289113,0.1439253852015344,0.1443392001768038,0.1627645834863657,0.17902662851942294,0.18737014986223036,0.19345755382171317,0.20707348497720085,0.19401618933572548,0.19408849195190755,0.1885759636886703,0.1839604366353499,0.18636849673494157,0.18934773703746768,0.19553676248112736,0.2018140593868769,0.20548348340431113,0.2139681949611066,0.219668308461665,0.22331185178380025,0.2226287166188004,0.2284607366728305,0.23213847939323218,0.23790296970179456,0.23866896090851528,0.24105794261401342,0.25176803652917124,0.2561968201898334,0.2512383684701188,0.2478249923881194,0.2486734119481298,0.25790765197918974,0.2625774916637669,0.26177869583058777,0.263897083905569,0.26871895033810855,0.26689039192559655,0.24033916383373288,0.21126730477752592,0.17316756155184157,0.39857978117930004,0.21986983769564905,0.18151434849415696
stat_125,0.29306672991285027,0.2928977978781407,0.2915032134103798,0.28661388768222795,0.2835200523116643,0.28176079097302204,0.2758040477288973,0.27181324702548737,0.26945796157721363,0.2668550324399617,0.26548421370713604,0.2653791188653202,0.2627149235937027,0.2561014438952738,0.250203020459077,0.24632162480029643,0.2377555425081149,0.23178333110853772,0.2289270124538319,0.22234148521650618,0.21684063102148393,0.2123450840081725,0.2113164264995204,0.21142526549953897,0.20844625283803325,0.20365507644792874,0.1976110797064903,0.1972448610145736,0.1936357479932259,0.19108640391803514,0.1915296749175245,0.1901619319922664,0.1884473482338535,0.18589602962284651,0.18588573934657718,0.1825455941448076,0.17890182548075384,0.17473896710420295,0.17207496305333964,,0.1210896202778696,0.14069170551873167,0.1450599362860197,0.1450565515267465,0.1634993346593698,0.17964701884566897,0.18799074689568523,0.1940424128045724,0.20772794521723356,0.21635401370531532,0.21697903427842657,0.21066124495875124,0.20511442625699333,0.20784651311641464,0.21172900350197893,0.21887524881961734,0.22503645532308708,0.2281766063177165,0.23758673477088826,0.24491643531183221,0.24977624615981348,0.2495523877242727,0.25573994778115877,0.2596036885554789,0.2658141718989636,0.2673242557653099,0.2706293765616673,0.2822793955973044,0.2869221710835931,0.2812885311908342,0.27758962499534545,0.27895031089306216,0.2898393480734631,0.2958301808564024,0.2955890020588438,0.29820644534715995,0.3034429556698938,0.30136008198573605,0.2704923503233795,0.23743190080737592,0.19630816933785022,0.45120711688085796,0.23906908796824006,0.2009650172644982
stat_126,0.29306672991285027,0.2928977978781407,0.2915032134103798,0.28661388768222795,0.2835200523116643,0.28176079097302204,0.2758040477288973,0.27181324702548737,0.26945796157721363,0.2668550324399617,0.26548421370713604,0.2653791188653202,0.2627149235937027,0.2561014438952738,0.250203020459077,0.24632162480029643,0.2377555425081149,0.23178333110853772,0.2289270124538319,0.22234148521650618,0.21684063102148393,0.2123450840081725,0.2113164264995204,0.21142526549953897,0.20844625283803325,0.20365507644792874,0.1976110797064903,0.1972448610145736,0.1936357479932259,0.19108640391803514,0.1915296749175245,0.1901619319922664,0.1884473482338535,,,,,,,,,,,,,,,,,0.21635401370531532,0.21697903427842657,0.21066124495875124,0.20511442625699333,0.20784651311641464,0.21172900350197893,0.21887524881961734,0.22503645532308708,0.2281766063177165,0.23758673477088826,0.24491643531183221,0.24977624615981348,0.2495523877242727,0.25573994778115877,0.2596036885554789,0.2658141718989636,0.2673242557653099,0.2706293765616673,0.2822793955973044,0.2869221710835931,0.2812885311908342,0.27758962499534545,0.27895031089306216,0.2898393480734631,0.2958301808564024,0.2955890020588438,0.29820644534715995,0.3034429556698938,0.30136008198573605,0.2704923503233795,0.23743190080737592,0.19630816933785022,0.45120711688085796,0.23906908796824006,0.2009650172644982
stat_127,0.3025014253020922,0.3022892323760824,0.30091254974325493,0.29587231217571824,0.29249292026742085,0.2903748657455817,0.28408115548596147,0.2799386894354153,0.27752804430347516,0.27494521477509676,0.2735603217065983,0.2734504419225409,0.2706727706419229,0.2639009260819921,0.2577703197600375,0.25367930413008505,0.24505339548574853,0.23895935973435378,0.23602294839301657,0.2291829528779262,0.22334876400809747,0.2184963015543587,0.21735592973974668,0.2174377418312224,0.21445262886576277,0.2095515688534545,0.20323555245960698,0.20285701235465883,0.199072532404847,0.1961928772146131,0.19648113593696773,0.19506739199443132,0.19336671573006703,0.19079066298980835,0.19081202468885103,0.18733145904860649,0.18352691336962476,0.17887749702129563,0.17577130545198913,0.1199341642122447,0.12261994613080017,0.14469065257014008,0.1480178236207264,0.14754061743680272,0.16638814700349747,0.18291697519189792,0.19199770584717465,0.19831096024262923,0.21244974555598778,0.2211639689450284,0.2217341523745222,0.21493982181506555,0.2096390343724264,0.21286062972111597,0.21720628832909025,0.22479389976420908,0.23088725720590125,0.23377078542775034,0.243175316876858,0.25116250851223004,0.2564708386332834,0.2566204482706954,0.26297639685569346,0.2670039909202969,0.2733984932802276,0.2753989808754352,0.27917571730875423,0.29093211494837284,0.29559664752617393,0.28965195149240175,0.2857642263862433,0.2874714905209406,0.29885210239007964,0.30523808538037017,0.30534299179391977,0.3081186539959972,0.31325093443664415,0.3111679249232214,0.2794236801997425,0.24515802276988918,0.20441777948434084,0.46859618490362337,0.2428522688728707,0.20545921597692463
stat_128,0.2411611113565468,0.24100015564275792,0.23995328511852906,0.23617608769147141,0.23403906364835458,0.23329036350558763,0.2288907318587278,0.22577482705676838,0.22399938209328396,0.22184972785356116,0.2206514885815981,0.22055801423002613,0.21831204329203638,0.2127978177196034,0.20797353873239244,0.20468308900684531,0.1971252458254508,0.1919061712067454,0.1894356217526238,0.18393728275884516,0.17946543515062355,0.1759650869588993,0.17571411070671705,0.17584541533022227,0.17309485587783113,0.16874108503187338,0.16366925627105747,0.16336279920195382,0.16027768460503614,0.15803444410621192,0.15836549088917995,0.15725451333397436,0.15610580668889015,0.1540453570317257,0.15405733406834932,0.16467967039445058,0.17925873337896908,0.17500788176295576,0.1721353446348796,,,,0.14465259688856785,0.1450023850035304,0.16352842852521818,0.1798663815184777,0.188310398190099,0.17640090511098144,0.17363092494659368,0.1801629171056751,0.17986008301524622,0.1746654701080082,0.1708287191263458,0.1732628050566657,0.17589655217655037,0.18163818183971456,0.18786636609334276,0.191679437063751,0.19947467158090304,0.2044405631601512,0.20752522091776945,0.20676839341472053,0.21239033419498118,0.21599499019489551,0.22150859073398646,0.22206563429169598,0.22410687517947953,0.23414756963112016,0.23839801812286257,0.23375472238048656,0.23045887196842968,0.23116638121676847,0.23951367866681758,0.24351356619431924,0.2425677861140735,0.2444342320717729,0.24887709795362575,0.24723076074998507,0.22324370684155243,0.1963858230739954,0.16091202593445986,0.37001554912810297,0.20712709243258925,0.16944273447474995
stat_129,0.2942969254414469,0.29412595997128343,0.29272693304453157,0.2878143332762796,0.2846947002256691,0.2829061959629509,0.2769116609849065,0.2729010086265629,0.2705348934937605,0.26792601236178093,0.2665518002142288,0.2664462793396201,0.2637700882664667,0.25712404131380834,0.25118390649318806,0.24727604340546885,0.23868271184347675,0.2326737716454091,0.22979007498607074,0.22315947110469037,0.21758995215658025,0.21301754333384423,0.21197469498462324,0.21208222703473245,0.20907624292800844,0.20424347590626427,0.19815073758451932,0.19778349429790723,0.1941719377145155,0.1915257127050379,0.19192700064028476,0.19054872914350554,0.188866822569699,0.18626232590039818,0.18626796504612866,0.18296627195789228,0.17925873337896908,,,,,,,,,,0.188310398190099,0.19444150942818583,0.20812116927260266,0.2168016624020909,0.21739520790101957,0.21106190800198193,0.205546779403167,0.20838140009251452,0.21228457395165787,0.21949110011914935,0.22568331391748236,0.22883063451414762,0.2382607928876047,0.24569840348779445,0.2506427821715137,0.25046184389397586,0.25670526725948656,0.26058986788274624,0.26682856937933735,0.2683892588308971,0.2717411125425285,0.2834228804029514,0.288074100699484,0.28241075053664105,0.2786958962056999,0.2800814203843645,0.2910299323930942,0.2970660607788475,0.29684773310135987,0.29948276612182817,0.30472854069207,0.3026388311833421,0.2716292198582473,0.2384201423694142,0.1971945893607954,0.45321654387025984,0.23971730560401,0.20165610517942947
stat_130,0.2975571334080643,0.29737216923570015,0.29597816568321056,0.29101479958367227,0.2878040457919686,0.28590299549329473,0.27979771423652927,0.27573582315854644,0.2733506696457841,0.27074616824970116,0.2693660616345004,0.26925889319372975,0.26654434415983247,0.25984462418377535,0.25383047623712807,0.24985460871301343,0.24123559714606635,0.23518752794604247,0.23228101572592158,0.2255689992340561,0.2199003430718253,0.215226408431518,,,,,,,,,,,,,,,,,,,,,,,,,,,,,,,,,,,,,0.24031117506514735,0.2479524723230595,0.25303142061713374,0.2529629527535546,0.2592546351888103,0.2631939640193688,0.26949513999684926,0.27120744919400375,0.2747073828292063,0.28643440845538026,0.2910980845731907,0.28533024333108814,0.28155078342992174,0.28304702828609224,0.29415893596319453,0.30032083300381146,0.30020640833769024,0.3028914817497759,0.30811088990934854,0.30601956844581085,0.2747132525276252,0.2410936263195701,0.199913281068044,0.4591139277424958,0.24110645485833487,0.20326388951275612
stat_131,0.26630061161679447,0.2661210408144586,0.2649414739165874,0.26067037949705324,0.25808563810805074,0.2568738177384659,0.25175738186757746,0.24823751177442493,0.24621375568032955,0.24387570292055732,0.24259174458124924,0.24249106180034685,0.24002465558615466,0.23398262466067749,0.22862857774777356,0.22500891849641486,0.21694595640441888,0.21133217529053652,0.20865766052606288,0.20260555808738134,0.1975942521291499,0.19357711755109056,0.1930393773062425,0.19315620401920094,0.19027418642652782,0.1856543733152986,0.18006929060171933,0.17973285302431544,0.17635689477696936,0.17384966938696808,0.1741751939840486,0.17294492942311832,0.1715908267225294,0.16930805489281997,0.16932082689754235,0.16643468659923344,0.16345290505831342,0.1599830904387134,0.1575493713770918,0.11054507218867261,0.11368187392080265,0.13071450479917232,0.13504966388281728,0.13476521680315842,0.15128508711929423,0.1664859356747095,0.17318630750196712,0.17797183152830937,0.1899459320972253,0.19735835386632936,0.19735199768600503,0.19151996762402332,0.18710271478459514,0.18985459481276104,0.19311835019033474,0.19958923908809278,0.20588003229753232,0.20943178833907924,0.21790297353526875,0.2239995235913168,0.22790014944813963,0.227431699459862,0.23340473663021,0.23721567479349626,0.2431266172719758,0.24417648832333522,0.24683073958774876,0.25764480520745103,0.26211613407114537,0.25695090188805864,0.25339697299910385,0.2544477096326234,0.26396705180266056,0.2688322299748502,0.2681967357365339,0.270395527158753,0.2751712127241003,0.2733442599525244,0.2463071084979588,0.2164635671400722,0.17830472573386222,0.40982841321509195,0.22273524719617455,0.18471086559228458
stat_132,0.2942969254414469,0.29412595997128343,0.29272693304453157,0.2878143332762796,0.2846947002256691,0.2829061959629509,0.2769116609849065,0.2729010086265629,0.2705348934937605,0.26792601236178093,0.2665518002142288,0.2664462793396201,0.2637700882664667,0.25712404131380834,0.25118390649318806,0.24727604340546885,0.23868271184347675,0.2326737716454091,0.22979007498607074,0.22315947110469037,0.21758995215658025,0.21301754333384423,0.21197469498462324,0.21208222703473245,0.20907624292800844,0.20424347590626427,0.19815073758451932,0.19778349429790723,0.1941719377145155,0.1915257127050379,,,,,,,,,,,,,,,,,,,,,,,0.205546779403167,0.20838140009251452,0.21228457395165787,0.21949110011914935,0.22568331391748236,0.22883063451414762,0.2382607928876047,0.24569840348779445,0.2506427821715137,0.25046184389397586,0.25670526725948656,0.26058986788274624,0.26682856937933735,0.2683892588308971,0.2717411125425285,0.2834228804029514,0.288074100699484,0.28241075053664105,0.2786958962056999,0.2800814203843645,0.2910299323930942,0.2970660607788475,0.29684773310135987,0.29948276612182817,0.30472854069207,0.3026388311833421,0.2716292198582473,0.2384201423694142,0.1971945893607954,0.45321654387025984,0.23971730560401,0.20165610517942947
stat_133,,,,,,,,,,,,,,,,,,,,,,,,,,,,,,,,,,,,,,,,,,,,,,,,,,,,,,,,,,,,,,,,,,,,,,,,,,,,,,,,,,,,
stat_134,0.3077165798848912,0.307473078055292,0.30611878099106793,0.30099722787252214,0.29742618554417155,0.2950580679291319,0.2885559048942543,0.28432693853850455,0.2818906527127542,0.2793373019187913,0.2779494475840607,0.27783662386770097,0.27499069223478934,0.26814705914278775,0.26189195399493875,0.25767481264111236,0.249056626596636,0.24292069552369822,0.23995489818784463,0.2329785765842242,0.226963536021324,0.22191234209674043,0.22063388382795124,0.22069548056620136,0.21773735981158188,0.2128057117585008,0.20634571136058147,0.20596003880839417,0.2020152660138104,0.19898671067541002,0.19915635313493113,0.19766779292824557,0.19590471870454607,0.1933007245682245,0.1932726331813109,0.18984834137843024,0.18589182447521072,0.18095706667415198,0.1776267014296145,,0.12387099722125859,0.14715190095438777,0.1495926450133666,0.14891936167511693,0.16776821482726048,0.1844352003739041,0.19392668161358154,0.2004320786638436,0.21468898390755187,0.2235163907333239,0.22412365517907432,0.21707709036592907,0.21196769985451325,0.21544321524658538,0.2201441074421696,0.22798923719837494,0.23398214092249975,0.23665961682097522,0.24608601286568282,0.25445572522690674,0.26001829511481694,0.2604191086082113,0.2668378701868864,0.27096002710811046,0.27745123652266707,0.27978212027560967,0.2838746017826931,0.2956436780606525,0.30030041876867164,0.29416109852110245,0.29015502892853545,0.29210436156130454,0.3037783890280827,0.3104164271833454,0.31078033120230897,0.3136582147131773,0.3186780225832808,0.31660837556720867,0.2844060199345155,0.24944830427368334,0.20933458272051075,0.4788327519719948,0.24452306436385948,0.20766286331596961
stat_135,0.3077165798848912,0.307473078055292,0.30611878099106793,0.30099722787252214,0.29742618554417155,0.2950580679291319,0.2885559048942543,0.28432693853850455,0.2818906527127542,0.2793373019187913,0.2779494475840607,0.27783662386770097,0.27499069223478934,0.26814705914278775,0.26189195399493875,0.25767481264111236,0.249056626596636,0.24292069552369822,0.23995489818784463,0.2329785765842242,0.226963536021324,0.22191234209674043,0.22063388382795124,0.22069548056620136,0.21773735981158188,0.2128057117585008,0.20634571136058147,0.20596003880839417,0.2020152660138104,0.19898671067541002,0.19915635313493113,0.19766779292824557,0.19590471870454607,0.1933007245682245,0.1932726331813109,0.18984834137843024,0.18589182447521072,0.18095706667415198,0.1776267014296145,,,,,,0.16776821482726048,0.1844352003739041,0.19392668161358154,0.2004320786638436,0.21468898390755187,0.2235163907333239,0.22412365517907432,0.21707709036592907,0.21196769985451325,0.21544321524658538,0.2201441074421696,0.22798923719837494,0.23398214092249975,0.23665961682097522,0.24608601286568282,0.25445572522690674,0.26001829511481694,0.2604191086082113,0.2668378701868864,0.27096002710811046,0.27745123652266707,0.27978212027560967,0.2838746017826931,0.2956436780606525,0.30030041876867164,0.29416109852110245,0.29015502892853545,0.29210436156130454,0.3037783890280827,0.3104164271833454,0.31078033120230897,0.3136582147131773,0.3186780225832808,0.31660837556720867,0.2844060199345155,0.24944830427368334,0.20933458272051075,0.4788327519719948,0.24452306436385948,0.20766286331596961
stat_136,0.3077165798848912,0.307473078055292,0.30611878099106793,0.30099722787252214,0.29742618554417155,0.2950580679291319,0.2885559048942543,0.28432693853850455,0.2818906527127542,0.2793373019187913,0.2779494475840607,0.27783662386770097,0.27499069223478934,0.26814705914278775,0.26189195399493875,0.25767481264111236,0.249056626596636,0.24292069552369822,0.23995489818784463,0.2329785765842242,0.226963536021324,0.22191234209674043,0.22063388382795124,0.22069548056620136,0.21773735981158188,0.2128057117585008,0.20634571136058147,0.20596003880839417,0.2020152660138104,0.19898671067541002,0.19915635313493113,0.19766779292824557,0.19590471870454607,0.1933007245682245,0.1932726331813109,0.18984834137843024,0.18589182447521072,0.18095706667415198,0.1776267014296145,,,,,0.14891936167511693,0.16776821482726048,0.1844352003739041,0.19392668161358154,0.2004320786638436,0.21468898390755187,0.2235163907333239,0.22412365517907432,0.21707709036592907,0.21196769985451325,0.21544321524658538,0.2201441074421696,0.22798923719837494,0.23398214092249975,0.23665961682097522,0.24608601286568282,0.25445572522690674,0.26001829511481694,0.2604191086082113,0.2668378701868864,0.27096002710811046,0.27745123652266707,0.27978212027560967,0.2838746017826931,0.2956436780606525,0.30030041876867164,0.29416109852110245,0.29015502892853545,0.29210436156130454,0.3037783890280827,0.3104164271833454,0.31078033120230897,0.3136582147131773,0.3186780225832808,0.31660837556720867,0.2844060199345155,0.24944830427368334,0.20933458272051075,0.4788327519719948,0.24452306436385948,0.20766286331596961
stat_137,0.3077165798848912,0.307473078055292,0.30611878099106793,0.30099722787252214,0.29742618554417155,0.2950580679291319,0.2885559048942543,0.28432693853850455,0.2818906527127542,0.2793373019187913,0.2779494475840607,0.27783662386770097,0.27499069223478934,0.26814705914278775,0.26189195399493875,0.25767481264111236,0.249056626596636,0.24292069552369822,0.23995489818784463,0.2329785765842242,0.226963536021324,0.22191234209674043,0.22063388382795124,0.22069548056620136,0.21773735981158188,0.2128057117585008,0.20634571136058147,0.20596003880839417,0.2020152660138104,0.19898671067541002,0.19915635313493113,0.19766779292824557,0.19590471870454607,0.1933007245682245,0.1932726331813109,0.18984834137843024,0.18589182447521072,0.18095706667415198,0.1776267014296145,,,,0.1495926450133666,0.14891936167511693,0.16776821482726048,0.1844352003739041,0.19392668161358154,0.2004320786638436,0.21468898390755187,0.2235163907333239,0.22412365517907432,0.21707709036592907,0.21196769985451325,0.21544321524658538,0.2201441074421696,0.22798923719837494,0.23398214092249975,0.23665961682097522,0.24608601286568282,0.25445572522690674,0.26001829511481694,0.2604191086082113,0.2668378701868864,0.27096002710811046,0.27745123652266707,0.27978212027560967,0.2838746017826931,0.2956436780606525,0.30030041876867164,0.29416109852110245,0.29015502892853545,0.29210436156130454,0.3037783890280827,0.3104164271833454,0.31078033120230897,0.3136582147131773,0.3186780225832808,0.31660837556720867,0.2844060199345155,0.24944830427368334,0.20933458272051075,0.4788327519719948,0.24452306436385948,0.20766286331596961
stat_138,0.30092625042586324,0.30071920631228694,0.29934429990445016,0.2943345943584403,0.2910029016474833,0.28894472876491084,0.28271003611995354,0.27859491529899855,0.2761975025030103,0.2736161056284384,0.27223366421167355,0.2721243821701436,0.2693626619422021,0.26261759591991396,0.2565222360203463,0.2524589264089272,0.2438426756086647,0.23776433867683938,0.23483765180181093,0.22803440381059112,0.22224537798273689,0.21744102363439527,0.21635826399834304,0.21644296591706189,0.2134532978074842,0.20856185830102658,0.20228268612201575,0.20190607885878548,0.19811151853872117,0.19525985442797086,0.19553381826764274,0.1940872635200455,0.19235509651374,0.1897237176617891,0.1896928316119894,0.18621042440394614,0.18244297187500275,0.17785774762259657,0.17474421213241204,0.11820744047708547,0.12195842618408605,0.14368327289051472,0.14717163754949275,0.14680891039717198,0.165566208278325,0.1820850975176285,0.19103573246558062,0.1972862376907014,0.21134847756326605,0.22013950079535924,0.22074152413567424,0.21406301928260926,0.20877670850822333,0.21194901307830075,0.2162579697518528,0.2237831867491651,0.22989662444573936,0.23282766297539934,0.2421970186404662,0.2500822221309317,0.2553181972924984,0.2554148749671898,0.2617549562789834,0.265765431256099,0.27213721395825424,0.2740662768275433,0.27776912064659354,0.2895048242728329,0.29416791291229305,0.28826879607716677,0.2844046097355019,0.2860603525103043,0.2973535221455944,0.30366399707755226,0.30371063977446877,0.30645677625230444,0.31159816590753847,0.3095193293824689,0.2779560283547082,0.2438924035449667,0.20311082201544622,0.4657793793946469,0.24219267844662246,0.2046881256903373
stat_139,0.3077165798848912,0.307473078055292,0.30611878099106793,0.30099722787252214,0.29742618554417155,0.2950580679291319,0.2885559048942543,0.28432693853850455,0.2818906527127542,0.2793373019187913,0.2779494475840607,0.27783662386770097,0.27499069223478934,0.26814705914278775,0.26189195399493875,0.25767481264111236,0.249056626596636,0.24292069552369822,0.23995489818784463,0.2329785765842242,0.226963536021324,0.22191234209674043,0.22063388382795124,0.22069548056620136,0.21773735981158188,0.2128057117585008,0.20634571136058147,0.20596003880839417,0.2020152660138104,0.19898671067541002,0.19915635313493113,0.19766779292824557,0.19590471870454607,0.1933007245682245,0.1932726331813109,0.18984834137843024,0.18589182447521072,0.18095706667415198,0.1776267014296145,,,,,0.14891936167511693,0.16776821482726048,0.1844352003739041,0.19392668161358154,0.2004320786638436,0.21468898390755187,0.2235163907333239,0.22412365517907432,0.21707709036592907,0.21196769985451325,0.21544321524658538,0.2201441074421696,0.22798923719837494,0.23398214092249975,0.23665961682097522,0.24608601286568282,0.25445572522690674,0.26001829511481694,0.2604191086082113,0.2668378701868864,0.27096002710811046,0.27745123652266707,0.27978212027560967,0.2838746017826931,0.2956436780606525,0.30030041876867164,0.29416109852110245,0.29015502892853545,0.29210436156130454,0.3037783890280827,0.3104164271833454,0.31078033120230897,0.3136582147131773,0.3186780225832808,0.31660837556720867,0.2844060199345155,0.24944830427368334,0.20933458272051075,0.4788327519719948,0.24452306436385948,0.20766286331596961
stat_140,,,,,,,,,,,,,,,,,,,,,,,,,,,,,,,,,,,,,,,,,,,,,,,,,,,,,,,,,,,,,,,,,,,,,,,,,,,,,,,,,,,,
stat_141,,,,,,,,,,,,,,,,,,,,,,,,,,,,,,,,,,,,,,,,,,,,,,,,,,,,,,,,,,,,,,,,,,,,,,,,,,,,,,,,,,,,
stat_142,,,,,,,,,,,,,,,,,,,,,,,,,,,,,,,,,,,,,,,,,,,,,,,,,,,,,,,,,,,,,,,,,,,,,,,,,,,,,,,,,,,,
