,pSA_1.000000000000,pSA_1.072267222000,pSA_1.149756995000,pSA_1.232846739000,pSA_1.321941148000,pSA_1.417474163000,pSA_1.519911083000,pSA_1.629750835000,pSA_1.747528400000,pSA_1.873817423000,pSA_2.000000000000,pSA_2.009233003000,pSA_2.154434690000,pSA_2.310129700000,pSA_2.477076356000,pSA_2.656087783000,pSA_2.848035868000,pSA_3.000000000000,pSA_3.053855509000,pSA_3.274549163000,pSA_3.511191734000,pSA_3.764935807000,pSA_4.000000000000,pSA_4.037017259000,pSA_4.328761281000,pSA_4.641588834000,pSA_4.977023564000,pSA_5.000000000000,pSA_5.336699231000,pSA_5.722367659000,pSA_6.135907273000,pSA_6.579332247000,pSA_7.054802311000,pSA_7.500000000000,pSA_7.564633276000,pSA_8.111308308000,pSA_8.697490026000,pSA_9.326033469000,pSA_10.000000000000,EAS_0.050000000000,EAS_0.060000000000,EAS_0.070000000000,EAS_0.080000000000,EAS_0.090000000000,EAS_0.100000000000,EAS_0.107226722000,EAS_0.114975700000,EAS_0.123284674000,EAS_0.132194115000,EAS_0.141747416000,EAS_0.151991108000,EAS_0.162975084000,EAS_0.174752840000,EAS_0.187381742000,EAS_0.200923300000,EAS_0.215443469000,EAS_0.231012970000,EAS_0.247707636000,EAS_0.265608778000,EAS_0.284803587000,EAS_0.305385551000,EAS_0.327454916000,EAS_0.351119173000,EAS_0.376493581000,EAS_0.403701726000,EAS_0.432876128000,EAS_0.464158883000,EAS_0.497702356000,EAS_0.533669923000,EAS_0.572236766000,EAS_0.613590727000,EAS_0.657933225000,EAS_0.705480231000,EAS_0.756463328000,EAS_0.811130831000,EAS_0.869749003000,EAS_0.932603347000,EAS_1.000000000000,PGA,PGV,CAV,AI,Ds575,Ds595
stat_1,1.242402337879049,1.3444697530564553,1.5155021856011135,1.6497059984643738,1.6154799420133574,1.5295698003253706,1.5581122250296622,1.5951850065270463,1.5039141123756967,1.345931382254265,1.2608117899564757,1.2494280054934441,1.2580337414332299,1.2375134762562328,1.2082203347226843,1.0915425903722717,0.9222038604906625,0.8701312951652713,0.9001807859577385,0.839923153103622,0.8305651091485833,0.803597621810255,0.7425410359513291,0.7427643425726864,0.6351991474845756,0.6024972526572555,0.5490310683978524,0.5491418177133143,0.6438014506649613,0.7156506500186658,0.6971081487786146,0.7507393415032328,0.6881381888436144,0.646644489007271,0.6430067257173547,0.6580833881680794,0.6471649709685514,0.5812645073558337,0.5218409109166573,0.1760125179957126,0.2079578729368134,0.10146507865664607,0.27715313665467395,0.2751161776585992,0.3891012075174071,0.5355765732934871,0.6365619166380518,0.640073242057724,0.5998560360647472,0.6963496699142159,0.8067043192636297,0.7715193278742483,0.7862020927266149,0.7409620091940142,0.6255347417200421,0.47957347566278663,0.4115881060216531,0.6726510623040869,0.8509639318979606,0.774191055355529,0.7851264612568533,0.9042099156401474,0.9600949431172591,1.1284789954789536,1.3239847937905374,1.3197150771998065,1.2729633466655768,1.3818407282523524,1.6877201018824621,1.824702986397905,1.8552026248459883,1.8607598810968844,1.8639428212678542,1.97855161221424,2.0078598865758885,1.7942410072591457,1.4902555627306955,1.24885902659695,1.1318820413488937,1.0622140986519386,1.4853511848696985,2.8548623672034865,-0.14790647794172143,-0.14390156548527702
stat_10,0.29528999550043017,0.2917826866037201,0.2268394270263177,0.24212440959313802,0.20586550314909935,0.1664548884404311,0.07529915252311496,0.031270086157236705,0.04594808539699325,0.13980523171625836,0.23583941577772252,0.24324988088602062,0.33253623595019083,0.3991749430002755,0.41440415021832844,0.4231906131509943,0.42841271174994533,0.3855164531284061,0.3649858513846237,0.3259846870651504,0.3238121216324561,0.22386798780598827,0.16849249031088098,0.16322642990798522,0.11977594514120114,0.10312916930858423,0.08401584234748591,0.08420087327195115,0.09132500160380531,0.13715672611397225,0.19000802927622742,0.1450850292987893,0.012850242605207446,0.05403177312492048,0.04657182673401821,-0.022762062597742213,0.05471165490946554,0.13583956479582437,0.18193958453198122,,,,0.14417977862289366,0.20461874089757454,0.07600393547657615,0.0455436088656093,-0.05196668063462059,-0.0770181044746121,-0.10332967305931957,-0.12384577753226646,0.16425317161122543,0.2570238384770828,0.15940114586895002,-0.024135625131292013,-0.08642986403352743,-0.0037033413446711846,0.10816289372426995,0.23746927825992137,0.2917119804719289,0.33794224519282917,0.3948658482676477,0.4320029479619758,0.5179082112628377,0.5284427093426333,0.4720374604488367,0.5298697661037662,0.45789388259006597,0.3094395069211117,0.17160023214223008,-0.02666448573041104,-0.015889651806234372,-0.040558887752784316,0.0058385865338854495,0.14845204794402583,0.3108054655695938,0.27758117513979075,0.2623687330888874,0.3868205099169943,0.19178898982388382,0.2025382893430715,-0.0695346057467527,0.08161364571023746,-0.2768770429132009,-0.26143199081848517
stat_100,0.7968782732443723,0.8930810838009231,0.9122747565413796,0.8837926267309948,0.8691574365162154,0.9555982984555783,1.0828024076845704,1.0685050025538358,0.9839831158441587,0.8796898136092371,0.7901252947977759,0.7846575212586411,0.7223407711825061,0.6410594345429056,0.5587498567802671,0.5419724020595117,0.5194356360785324,0.5011186726174454,0.482502109787831,0.40623580314214125,0.34789382196332974,0.39050140490388674,0.4210754934151487,0.42178484084148465,0.4970873198878291,0.5097254118242616,0.5167126287739517,0.5183784896413633,0.5376983598365188,0.5975768181195996,0.5548382550550799,0.6240400576143175,0.6376654238808153,0.5611155171106008,0.5594996299065078,0.5089827888998144,0.4693516130623108,0.43333351045486707,0.36571039752679624,,,,0.24825350456882608,0.11361169108926729,0.2501344873640512,0.31949805163398926,0.3757008473753064,0.4126613739540376,0.6049931003415829,0.6260333092693351,0.5890209863365516,0.5857843898759337,0.608345769532898,0.6038563674094519,0.6342658563154497,0.6190393260650605,0.5735968552534856,0.5298697339267903,0.392320191451044,0.2762623375265315,0.3389925253601612,0.46633380534582475,0.5132299733982719,0.53018115633484,0.6412307195164475,0.788263335107696,0.9085244420870016,0.8658052388584426,0.9312477540688971,1.149609997916568,1.2500170824928596,1.173872639081659,1.0188460873288354,0.9393759665323591,1.0249754974411276,1.05522981284856,0.9921311208284334,0.9373154449345324,0.7135161505461434,0.7282757018702165,1.0029075220245958,1.6546516465932535,-0.022307256860162702,0.1871612326361544
stat_101,-0.6924448181789283,-0.6943266450911708,-0.6423121782891337,-0.6791448629190896,-0.543411282146788,-0.4725329436146909,-0.5864738368634701,-0.5881835886015029,-0.4251749805408175,-0.3814729456405865,-0.46097470668511686,-0.4657344636274705,-0.4820847969998629,-0.46547114803969625,-0.4666191627675548,-0.4647733756906474,-0.48486223790206184,-0.5298280029041142,-0.5207536925163807,-0.49791622505323013,-0.5046333484431591,-0.49521638627701875,-0.4885125752157334,-0.48623098131425385,-0.44700981448901367,-0.4038162798714229,-0.33729753744473556,-0.3341407613801488,-0.305302362197038,-0.2678739578056752,-0.27718519076429915,-0.38407176784889213,-0.43506755230922245,-0.4472642537638288,-0.44816883548554926,-0.41196809120713235,-0.30419048468559917,-0.2824454171968173,-0.24818271643992393,-0.016584945824855077,-0.0869019960274801,-0.17091950468131387,-0.13873487590414374,-0.13779177856880848,-0.2616201032681323,-0.31337989767548197,-0.3473312517016403,-0.41514970733865886,-0.4452308955662556,-0.4211164452969449,-0.37644920166742785,-0.32954161539368154,-0.24589820769232437,-0.181265148114591,-0.2096006171240597,-0.3404503741024247,-0.4470568472277322,-0.44652163199088424,-0.493025298229363,-0.5204624655411205,-0.5612049602551782,-0.5663827442881618,-0.4966634772693436,-0.49265107429539345,-0.483665502249753,-0.5098047939172218,-0.6765428602407446,-0.5312509268712656,-0.3111375207148159,-0.29757189635063397,-0.6148750489674938,-0.625671470354382,-0.5174455873267514,-0.6424333803635549,-0.7979456889544553,-0.7642249447066769,-0.7295300331580613,-0.813806342338851,-0.5217619945756294,-0.5087190699729686,-0.8816958405110114,-1.3775396448673827,-0.1450311863597879,-0.3264879689245524
stat_102,0.0633579134866658,0.08591430231197618,0.1007667193544966,0.12657609583790314,0.21706510247475938,0.281734612915895,0.2920510595167768,0.312625211337777,0.20056523291820558,0.18648369494659406,0.19611484108122554,0.1917414592784503,0.12050650591650658,0.043663366124388425,0.015674115924677007,0.017920646548451383,-0.030070665725535777,-0.06826959409776669,-0.07397962217499256,-0.1300033602993544,-0.18323574570656537,-0.18409143479229934,-0.17050093039963674,-0.1765094903375935,-0.206296149090828,-0.2353700569465535,-0.22304418225627545,-0.22489393493008017,-0.24173012549059014,-0.2913282080054992,-0.30931751925350237,-0.35669184963606865,-0.36354403413260533,-0.3052518431204352,-0.29689838938803526,-0.2648769116067747,-0.22947584985807348,-0.24660513458397057,-0.24263274317725442,,,,,-0.20156240850631876,-0.1776775228215462,-0.22266369179558226,-0.13805940153422921,-0.14155785657293574,-0.3434666051857822,-0.42499509381287714,-0.48213883787388245,-0.33035164124712657,-0.20985716483813882,-0.2388741098014779,-0.3535601592461307,-0.3560823271283793,-0.28498483293195725,-0.2676037128723245,-0.3450444961870232,-0.39186447915777467,-0.30568539768081016,-0.280296555236219,-0.21084360869013186,-0.11301489542411455,-0.12058183118837461,-0.13845293360645008,-0.012740950925755395,0.1595754621807597,0.15735487510811508,0.19224612724409268,0.29934398404804763,0.2703133933985946,0.26727053577371856,0.28116692674781146,0.1502486739789483,0.08951763259061767,0.05899318019185142,0.07914217985406177,0.05008741566819238,-0.047515133917803286,0.031134901138548433,0.1520565184529278,0.019621767521633866,0.029553859530129012
stat_103,2.350044947780777,2.358428750343319,2.2974582691513277,2.1231583298119276,2.077178110767673,1.9515135759873812,1.7916511160187627,1.6761127507263747,1.556372787612727,1.464047945481032,1.3940995072444342,1.3929145018003746,1.3685737071209618,1.2514669794757602,1.0980014289100386,1.0006594935950142,0.9453763771148976,0.9372002890059182,0.9154676974676084,0.966613626528692,1.0100047732652415,0.9976731579992972,1.0021976860772712,1.001333842946077,1.1000771746633218,1.1100059756349814,1.0973022271437918,1.0997382821433626,1.112189770451771,1.060739752729282,1.11807069966985,1.2612932269562986,1.3270152357928129,1.3007937743566396,1.287272408173978,1.0892660830373528,0.8893996687821379,,,,,,,,,,0.7290081820425618,0.9325572648833533,1.3616821494969393,1.5511607441271271,1.4953882198503403,1.2787567981782941,1.1941429347007086,1.2007737164278516,1.34484270905517,1.457804073507597,1.2214643149042173,0.9836223054544669,1.0209174079341075,1.26596625983318,1.2455735827199839,1.1152387928478218,1.1163824737960941,1.1019009653080263,1.2588864180104953,1.3316109191216858,1.4884781127502666,1.5932113618356676,1.68270995049226,1.7821729413471104,1.9439950921937315,2.061577396578409,2.240762365823371,2.371183600583961,2.542254871868342,2.642488386884124,2.640968098354062,2.7603933560750713,1.9012949270816644,1.315222287822477,2.0956540959736407,4.018753269450497,-0.221085168556193,-0.08735770377333953
stat_104,0.6200061463234748,0.5163175335314067,0.42123934644706024,0.32997316237958885,0.26249259389779034,0.37339349699117846,0.38176267563737765,0.3355808389897147,0.20743823642148312,0.1314688440436143,0.18989419076104333,0.19793026058538038,0.3235602457120487,0.31477965105030237,0.2654012743330871,0.20801990745489304,0.2066864704886502,0.23502268284642364,0.2342960895289334,0.21106913283366963,0.1768400886126523,0.19063299699415368,0.1989316588789209,0.19847589907848837,0.22718188628202138,0.2240183202865351,0.19496428023611911,0.19509502572864426,0.1606095135706458,0.09005557255689482,0.0993421331995453,0.17892251708418697,0.2980205994844055,0.35356610657038595,0.3522552203526915,0.31106575788663426,0.28243709246355475,0.3085752430026181,0.3301407967157649,0.07019001686432272,0.04484385774002728,0.3499767554156979,0.33210853387056083,0.26245818145148964,0.31447152345197593,0.29578005620764086,0.2892873193709677,0.3301993776961188,0.47269478720165947,0.40197534091088477,0.17666419523903054,0.06433330218494782,0.07581465430787167,0.2378401905960799,0.34478019008895344,0.26008306593510994,0.17661771477536786,0.21604549016065647,0.282081283024542,0.2668102417428374,0.2578028348426167,0.2973991189945145,0.3125974036729858,0.30314470662829096,0.3784219321281273,0.434873081997304,0.48094261087830253,0.32747089601519347,0.18764350623438686,0.26780709120667723,0.3937432135394196,0.4964770545963826,0.43098980395869196,0.33721648898277207,0.4560889594465329,0.576976420656883,0.720728464708596,0.8069011878407694,0.2954836871013747,0.2295606692098841,0.4522731469808327,0.7988895552607347,-0.00603629905109645,0.044742610917557095
stat_105,-0.022746832582749645,0.005169757845493769,0.12001147494948795,0.2797195577737651,0.33488481377193413,0.2451070203190703,0.2533589464623286,0.1438684272122505,0.03005284546863964,0.004153453829051745,-0.04207892942527475,-0.038819765806567534,0.026856471390755775,0.10430624677814496,0.17450681215515848,0.195327940814987,0.17267810751596138,0.20553507170305899,0.2405769770776404,0.37994569941889555,0.40427895314842205,0.35270235227821795,0.31622539870995675,0.3200917083795649,0.3221523827201751,0.2952801678277466,0.321667975740522,0.32699293570144927,0.3397375974580896,0.3183626152056174,0.36914338914053074,0.40234585532676476,0.41297814792017423,0.3631056944215159,0.3599553402188267,0.34493301274476784,0.3114814580274353,0.44874943704890047,0.4103624151758574,,,,,,0.35819534896721006,0.37995093242049943,0.449698928087426,0.5334143024164029,0.5732501312189563,0.4931579186674262,0.5029787562538202,0.5230942105111179,0.3909708056950097,0.248343505052151,0.2047417931374442,0.2233958013314577,0.2154656914166876,0.13403417480949534,0.33775745862423295,0.541492096863985,0.5529076182818455,0.2971581519085363,0.15098396205698666,0.29181201270149304,0.36706296857091203,0.32387622443336,0.12423829529069685,-0.06717689066375467,-0.083891817569092,-0.016068807414882213,0.19698098230087996,0.33040779965369477,0.31936035551959285,0.4437214353554071,0.31950111986332014,0.015288958860502432,-0.1808165538923211,-0.16958986097184567,-9.619784266040847e-05,0.14006962562117542,-0.029124024320759292,0.05441686141346133,-0.12571384293847332,-0.16570245750400642
stat_106,0.015123773192609134,0.050890870205734275,0.08566861493676244,-0.026120167832482073,-0.1626366730564879,-0.22058662681375546,-0.2476286111135678,-0.32463449450436493,-0.2742317357128995,-0.2795430521610329,-0.2932515738850278,-0.2915653440021221,-0.24287944918095902,-0.297606326288826,-0.34067461758831696,-0.30495483306714555,-0.2896083947070587,-0.3028598723757186,-0.3003672907604103,-0.2707138483214978,-0.2269033634888486,-0.20165732171567616,-0.1822203729051186,-0.17892064262819446,-0.16601105172590952,-0.04180844058710512,0.09834822009735152,0.09963663601874606,0.08314521554418816,0.019996080184913844,-0.07471216048682038,-0.08414562216805589,-0.13991380514086318,-0.1403207834815617,-0.1461347924354204,-0.15226933290278363,-0.12446305733378073,-0.05184575552551202,0.03620572981892706,,,,0.03079260533418194,0.06366035189298713,-0.02460178658484481,-0.06652776984605172,-0.1054279156416168,-0.27295531675010937,-0.2632118242965635,-0.12496373214544511,-0.02434472531675394,-0.05736358812290846,0.027173360575087693,0.2498030246507292,0.30269639649117774,0.085062308904148,-0.11844109741147087,-0.18395997121911342,-0.11864521903880904,-0.17059288675898537,-0.2635488926895298,-0.2730494294071552,-0.34363328826637296,-0.3855079855192,-0.34808586832262334,-0.3017083093546094,-0.2222053717608407,-0.14798885860174232,-0.17682756962101967,-0.2269561295566627,-0.16814841001901312,-0.21729188907206767,-0.27804326133336943,-0.13830753603269377,-0.026069173336148856,0.08104609860803336,0.12015605872845797,0.04323735582881748,-0.09376160146252271,-0.19239108337815042,-0.2641929269220912,-0.31900989773015387,-0.1220745422537727,-0.15972591605825492
stat_107,1.811779691098344,1.93046147917581,2.0222181081503288,2.0604902603707886,1.7693662812294406,1.4284678008827503,1.1588230044537973,1.0188097709347357,0.9222991018439122,0.7995179923400838,0.7230184894926753,0.7176568885176966,0.6698881793636894,0.6795721505323634,0.6178277290401097,0.5648060337856143,0.5556497843282778,0.5484810150178147,0.5495137027720791,0.5214497448140024,0.47566037884520396,0.46006072031035083,0.430743831134564,0.4277847167295466,0.4147441612818944,0.39558279613414477,0.4099085758876306,0.4095219615324291,0.37794204728528286,0.3608578293158716,0.3739152174462377,0.327441725675152,0.27298912267910874,0.30275870096692165,0.3092948694738782,0.32444858666525866,0.26096884560678185,0.2586149364209395,0.29371440334443233,,0.03642681638308002,-0.011021412563188903,-0.10011279911086292,-0.15794152115990084,-0.14938181992674981,-0.14269161455892992,-0.18057001129644298,-0.23905293744405218,-0.20428895330482869,-0.16959962144066798,-0.22583288852555114,-0.15110412890864178,-0.15340553083117484,-0.08078608882360146,-0.013356497929863452,-0.11902269588104476,-0.1463794657297827,-0.11731546103185182,-0.0745591784145764,-0.06764254912081222,-0.11302458175884234,-0.22379305146814962,-0.23581771012799788,-0.1907813339007704,-0.027409729455314724,-0.004210138870822261,-0.01630138079940598,0.02438877211297687,0.17016339624407667,0.20453098908352485,0.32403769446094904,0.6306545463123345,1.0518509518094032,1.77162058612071,2.355359032709791,2.2844809730248126,2.149846318284757,2.1082707056100687,1.6129957778869473,1.3362424829568065,2.058639501847907,3.863783714163321,0.3299176253969707,0.12663648871944633
stat_108,-0.3780318770962846,-0.3585081263774807,-0.42801787240947875,-0.45630776056432604,-0.5014055586279313,-0.5186880640968491,-0.45741066288293875,-0.4346790406963626,-0.5006840737590578,-0.5378230581234998,-0.5403740817451879,-0.5421260067800774,-0.4909980055474847,-0.46613225616396,-0.4545628623527159,-0.40207924537150813,-0.3235244511472954,-0.2724254613739549,-0.25586552196494317,-0.1550839293399558,-0.1504180422969241,-0.2455943598275264,-0.3115325169910826,-0.3146758623149987,-0.3362555606917335,-0.38457204743734646,-0.39016019273879926,-0.3918957150506517,-0.38829500459113836,-0.4188162324596248,-0.39477326366040844,-0.40230995716055484,-0.4008824250649708,-0.38119583979312893,-0.3795328585657063,-0.36509793539152546,-0.36714037289511225,-0.31088067573761413,-0.2622295012822853,-0.030639059923057144,-0.08349080447088114,-0.1866848944300558,-0.23102899195074636,-0.2024882094817394,-0.20253212011529156,-0.2679705327851347,-0.36325103339373677,-0.41393775147791495,-0.3992968534273323,-0.36472266542307874,-0.3177303346849449,-0.28990187961323827,-0.33897360963424383,-0.38889841507468165,-0.3812788847763129,-0.32879654559079663,-0.3569579701516645,-0.38519259206792406,-0.2189745016024713,-0.02952824566051604,0.005328906421066767,-0.19160814906787463,-0.43777253691751833,-0.4648672413785601,-0.3919279570314934,-0.39496893403404726,-0.5307373669141753,-0.6444209359953241,-0.6420480384453603,-0.5843342878725005,-0.5894357242725368,-0.6330418314357625,-0.718577770264726,-0.6883928666924879,-0.5786552135395041,-0.42245042767638163,-0.4104646260307143,-0.5383180708166794,-0.3597311847779165,-0.4158355996889376,-0.7173850583635852,-0.9975595273442212,-0.3505203641980173,-0.4151433761614145
stat_109,-0.9872530149988946,-0.9399604741989956,-1.0052616334873004,-0.9679197161752677,-0.9490268933158309,-0.9690627568172272,-0.9425594563678653,-0.9102764305577197,-0.9005042827357367,-0.8837140811545485,-0.9164410458801228,-0.9234747578010998,-0.9907937148560184,-0.9740850904486529,-0.9628830618947658,-0.9432314383511409,-0.9684632221260976,-0.9728620033550441,-0.9658755669294119,-0.905254071289069,-0.8772940750348447,-0.8375343986470217,-0.757498982087586,-0.7615527229341619,-0.8116601701090498,-0.885567413037067,-0.8640936509166045,-0.8639183085108151,-0.8373841318699301,-0.8029491655627808,-0.785496217330383,-0.6970310242291371,-0.6437863790285789,-0.6258850515747814,-0.6220668917890563,-0.8186165211674513,-0.8536768205622033,-0.849067542384603,-0.5404576607268003,,,-0.26221483571583715,-0.34643644311249217,-0.36746662018949144,-0.4781156810053317,-0.7409279956914916,-0.7374687600375301,-0.7105120884882106,-0.6090906820297376,-0.626834579685642,-0.6093054581840405,-0.5897618801472237,-0.6365375038694893,-0.7509026459179968,-0.8166669455539047,-0.7794328374493612,-0.6520907646556906,-0.524888125701488,-0.5684165639216061,-0.5338753114971101,-0.6502066028141978,-0.7190514015753818,-0.7703163391528036,-0.7915670485753362,-0.8332145594906367,-0.8776214478089494,-0.9026523266725681,-0.9115350791895747,-0.7948675182842893,-0.7757250122397757,-0.7961328566790568,-0.9408542700416893,-1.0709557990917447,-1.0265435146208974,-0.9514173893844495,-0.9979528862304258,-0.9581838943287461,-1.07866903601352,-0.9415403854071525,-0.9337859604539107,-1.005634133417781,-1.953009158548592,0.06837741335394114,0.18372680521344253
stat_11,-0.4873526996416557,-0.453322838904191,-0.5533848165278495,-0.661046297340785,-0.6970058892866029,-0.7414251663035043,-0.8194143131197267,-0.867886050165901,-0.8895683456877682,-0.9051155613986164,-0.8814242397548478,-0.8813492260334734,-0.8598626376859704,-0.7942684218918754,-0.7330372249356145,-0.7115636367234677,-0.6396734181031841,-0.5683485213031413,-0.5580581840152455,-0.4982338363332271,-0.4826814227392555,-0.44033141711678564,-0.36070799449296814,-0.3403084887193204,-0.31133748409211576,-0.3460048920328075,-0.3480909948752478,-0.3461343356140112,-0.4132035859576847,-0.29399117879333814,-0.172366643848832,-0.1467386364020778,-0.10964751472756383,-0.0849529521407611,-0.08917520928090429,-0.09699733245657079,-0.1342464975115646,-0.06745137146663338,-0.03829755333703334,,0.018813939338289728,0.09061666622284031,0.14197216104254615,0.3158511455132763,0.29214649899109046,0.17498937995295322,0.12138568033326949,0.15916085215782663,0.32831898110233126,0.38169116940887016,0.3676335729214781,0.3079468269020181,0.05762258750832979,-0.26183824129819167,-0.15855565899344787,0.004184028609499728,0.1186099271839333,-0.02038266970574952,-0.15600837177280008,-0.21664707612262493,-0.2168138597153205,-0.23010280452860737,-0.4304619859904213,-0.6764247868068063,-0.8331945759470358,-0.9439025175219311,-0.9369857891983328,-0.818890791157761,-0.8472369601474591,-0.9375696523759466,-0.900719680956405,-0.8346825214429157,-0.8287700553100713,-0.7408139080387174,-0.5477650489302048,-0.34472021124436825,-0.33525936778112625,-0.36125035075234174,-0.6713103978108785,-0.5867825699387079,-0.872570471755358,-1.5430929557396227,0.008964708154061325,-0.2140688521500347
stat_110,0.6087808588285407,0.5666425994805458,0.5142186425131139,0.38100015525513026,0.35080369445014936,0.3258580129077748,0.3060059638149156,0.22671438086341159,0.1587762410359741,-0.00043533014596264274,-0.05947685794823612,-0.05517349979006083,-0.036709492465495784,0.07709331559910836,0.13481067751479023,0.10025285810372873,0.20109157707040237,0.2797433387211752,0.2572831139072916,0.209709716373416,0.2127196728155275,0.19188296936846028,0.23925159024095827,0.2361285537269262,0.336089872824919,0.3598184081571709,0.3470562377835289,0.34881639235822276,0.3251030207604779,,,,,,,,,,,,,,,,,,,,,,,,,0.43604292767026054,0.44668022474899843,0.5320301613687547,0.5592216800552091,0.4003813600581784,0.39267492278476024,0.4376950231537547,0.3885960827008326,0.4511929312613081,0.4189834956472806,0.39624183135717267,0.3579549604285249,0.205163300696761,-0.06627062703078919,-0.08471894982789514,0.11793774252697407,0.3227057326942918,0.43764478735299234,0.659253162298431,0.5923530646839176,0.5085025014792905,0.6272797019460361,0.7084309397014453,0.8234488177602607,0.9750242163387324,0.41251280012702946,0.4722301865602107,0.7865302729503328,1.1443432917466454,-0.09216065222186225,0.19901533894673276
stat_111,-0.22757541278827886,-0.4356640577982938,-0.42693759603225934,-0.371017168084233,-0.2749780997394298,-0.11480522112575686,-0.21326915225507317,-0.2790137466466633,-0.37092211070217684,-0.39391097196544367,-0.3641634924231216,-0.37211293447655946,-0.4572227491634764,-0.4679581306002534,-0.5614529345043594,-0.5543729684018649,-0.5952491501413876,-0.6381832730250854,-0.621636389706838,-0.4327340989891132,-0.32021705227271524,-0.3543686470783346,-0.4399397696726168,-0.46160749801773154,-0.5756849851210896,-0.45865631137858304,-0.3561298181873731,-0.3490740163190035,-0.3168748935692032,-0.330223211052549,-0.3055152472336908,-0.25510818315810524,-0.32777927279721236,-0.31048091861629085,-0.30322758743809847,-0.3265995719463256,-0.3356979235059603,-0.3165112238973582,-0.28956191892406935,,,,-0.009826386017032961,-0.010411938885247317,-0.19578263777925187,-0.24318700443144814,-0.2097158673014678,-0.12719770731625282,-0.1501181689588129,-0.15367971978208939,-0.0024093243746741463,-0.06505060626275687,-0.16336503738929825,-0.050830454612427176,-0.040923579973701565,-0.2126515224085268,-0.40909917308049915,-0.3724975461439031,-0.26561299116692666,-0.19546303452871874,-0.3298000671741749,-0.5081986985214758,-0.45682356604982005,-0.3271238924378604,-0.35245420245095854,-0.31889007216991283,-0.31564886079693977,-0.40754275891791364,-0.4021307481290354,-0.37676175242972987,-0.15560285259490517,0.002144678810497797,-0.055318102489097305,-0.3302702736273227,-0.5325406500150852,-0.6412525467559625,-0.5352687774839057,-0.20718051906214,-0.3775506649676484,-0.3408734948297166,-0.168211836449407,-0.8446529195893728,0.013900852794025701,0.3051896784180523
stat_112,1.2716636147148541,1.2284158558328369,1.2115138376123151,1.2440871847094355,1.2125843889042829,1.1699615323377175,1.096616291227871,1.0339483911288203,1.0335583829196657,0.9805639917131391,0.9126836365472704,0.9044056783337397,0.8770574216182861,0.841447943543073,0.7185881805501941,0.7120292490781854,0.7067947123500115,0.7065334911330863,0.6871783288378208,0.7128814518216248,0.7218259998000541,0.5995154904219878,0.5071491330955364,0.4965885039718928,0.2839722560765743,0.3146180337111536,0.3549583021257909,0.35738041117097175,0.3665143478583514,0.3464830242905712,0.32312877756130165,0.2818091615960176,0.1969721242966422,0.16783579433344156,,,,,,,,,,,,,,,,0.14448605618019703,0.20693389886106298,0.25119951778900723,0.35361361690591364,0.45274202503778677,0.4443582005678456,0.34160230264348984,0.20106145501152567,0.35190607426448545,0.5193860843337139,0.7127865481362807,0.8070066854050039,0.7389809477072582,0.711513051355448,0.7240498029467595,0.6802415178137227,0.7955081564736656,0.9508633936190167,0.9295239140408853,1.0235716637705339,1.1098458936463176,1.0803871498640225,1.1140304285732587,1.3015060173224529,1.3117488151636953,1.2695487944746162,1.2473947020606364,1.3471548119316925,1.4612204195552838,1.438263864373118,1.0301817964933617,1.4750281663945624,2.9010740959987227,-0.240938115798716,-0.21182731565011836
stat_113,0.18163970014785105,0.2734477605381269,0.25889941081487405,0.4136841576160714,0.5126991110946651,0.5828044138323155,0.4996389676472118,0.4832933216264261,0.5192212994421731,0.5904938716985872,0.5607816863742219,0.558901373614175,0.5956061973589661,0.6144440083070339,0.5585775129883415,0.5769247164172714,0.7243030967578611,0.7382066740784443,0.748490006526635,0.7682356375966576,0.7488688932475736,0.7050832339025747,0.724166117077258,0.714214316107263,0.6358946936421417,0.6321737869678363,0.6177088800961076,0.6117276819376893,0.5304353928880278,0.448132252549045,0.5310155414735966,0.6564879806474396,0.7062960548469902,0.7050079036948343,0.6962259407103065,0.6140445653235476,0.5329146774446127,0.5153082507638951,0.531011166210518,0.07699735360437023,0.10636752361472354,0.37815926235112113,0.39171607855280033,0.29553365952851585,0.45171653475857526,0.5007678921577734,0.4775292898670869,0.5379525609296397,0.7512316508192894,0.9603697887304027,0.9547675536420297,0.5799244659434969,0.436037984997217,0.4741884581247941,0.49349594618955067,0.6227706380713806,0.794504055957215,0.857571526218328,0.8738253776793035,0.9725878874063247,0.9977165619030415,0.8907128009475177,0.8033017603750663,0.7207868445813556,0.6443448551741263,0.819325136843089,0.8732658758837875,0.7322112176877174,0.6845920800756274,0.6678577496091542,0.5643504577291976,0.5071665323369317,0.7334870347413696,0.7242467898003891,0.4745642103680937,0.30516286738013043,0.22287559105761956,0.17709206307944994,0.24025595334208824,0.36070691608012473,0.5342089565785159,0.9375832689861133,-0.005312290510987885,0.07675484838695942
stat_114,0.15976461707107012,0.0887624322432062,-0.035134453007149555,-0.1212677607316714,-0.22883565629159788,-0.3048094899776118,-0.3016508996141106,-0.3401565680293323,-0.36089494057400656,-0.33187305971066544,-0.3394951664189513,-0.3421389638474803,-0.32929387050939996,-0.22523263345872013,-0.1756192090463647,-0.15686379697528707,-0.08347699414402482,-0.13585053033338237,-0.1599684139916634,-0.13144559787295257,-0.09134124346361716,-0.08429617426283015,-0.03638544871860305,-0.0360738786192455,-0.058500420451301674,-0.04190225907764168,-0.023893610202995696,-0.025123112780465737,-0.0350592651480457,-0.053513223226372676,-0.09964820929473983,-0.21655583750132323,-0.22900735740952086,-0.2593725917491292,-0.2524041255299352,-0.16206745547212623,-0.1464507627663129,-0.14617214664861838,-0.12153919705242093,,,,,-0.11683868806072388,-0.13824298866074253,-0.18941424496590448,-0.2347507104316791,-0.37550680557357263,-0.3803138698926596,-0.3334954959424622,-0.22140813757966366,-0.06589555350971453,-0.0371419516956558,0.05673043101566453,0.10113251371844031,-0.04669356710509421,-0.10497880147426765,-0.049431204229129326,-0.011229949607766762,-0.06286519566179309,-0.13233332677054765,-0.1937265980024043,-0.163991203526806,-0.13637251164031602,-0.1627533730949652,-0.365251196578423,-0.49299995516869904,-0.41761495762215217,-0.4471524076127955,-0.5768842402751356,-0.4640831962189456,-0.3099451969253692,-0.3821896157658062,-0.39883618889396555,-0.1994908978797732,-0.010947965742998294,0.17658114397644226,0.21343892410807067,0.1310017767468016,-0.14179969896758568,0.0179580995317017,0.19201195266335008,-0.00011997533082982546,-0.15557057412642297
stat_115,-0.4962288092948687,-0.5604896435836976,-0.5102306037127097,-0.46092622480064577,-0.4026437562995825,-0.3162872633269661,-0.22069526842800546,-0.1790558184039107,-0.11693371607475878,-0.14017429064632728,-0.18376473883814268,-0.19036249698468927,-0.2260055359930735,-0.2739411755059457,-0.27793063095676623,-0.27667502471028216,-0.2983838363819675,-0.28271787022869166,-0.2725501735206689,-0.2719025370420389,-0.24628949997573676,-0.2598386481966927,-0.23487509138343582,-0.2273892159173991,-0.24620648604403533,-0.30476786047932214,-0.29130811605983303,-0.2914174748809014,-0.2555594141433772,-0.173029097922638,-0.05311894763302445,-0.0072582330162286705,-0.02548966011005207,-0.07622726454119895,-0.08266530587495324,-0.13024842906331116,-0.17241153318621893,-0.16074385808997851,-0.13516812257240524,,0.04845659356853249,-0.0030483263486836285,-0.0691556751924007,-0.09609855285808933,0.001023761115891479,0.05473995628429169,0.11131310779728477,0.12869015537065415,0.22276553635300042,0.19488847382700464,0.2015201217869384,0.15355413528990258,0.028198336574264193,-0.07316862182924241,-0.10076630603472649,-0.1174477292253323,-0.11646068346887045,-0.15998784540471916,-0.20390110845335155,-0.2275376753015219,-0.29069412018597285,-0.5108310166781845,-0.5486589222150982,-0.4939455116846736,-0.49610774883780945,-0.4320322526349262,-0.34657791319779646,-0.41274355828557685,-0.37048478446941124,-0.2836931492001549,-0.2965178314715615,-0.29767115672778394,-0.42802937708556954,-0.5782024749282164,-0.7068951828307809,-0.7953806734620562,-0.8443272122529772,-0.8079868852158798,-0.17844685224559115,-0.12615649271497476,-0.8420848479600088,-1.2348171515025046,-0.2960161751173503,-0.39617964754345225
stat_116,-0.0438081119304882,0.02542785234923952,0.03401874415854871,-0.020493660137633696,-0.07198371551852432,-0.08949638996841745,-0.1202877758439015,-0.03358686610672854,0.015011779218383668,0.014892258500922233,0.04856171106871742,0.047130071915445146,0.09721529302160709,-0.05278691808200921,-0.09846914589624706,-0.07423770651998518,-0.04050480046642833,0.07171386361050577,0.09410617944187302,0.10405005119864186,0.11229570953316581,0.17208498607808312,0.2523889935671434,0.2604379762737929,0.28497193600669246,0.29844694686284606,0.30194913240855026,0.30199571483578463,,,,,,,,,,,,,,,,,,,,,,,,,,,0.4611129829289001,0.48476623888606185,0.41134844848459184,0.32579726651976876,0.20442653286086587,0.11887822892344521,0.21630789722232577,0.23789762871948142,0.01654692859621103,-0.0817508949614336,-0.1321989393430728,-0.14713438312935162,0.22444353125082125,0.21954864810411476,-0.033006317918223914,0.022571146500801935,0.04319033080359805,0.016213039695838993,0.08276163429008024,0.023424822876026926,0.16656542986340128,0.35660780906007683,0.2752036747952038,0.2507924040179401,-0.09573221696799775,-0.08083115932608402,0.27487706918233107,-0.006893974275908754,0.33949918709775817,0.5070224359196444
stat_117,0.36844043671464655,0.38258850742246947,0.35776008923196606,0.22913460828344706,0.1546626411023995,0.056396354937396746,-0.030865199046887212,-0.036046622810001136,-0.029846637687645183,-0.09875878085076371,-0.19668115811285308,-0.20646051605816046,-0.2745547220703609,-0.30611720202167936,-0.26913182692006293,-0.1406231958842345,-0.07412056678931897,-0.0842547618583338,-0.06589382106793239,-0.09404497635007905,-0.172710765443954,-0.09862332351704549,-0.05252886704971271,-0.038758513130764984,-0.09031849955594483,-0.02328936614174829,0.03254821900989199,0.03517126067744719,-0.07659032821946579,-0.003575108313826132,0.05697054927504153,0.03764801401839941,-0.0221540710742823,0.004004208287029949,0.011191480842480492,0.12399301585696554,0.14081117054692383,0.13788210093158096,0.11453288059928257,,-0.022588828123670118,-0.22522507141219478,-0.3050590269166492,-0.06966060937327437,0.006972450872481484,0.07100050735687316,0.15333557787563604,0.23157280202957176,0.18594632537263747,-0.011924119800342923,-0.02486349765164058,0.019558369184040338,0.008567785278037124,-0.10374230734066195,-0.1011313824837939,-0.009546932591039435,0.04304973096827153,0.0761757717220282,-0.06459813135531384,-0.12186789437772014,0.05578986242675257,0.1562648028877364,0.04031858644483405,-0.06435974128532923,-0.2753118209615666,-0.4289904549879197,-0.40612589085057754,-0.24657340688286974,-0.016300093061370396,0.04700839940099779,-0.03551548941256041,0.04553567897207168,0.14694408426037617,0.2723588058039095,0.4611788602079821,0.6549812326713986,0.6087779780523472,0.5560701844683235,0.08790540375635156,-0.00226612947534685,-0.20904676938608702,-0.031420482211937065,-0.24120805038395235,-0.30776902369163556
stat_118,0.050165526170735164,0.007332822634542051,-0.0826347448429388,-0.1817680018920415,-0.21442069530463426,-0.2050463851417048,-0.10516391431598412,-0.052029125485158347,-0.023951456687948507,0.042055771422308943,0.11334657449931222,0.1171509375819309,0.18827415971896563,0.2739042296843993,0.32457992294046234,0.3673871322147214,0.3045011086069371,0.24678994432287168,0.23208409357942797,0.18478942040264432,0.11908767520144463,-0.008926414656882604,-0.05594588946809916,-0.050865634969734466,0.0012021604713496373,0.030169726237756635,-0.0059791185641797995,-0.01082227928764287,-0.03127356632752236,-0.0562419155128125,-0.022945985796372123,0.059320224763436846,0.10959015262767287,0.11363192216057846,0.11232901447714246,0.10691611476558076,0.09753187902411933,0.09651633033943464,0.12729992126350387,,0.09776412106071182,0.06992084289699162,0.11841625965124489,0.08419685890035701,0.1277716480674729,0.14201687885218342,0.10531775621745382,0.12343741257531927,0.16478234112137144,0.17951486642508468,0.14481443423501822,0.031217777879869842,-0.1156773494702081,-0.12947901622591307,-0.11211652780222359,-0.011798775408119128,-0.02983068265119332,-0.19731519662952715,-0.124675169759296,-0.004358211795621791,0.19939824157167682,0.29422615486165177,0.3100087219352588,0.481654453140202,0.46064267584373864,0.5164853165543846,0.4343280679213666,0.15713672918252888,0.04978345616746326,-0.008181396100043883,-0.09935075513676468,-0.2113313214016601,-0.2673120884288351,-0.2888830159873568,-0.273751986253478,-0.017261753718075565,0.25665124887288,0.4293477421382608,-0.012301175446084703,0.11093345305004029,-0.21899215129586258,-0.16549976153796175,0.12290299178382005,-0.23616959262066298
stat_119,0.2462138902677102,0.2592280478354975,0.1414795036273415,0.12532777585153315,0.13877978933673596,0.13209012907177511,0.15575568710241142,0.09831318540413482,0.034387289893457886,0.040790360137940164,0.16107511683681697,0.1662398520277852,0.17911282276305365,0.18436979979466578,0.2493532552696166,0.267500246942871,0.3248532907114581,0.34270378000101354,0.34151052661613523,0.24783171341662721,0.1482607281824148,0.05449352042601198,-0.030874138351314164,-0.04708858967945349,-0.061965641749330044,-0.0092129525885627,0.04473903957543159,0.049264684299241544,0.12290126938585427,0.16552840098447766,0.24710367115750181,0.24167967112319086,0.19901110998235647,0.1999999713377791,0.20106834113628905,0.18312539586957377,0.16928722363876364,0.16736306217442193,0.19213860147759335,0.03115074260904417,0.08119808149011017,0.12476872086860136,0.026766274531206176,0.009832087189728419,0.10576800515632172,0.14254581365555796,0.1542718582421424,0.1635576272784796,0.23582475236996697,0.22530227126340666,0.1898914324841092,0.11597428756570656,0.10698179590700924,0.1083408599432573,0.009796336475286504,-0.0527340509721713,-0.11856475489722236,-0.04432099932896919,0.12561960523172155,0.25950601028050757,0.3333401470965065,0.5022789927547956,0.6086504978571007,0.4753791580191382,0.286990485013148,0.27154115761491465,0.3088255418578449,0.2483975934559685,0.14748074245826207,0.14248659447083764,0.10460591630153508,0.04487014634372587,0.06905210986308766,0.10158998836698278,0.13555174758426952,0.14833947931656943,0.2214139809617226,0.16411637897274967,-0.051966640454118175,-0.05287899720898765,0.13838973926122944,0.04389410200835851,0.0978095733967023,0.25451633083770375
stat_12,0.20114106691295236,0.2609910245590143,0.2558702318694278,0.16302623181385376,0.10291109144861513,0.05119959658695666,0.02349917223592502,0.05275041852431994,0.13187227311568095,0.19132150020566974,0.14504979954932548,0.13937774005295767,0.10672396007311442,0.11566754380496892,0.11890412643861013,0.10991959985964432,0.14684807450840195,0.1795669910248431,0.18082734748259907,0.14234974417081792,0.11693717287831394,0.1270446930866197,0.08834922330287523,0.07801603149918779,0.020386340522095536,-0.04270641378403618,-0.06207808052064303,-0.058641203997609054,0.028540604027025088,0.09897600605510072,0.15602874261298136,0.14422400109084701,0.17309201314453954,0.15285102261540084,0.14244442083171927,0.06611753089034134,0.042822639010169916,0.038054763285234744,0.00412943988674553,-0.010130932705558829,0.15862291219205618,0.28439505116360525,0.19375673625436693,-0.05135896184135688,-0.1434466724104987,0.007786084532952958,0.049672319401435155,0.1000537126982819,0.22482102718014413,0.2758349118119469,0.21112836456962042,0.2256870595683634,0.18236359498585822,0.009678858629928571,-0.2100817730488314,-0.24721599801360444,-0.07661025658709775,0.13282396419750025,0.13523651346061838,0.10038225746879173,0.16546914133287494,0.18667278782079125,0.10226637693627118,0.013786516368185644,0.055072815590942494,0.08209072919008333,0.016444982249682563,0.06827536452713977,0.18545481638588826,0.18875532656638835,0.030847922203385038,-0.09122593126198288,-0.028307486454935322,0.13370102509952297,0.22471797152166842,0.30598437515379956,0.2628037699729663,0.15640874118767772,0.12039977115744052,0.11283757216700419,0.13272160269689476,0.2648834125539163,0.17858813657701686,-0.17322050686945073
stat_120,1.537226531773776,1.5074060655308352,1.4678810194350993,1.3329001861664551,1.170430573576423,0.9939426428845063,0.8568918828601745,0.8052701209303889,0.8319525675777123,0.8947280313172308,0.914764549722975,0.9118816540053882,0.8626607645447681,0.8356103552637305,0.7635475355004064,0.6754241400135401,0.6679682598047634,0.6576608171221361,0.6633395876981031,0.6646503704079666,0.6888490113106154,0.7090825849240833,0.661807672340231,0.6536224332570454,0.6466406269993232,0.6511584776579212,0.6470543531880086,0.6460662008281383,0.6570362572403797,0.6611873994451347,,,,,,,,,,,,,,,,,,,,,,,-0.28083781194199353,-0.30209474339034437,-0.29684660215215686,-0.17296577705506774,-0.025812389209929155,-0.040805556151213646,-0.027216987467946173,0.170300130938367,0.3084318460077109,0.47693804382570926,0.5912595249204757,0.5911523806948895,0.6821575506295567,0.753229340662054,0.8157054631533538,0.8301017395044492,0.8004139992970299,0.64733812446066,0.5986579210118167,0.716384044220216,0.9867235549213808,1.2576494512873906,1.4388849978091842,1.5067331800960009,1.5783026999668417,1.5428533646042197,1.420559969147727,1.1346556978851994,1.5123561911744308,2.745368928618199,-0.13377598705681568,0.08235134066272182
stat_121,-0.30737057044424376,-0.30478830573471694,-0.3105454060714259,-0.20069072079029,-0.06437765967968813,0.048690536182298724,-0.06434026665557335,-0.1538775169237309,-0.22806388252733698,-0.34954716922190143,-0.2630303836981733,-0.26183690041453467,-0.28604586542462307,-0.27836700405323844,-0.28804908106993615,-0.34003479504755946,-0.3064669062843431,-0.3165181387475929,-0.3202892104914344,-0.2836945954811265,,,,,,,,,,,,,,,,,,,,,,,,,,,,,,,,,,,,,,,,,-0.42668248243783935,-0.446451869747559,-0.4782398516098132,-0.6065087138464822,-0.5435298831109187,-0.43603886052370705,-0.3888573756708164,-0.3936127570519684,-0.5509027600424696,-0.42342766442481844,-0.22891681785441528,-0.1171123301834517,-0.06917352862749987,-0.14282480754260016,-0.28043631652231643,-0.36806467043170393,-0.2635247111700054,-0.29178152397317,-0.33918782460282143,-0.37575677696544063,-0.503933774008759,-0.7991861280460757,-0.03670601744634951,-0.1411578212790096
stat_122,-0.2858771512225041,-0.29803409437465245,-0.1566881806558977,-0.029395196581328976,0.05755693924707145,0.1204271110984172,0.15480966003535052,0.1714888377583051,0.09754972268019428,0.023030924104688634,-3.2331364304706606e-05,-0.005518392032227312,-0.09463700585563285,-0.07975099254012513,-0.12364147798527245,-0.12800682027988092,-0.10116098927306705,-0.08982909612713201,-0.10090899784604213,-0.14331340776814766,-0.22217250285065815,-0.17340473087967403,-0.11486695376431989,-0.1260545055035388,-0.19169149768273813,-0.21686256792362923,-0.21450881450148648,-0.20952219679981035,-0.17093452010616506,,,,,,,,,,,,,,,,,,,,,,,,,-0.1781595794784368,-0.2131343955134612,-0.25395569432828463,-0.24525436966325168,-0.1703701661593423,-0.24727213369851586,-0.34951293116807547,-0.25419811102965156,-0.2699466705190243,-0.3734558606417029,-0.298900149855306,-0.2445504627132349,-0.20132567144973307,-0.1684533119771904,-0.11540798907042346,-0.09991602762828092,0.035382315156400515,0.19701722701033597,0.1718424448096454,0.09962322089761351,-0.05072783672536537,-0.2019319283604883,-0.27254096174545067,-0.46919267547863874,-0.35581872419991734,-0.19043670662826948,-0.12501199968623225,-0.31091893797337267,-0.48928216394522417,-0.00908980959244647,-0.06685560434645542
stat_123,0.5100134524817157,0.45674167098900303,0.40006995544686186,0.38395645929397076,0.41218648685436465,0.41108519471051036,0.28057253568149354,0.180077423536502,0.08730440942566749,-0.0074576017374582216,0.039629908716679,0.03909790168464683,0.005788265693733708,0.032013235802295,0.029368676042299292,0.004118593567529955,0.0014024901633762719,-0.027593241087731854,-0.036291104436497974,-0.10967643899626871,-0.19142760029870792,-0.1418138366768349,-0.07482649426673377,-0.0719554139592247,-0.1247542308458364,-0.18024506738601323,-0.08664545713250088,-0.09097533528107651,-0.04598465297568818,-0.052486438413638294,-0.09323777761282839,,,,,,,,,,,,,,,,,,,,,-0.22412384115226383,-0.15877617020681603,-0.22145067936702034,-0.24278181545315003,-0.29878463633571256,-0.21985486429110582,-0.06467287208804574,-0.16063894829887593,-0.3629323444422125,-0.42283507656715663,-0.4198628285495789,-0.30847547553267496,-0.3233106436629497,-0.22739768417235537,-0.15054956154007745,-0.18863100395311502,-0.20145121902928084,-0.29333703071746614,-0.15537782862703328,0.052221058300073536,0.21648867126274518,0.2836761241126307,0.3017216691346744,0.25431665166864276,0.28673704806993594,0.5691118288210536,0.66311243491495,0.4646018018477179,0.2817926609789067,0.5281943103395825,1.051651912999057,0.03947701824815649,-0.1412195892287617
stat_124,-0.2916641795626823,-0.3280660946359442,-0.33756651919647734,-0.3522649506826599,-0.2993082802199781,-0.2602046816552026,-0.2831817487430901,-0.4111333954643913,-0.3193445991196364,-0.3122136245634941,-0.27334532251603055,-0.2722759451889453,-0.24030383183327436,-0.15461828809322628,-0.12537846847169293,-0.1563191073806342,-0.10266377871153276,-0.10036618091186293,-0.09158544789848154,-0.11408653388643221,-0.1435490661839112,-0.15548393159567975,-0.1323610377472636,-0.1271933011165276,-0.11610784192259463,-0.18799755766781295,-0.18510969856104204,-0.1847919745094284,-0.12078937878093568,-0.09059335019364093,-0.07067872947251483,-0.10692108079952829,-0.12642746081594486,-0.1795371956846542,-0.17523092979975033,-0.20304747519504987,-0.1715718542305243,-0.17418024646901528,-0.15332317504199414,,-0.07507499972824097,-0.03379932388334592,-0.06131900274562512,-0.1150587877202427,-0.06781996824286778,-0.12080658700411984,-0.13969080565264155,-0.13007965213510836,-0.2093015369900024,-0.24867436073443344,-0.24935542126095228,-0.12029999163625858,-0.057398818905409286,-0.10072187166044129,-0.2096634776995727,-0.20515284511358828,-0.14542592855642564,-0.28501717025290696,-0.4047383558544297,-0.1853388602974966,-0.07224393654444303,-0.1450457255673289,-0.18755737093327207,-0.2454488763490854,-0.2831901107207602,-0.24251090091125435,-0.27680552365911204,-0.34749379973308275,-0.43046350126245103,-0.44376280907613413,-0.4047064439479895,-0.34210303200543873,-0.3446447925177634,-0.3383568687296356,-0.4693919086371847,-0.4886850003452074,-0.35554715252752356,-0.3102452959899938,-0.24112815538606935,-0.32707806780304344,-0.5236864293114818,-0.8537260976791736,-0.08306209851665858,-0.13642250128825392
stat_125,0.5934972936299787,0.5551344978713401,0.5209404539740615,0.5316083419064264,0.5400721596239317,0.47867293690674534,0.5103016296678358,0.5585904077885191,0.7028584996964685,0.7230024690242719,0.7158850455888658,0.7206037173366593,0.8345499268172423,0.8260940244600913,0.788433995843291,0.8016439405399048,0.8025944901870233,0.8131566857384684,0.8290464752553723,0.8084476952424345,0.798296758256926,0.7267717840291796,0.6296863376621825,0.6172333493062774,0.5952750983607362,0.5769660423125468,0.5076346804274442,0.5050377018401071,0.4473599198115184,0.4106611758681355,0.43111551506901813,0.46100966660742815,0.4974067153232758,0.463260732890674,0.4557229279058435,0.4207938992767247,0.39870867447519315,0.3916214484993644,0.3724864353057978,,0.08902400360981544,0.10162948377568273,0.10007865170976667,0.09947546448537786,0.1343107492344895,0.17188360417992388,0.1296782083269148,0.12926083731715168,0.18729600331424578,0.2284264016739271,0.22188149296235832,0.1442460668095737,0.055689040094542015,0.060077639188909994,0.13955003415705866,0.36917438179854223,0.5592337649850602,0.4845947666582175,0.490709367113908,0.5587573587116201,0.703571167611581,0.8279079011615309,0.9159844454077513,0.9035183834736018,0.8927748675543964,0.8797767794303942,0.9495068830505555,0.8991551328431342,0.8673350866284711,0.819239194808001,0.631831382563626,0.47855045401105295,0.47603577937011105,0.5686840592585275,0.6779772768547446,0.6779484778330368,0.6929704931070765,0.7535698111520918,0.43524687788935496,0.45259003407501613,0.9557118793987252,1.3905549336460037,0.4093050402089833,0.587328582466258
stat_126,0.42327016421012476,0.4196191777153547,0.34859383461613164,0.2572591822416106,0.05083874799914833,-0.06197616701505102,-0.05627400750746944,0.0005199288161448489,-0.1432663878441141,-0.18209914658919182,-0.17852400693853598,-0.17329384643001977,-0.0842000752782861,-0.05524968536995001,0.014801679838598723,0.000991322315833101,0.01901928861238866,-0.0470773071146451,-0.04611134344793819,-0.031828969534271334,0.0017317848340473424,0.04407619899223241,0.03639111527769154,0.04529717948074389,0.08249488086675955,0.05941596731980275,-0.012034959611500685,-0.016809760335348187,-0.00458980051231013,0.037768213457768415,0.08648624823396622,0.09768890835610838,0.095574753815719,,,,,,,,,,,,,,,,,0.016144414830164495,-0.010603522446147283,-0.02759640926235784,-0.0997667551190119,-0.11927624599037769,-0.017068019299814517,0.16448000109728017,0.19136396801320338,0.10429942183466138,0.161997878312899,0.27221851388452534,0.20826421114688162,0.04232575778554612,-0.018354757815824633,-0.03408856631365535,-0.0624346378767022,-0.148764157203665,-0.34313776415355773,-0.4514483194915929,-0.5141403494309722,-0.30345656486257244,-0.10298434579747999,-0.07830168654175562,-0.16644179550899352,-0.051219100127295386,0.2573268899550685,0.34875691202783227,0.3242390837939493,0.29511157854416126,0.46928157293767475,0.3193737463683103,-0.00377287056389957,0.4667569154218322,-0.29276138839608606,-0.34526334991960217
stat_127,-1.4119982088482441,-1.3444183563277576,-1.3109384776992716,-1.2568453743531973,-1.2670427860086138,-1.3545713066363567,-1.167365257815317,-1.0907549439996724,-0.954462652169128,-0.8700580045946276,-0.8539928807638701,-0.856083244512263,-0.8838673981636771,-0.941986120929109,-1.0049306781611067,-1.0365892350562533,-1.0879468510157997,-1.045542549179971,-1.045622225943863,-1.0359210530940823,-0.955147119891625,-0.8838994442999233,-0.8544474521955722,-0.8519888859356979,-0.7780168785067189,-0.757964143328091,-0.6863445268600283,-0.6867138782786745,-0.6604527839806067,-0.5838050642239732,-0.45537521302605577,-0.2747454201708131,-0.2885114308234432,-0.33063326328327924,-0.343813250369536,-0.3224738045187888,-0.24214364694356005,-0.18624583658163618,-0.18732900287949908,-0.05861377102504043,0.05016815906718809,0.10085299500752072,0.06875737558585991,0.09045653233610422,0.009852121904894557,-0.07637119224061786,-0.13718097824408726,-0.1308969368163207,-0.14757908160751845,0.040896258196058556,0.053471516436665374,-0.14380124047974638,-0.44923007180360425,-0.5296921708388197,-0.4818776515877246,-0.6959168963056684,-0.7942581524217236,-0.763834068605425,-0.8020502413658432,-0.9200254011700295,-1.0388064599973952,-1.0999938350860148,-1.1895099827150322,-1.1725671546497212,-1.0913910934374393,-1.068632950738104,-0.9770952672911057,-0.8783748038646674,-0.8199461132095985,-0.9759579392777435,-1.1382927346163365,-1.222550275030282,-1.4846016512548732,-1.4757996127517743,-1.3489644883355505,-1.3700389083165088,-1.4852808226686423,-1.57635434865053,-1.2517421556673993,-0.8963090703150713,-1.5493777615259583,-2.7209818763054763,-0.1487173654582611,-0.216663775369935
stat_128,-1.366709553968666,-1.4017335090944345,-1.3575010806605958,-1.2885902229261854,-1.1180230686569368,-0.9189282693332752,-0.7690053167228571,-0.6043873505027346,-0.49315644929028346,-0.43429400305319515,-0.46013288592658064,-0.469053296600415,-0.5769596097332806,-0.6257908357891262,-0.5460831148121853,-0.4178260487862976,-0.3184679321730978,-0.2576761708888351,-0.23486967606073042,-0.2787170089350151,-0.2522079718831374,-0.2017421131453088,-0.2256725181624885,-0.2195739948709297,-0.17119948958141623,-0.04730315059313205,0.02748261101017759,0.03138649132181039,0.035617211326852444,-0.008236932365136203,-0.026056227196588032,-0.024152994024048694,-0.03351065967806457,-0.02878296385159613,-0.034125584505644256,-0.01184684165569405,0.016317691907087466,-0.025102651727475497,-0.04217270584835762,,,,0.2656912762852154,0.24300693472936444,0.042789555022919507,0.010456347371866199,0.04436588450196498,0.10788035742120418,0.18293416789308173,0.15054409917572253,0.07325735908478759,0.09478966479385607,0.10913503920452881,0.10706833456884475,0.16978444415313246,0.20661423004102974,-0.01764029224199072,-0.16089438143816792,-0.04702588317167299,-0.010006817316619877,0.003605284338811181,0.018137284227912855,-0.06583515202132974,-0.22886146586187806,-0.45469218215263346,-0.5023366014274914,-0.3651167857578911,-0.2530638438376721,-0.15439778168489074,-0.21898776685551813,-0.3711581514777413,-0.508217018826495,-0.6940713493588304,-0.9854944464610614,-1.2514007652867638,-1.3986692812424246,-1.3366992385303658,-1.2929528004622364,-1.0346693884468658,-0.5808356992161385,-0.17787588128877257,-1.339653276013719,0.7512684442576792,0.9736590026660827
stat_129,0.3535762760181453,0.4632952312949522,0.5794597805736038,0.5418741587337123,0.42724764608140525,0.44041732508140913,0.4573799849565964,0.5870352530145826,0.5142161070870362,0.5998349521904275,0.6773290936648532,0.6710087391367019,0.6473289945173588,0.6046288286959098,0.6090353377932853,0.6767146734510859,0.7293238984501772,0.7982113351363032,0.7825560205409717,0.6778454018097815,0.6918896807637994,0.6825892378499937,0.675365817856874,0.6650902812538213,0.6636877870432518,0.5818866402430996,0.49448025604242196,0.4972830814403064,0.5030272584530215,0.49251950895417085,0.4449956873228444,0.43724377383039015,0.42245223396803594,0.5019880247876011,0.49925151711654675,0.470902887210608,0.4227527956687779,,,,,,,,,,0.2777758436557602,0.39037242236857267,0.41802645173911285,0.29837375498070234,0.19455921191080716,0.3346886892179148,0.4677264393169937,0.4307747627812863,0.4488215089474431,0.5858633442389378,0.6896024771720217,0.7774240993194184,0.8250037682537366,0.8902190849186652,0.9679829635661293,0.9847423930312664,0.849967438581871,0.7321650967997214,0.7324695715333891,0.7517904136655835,0.8612129585210219,0.8746543308678355,0.7334692419093627,0.7329891810755208,0.8147971519752962,0.8135563649359117,0.6697657880762674,0.5496867193435351,0.5810359987816336,0.6656339344213911,0.4941909397706114,0.348226517063386,0.3445641546534507,0.42681891119209736,1.1713321124103695,1.4417209411129048,0.4620073325342316,0.6815370811816269
stat_13,0.242648550429258,0.21834850868772077,0.17540184657634442,0.1941972828428228,0.22340165221619135,0.2667897249000574,0.30793107812394027,0.25639057338442467,0.30109581023190524,0.3423863548478759,0.45283190707264503,0.4564014169609315,0.4644431569053065,0.5109139808558746,0.4288939510596256,0.40988138003256513,0.48475968266865155,0.45246689771703935,0.42404295310046564,0.29545245693528277,0.23193391706263083,0.2093413826984065,0.1440812332056003,0.1455177240384788,0.1083923160697141,0.028039939927971207,0.0258277534715444,0.025553494250820884,0.0562921207805453,0.1453375635478401,0.22166135946893012,0.20328929335793802,0.14605671402488155,0.07148801118855408,0.06708447149962363,0.03857158145096825,0.030013572414928868,0.03862597735423399,0.05154584943181813,-0.028228719994444647,-0.05167798472888257,-0.15143994556717244,-0.2617514278642596,-0.060924920076645704,0.09419321759090689,0.0764293176928375,0.01653473300041184,0.022518406088410225,0.1913182158223064,0.2346450983479102,0.2696317070340107,0.2779409678288797,0.18693927485506828,0.05272118835674571,-0.05768298229167254,-0.08271148667379152,-0.11516902619782918,-0.034066043934521735,-0.00204106809448308,-0.05708401261474702,0.1352977225921498,0.4756517764793685,0.6434990417811384,0.47555665969108263,0.4389510464335463,0.6919649708870054,0.6309949192922043,0.526960595137593,0.39208990464665566,0.24134063304716546,0.30512856108949926,0.32100533080734933,0.3078588871747829,0.29692355342087234,0.278133000593329,0.23582910713216948,0.232961587400294,0.208194203144633,0.23270847261855712,0.30763933007423816,0.22623112096514778,0.5895650406873522,-0.1133428102570931,-0.0788470318073583
stat_130,-1.0304623652463012,-1.0320786183927235,-1.0751692211234205,-1.0817045822260012,-1.0246218820273822,-0.9759960103375936,-0.9065002694115357,-0.9123725639920844,-0.9595226984161357,-0.9659886430851791,-0.9241073166082189,-0.9208328864879138,-0.9187504553226127,-0.9873143017703366,-0.9905444852781775,-1.0913804056957184,-1.0964440087323772,-1.057465838622481,-1.0505556836844951,-0.9445267472771239,-0.8332613444159837,-0.7747473381123295,,,,,,,,,,,,,,,,,,,,,,,,,,,,,,,,,,,,,-0.7675322913833891,-0.7791747111296334,-0.9532215818302388,-1.0760762337190706,-1.1725016641027015,-1.1515287100197613,-1.038208638801254,-1.0362456642868725,-1.0108660002023047,-0.96272589721136,-1.0896262667867054,-0.9588538716174725,-0.8702484249863306,-1.001692257514218,-1.037352065044958,-0.9881665113312391,-1.1045430322640033,-1.1445403935160523,-1.068224544228033,-1.113435431123664,-1.0152338933005998,-0.765707886317385,-1.1971858549645296,-2.294282695941772,-0.07671486459832548,-0.06020926315598105
stat_131,0.6724058264616336,0.696028308944143,0.7293912273155347,0.7720270480133712,0.9100184258888606,0.8921115908628792,0.9412848807056741,1.1278263505821164,1.217957108595464,1.1798162607851026,1.1808262694426401,1.1963590626626888,1.3151656596782715,1.2441774092668774,1.3236621249557818,1.401918447575641,1.4837600835951485,1.5086650996841653,1.4937153654957573,1.503775216693978,1.5372438485696638,1.5129968191831815,1.4137473211856262,1.3931975558365735,1.3337836293484366,1.3611884286802476,1.2015709792221638,1.1958789383116608,1.1061845258306529,1.0847132242576265,0.9962458917256571,0.9217363235533832,0.8748681007806215,0.8719718375523792,0.8723775182261488,0.8817438814878266,0.829849366869384,0.7896521579052838,0.7429621813906826,0.19946379417841506,0.21290050585530274,0.3043031412072188,0.2914314006487484,0.32932251164371645,0.31390803549259494,0.3550485093789688,0.4302386655938924,0.5161094309589549,0.5966971733539943,0.5770896545467508,0.7126897329162701,0.8982312689525053,1.0233769975343103,1.0855524579303986,1.270240767302773,1.5380088524358482,1.4435221224779808,1.4635207627253128,1.6141282362787008,1.6875931377199969,1.7569612844583098,1.77136003454172,1.7311086126947175,1.662482107347354,1.503280297070029,1.4911097744717439,1.5614755244357648,1.4631631883500336,1.5046804940460274,1.6156643696140873,1.4004949278871033,1.130214431124385,1.146073366524712,1.2196662882435911,1.0236358984042428,0.8475972408158101,0.7814917583867119,0.7103930192164133,0.821699297739606,1.0272792847467394,1.6190474714455145,2.4207442870355838,0.45369656827222093,0.6652622549130346
stat_132,0.09016244919137437,0.07355691091601751,-0.1063757178919548,-0.3404216579981142,-0.2841701071446102,-0.2439994020420268,-0.2488292402743343,-0.28154751666249844,-0.36466646788897894,-0.3721793686060277,-0.2545143984707429,-0.2458107448750395,-0.28862994151390853,-0.289351167169569,-0.3209553529881834,-0.2440382321734991,-0.14994294576678616,-0.2125871165513893,-0.2187860450580181,-0.26115500694643,-0.31080707658893475,-0.21681156190998965,-0.29953352450869225,-0.28922047123843403,-0.18662136273420774,-0.17532520910056876,-0.1599597394416502,-0.15792287135669647,-0.1302440566096165,-0.09621610099978317,,,,,,,,,,,,,,,,,,,,,,,-0.004167447227176992,-0.10137304957731197,-0.13434492278855084,-0.16420385440371665,-0.23517914707714477,-0.25775182501313976,-0.14259586381299164,-0.1954095623424343,-0.31716512067970426,-0.2964497000216691,-0.147734708750571,-0.2887485875752558,-0.5242772856088426,-0.5379627500065637,-0.3251446063925709,-0.13737900501339928,-0.29736022725404565,-0.37647298712855154,-0.13298286275845447,0.06191897897768043,0.012970954831631422,-0.2448863727781636,-0.2672330474769853,0.02959257839546162,0.17976983036041908,0.15390956008131856,0.1415792826368772,0.007997279494846002,0.37087601103846435,0.5259316311725425,-0.08200831728850555,0.035242191929295764
stat_133,,,,,,,,,,,,,,,,,,,,,,,,,,,,,,,,,,,,,,,,,,,,,,,,,,,,,,,,,,,,,,,,,,,,,,,,,,,,,,,,,,,,
stat_134,-0.6658798833864863,-0.5030680731830767,-0.5210765760471838,-0.4654194772550774,-0.4643066717310654,-0.391069348385176,-0.2686860080311052,-0.14390703643461725,-0.15921347841564096,-0.14228344229575562,-0.08983058419079254,-0.08191742053693742,-0.10395044006130591,-0.11800113736912354,-0.07268209959155497,0.08492744110663825,0.15065897346442833,0.09618971532510809,0.06510453316543699,-0.04009496544400986,-0.09014398514436321,-0.18145501405522815,-0.24436899241715876,-0.23968485394468053,-0.06877953123576533,-0.05145777534182359,0.015095711051798327,0.018096939608515782,0.060733320618827955,0.012302989176859432,-0.0824479065247769,-0.12346702168376765,-0.05561899560932651,-0.0020816217815140888,0.005584576787508981,0.022207012679784574,-0.01665862121132,-0.04941941712666457,-0.11538366852800375,,-0.21553279550032625,-0.20534376420035444,-0.15098800290055342,-0.12318134289263154,-0.04890511237461626,0.039001239989959656,0.07813325412540158,0.10059273254656079,0.23904124154488524,0.17228730965492234,0.03520976495540927,-0.016441823896124756,0.04691489429096083,0.11817397830028992,0.1760788337768413,0.1354449587507747,-0.05431007079365151,-0.28562559008542937,-0.34343154930380665,-0.21690248002394327,-0.06322782785407102,0.1476833006660246,0.25242420819465533,0.1874670827483547,0.11526675544377651,0.009735660411611714,-0.06933007797893152,-0.05832265774254447,0.028548643010406386,0.10231749783596028,0.05069671812073602,-0.16602181367476507,-0.41929005831650956,-0.5011123116993498,-0.47072645048210654,-0.48613518640032816,-0.5656007829238907,-0.7887748931342194,-0.2717811399739561,-0.12399318999053481,-0.10846429940545484,-0.26233818446433627,0.12238765464152519,0.13087641868318348
stat_135,0.3148228342816113,0.13591904590453352,-0.006672828845597688,0.016510848336788748,0.05182147579303522,0.0327384309721166,0.04671421377033303,0.04622325880913375,0.055082519167756014,0.12764523608151881,0.10787580824936154,0.09797707990734378,0.04642953267493115,-0.07531862919712339,-0.12364386241931388,-0.12680943343961296,-0.0743536615946717,-0.014078589390413286,-0.012982854086214307,0.05455567777472171,0.11759877659336028,0.10876153652931618,-0.012966115658492315,-0.03003540698322734,-0.10237923051901873,-0.17599439011098603,-0.2566052588088298,-0.25882371596443454,-0.28516138221993337,-0.2829380154031064,-0.26126109950136056,-0.243487034599467,-0.2359710552004921,-0.24183538836080729,-0.24398705070846927,-0.25605299674287146,-0.2557896879635272,-0.24350913021076317,-0.20151162475087758,,,,,,-0.21787649973078752,-0.19311692105239525,-0.17311890806568064,-0.15423454741539785,-0.15443309226374138,-0.2800524367975173,-0.4359302234984806,-0.5022724770807838,-0.4670252889459559,-0.4880667125985515,-0.580511573239433,-0.6383343176692771,-0.48716132856262884,-0.32237936442652776,-0.24882561161311095,-0.1339125053694206,-0.06968676419743079,-0.065124924816505,-0.19666164661158791,-0.3294776364790453,-0.412096522893844,-0.3370380451003959,-0.0809714391405487,0.18805162824709767,0.34687095817844205,0.24119989917490198,0.12413293187641494,0.10009587070365372,0.1808744046800534,0.22012872963055388,0.022444706440815324,-0.10408889087433214,0.029936541763988318,0.40864142351542426,0.43956396027280636,0.26854540919005376,0.6613774389903969,1.0133433747332972,0.18135201125721967,0.26850417829179707
stat_136,-0.3390601005669384,-0.33426358064809636,-0.38403993725179625,-0.34799794380507676,-0.39732681456655994,-0.30269543508214486,-0.30002748039523713,-0.3618059804123384,-0.43385688478826623,-0.41761540086068427,-0.43930359769677274,-0.44278878339337996,-0.5063440860299846,-0.5486939063114208,-0.46627972863705036,-0.3958784912519041,-0.35824052333262046,-0.3481039421941945,-0.35537946723766706,-0.34055159026244985,-0.32695799616309024,-0.25361961872209526,-0.24309386906930025,-0.22906787353626398,-0.17397065626464905,-0.1420858809002285,-0.14666034495133284,-0.1466651460872613,-0.18452710439582998,-0.22354573972636213,-0.2602681185458135,-0.21023371431982027,-0.18938773472058748,-0.1712292077395781,-0.1623427392532603,-0.14898351267815196,-0.21986746226006856,-0.24425660103529445,-0.2777706325414353,,,,,-0.08756880546073181,-0.15616756313324193,-0.14236698938216716,-0.08062902261448104,-0.00807386030929269,0.04878352651196951,-0.05663301306911395,-0.20007728103228434,-0.24028096186273995,-0.21945092024202256,-0.2300770515876542,-0.14619792884624094,-0.15287096007203804,-0.28535883775794624,-0.3110148776367764,-0.270709316087161,-0.3440278113096038,-0.37494500415361426,-0.2946117919817495,-0.3984272410365539,-0.4400531999631977,-0.5507910044830897,-0.7106343711607613,-0.7574677128950565,-0.7250413667322083,-0.5147299058995636,-0.3571456562154641,-0.34162059420240065,-0.314811464295705,-0.2782709278173775,-0.5192657114950122,-0.527737988422049,-0.44111151145276495,-0.587518731074114,-0.56423170764338,-0.2787059593019197,-0.3208380730406383,-0.4970778737272974,-0.4803151277620199,-0.14294806782853114,-0.4966846474440444
stat_137,1.1762968318447915,1.2363952280714763,1.2779643738041429,1.3304787770568987,1.347444217789316,1.3975297927156352,1.4093171459038132,1.3517097146716694,1.253568063241899,1.2144752481890007,1.1798605348720457,1.1796007278128067,1.178062936601394,1.113717926776012,1.1420302415128338,1.1692625079692898,1.2279579089775254,1.2257994566417185,1.2290346197458693,1.2279867578774915,1.212869738790215,1.156142624154359,1.0642748785649603,1.0572357236885592,1.0598952756305484,1.0549466014618412,1.0118090875038992,1.009837554178419,0.9555989982762152,0.9385224491251661,0.9328437182826431,0.9440557143204122,0.9230561054142887,0.920999748875424,0.9225387319435285,0.9040427812518436,0.8586637995906685,0.8123069735080124,0.7565342816170055,,,,0.1889735797738115,0.16535415739337453,0.17840870339951267,0.18344036666807065,0.18653366468311444,0.1946528395637913,0.29596908636960695,0.2509506567706362,0.21587670385768643,0.22171879625692206,0.23471629228847735,0.2947891661819187,0.37697395271138107,0.4853300881503028,0.5425143011104845,0.6391144971042395,0.7999874958097368,0.8859910406839708,0.9436069724019527,0.9649790241561962,0.9830740729565932,1.0666452961712007,1.1199897613107104,1.060479608517836,0.8993653169948416,0.7680159393575208,0.9534454758157705,1.180492370170969,1.3555574714028686,1.5722444435241238,1.7395943964573668,1.7073080864994399,1.597057696498718,1.4819696770358686,1.274211331698125,1.0350612704517517,1.3170484158431606,1.3583947907406928,2.2230739093082135,3.3540183469990965,0.3285569326688032,0.7569339875808221
stat_138,-0.6661470918785517,-0.650544889313695,-0.6102561298669232,-0.6248251986299348,-0.5335470703785548,-0.5365633215506387,-0.4378699123881433,-0.26259391498173634,-0.22719017456390858,-0.22961011866654651,-0.17742878014933272,-0.18484657523102888,-0.26291141968912385,-0.2395767390582594,-0.12157608787228891,-0.15879883610559517,-0.19082014911606696,-0.2546949114079473,-0.28490225013748144,-0.2605978057347562,-0.15154939189084884,-0.05165056360992973,-0.03774573330568221,-0.029731905987444657,0.09765870375158595,0.14704906688528324,0.05688615357474732,0.04684337309103185,-0.05205641794587124,0.0011616035616039894,-0.04705091006586907,-0.01811580656821277,-0.013208208725055756,-0.036373625584750616,-0.04197229464364206,-0.0811408761363867,-0.11665022604729798,-0.12209433579998985,-0.1351030658809404,-0.14302873550869588,-0.0927065236521406,-0.17765540529144536,-0.28771900340829054,-0.12401266173423989,-0.011343850943059251,0.04078558299097258,0.01896800567414541,-0.034575366520477886,0.054009143037966285,0.09508914514344935,0.08546217638645791,0.09155349979344124,0.049269918843070366,-0.11377299677228526,-0.15600745297415106,-0.019293362299200523,0.06542303743201609,-0.035793830684160914,-0.19884072679742731,-0.2977803534760836,-0.34397189753218615,-0.34442008490209186,-0.2789607510754992,-0.11340952963502209,-0.16682129055666275,-0.39080377653728554,-0.3453339789446922,-0.2337523258504259,-0.17808228374973437,-0.1816325324586769,-0.1139509852460574,-0.3406150541822511,-0.5405846668501423,-0.575890416937214,-0.6230498506061316,-0.5069862407938553,-0.4720826770186136,-0.5113999093572134,-0.5980096926878312,-0.28587729765567504,-0.5137509137951071,-1.022656814498842,-0.17717947088761646,-0.13777264343026932
stat_139,-1.3235757510977968,-1.3033583231008248,-1.3053160233955834,-1.3148898413033174,-1.2551644996001543,-1.1516088616283033,-0.9654400123732072,-0.731361301145475,-0.6160952226669694,-0.523933758128414,-0.41628430736620775,-0.40652781008266864,-0.3330449799635081,-0.40390573571069754,-0.3689205824365605,-0.384682412500877,-0.42220193815029095,-0.3489804795565562,-0.356028687813767,-0.291235883415568,-0.22300341427224835,-0.2753684587221635,-0.3903425504447145,-0.40329967438420966,-0.45504417832592575,-0.5416706814591059,-0.5075993882442096,-0.5036290442754551,-0.4252633192554281,-0.40947216825727384,-0.30951524158128035,-0.2827076228956278,-0.2962487468185223,-0.27141412919269764,-0.273784798936273,-0.2736247383918858,-0.28544910937751516,-0.3348218107486629,-0.38735178988777386,,,,,0.025419357119641776,-0.04286578796829065,-0.05636865615921063,-0.13446949085054788,-0.11794395419637173,-0.04985526156587695,-0.12875962080874268,-0.19465172197492575,-0.2103879752179613,-0.3270721140026445,-0.4346236744319633,-0.5079431441883977,-0.6083030568357027,-0.568603493841691,-0.39089494439571476,-0.26029504152263416,-0.12445741974059693,-0.14327283794952259,-0.1620708828328074,-0.16418967632663772,-0.0996741981114979,-0.07895598817223196,-0.1386575437321803,-0.07923547117918436,-0.11500059283700514,-0.28394065813825886,-0.5035518509008406,-0.7740641352266612,-1.0183089915654304,-1.345711279986003,-1.3335509324012704,-1.263578190059249,-1.2692954730555557,-1.3357596110954773,-1.4100714205050542,-0.9117719153564249,-0.6701012831839135,-0.16303914589261057,-1.2367344051754343,0.47092581627640157,0.7972673847723051
stat_14,0.33364827146638604,0.30294402162465456,0.22715641658324157,0.02806106319303419,-0.10153720718429536,-0.08838844060237855,-0.016623193352070076,0.07083072318123869,0.12392612233846081,0.07426097093074514,9.990306929032868e-05,-0.0035681770794613447,0.0018258373028934342,0.06005875193661461,0.04586910959019085,0.0012906613505294245,-0.07166965513180872,-0.06463047902215333,-0.05204930308698168,0.027933404457815617,0.05203646785000166,-0.06971971327623751,-0.08255741545425974,-0.08317083433852229,-0.11754211555312231,-0.10380256042432112,-0.04571119371580747,-0.04287975604069367,-0.03575128426279947,-0.030065088216704377,-0.09003062983220178,-0.16037311818404004,-0.138947918052417,-0.08479011414960569,-0.08354984279870234,-0.1261381579408386,-0.11613159489015909,-0.06165178260473999,-0.10607777804566776,,,-0.09944420710675357,-0.05923585380122146,-0.1307874649809868,-0.25473426622700324,0.06344377866664991,0.0017026672252579461,-0.11176439324982806,-0.09401688176036066,0.004111605335723683,0.01692761365529074,0.045226153040619506,0.07210997072972676,-0.060277287022045226,-0.15789709334003432,-0.23506964667353533,-0.2480943775026334,-0.10645687211508467,0.01654779933598027,0.06976551707496795,-0.044946120943139774,-0.15064431104641837,-0.21386980542753303,-0.16311363529303896,0.014615174329334625,0.12857170246755942,0.00012405642948330983,-0.08940320962383151,0.010026519215749787,0.11376853448214391,0.08595133545364972,-0.09464350556560476,-0.2373871967714306,-0.264860015958674,-0.05227056116175084,0.2688656554239647,0.35633381114660484,0.2510643804886558,0.0194398862323094,0.011282675754322954,-0.032473180338463324,-0.0297931015031036,0.06325009160453408,-0.1564975710217563
stat_140,,,,,,,,,,,,,,,,,,,,,,,,,,,,,,,,,,,,,,,,,,,,,,,,,,,,,,,,,,,,,,,,,,,,,,,,,,,,,,,,,,,,
stat_141,,,,,,,,,,,,,,,,,,,,,,,,,,,,,,,,,,,,,,,,,,,,,,,,,,,,,,,,,,,,,,,,,,,,,,,,,,,,,,,,,,,,
stat_142,,,,,,,,,,,,,,,,,,,,,,,,,,,,,,,,,,,,,,,,,,,,,,,,,,,,,,,,,,,,,,,,,,,,,,,,,,,,,,,,,,,,
stat_15,-0.05984961108547875,-0.02982567040080117,-0.06319460022254464,-0.06742790464151306,-0.11559192572913449,-0.16969136177850647,-0.22430334372782015,-0.32180670961467234,-0.37408224256958283,-0.3909097928163498,-0.4121734370810516,-0.4109044980485841,-0.33462436680756846,-0.2503261228569082,-0.22742955011357746,-0.1995695469206042,-0.14754442301171952,-0.18508432940583047,-0.19086085396874214,-0.15800479054503763,-0.135195718309671,-0.19733512691838923,-0.19148562684104684,-0.19145226917146357,-0.16274517741191416,-0.09515934811436828,-0.06001724351521429,-0.062203560837358736,-0.08564534373672193,-0.11124704214918928,-0.19753120731652252,-0.23370262020046015,-0.26220529008666826,-0.24011177727405775,-0.2366181868139479,-0.18364997800635105,-0.20102999817373393,-0.17487687461164458,-0.15537163722981637,-0.06445234715240142,-0.10441935862574168,-0.09369129455504062,-0.10512630751626384,-0.12292874402497339,-0.1685001695628247,-0.2421501711371174,-0.26837050626540226,-0.27230816236584715,-0.2905396752704313,-0.29284606729218315,-0.2512706961014468,-0.20843028593708054,-0.14730313443897955,0.012736445195041917,0.1281793988833536,0.019815332287543803,-0.1307527151062192,-0.27716154309979996,-0.23465659459545665,-0.06256412940284665,-0.06913269205202494,-0.11640059225928577,-0.09603372291277726,-0.1097159553159801,-0.1972004302309979,-0.3025678890548899,-0.43159950489624604,-0.48241077079597267,-0.4872124351159048,-0.5133118016615625,-0.37426794243314554,-0.1328239068399068,-0.13454708611626484,-0.23063359793206167,-0.2059779123708471,-0.14179046679903448,-0.09674306781426399,-0.09652709751000381,-0.08240737428983541,-0.19085705579103873,-0.36155408006749773,-0.4728409238422185,-0.06450897821720215,-0.17089677145819676
stat_16,-0.5930830655558166,-0.5619569843984359,-0.5002805114224005,-0.425189247092813,-0.42007860551367704,-0.4569340171890524,-0.47914146888902964,-0.5410679076538438,-0.5439734964729803,-0.5629376207136655,-0.5997485023738021,-0.5974022948776657,-0.5057862332795031,-0.40660970540953023,-0.3402513950174828,-0.2631233470294823,-0.20119958179609926,-0.23654810233332058,-0.24231212327339746,-0.24534369396326855,-0.313791908178763,-0.29406779286816614,-0.26391406185229044,-0.2554296077186609,-0.17072726783421463,-0.10071643324869704,-0.06059236443687732,-0.06345763615667255,-0.08476638910659559,-0.15969411197828456,-0.2096185030571641,-0.2999295768216957,-0.34840459189098544,-0.3752393624702318,-0.3794075033120081,-0.3518761250930733,-0.3112413545536955,-0.25737875300770513,-0.21540304516833106,0.0070993762553631275,0.04590716367686821,-0.09036209646828842,-0.06597680320923995,-0.06379054125705597,-0.19184565846853474,-0.3318823241699272,-0.42638573378227496,-0.4538571518619741,-0.4613685884411474,-0.44380788136198257,-0.36816603912215545,-0.24793241835715518,-0.11245841828259678,0.04026951161679359,0.08953635545492655,-0.004641340791482193,-0.14124533061702604,-0.2955503409476347,-0.3022942858244061,-0.25501843922049955,-0.2009869531048851,-0.13055397819740083,-0.10276731982341444,-0.1228039487686647,-0.18547631620793828,-0.40544026714860765,-0.6262437626826137,-0.6773671567575728,-0.7106671072667572,-0.7177453686051489,-0.5761397435408343,-0.4285748320219131,-0.4254772984049159,-0.3885196181595462,-0.32785711938432244,-0.49190749044065424,-0.6466789204047982,-0.7136896560944803,-0.47612866020192524,-0.4430565435327501,-0.6750316321983992,-1.1230888133351706,0.00736452076355353,-0.16762977892836423
stat_17,-0.24930662492414107,-0.2100355788942496,-0.20917451145326435,-0.24470589849866198,-0.3027739009947737,-0.30440519016257306,-0.32538236086756606,-0.2631046639298645,-0.23277626478688299,-0.29261061056784626,-0.34953657294114604,-0.35198321345550954,-0.3498292167385385,-0.28481870799709536,-0.21304579149600872,-0.17745729334140578,-0.17081028532064713,-0.1759831707575319,-0.17914822110844533,-0.1916712979196051,-0.18173731003313714,-0.13545706230008353,-0.06054315923405598,-0.05189694610586609,-0.013401855220456131,0.0331037752049059,0.00463639670116056,0.0013146913828811773,-0.02627471388363914,-0.04980341191565005,-0.10671521777591396,-0.17934459900509772,-0.18237538214725652,-0.15132262049898212,-0.13550963671910088,-0.043197909019829984,-0.05514971364091934,-0.0216282604894891,0.03975452396412017,-0.021925232994537507,0.009964803605945002,0.027729190969339883,0.1516858171114679,0.14965007142808207,0.0487105669573114,-0.06624183520456559,-0.09163180288605507,-0.06077954985286561,-0.1142319345693198,-0.19180431703595788,-0.15840097774427367,-0.10355682414964534,-0.08460026786877094,-0.004007093510239164,0.10422809505979282,0.1479845174296909,0.14145722911721983,-0.030573010975570167,-0.12592417092182673,-0.1307646265583289,-0.1054005749576022,-0.060755474268125775,-0.02533062681106876,0.03579149581797651,0.022099111691722673,-0.251778125678041,-0.5323985992674561,-0.454791694478501,-0.2638708072779686,-0.17566641317929566,-0.22293965016349832,-0.3123997450094085,-0.3094471652931322,-0.2886379214849683,-0.22728068355507722,-0.18588679639199518,-0.17029766651336056,-0.2788758387611426,-0.23568974033828094,-0.33288839598436204,-0.3652616629109848,-0.6527896383250458,0.15761699015753308,-0.013453761869247155
stat_18,-0.5925757016758378,-0.5020964942700858,-0.3511189834466239,-0.26585605790392675,-0.19351947057450708,-0.14496220585431202,-0.1812041318820715,-0.1920590748626757,-0.13680498232511856,-0.09906823068157146,0.04673857031318357,0.0560225271504655,0.15721053739554855,0.1703875407186031,0.12393573964473414,0.09267143323429129,0.025666633179129747,-0.027900759404273702,-0.05138733391667493,-0.07001907514540344,-0.07224469556701726,-0.09940590722561472,-0.08580639656396512,-0.08842180664550235,-0.08928409733972945,-0.01859347098424828,-0.0051158340733869715,-0.005383167378776928,-0.03166287833480365,-0.06158778283687318,-0.12382888243040241,-0.17767501596534946,-0.17846389725530543,-0.16569160297819083,-0.16076856389081817,-0.1523397303813531,-0.1318909129352632,-0.030321727669478448,-0.011390436604328539,,-0.09066264989075407,-0.0538855662833393,0.010337792099082158,-0.008725052618221015,-0.09610362753703004,-0.18101210591348457,-0.21698980725379213,-0.23027139559992443,-0.26462331750377505,-0.2522193310334628,-0.24264209018907665,-0.18855678548138763,-0.11546254637071317,-0.03757798768751311,0.050280338363096984,0.03716984502437829,-0.07484654196701548,-0.22123519112285003,-0.22788472150833622,-0.14645352790164207,-0.15828169073893797,-0.07926752194355093,0.08939154090686234,0.20843577637992963,0.30661440850911376,0.36817831934558476,0.28616689430089104,0.18322729879622757,-0.051426131741229564,-0.14343483335247958,-0.08093438445042855,0.030018233556777987,0.033217863742458664,-0.13070368898585402,-0.31378354215021886,-0.4840811043045705,-0.7288100874467207,-0.9274472219443478,-0.31274466190874056,-0.1094755656380159,-0.37888875806841993,-0.6834419666652863,0.08091177101675016,0.028823237343580235
stat_19,-0.44645308566856323,-0.42173216769228294,-0.3270531593825696,-0.30338583091646243,-0.3133935981199428,-0.2904884003666737,-0.27826507719268323,-0.2755207031568278,-0.1955830879371398,-0.2626263955911884,-0.2925324676586447,-0.29211643967594875,-0.2617761069957758,-0.19628011134270928,-0.1357755433635027,-0.1654894419128469,-0.14335229416949652,-0.1687735509972794,-0.17446654208015458,-0.20160346170568363,-0.20034949260953464,-0.18272562688304406,-0.12506589261839873,-0.11589211593378856,-0.07303509525864602,0.004002064371579115,-0.028341871471265448,-0.0331474187729371,-0.05264313910905835,-0.06138836042143235,-0.12867326744469595,-0.23862540330618923,-0.240770191521771,-0.25541563377535764,-0.2523821907897693,-0.21616451862300748,-0.25570452045575986,-0.17917468169215375,-0.14014399537365635,0.023774503825212137,-0.10219663211917343,-0.04332407553530054,0.03314678876959156,0.0681580733077519,-0.1085951825320766,-0.23671675163699565,-0.34559366923128243,-0.3318845500826771,-0.3114234093160925,-0.25255489975913614,-0.21108700602892244,-0.1314844012840785,-0.07218379564055515,-0.0189789857962402,0.06062320020323871,0.06762285029303806,0.008908220634902354,-0.15535408343841794,-0.20292585941818225,-0.16720006363143167,-0.17802813397821476,-0.15232385211024324,-0.08778743544705539,0.01672897678306251,0.07854146863402299,-0.05785882473506952,-0.37867928343192025,-0.4778318687261605,-0.2943164801226385,-0.14929607422890856,-0.19727425676734306,-0.2520402986252648,-0.2568850889068372,-0.3104898988380797,-0.29501270629141846,-0.3069959968474228,-0.46231075644776953,-0.5664839292421635,-0.30206559472001987,-0.35884737609025835,-0.512446492952867,-0.8034643391645465,0.08392849598085575,-0.152140069959513
stat_2,0.6394487668311271,0.5833433843873332,0.6128807690084275,0.6638766282805415,0.699618021300907,0.7727823797782762,0.8556755904959538,0.9227098622921481,0.9401696745494944,0.8708728935610243,0.8412761808327874,0.8438053359509433,0.7558011346419099,0.6710061071251607,0.591028751784745,0.5877399230208895,0.5805463865531816,0.5456155122844423,0.5306856706223216,0.43786941955473374,0.40792581111820414,0.42623086470285704,0.41775515178967215,0.4080625304358963,0.39111840999990016,0.2535773011800319,0.23993418887575654,0.24155814586343033,0.27644935738586474,0.36867699058801084,0.42743463934366166,0.5247213717990639,0.5675429913229785,0.633763940140771,0.6291393941988601,0.6116199309251372,0.6283959802149985,0.6314170714998718,0.5817672052826021,0.06557335844802756,0.37996591086013126,0.45189383634714014,0.38716758763981435,0.48460467004389923,0.4726413268143627,0.5481907496322709,0.7205268838743005,0.7853394961217957,0.7460901829945583,0.6997672621543306,0.6509982876800302,0.587912756941682,0.4753693422018086,0.4325649355335905,0.347514859595412,0.34552104657997973,0.49168949631245923,0.5309531586303522,0.5433868599325502,0.5514716597799031,0.5582741502109037,0.6293912751111573,0.7378776492164069,0.7080195474748346,0.7026382261644807,0.8197568546532714,0.9589485070491172,0.9324999758781217,0.9349416883089156,0.9995005657484164,0.9657012875064095,0.8185596191907026,0.80732305469764,0.7326949716616363,0.7051452319482993,0.6016901228537361,0.5805911068776141,0.6652737931041381,0.5445608492698069,0.619779300534444,0.6884539975515915,1.1017966482347996,-0.06401411246908766,0.03755616124023194
stat_20,-0.09471710448139609,-0.16954669905072814,-0.15415767580487214,-0.12277172927838355,-0.13728624657301622,-0.09777727191271916,-0.05171266543704149,0.1030299206445397,0.1905112651264344,0.2704170906599165,0.34801361928167934,0.35433653657959985,0.36152953394092635,0.31330788051681674,0.258211512326591,0.22789974572845928,0.167515359077141,0.10076459488524414,0.09005398173699813,0.02995721427131074,-0.02347559433562529,-0.03810311570859782,-0.06526101177321887,-0.06723419738041811,-0.06780471489802316,-0.013945790526692342,-0.0006551462265932776,-0.000948751878295082,-0.00806770399316949,-0.04703335630408694,-0.066746710206226,-0.11048693726008549,-0.08995710910741465,-0.09404236266242554,-0.092536794756877,-0.08030837826174314,-0.10928341164954664,-0.07820076978657546,-0.11598436053898671,,-0.008022746953972294,-0.07929362006601988,-0.046412799000506814,-0.08054914300759931,-0.16137107821141827,-0.19290315317663698,-0.23373892545700034,-0.28702029794405365,-0.2662108180379862,-0.23341667248265374,-0.26853170137116456,-0.22726970488440698,-0.10826729057155883,-0.063355218887298,-0.02829742197519113,-0.0710605884620817,-0.26804995251642494,-0.3968888622649132,-0.3645310407435097,-0.2957904713528609,-0.2499442185667588,-0.11106112568811292,0.08539087726337348,0.19415233875470125,0.31250997535729635,0.4678657502927195,0.4213070948595655,0.429146187511752,0.3965559178312323,0.2570084383870661,0.14270067301496778,0.05125254342877258,-0.08716194155442779,-0.2500783539291903,-0.38464674318135916,-0.32565862795652367,-0.29986630450603324,-0.18355131519646808,-0.10770993715496262,0.07957206430286926,-0.31316606205649566,-0.3543592981471909,-0.1865048787889222,-0.22469711570876508
stat_21,-0.7108851350200533,-0.6858532883535472,-0.6884275884625185,-0.7060601388513049,-0.7974635651890527,-0.8736595969101292,-0.9037255587029218,-0.9201717196935858,-0.819446925553521,-0.7280380476679086,-0.6563696210949735,-0.6503960198198875,-0.5683570659439557,-0.5132988068193581,-0.4406401519500516,-0.37439496854328447,-0.3714343829109538,-0.3905404611878241,-0.39430611308552055,-0.4172250125744886,-0.47600682189656385,-0.44730179336989073,-0.3648577723737598,-0.35217714429598357,-0.22973281771697698,-0.17046199541895224,-0.17036181642341605,-0.17407351419612105,-0.2425052547226634,-0.2764162730998649,-0.32763971795390423,-0.4068792848861383,-0.4594404365426225,-0.4523750726988171,-0.44543533797284973,-0.355368367358421,-0.3126326699688559,-0.2312053729524995,-0.14120770076905384,,-0.004203746673378573,-0.05244157668195091,-0.023726711867892464,-0.028079263568516095,-0.03649889002169328,-0.22087189168617016,-0.37723964883331285,-0.4434279848845018,-0.3643690081637681,-0.3237794789514949,-0.36502329044892995,-0.36080955896242256,-0.25184117716579796,-0.11671469056480055,0.010927961642267411,-0.06126483111489417,-0.22106793532087735,-0.4018134567781981,-0.5159006774882101,-0.4932650569303485,-0.40972959576731577,-0.39737754302130085,-0.29350116558451245,-0.2603332236681518,-0.2827134183016701,-0.4465894479036867,-0.682079050247137,-0.6548683068575984,-0.6795789753802773,-0.8697954015308227,-0.9691609532183758,-0.8660373549820565,-0.7991983392336653,-0.8399409154087489,-0.8007527342074219,-0.6643548702868561,-0.5777678918091075,-0.6849261462696978,-0.733499148793047,-0.7484053247398159,-0.891101237817333,-1.5917399162581651,0.031118774651576666,-0.12860955828206497
stat_22,-0.2918427104715681,-0.42323853765807423,-0.4008547439466334,-0.2612403834584659,-0.15650965928183522,0.0009725575429392635,0.14795629064453286,0.17769486730298234,0.24864501989229262,0.3282855939451941,0.3724409800928852,0.37499903238062643,0.37684414231355007,0.3690403487749782,0.3428827429739383,0.2720705760995608,0.16427605682495436,0.09294763688367809,0.07333050750236483,0.07805293222862392,0.05958597882051102,0.017075023081819806,0.01770431703952922,0.015205098038358499,0.0005085889794395507,0.0816880843867228,0.10803083721084604,0.10743617746186708,0.05591881726106683,0.03057367317203931,0.030922872846378256,-0.02469555387667694,-0.10748904045067383,-0.10827720074399902,-0.10383737913796534,-0.09003077374162168,-0.007355688242171543,-0.024744666188794128,-0.005282058035880441,,,,,-0.10388312335817088,-0.03053432245422632,-0.12021990255974187,-0.2022146065662312,-0.2593582412532598,-0.2478600236055457,-0.2570883239193726,-0.22157599972865125,-0.11677809363394497,-0.032305957766416545,0.04638345724755706,0.1529556941490222,0.10798391556246782,-0.08976252661086435,-0.16569498313057124,-0.20903585987517398,-0.2011349214920241,-0.17732194108315436,-0.09183423806178216,0.08009483905509651,0.20707180580457266,0.4256092576491602,0.4822349156187813,0.40878530229920995,0.49000658139736814,0.4668059344996722,0.2998030632581911,0.3610506668279843,0.46756397503913694,0.26401797362645546,-0.11201359693692822,-0.4595848158737238,-0.7277727883210674,-0.7195523054852557,-0.48390504666239087,-0.10017668532911513,0.06916934946412479,-0.17545125033375794,-0.2214630194323023,0.11375173816570758,-0.09486861992871867
stat_23,2.088339384170235,2.097689497043242,1.9452688913976994,1.688820846958066,1.4513093161111144,1.2101482184456527,1.029869658066263,0.8866893539145981,0.759280197078866,0.6786185636183895,0.66909511457793,0.6654861279834534,0.6308466576189932,0.6538235501755881,0.6782494466542923,0.6582795651178593,0.6781981387885854,0.6628371024085062,0.6417824669179099,0.555226535933403,0.4743093598071372,0.44087011217371996,0.44508695568881324,0.44458743838754716,0.4183400591370797,0.44271708521471576,0.459960647893278,0.4573197059847461,0.43376064572708994,0.42050591515049796,0.37173002911698716,0.2830452476267336,0.2346169051672328,0.2100224619395173,0.21335903993504204,0.26720961810419824,0.18005558964151638,0.24183982358087994,0.271855256562974,,-0.07991880557097612,-0.1091347468936784,-0.02221031000948826,-0.08176426639872218,-0.17285086047846843,-0.22131305786827557,-0.2250287649503098,-0.2640530448803631,-0.27941651061561296,-0.20824124054659807,-0.14745390292322186,-0.10302892576023832,-0.037157998354274954,0.14545617531470822,0.2784446976892779,0.10332736205732537,-0.0030344641304105037,-0.025068569300312097,0.004076116519624551,0.07925484369019947,0.08141544761978824,0.09474103380449235,0.13370698113306193,0.1366067902750873,0.10722029371077965,-0.06270593329425972,-0.11591490118520761,-0.014010203802234857,-0.009101610331385733,0.0235489847799083,0.3291369017994318,0.5993031264272196,0.8323647638897214,1.1803854977127795,1.6807125488586194,2.1074165982578887,2.2746545550540924,2.2692900910272646,1.698544421176883,1.3514775606583374,1.8510876091284079,3.711722997326423,0.06058979419958629,-0.10819618095234139
stat_24,-0.21587019150307557,-0.2428411294383046,-0.271009017984368,-0.3055987772417325,-0.25354430373367554,-0.22665695966954907,-0.29984341243887463,-0.3259945234384013,-0.30649693216282675,-0.2956140762239402,-0.29564254557498315,-0.2933749665943879,-0.237103131410859,-0.15705353771896569,-0.07520438985729012,-0.0604850710045664,-0.059675414138786256,-0.06802483118548028,-0.07290781395492645,-0.10715850862141517,-0.1067616089195196,-0.11995379821249313,-0.1067848501751428,-0.09801707228405265,-0.04734480240255304,-0.026542307369381086,-0.035333113206208015,-0.037952919036386326,-0.042694300654728574,-0.025198738348515843,-0.031014983083103017,-0.055024737405410466,-0.05620377540491657,-0.04519669222248884,-0.04217534593334545,-0.005181990281541208,0.03609540258122355,0.10196368120567201,0.13976041345221538,,,0.25530032209110437,0.35321966079187983,0.3072186701240687,0.2596934550173717,0.17514390901867496,0.07371113117525048,0.04537190326801335,0.030673687058914823,-0.04759732852294226,-0.06981035435220043,-0.028964577560332574,-0.014205156697671433,0.008080990913244913,0.019985020950741315,0.013403115158041027,-0.05984962324744931,-0.19248465092525083,-0.3076553955108539,-0.2750156522425346,-0.16518993562922155,-0.02333774630975366,-0.008310687457695195,-0.12965698329203856,-0.1363344598998451,-0.26807975042175036,-0.512905944485405,-0.5440469777438574,-0.4362340193692179,-0.5023330529171633,-0.524833801379714,-0.3772630253122216,-0.2585282019643157,-0.35318652849079496,-0.47815454575087163,-0.5281954394373976,-0.477812547559715,-0.3705508990150915,-0.2876989010807341,-0.2585098383165779,-0.7037323591204943,-0.9137199865150285,-0.2921665074566084,-0.3424333927107042
stat_25,-0.46448986902242106,-0.6086204847699196,-0.6677046619368976,-0.6594010176353375,-0.5259683089540074,-0.2982104331981026,-0.10864383200206928,0.1070116347853081,0.2749111815459326,0.4093125884854237,0.4627857289155315,0.4674065193435672,0.5187130299512744,0.434222450617985,0.38290517232642585,0.3095133339811027,0.22427434273935917,0.19072386845476008,0.18583863461214598,0.1824628814870161,0.16050068046058444,0.1123197981366858,0.10291596384288687,0.0972830077307869,0.062488466737232705,0.058160287501020966,0.06987000079817586,0.06767852588272225,0.06725790379841143,0.06243326274616035,0.03742428105874805,-0.004474228101816432,-0.028586999272822197,0.021239867691979223,0.02259114673061011,0.034909473879429546,0.0859962891539387,0.1197406965185134,0.12146810016012037,-0.01436690831726264,0.03531464647488532,0.010755140282061933,0.01949688350526471,0.010530987511566793,-0.05833415168170283,-0.07127931924323015,-0.0938424416553668,-0.14351173904781434,-0.21183710465465996,-0.2411231289874497,-0.22245181477233777,-0.1491101880137997,-0.03746696110266787,0.00528794612018787,0.04170419909032848,0.009886587346675725,-0.027494458418357605,-0.11454093612472681,-0.09825875144821768,0.0346426704346907,0.0891957476364504,0.12151577943924277,0.2042177744714431,0.344300355674197,0.5812207897491657,0.8605862234612591,0.9100970718220102,0.8159109697128866,0.6911724530859313,0.5515458599664316,0.36135138965501523,0.019545899182085828,-0.3839607383626363,-0.7664434146827163,-0.994549839764768,-0.9487249792109359,-0.7677678846514833,-0.40707081361434144,-0.1817440104444245,0.022686724811721275,-0.3722888013897468,-0.6034936303448163,0.0008281161435867491,-0.08353670555508755
stat_26,0.19689363089903655,0.1635186026185601,0.14296211926317345,0.08702416275534139,0.0052044341971182245,-0.034841864677459096,-0.09600959724759042,-0.18551624539873496,-0.1976052999473253,-0.13451704692790983,-0.09154301984656592,-0.08569902348330123,0.0031172401042869366,0.006447633621717391,0.03431973383881537,0.02981638026214566,0.03840585671319397,0.05127220629018012,0.05611975056237607,0.12480750991974938,0.16044628864325258,0.11110538914473334,0.08379268540616203,0.08890466430970317,0.1235422862003623,0.0571471660133617,-0.07971159896176479,-0.08358305682226916,-0.07632150158052807,-0.013846770416334316,-0.01700850650621632,0.02192869364807771,0.03643970866794551,0.032164140618859395,0.03585821027648205,0.06619899199421601,0.05067807328965765,0.12385702076122276,,,,,,,,0.03884691656449029,0.036207794063117235,0.09322200801562373,0.06837529611447674,0.06420310947985355,0.05231976409267865,-0.09324369855763952,-0.07254718162880719,0.015127705511458152,-0.009792284271746068,0.09691337703120337,0.16613263471561554,0.05020237621010327,0.009748317591386127,0.18901551048375442,0.2694457943751294,0.24514536384762073,0.2114991495466263,0.12493441615134375,0.10233435746202502,0.04948116529129185,0.0005906632599920426,-0.11994717721890061,-0.2573834349092699,-0.39106002955525077,-0.3224170785964393,-0.1814679754141219,-0.12391974076662485,-0.0521612033868771,0.06782596902862019,0.07094636907694063,0.07698294160242691,0.13062138186922176,0.07791031213364785,-0.0592057167407574,-0.1545077075751265,-0.05448772872895981,-0.2900420302129552,-0.26558286916878937
stat_27,0.2546670988984924,0.22554756791773162,0.2219605658495984,0.19067726406778535,0.12641395473641573,0.08049383143028112,-0.006160914997891448,-0.061248197959485225,-0.040166329097922226,-0.04118205341904184,-0.02319738281151243,-0.020206893803523994,0.010961638137995434,0.0886381340434806,0.11896738766373885,0.0895687658621752,0.09934592715362557,0.1734667937185634,0.19162942735579613,0.16176059418976196,0.15662618826618294,0.15164234168039395,0.12342011896006308,0.11556703211272497,0.058681995422945846,0.06537986436989544,0.07162878349847125,0.07443131880575674,0.09943648440460194,0.10381841386362613,0.0766645167247451,0.04971191486542686,0.04255886592099103,0.06833301597530277,0.10663096815457464,0.11769500277726375,0.10743105656924742,0.1314314830553565,0.15052073240011266,,0.027907347552547004,0.010554898547866077,0.06558685848881464,0.020040518953857358,0.10050156357763178,0.14567291668199472,0.1174064057193593,0.06979174150246267,0.004271797868382903,-0.03298603401064269,0.016072727859068763,0.060464658213989324,0.06631727169035438,0.08259074032649953,0.0835350987917277,0.03822272249413735,0.038626022734877,0.03517964794417638,0.029285188910986235,0.08609930229713467,0.20560707640103787,0.2443791731688148,0.11677621042137692,0.014411851590616934,0.11368644421994435,0.0834037898865525,-0.08961190490231578,-0.16523924810009463,-0.12188903976754685,-0.1817461922146152,-0.22926590736526908,-0.15945913437372755,-0.021771082853154256,0.06118118686051716,0.14006957475301024,0.10499975287235365,0.03597411490864479,0.08103988897690152,0.3036485031729528,0.12646949565979243,-0.08360025491290274,0.234565161618385,-0.417583032673217,-0.4018570560173174
stat_28,-0.359548855150201,-0.2659703118919412,-0.2091905945359009,-0.16771730492002074,-0.16775619569953432,-0.22104016040663327,-0.30400554037155675,-0.2348816284917699,-0.17294767319145596,-0.17343184925751987,-0.1804955807938803,-0.17809697240887165,-0.1754079704709184,-0.1651711837634084,-0.13625616729474715,-0.16638638637130285,-0.20745547610878887,-0.1949079918744316,-0.17908486310605182,-0.1902049471849219,-0.20417316834864785,-0.18268701767434198,-0.15519724426926604,-0.15036922096325184,-0.12793669995182297,-0.10881143043612235,-0.17192713809594928,-0.170883075953802,-0.18928230974995247,-0.25065660547726415,-0.2657035954363311,-0.30344326816742945,-0.3044677186643129,-0.28936335309162675,-0.28410342704042524,-0.25930516805805187,-0.2245191853967594,-0.20031096921958844,-0.1705954716815592,-0.007800778541472516,-0.08016073180153538,-0.12489827694234244,-0.07064157423694867,-0.029905762012902893,-0.108857318047977,-0.20497887817212165,-0.2596522685115218,-0.30809772328638046,-0.3798455070976741,-0.38601691582659703,-0.35899730075927727,-0.3234229277762417,-0.24350652714050267,-0.17339073145937894,-0.14088445594576482,-0.1378946269453353,-0.11522758406950294,-0.20481326545698483,-0.21312935600901065,-0.16359500607365032,-0.15468035762448112,-0.21339505379140844,-0.23870529623558548,-0.13566431803566098,-0.0057379658371725225,-0.03279355797359923,-0.1130973620777108,-0.16529175718424677,-0.10065506702049162,-0.11436281513041165,-0.33430727385576114,-0.41663822252418,-0.26861531897998897,-0.04221058824377166,-0.07662970627675146,-0.19812766865960924,-0.28681513843428424,-0.3656672115442221,-0.3743097848849388,-0.38606246081672074,-0.520015273547584,-0.7811993785262916,0.06110840886893775,-0.1976951031918896
stat_29,-0.16169170637106692,-0.2107168159990175,-0.23687889446975893,-0.27247917406545813,-0.2063413310410756,-0.11602596092062943,0.05230960188224833,0.3190057630699978,0.47064392290095375,0.5384085815656532,0.6060940085771996,0.6094818354780014,0.644420356278717,0.5624567800277892,0.48124910711161284,0.42614729113784183,0.3395477812434121,0.35603250537919945,0.30789098121644615,0.2938124997739445,0.2707762734321637,0.2312458341458526,0.21545638029801298,0.21750723576093772,0.16793756426495066,0.15055656464220482,0.15437434009217912,0.15164351607703153,0.1325839815899884,0.12178656414472451,0.08192359420716627,-0.02508329560440161,-0.015138569193291207,0.0016441568073186053,0.003495853683587363,0.045065650716730576,0.06230559713641065,0.07853582471467885,0.0840423896466577,,-0.035286131046236936,0.050802656590615204,0.08610601963099572,-0.06002832614954185,-0.06255214605797509,-0.06328087876015691,-0.056494562191471184,-0.12660222664286314,-0.19887982614885327,-0.2181940632067429,-0.21287735613521094,-0.10787869478902565,-0.06407177895164352,-0.032115838129435054,-0.008637086429384506,0.0032088669461570285,0.0371692416371666,-0.051871871130068185,-0.041315229355740064,0.09469659150189379,0.14743300536779,0.14936276709648905,0.25946314506270135,0.40984754605466844,0.6546536729480165,0.9138352568748818,1.0071098184405867,0.8694323458146951,0.7264978116012673,0.6868426007514679,0.5402544657419057,0.06486050626446767,-0.3222764871331803,-0.4466289740784542,-0.5258450663013046,-0.44624003516068395,-0.39179521273688217,-0.36293421801834524,0.05940859722798555,0.26565605414756993,-0.20889392227178047,-0.21395047835880385,-0.19188270146158048,-0.13023514509975143
stat_3,1.3941545070657735,1.3728624280937467,1.3300450871596337,1.3244080730871879,1.2694261435264351,1.317035803756601,1.33487603252076,1.2889340338324218,1.4153880821585811,1.4247998466577037,1.360784862872574,1.3539379705577377,1.2413073449201295,1.210154418961443,1.1624241641524635,1.1178964293326328,1.1646975913890754,1.2072413119985876,1.2124651984949872,1.203433246490352,1.1778778285397844,1.133092352872962,1.1197332607490982,1.113880805665068,1.0776849239143258,1.0534943990919514,1.0798386323042897,1.0820644855684163,1.14226560661914,1.1953013394142893,1.2819022186632596,1.3763505863879257,1.3194562219477501,1.309492238035674,1.3117569142964454,1.2835834485526745,1.2091226048301247,1.200494389254439,1.1512521997813614,0.2755331655431178,0.24958646383801406,0.8345411523729585,0.9024838516444879,0.9022363784593284,0.9939547285800178,1.1505002129240407,1.2848544866884994,1.3278574362945748,1.3813929365742421,1.4331924579066484,1.558534751951882,1.4866061324434117,1.15891137252496,1.0299994010707478,1.0641895046664118,1.1007331936111158,1.1145058441096374,1.1247611404630697,1.1600897447178833,1.2236161467943163,1.3649311663259451,1.4274503027946717,1.3676853721349114,1.26175507769847,1.2881987543212938,1.3465353135268165,1.3714135974907131,1.5142834755004466,1.6240050471164111,1.5917219838106444,1.4454296056124425,1.4668588200849335,1.5252475183031797,1.5169341848646891,1.4992041902358129,1.5582695593489688,1.5832733731196056,1.5942670922679336,1.2358208142294829,1.2133288100871453,1.321502125117667,2.6795817290325674,-0.27717249101813596,-0.35521467387341843
stat_30,0.29883591277445265,0.23530883897818325,0.20486887190983105,0.1283404326487655,0.005589986770858393,-0.059317629260456646,-0.09458810607455055,-0.1049084662149668,-0.05999697296560479,-0.014246993975175822,-0.013220918418282494,-0.011722199837180312,0.05009370826657879,0.1043002608192158,0.16571185917630374,0.19497973191387097,0.24555280342837543,0.2819717388046192,0.2817718335102048,0.22918308731321224,0.1923112908234519,0.1420423250323407,0.12282015854166953,0.1212399929463968,0.12407705510707888,0.13708624227851451,0.11393785863285948,0.11256349005665582,0.10793758388467474,0.054812343143592776,0.01629788341971604,-0.02358627303460209,-0.02726053345525913,0.0048011820058211285,0.010886376574536743,0.03236186377669844,0.035811701999179706,0.049863873570837006,0.07665822525788231,-0.05622782320490168,-0.06627899287344653,-0.12549339870137305,-0.08755148854234573,0.012942237273339912,0.06060291824008683,0.008215869702863499,0.016467123778260474,0.04705248355875832,-0.02601949113805909,-0.14315144037143937,-0.12056861484479199,-0.023035772056337805,-0.018635383003741395,0.04727106403820691,0.08030832177927982,0.09588754179435977,0.11687964643315157,0.04243680405812123,-0.0017225562831358592,0.10707792629604905,0.27458434235769,0.3888759390520507,0.36789118961983003,0.22926566566811984,0.1742113709124477,0.06148799221526902,-0.054097292984130255,-0.1242527296742735,-0.13647624032028804,-0.23967320150452812,-0.2726608504561177,-0.26597833849161223,-0.2716589000445968,-0.14381176142808305,0.06909839107585977,0.13779597250461448,0.1919759595082298,0.23023198235020248,0.1842622368249648,0.07380085029460876,-0.2119007704638345,0.03526314079623243,-0.4628634407314791,-0.45938199652155753
stat_31,-0.22773953020245874,-0.09390913250275229,0.08659572005214679,0.1744649186130156,0.18217646226969864,0.14612018103444466,0.08502717342390304,0.036163899054059305,0.06872893949218584,0.026819824633751713,-0.05043654207019419,-0.051449674493952276,-0.075910995698763,-0.011050182050909959,0.06989916575353876,0.05543038910193325,0.02240503301217541,-0.032202691731902905,-0.04622721035926928,-0.06580111837467806,-0.12673015777683158,-0.14215737047019503,-0.09514443614890378,-0.08966819067199258,-0.09415596934951305,-0.10924567349638033,-0.13130558074270948,-0.13386689828001985,-0.12345238547682799,-0.120509875082114,-0.16907422040072215,-0.2740221965512258,-0.24321620651001197,-0.17033761496109223,-0.16381771953011287,-0.0550975405551717,0.047354096883463336,0.0614153501187115,0.09051832850637213,,,-0.18381667811515906,-0.07384124883817103,-0.04462353673120452,0.072332769824324,0.009168291093636191,-0.02435170019559214,-0.12824142319433257,-0.3155512982597921,-0.40278034533888574,-0.43386423187439627,-0.4144732059611834,-0.28175572831977025,-0.236800647472068,-0.22652825506833318,-0.32247110345345475,-0.2833915066223732,-0.29165820361764355,-0.3208789882176345,-0.33449307145138635,-0.3825493954583398,-0.3826414709859029,-0.24451677173327827,-0.23006698698593359,-0.1696646685862452,-0.1462613374906961,-0.27868819810432616,-0.19652498016678752,0.016121578675048626,0.024727077586219507,-0.01147461454644396,0.13347246929432008,0.19810423715293735,0.1272972029921179,0.11450592629795525,0.015859866889433995,-0.2129465699617027,-0.46712449694242925,-0.0003444603762375444,0.14174808315042106,-0.0639128665848792,-0.022600532496713056,-0.13814904255856983,-0.03768581091216547
stat_32,0.1455350861474554,0.11600739400366927,0.0679673081201359,0.033934760387778096,0.05141258804991901,0.05470239983886567,-0.02556031793598614,-0.11869308359990374,-0.16159990524048173,-0.18414584260571207,-0.2107478222313852,-0.20603040614327559,-0.15439783264960616,-0.11327752524901255,-0.14243822517567928,-0.1193170945125934,-0.05310741677214197,-0.0421895543981546,-0.04602208454284027,-0.08071262058066228,-0.07692477949185128,-0.11060267232395268,-0.11260472416350988,-0.11052098233535758,-0.15432587189365102,-0.10889748519263812,-0.032433103819755,-0.032840177077621,-0.061220385546054724,-0.17752104454840856,-0.232284732275681,-0.3304185774347333,-0.36763175417047783,,,,,,,,,,,,,,,,,-0.5423529119975917,-0.3477758967357188,-0.21452012277992333,-0.2009011017474141,-0.037081306586747624,0.09852912787105111,-0.05518975451716119,-0.17858656253691568,-0.1968273730554541,-0.14569528663039963,-0.12458612520524445,-0.16583758868017787,-0.15519451520386593,-0.10613518154959452,-0.10785467762047926,-0.2055117063826117,-0.21109170040635397,-0.19349798032852972,-0.26482678902831763,-0.27694475833883975,-0.27467683514677466,-0.24007229561665078,-0.050959945118229676,-0.021841487066198557,-0.05256286312224236,-0.014365189096179993,-0.001839809152388509,0.04859682529572144,0.07423364683078353,0.14376067240853602,0.015385525710562247,-0.1300078932905821,0.015547802482714796,-0.1681619223443883,-0.2241951246096356
stat_33,-0.33001503518768466,-0.4107614605746048,-0.4787686331000161,-0.5221196438011477,-0.535716660686724,-0.5755586862305875,-0.6032648591581031,-0.6367885639971391,-0.6323771397686867,-0.6283605919055603,-0.6272656117163656,-0.6262414386528411,-0.5703166982843116,-0.5038394904002864,-0.47546405626944727,-0.46737489012355926,-0.42994311080794223,-0.41923094741970185,-0.41691212882800355,-0.3852643992181637,-0.4024390726650674,-0.3446186922106035,-0.2821878363972743,-0.273810075198297,-0.24340401063301154,-0.13906750544668753,-0.08759701944591843,-0.08802171543302599,-0.12205866302485983,-0.14956303515754618,-0.22058988802482676,-0.32997691831643106,-0.3865966539139168,-0.3910013259404504,-0.3883574884125159,-0.3097441272152136,-0.2904688935985979,-0.21209759206207607,-0.1656637750716319,,-0.04868904477201457,-0.06087096260992688,-0.05465214540162844,-0.060475056492687806,-0.18105444695923245,-0.22861138421446128,-0.3572735735641687,-0.3812839939189065,-0.4177418242342342,-0.3825332683635479,-0.3583674183889302,-0.267675400859694,-0.11961088126168518,0.0028232422309638055,0.08188744865859253,-0.05300606243004722,-0.16047838404502657,-0.27066623324792144,-0.34567466882304565,-0.338960491384061,-0.35920608563752854,-0.4555695452116892,-0.4472375502323009,-0.432547632769809,-0.34186924835036064,-0.4315795357803273,-0.5719345757360191,-0.506012766323285,-0.5675508321055287,-0.734822157929057,-0.7199983422947739,-0.5034300257295096,-0.4681363434008643,-0.5391415325941168,-0.6279002270975045,-0.600290374669897,-0.4218972383677942,-0.22338719940675061,-0.2368251746675251,-0.41901112824091374,-0.4565026387213208,-0.8001259820750807,-0.009999695401222683,-0.04030756369181584
stat_34,0.13436035986411637,0.09187360120408657,0.11541274027269305,0.11939327808061363,0.10889428499737915,0.07644002844507027,0.14121497955211554,0.14406435634702652,0.11844802870035935,0.11573173683781421,0.02992891036449645,0.03164175646041692,0.01270312614461405,-0.06745234504779843,-0.13432799005371734,-0.17578158670114144,-0.23226057111988463,-0.19886015512166647,-0.1627085879573333,-0.09403995091183374,-0.1279112171307474,-0.13140865613817895,-0.07587510442860847,-0.07090423620511238,-0.07164821401653312,-0.05747736321199615,0.07632813660910442,0.07542772545730018,5.454500492031508e-05,0.030980631748535666,-0.0717293345562861,,,,,,,,,,,,,,,,,,,,,-0.03325119657701078,0.015746484421285938,0.006214702538318465,0.06409570525565422,-0.04709795463467289,-0.13749846028168633,-0.10321615686679118,-0.04248049453456607,-0.05408292171688241,-0.15784258686618013,-0.18914202893436285,-0.3482096907742821,-0.3157696961331379,-0.21808297941517502,-0.24984467618546585,-0.13978025325940152,0.025060512487781045,0.08006462262694798,0.1044556180028239,0.13757684194300346,0.0434439205695645,-0.004449284726946613,0.1399099701391747,0.15606334549237874,0.04464156813873742,0.006739382346421291,0.053675732154711615,0.12839892640711265,0.03658965262440227,-0.03893992466482323,0.06415529286889497,-0.0382716828223689,-0.16432078541053413
stat_35,0.6072733969683132,0.3855484236156884,0.19042546645981778,0.09016892777464698,0.01719708126399176,-0.07762472791985976,-0.036194643975681846,-0.015060340717279987,-0.05109768193538528,-0.10704766789406994,-0.09674834551790049,-0.09828297629172895,-0.1183764120217084,-0.12615361868712102,-0.17907449565175063,-0.1127412226442402,-0.11222465997275131,-0.08587255374105504,-0.0710404256398101,-0.02595150564916732,-0.10505979899702247,-0.07502161694069612,-0.05655039554922464,-0.041722327980090006,0.09473511173661658,0.2910563109721358,0.37580388595579944,0.3741076502413569,0.29276167163918204,0.2832948489321293,0.34942777676591996,0.34844866171513367,0.3458547500020217,0.34803278333156595,0.3603594549591241,0.3660152548830248,0.42521215298487824,,,,,,,,,,0.32532935116864536,0.29896994037830366,0.3318105174273456,0.40803362425653894,0.34597211614272255,0.28979069131761814,0.23591262760673767,0.2318002742668065,0.37671318843751816,0.31379688771137343,0.1172448515921102,-0.014932196512317007,-0.08379160665331928,-0.11307139171409761,-0.11813229104999183,-0.09184189915111975,-0.0754093712834284,-0.12064796090845449,-0.13159320573544642,-0.15044235072991283,-0.13681382056385868,-0.004864182607904915,-0.15596870370470314,-0.23396782289232393,-0.12549198745508583,-0.05701091559796702,-0.21427727672414462,-0.2939993679848093,-0.20083622945454926,-0.014956441668849674,0.18843203018019083,0.5603420206923603,0.5607544388470326,0.1840354784989257,0.5483337775991118,1.1027166843713327,-0.039191228804605585,-0.028459052923204824
stat_36,0.08436815495281665,0.16432482165400034,0.24686275541332597,0.3563895847158095,0.3882212170675718,0.4041810692473037,0.4052585559218195,0.35354742152019336,0.34731999154635834,0.35367784527739915,0.2960255329272115,0.2893948774492561,0.1850083512099759,0.11338599143868594,0.10154242648242462,0.06790225840937186,-0.03590183015107782,-0.05719718482789984,-0.05659723517038582,-0.07541644930053555,-0.03498608676032468,-0.03703354822124511,-0.06120901383812365,-0.06670320694669676,-0.07061378423823343,-0.006373315559569959,0.021497562463688894,0.024713965810662368,0.06265105152321483,0.09578384317758208,0.14158691195867534,0.07751845482676442,0.006915433113296045,-0.06142681416331699,-0.06197457606269011,-0.08552310322323345,-0.15137430909370175,-0.06180979667160154,-0.032859334820841815,,,-0.04753021424597952,-0.0168385161042133,-0.04765205030369888,-0.17425398876959072,-0.18515153990112587,-0.20791358725769615,-0.15989954982323842,-0.10400928700801461,-0.03008112615158188,0.028989353675290652,0.12320554589918482,0.3175824349366987,0.31573686168142545,0.25739127717180754,0.06785521050638585,-0.0703348116891289,-0.06545776861637714,-0.031525095620021606,-0.09168407899588583,-0.14560937079990544,-0.28477814454365963,-0.2988018253918185,-0.18321201577347204,-0.28063366401733864,-0.26530630401252936,0.14743668336420881,0.24904197220452703,0.20921530926412468,0.2588873949531972,0.2882744024090877,0.49966208043747257,0.49709829929207305,0.3698814482492085,0.3970335134556331,0.30496495377025523,0.07393498950487362,-0.11870681709009968,0.23942305783542225,0.1476442179129697,0.03518866168819261,0.2359399180155713,-0.08319669213520807,-0.20210869964713418
stat_37,-0.9156365328426564,-1.0550665972050781,-1.0686712871827821,-1.185255488345671,-1.333102693795436,-1.3350712760683214,-1.1026742233621472,-0.8869074374607099,-0.6823487898141902,-0.5426782602803675,-0.48708753808478084,-0.4830989078328444,-0.4185701486769857,-0.4267670751557097,-0.4380275210801399,-0.4490224186341854,-0.4349758862476496,-0.41179204666346697,-0.3884638224572022,-0.3178013290432953,-0.2762616288202949,-0.2370982671131308,-0.24305366012952764,-0.2416219849484255,-0.21638732921144804,-0.2325268786073466,-0.21107885267027302,-0.20736809443610255,-0.1758918358227868,-0.17531173931792013,-0.15805411386135482,-0.18127884857219145,-0.23612178464231637,-0.2826039665651526,-0.29324746897828496,-0.32766600828162656,-0.33009605365928185,-0.2959032480327885,-0.22661960126486744,-0.0047033364941493905,-0.009652128064221825,-0.046892539680877345,-0.06559541561021083,-0.010912183027788708,-0.22423000516664493,-0.28714249828901034,-0.32691116341635457,-0.3151569869296014,-0.24689512347209927,-0.17404852373417581,-0.06913092628583896,0.010355780582346529,0.1395441488152614,0.20723787245523362,0.08462947775271285,-0.06175120229091345,-0.06609074294747604,0.03680733793608871,0.09763640714123538,0.04132495552204983,-0.09746221128746467,-0.2592879288000674,-0.3972644814924594,-0.3397095963489396,-0.3116673943500235,-0.2975340197078842,-0.14950956483356428,-0.14798316028331188,-0.26324836643519994,-0.3601885061527339,-0.6895272558904781,-1.2074579404552601,-1.6808998876418317,-1.748658559564989,-1.3595697822520134,-1.1420398263819493,-1.194196640072536,-0.9859744541123847,-0.8405068392743833,-0.5934608326337828,-1.2866497929017882,-2.2841911560422026,-0.22425423860153518,-0.1793178451523484
stat_38,0.1011044107062154,0.17096635127420706,0.17496318014059095,0.13426575411773756,0.17030322963064423,0.1763006258066138,0.0953751901681061,0.05932792996425788,0.025580847248228535,0.02495927956233544,0.011477991911732656,0.009656447247980714,-0.031183977855854045,-0.0876070149000459,-0.15890519830796243,-0.2001985932353417,-0.18330594819453036,-0.1327160186640257,-0.1084024628718256,-0.020570892309421017,-0.012591254175664066,-0.0826893362737745,-0.10626063384739572,-0.09667278285026532,-0.04025363106595991,0.014116324781062775,0.032997395974839215,0.03340122709725258,0.005754349057969059,0.024737945462582213,0.013639972607642145,-0.04710179663206588,-0.13144468237651363,-0.11890286405566224,-0.11935953714950988,-0.16683260394208105,-0.2057826523193427,-0.18155896787962916,-0.13327473971638837,,,,-0.020688274947838304,-0.059670745612842885,-0.10091952208393265,-0.13478034925457297,-0.17555819913093038,-0.1698386915412626,-0.13393795481380372,-0.18462942423122314,-0.155622104047601,-0.015622976801369164,0.14558884966829216,0.16491263770022482,0.031135732645033325,-0.05160226308806927,-0.10135480276102167,0.031689446643052004,0.2034227328437807,0.0815291015744074,-0.07928003492794619,-0.21910710781286738,-0.338465875915027,-0.4285236465620859,-0.4209405811975928,-0.3505941694232634,-0.11266118636616052,0.05247161159788237,0.05281965622530651,-0.04804089810730509,0.03087000723360077,0.1901388791219137,0.17748592588808026,0.036109734227791165,0.11962049123259767,0.1316632633266668,0.10452159773723728,0.13032007143161764,0.16027455046494468,0.010750804388885125,-0.04541737367030241,0.14413030076553687,-0.14113057572774104,-0.1894161159531415
stat_39,-0.2749110581847414,-0.2406991968175079,-0.20158707522071073,-0.23049926154563388,-0.2967980445866153,-0.3155206499594083,-0.3384978607857235,-0.3645236065448631,-0.3612310900666486,-0.3647082834952206,-0.33507947125202764,-0.3294543348992173,-0.26936719997369557,-0.25704446700224653,-0.2414492103309644,-0.2316153467175744,-0.20612988000365648,-0.2088051442391035,-0.198875905845632,-0.20798722486155768,-0.2796867247692187,-0.25116229677314433,-0.2281287136340917,-0.21543547931633242,-0.15235248598184747,-0.13218912804265126,-0.1309084836129523,-0.13456504005846037,-0.16179870692682427,-0.2000729877507573,-0.2589381034889291,-0.3151845998810223,-0.3407852234910194,-0.3379515710002573,-0.3268428134771634,-0.28577596995820537,-0.27786272820667285,-0.24066929693931077,-0.21146620672578417,-0.053148178472528486,-0.09052748054102594,-0.13555752164280105,-0.06453586019811026,-0.13553045852300266,-0.21812515805699811,-0.31222810758524344,-0.3840804497521732,-0.3364502304029021,-0.3002653052172776,-0.22860084847267534,-0.2695242628300181,-0.2546849633333734,-0.15369408209720878,-0.011847643891754177,0.06971562260035968,-0.001071007015004651,-0.06107810125463441,-0.1746632491885256,-0.21132677488105844,-0.14305189063688795,-0.045164095893911,-0.006966911661601602,0.005104282267516238,-0.056719789733869444,-0.03322251042377615,-0.13930999740621644,-0.2772650779076368,-0.19920880156894247,-0.2719557952724783,-0.3987609307545761,-0.332787415457669,-0.20380273583100683,-0.20393294245943205,-0.3685191489002398,-0.3516215839984354,-0.22924884433303244,-0.06306188575225885,-0.052437647086640296,-0.27438791730562634,-0.3501033865831726,-0.24688158407400584,-0.6772611502606739,0.1709711963318667,0.23520287293779565
stat_4,1.7978438189480737,1.8249757058892104,1.8396710574489645,1.8330626697556565,1.8525900014401777,1.7138388739054602,1.6466910521402078,1.6434359802159169,1.6124125742963988,1.598322554457214,1.5848188600198037,1.589967549202883,1.6655041519881797,1.624701322112966,1.5138101764771608,1.445332550366815,1.4050953407073146,1.4433472436505053,1.4415110243733311,1.4279420822123807,1.3519547688372813,1.251271384880439,1.1361787629864484,1.135031691631105,1.1597183473689765,1.169028102820728,1.18757451668983,1.1944576483438523,1.281738782234406,1.3493947203155345,1.2756438855753491,1.2806070353822023,1.3190931618280721,1.3505429741603727,1.3457565646937082,1.2409218041096737,1.1325193226341739,1.0449750866119856,1.026325827986215,,,0.49899946830773245,0.5830990455259363,0.6975652429394489,0.7719970778663031,0.9304786506803041,1.0926897925335712,1.2840580373482795,1.4804651769310837,1.5147985342914212,1.4631671499076593,1.4093061264250193,1.3897734294422686,1.234326689245521,1.0857557667654079,1.0992692742928936,1.044088899992792,1.1523754190554258,1.4300560432507516,1.4026199403214081,1.6335097484398988,1.683722703757419,1.5440338950170902,1.4251212668520175,1.4371604625653795,1.7893143881632527,1.9296455139561632,1.7976397134178275,1.7327911055302685,1.8009365591108182,1.8926389360154487,1.8323867581633604,1.9046664569892557,2.1443660848178516,2.19552088305637,2.154663825649125,2.03267149786199,1.9731231001786016,1.608588763814891,1.373624978438922,1.6334090906610264,3.455567880443791,-0.38948852476926804,-0.3766709500370041
stat_40,0.539405556111189,0.4890663894686381,0.4056000251692443,0.2999254745804512,0.266654165767579,0.2949753516189259,0.3300312847454309,0.2911532826312234,0.2660282769194242,0.2785329101158465,0.22976439404100835,0.22532683929659675,0.1936432203929657,0.16765917287477136,0.1686066224192825,0.21709255421405477,0.23421546577305466,0.20568719917136224,0.2151095013280324,0.2488598415123951,0.2505641430505227,0.2647050968609715,0.2838394458803175,0.2773018487254663,0.22583501849554596,0.1744358082191722,0.11675479154132343,0.11252974985010296,0.06128327863906396,0.020893372661407054,-0.012703857479136875,-0.020881626934862733,0.025467092701026962,-0.006954099022830927,-0.010840162047786277,-0.05035834024599389,-0.06206981803401332,-0.08376067367447351,-0.07929284045339913,-0.15248658454042718,-0.18367167250191083,-0.18463806698916546,-0.16759929611093496,-0.11307912121711923,-0.14800397611841132,-0.09442828143012508,-0.11440359021744624,-0.20565514233924015,-0.22481514738521535,-0.1492832030278545,-0.05425420705041014,0.031196740412588762,0.0188592702928538,-0.037510244839902424,0.0160803178587352,0.10622284522099287,0.09576886156062596,0.20072725439857966,0.30542367540269466,0.3112454201888594,0.28895492669814726,0.17174257063229056,0.10958572625257092,0.12637691022704467,0.15543100496351542,0.2832342081132646,0.25351814913447185,0.13971452000676463,0.15795447437926638,0.28813131308944784,0.28061095311892514,0.2396237035996581,0.17885049420550067,0.08726748532534433,0.14793517302385076,0.35865905719778673,0.4875076284951219,0.5833217670376559,0.36615881672679707,0.2419591642791399,0.35457679476352083,0.6235738351579201,-0.35424024347476196,0.02570695582488852
stat_41,0.1043192110145978,0.08310344097206407,0.07155278410128817,0.034578359008153384,0.08791243778049893,0.11365342240558053,0.05101934494438624,0.032400214015151495,0.004089546294146006,-0.059316428401030595,-0.11646743202986845,-0.11871631782077806,-0.13854683582133573,-0.07004469593833441,-0.08765514142359636,-0.055197956034930606,-0.07891538626726793,-0.13984763176527418,-0.13896091150850523,-0.12008005660215577,-0.11575607590825907,-0.09495916076314954,-0.1073626350619203,-0.10338314917873269,-0.14619103275086615,-0.15085847279571324,-0.1677071594300846,-0.16855460635606043,-0.1617539171565169,-0.3007758617645247,-0.28833746575454683,-0.33195552838475106,,,,,,,,,,,,,,,,,,,-0.3219621785251712,-0.3048723915493153,-0.3606599110448635,-0.12988986402131367,-0.15514776155276735,-0.18053123307659696,-0.15645708547805362,0.007323669161860605,0.05194271482827933,-0.001678500342333209,0.01379552878336802,-0.12517063035343634,-0.20150343196596301,-0.15511195913515557,-0.17777876293905792,-0.09548235742135268,-0.11304139533752718,-0.17034796432686766,-0.10265019263125383,0.08726166354244637,0.05523675356902599,-0.02748275453244993,0.08416601303792103,0.12446447273555847,0.06634406839983178,0.10114852209415201,0.1616213519909234,0.237217845586663,0.049636765470597935,-0.10753858120216898,0.19900640690399618,0.321154694881683,0.18344438122901222,0.058708919517610085
stat_42,-0.01912941154461873,-0.00183696320538038,0.04801717411885993,0.11158485412637567,0.1298119683222192,0.08832204619973819,0.06474919480726792,0.07072827968350127,0.02390802915989945,0.01878936805607349,0.012747808751612797,0.008962063748616751,-0.06997591915412095,-0.06791683201191423,-0.03862841541926063,-0.032456981612607703,-0.09826784444542297,-0.1329074444147692,-0.13271762430132217,-0.14702786869302084,-0.18002595811863922,-0.15526114787483142,-0.14954061082994755,-0.15134661894793935,-0.18837601524222236,-0.23164378214644465,-0.29625304658119106,-0.2968526701636906,-0.3378864759980311,-0.3303014177845663,-0.3029351684094059,-0.27616506296381366,-0.25651708133889856,-0.21709096573680112,-0.2154000758869924,-0.20884452025524833,-0.23429353700281727,-0.22511307846537806,-0.21406325938487922,-0.08846432117604608,-0.02531803802822085,-0.0788085791950373,0.001736750455024951,-0.03300956183024904,-0.004961523273563106,-0.10224517215740023,-0.18411719884308048,-0.21303217416971576,-0.3295772689136089,-0.37191924736998105,-0.38830857706138056,-0.40128605422205693,-0.4067324531410532,-0.4433364352645012,-0.44666697780827913,-0.29712342868845987,-0.15775530699234097,-0.14020219262083916,-0.25103848520693217,-0.32364157252286646,-0.2819591489981056,-0.2887095753800255,-0.20486052998428805,-0.2174933048300119,-0.2317085719751991,-0.2547524360226976,-0.14029607251569173,0.018719058647170373,0.05476183887122799,0.05163196141921153,0.029611141272580823,0.005960922383595524,0.06607001740767293,0.1644766728838572,0.07489591988779164,-0.07048145661807426,-0.1257549950634147,-0.08955060787180046,-0.026436604367376583,-0.09800314727646053,-0.04603590944200528,0.003233830751131348,0.15494215469688408,0.008372711916601097
stat_43,0.42416614109882816,0.2872073468462422,0.10292095474385432,-0.06862023378855697,-0.1474051209127696,-0.22274800135579356,-0.3273191419802163,-0.4041417211501013,-0.4376463909721969,-0.43892277738446617,-0.4372308955344263,-0.43768811710241684,-0.49106911061447633,-0.49985742362878904,-0.4731559702238111,-0.4391973846098146,-0.47585106747278183,-0.48967240180392313,-0.4848971492959234,-0.48331009333377933,-0.4552722924813407,-0.43150335014989427,-0.41364385081063404,-0.4033028342623929,-0.3676502968628108,-0.3328067056272516,-0.3215111135542881,-0.3183194471323769,-0.2873727418998146,-0.2774378384048302,-0.3104961939472491,-0.3523923593978211,-0.3614902232348961,-0.35270619599956954,-0.34917798132438516,-0.32778465741167856,-0.26815538076182915,-0.2137590464773588,-0.2316816892444615,-0.04519383308741269,-0.06054248549375155,-0.14792720048933428,-0.21867668758075803,-0.21140429049286347,-0.11621046412102495,-0.19375981463403832,-0.2821988796980458,-0.36697720799760086,-0.45107865952142717,-0.4215903520140297,-0.450700665900403,-0.43320030629838524,-0.3184253756367386,-0.36153325957024596,-0.3885558061563626,-0.338791523744656,-0.4165014162183511,-0.48544572987225254,-0.5457308559849627,-0.5559784321960176,-0.61271917588551,-0.614129817932503,-0.5681914243118145,-0.5583081513041308,-0.6044186517713622,-0.6988882891112483,-0.700960913929002,-0.6122576270633023,-0.676691884904873,-0.7384594791302683,-0.6267130160397377,-0.47547709570271973,-0.40965235508333403,-0.3758559245538303,-0.2653947295979145,-0.0020895005564250534,0.3745331175406129,0.744438179888289,0.21839277066742363,-0.06684313014341153,0.549291174798959,0.9735959863573472,0.3746614948817525,0.22241254261018015
stat_44,-0.3946460130326511,-0.36300814233738504,-0.34454843378448957,-0.3557469147169917,-0.3375700262700242,-0.3933514990510781,-0.3830328898822071,-0.42744253168475366,-0.47731421854379164,-0.44912199279114773,-0.5034862358702928,-0.505585959181945,-0.4884223358154373,-0.484851533874282,-0.43695070157392635,-0.4175118775766187,-0.3617603572655209,-0.34396384860854007,-0.33299385688986005,-0.2519016803262396,-0.23931384851461596,-0.24470737633416184,-0.21604280789476288,-0.21126389403738122,-0.2189022428304133,-0.2518473439791742,-0.3036521708500638,-0.3058837887680222,-0.3286579404167841,-0.36832290781890864,-0.3529651204607378,-0.30469988426473693,-0.2531388343931077,-0.22049187099546047,-0.21492993780887307,-0.15521969129796637,-0.1511159516618217,-0.17743872854407053,-0.1700531351896328,-0.11905650788000374,-0.14410277196313198,-0.1573730497628946,-0.20165872913454586,-0.08120524609211577,-0.025555590364759836,0.02385027670791938,0.028964544696684122,0.01213666766268605,-0.07235879306596137,-0.168405059940417,-0.14683867823856808,-0.19171602141069014,-0.2679017516660093,-0.278268472155225,-0.2711857511625831,-0.16150336652827904,-0.020026956678516523,-0.03914437793945626,-0.02953892359642373,-0.0809337036209477,-0.12890154387514013,-0.15711409729424788,-0.20418533647510503,-0.3190108482834876,-0.3387553991109452,-0.30220034329438883,-0.4233249339863239,-0.48927858449144657,-0.4742127186584197,-0.466841109457639,-0.4110921531833875,-0.38547653751265903,-0.33852801840435975,-0.3041611584772026,-0.32419030097101675,-0.29302063783011695,-0.2430963201358939,-0.3467604116700312,-0.45121312948474845,-0.47501638978004884,-0.3560278704544817,-0.8559830009229862,0.2578868546259558,0.16512816680395756
stat_45,-0.1937216340446763,-0.23442109984747383,-0.2149947701604183,-0.2469489591503117,-0.28313268422017485,-0.3098869203793269,-0.36095644064881044,-0.4150124432173767,-0.4494884973507255,-0.4371252772267394,-0.40852084375556086,-0.4096617970874671,-0.4483057670906476,-0.4344401691907457,-0.38875367246663173,-0.3913649354842445,-0.3584629646761069,-0.3633820138635157,-0.35172185267271655,-0.2852256290369639,-0.2773768602398414,-0.2442774138356146,-0.2316735159036069,-0.2393160117526454,-0.2328017213163228,-0.30457518104294634,-0.3550527120104112,-0.3580388350297739,-0.36482257074001756,-0.3774535303870878,-0.3225895841596577,-0.29578443994749165,-0.20863893810581355,-0.14295392209296284,-0.06546387131215618,-0.024128648800636473,-0.013202644453980087,0.0024425620481411266,0.16511994752314965,,,0.1663261484295269,0.03429819525132197,-0.022366925587973558,0.3630762022229092,0.24400392762277176,0.20301454299323982,0.17749035849371272,0.11538072620994333,-0.09702991077763556,-0.2243728112502213,-0.28339607018848434,-0.38324782762463067,-0.4373723954042885,-0.4697896286365126,-0.34053032968403574,-0.14918002636613867,-0.07516342588577493,-0.10093922309579709,-0.22909590628983698,-0.3241458424205842,-0.27367712052930326,-0.271848638993225,-0.3243464489063922,-0.35641230128941453,-0.37595469895613215,-0.43744449769147,-0.4816875407050015,-0.5250071401273566,-0.5928932572015715,-0.5157930713506671,-0.4528207897598997,-0.36728116888540124,-0.23612401489701426,-0.24905962490345984,-0.3009466298470812,-0.21481893097404012,-0.027242510102193907,-0.2819061135283645,-0.3184686643865835,-0.3130362583355749,-0.5641775240778651,0.16516274690735552,0.014037142439613745
stat_46,-0.024327049436053103,-0.02189067629792607,-0.06633033460579583,-0.11881302343715743,-0.14935009202953223,-0.20621801222374592,-0.17877977739393325,-0.14268268374313742,-0.10586858126444841,-0.016813804337194177,0.11134339489105032,0.11721548362995293,0.08519685112975461,0.025798764784200238,0.04262582527031131,0.051358677139250374,-0.007653367350392194,0.031226512427141615,0.038931582195334664,0.06611169812960532,0.10391800582067663,0.14212253921682744,0.14135952422569262,0.1380703076830351,0.06057183294587966,-0.0024635918749695046,-0.07551402884222987,-0.08107431658536499,-0.14084298825099023,-0.19427742398077352,-0.20409550468453413,-0.22274298248548038,-0.20972779231988017,-0.1940651731532964,-0.18521385004235993,-0.1568133735955097,-0.14502401645351645,-0.11534900370458717,-0.11054334470708015,-0.05538211591212117,-0.14188481065958874,-0.08618479543133022,-0.09507268300561401,-0.035228912999712016,-0.05884825122485834,-0.09766360957897517,-0.10012849815100916,-0.052352709145627195,-0.11001732141843555,-0.13862112845123473,-0.17311103431572916,-0.22716285453412613,-0.19507082088402705,-0.17088892358619548,-0.13814652699729021,-0.0037292520441247943,0.20304557521400488,0.2562400720568255,0.23397833075386792,0.1557844762682153,0.18794494970902456,0.2507406457059238,0.22599902508832725,0.33138849555911354,0.2650935767510405,0.18000001047860484,0.26437039765271525,0.3254979833132155,0.11042760122324334,-0.06499119002258989,-0.14623432112516188,-0.23986105578038255,-0.28154712365557166,-0.2072192205100291,-0.11393381745027319,0.04767965735510509,0.09454928625430511,0.015983098677893444,-0.19755462588498202,-0.26277329820384315,-0.1586094574372941,-0.4046283140839295,0.25726285591184717,0.12701575734164983
stat_47,-0.04905519645451655,0.026960070691714123,0.06968309104495256,0.08961208300186436,0.02161065739204225,-0.02064290749251282,-0.003084255284722632,-0.00014265228447665068,-0.0510764832099089,-0.05056719670521889,-0.010278329486104038,-0.013939522490376855,-0.09612556733332198,-0.12797609021186795,-0.07183714716042744,-0.08095665014582709,-0.06387640602805637,-0.055544030517717946,-0.05476427242256962,-0.05845693594629093,-0.03958241674030119,0.004225459010899535,0.03368040485405717,0.0322858778299135,-0.0019051795561657338,-0.0894766717550047,-0.1096054104168666,-0.10700934737989974,-0.07923720853222359,-0.1046041038516817,-0.10547819713003306,-0.12587904433439837,-0.0648553468566378,-0.017150891116581402,-0.01711579947591255,,,,,,,,,,,,,,0.007238804427706211,-0.0739446307965453,-0.12443996466125962,-0.031723692423273706,-0.021515572088655146,-0.039706347416425675,-0.18145055078253505,-0.10403544103302656,0.08012212845808002,0.14140440848472313,0.04014086496560147,-0.08424903085681104,-0.03473456025814616,0.04041310829594749,0.06733723148935264,0.017395680258054703,0.003133366597197888,-0.07885012409892556,-0.07446710010093674,0.0011892652399732894,0.005850581341020211,-0.12661750658613002,-0.17155257903051646,-0.06758054045367624,-0.17408613948198165,-0.18466258585966933,0.08378181549503487,0.07598514394177838,-0.06516976454241238,-0.22340042137644417,0.0612344016606366,0.19966489437358795,-0.22233495697880173,-0.2582031098751597,-0.13611361134647107,0.021534425183956124
stat_48,-0.8260954710030881,-0.8340766029380612,-0.8131728655525576,-0.84037023784857,-0.7894401189609224,-0.7929795184534358,-0.8112615411016789,-0.8453526091159205,-0.8573557690670072,-0.794193067962563,-0.7110588265983039,-0.7023088681614975,-0.6031675716034883,-0.6319578462298248,-0.5956469167960639,-0.5969371820487231,-0.6466194386851147,-0.6314152519802442,-0.6296308685664114,-0.624046475032316,-0.6083655209864473,-0.5570337905944887,-0.49539956696789994,-0.4793749123881109,-0.39182187174743,-0.3586143730867902,-0.35698922362064595,-0.3587265672524017,-0.35083638491592223,-0.36259899348618263,-0.3952907702770848,-0.46204470710434975,-0.47498435994372085,-0.4877694551608106,-0.4859888482897357,-0.42666206870260565,-0.3864869837196219,-0.3716274108491329,-0.36008119147264245,-0.05303607586277413,-0.0694221564155747,-0.18909425665607382,-0.10579353099701932,-0.07956249443167063,-0.1934465740379472,-0.2642295922531692,-0.30441758586421613,-0.37101741426901785,-0.4724568953591766,-0.4823701023396008,-0.4661760810069087,-0.4400208336551255,-0.32271120515703905,-0.27469442609925654,-0.29965845299278004,-0.3354622040001016,-0.39055835727879834,-0.4687960888079802,-0.5664589432683719,-0.5958069267653435,-0.6003412769746364,-0.5874709629328295,-0.6060893311110702,-0.6512592642387073,-0.6727495358875193,-0.49735466793951455,-0.4039307788972467,-0.7059039994179207,-0.9197820634066346,-0.9343279392981765,-0.9062483776856644,-0.7385108774617236,-0.6904315024274656,-0.8748527545752467,-0.9691687108718138,-0.9321374803382032,-0.8987643930075973,-0.8551611286084397,-0.8083743123745758,-0.7786562757331819,-1.0064789617491068,-1.7236735795446712,-0.08570333553309686,-0.20800055778810228
stat_49,0.606968514295842,0.6446425296388231,0.6856761655505842,0.6849724951705977,0.6120123038914328,0.46981584118718644,0.35884329356150796,0.2904699604551822,0.21686760942660627,0.21295063751334253,0.18076808124439125,0.17597187619307555,0.1225489310320059,0.13072953036462226,0.15033255267916448,0.14399369409546148,0.13584211767704746,0.08487276945426517,0.0896480756919285,0.07052163022560455,0.022332901124501436,0.01583265604405099,0.009205945137793738,0.004207745048228722,-0.03946522549005154,-0.08935053781816438,-0.13202894994578496,-0.1357111372720383,-0.1594814286355016,-0.14772947242413634,-0.1739814617038538,-0.17962348445280027,-0.14911952623459565,-0.11531592410424985,-0.11163193318269851,-0.08478168152334041,-0.026416591884820394,-0.010931049578795596,-0.034323809946653294,0.008509893445489235,-0.058492914755848384,-0.1050182031929673,-0.10044974843809873,-0.11453452857189256,-0.05484454814440877,-0.03298835524413166,-0.024248785836859785,-0.10875034237871108,-0.26806914905999324,-0.2964157514914118,-0.3283825369132007,-0.3563108273168965,-0.27674063012269134,-0.3152120375178022,-0.3245102715057621,-0.20685639839853837,-0.09189872097109629,-0.043952462232811906,-0.12715463256865978,-0.23778445004671678,-0.18030495192017978,-0.11960834501201792,-0.0338568836731649,-0.08534830421673854,-0.1546704084788352,-0.19353272106530184,-0.15662068358566442,-0.012577550322379933,0.033147625156492784,0.06005311204863812,0.054561249773780386,0.0865388325505953,0.3034368634996337,0.6428487050669336,0.6947731678633474,0.6082113322621355,0.6453917652665419,0.6929571964520349,0.4549108864807549,0.3211562448660879,0.6478919537259291,1.1733874950503487,0.21410530253663745,0.14330745139392043
stat_5,0.7062579031965895,0.6928252969137075,0.557108384118655,0.5336409924476855,0.5951641034190829,0.6045584769383031,0.6118608602174219,0.55051474112407,0.5635054452328819,0.5905410255189676,0.4891869746982613,0.4842054276016252,0.35924305087264435,0.2479229119571219,0.16802414320720696,0.10838780549210873,0.15271224769447853,0.22321566908404464,0.26137659745312375,0.37104439262762406,0.5113540465444648,0.6468170491932707,0.6263212753405973,0.6271750707843675,0.6168257323383354,0.5254812329267222,0.4946584693738107,0.4925998541618854,0.48418116379941584,0.4318581938438662,0.36169535653300683,0.3313821103401753,0.30338630524437976,0.2818952708714123,0.28394275199807856,0.23477282842829175,0.3005980579933808,0.46502909566265777,0.25568794135724787,,,,0.19050534659983054,0.24196686343635865,0.21804242276205918,0.4547487161029987,0.3126335148833656,0.13646473245843888,0.07174622006091412,0.1946500170123708,0.23983440200123962,0.2683229602359498,0.3352102291441959,0.4574601183061508,0.5242573525998867,0.5905511906906671,0.7010115021586905,0.8023570300223888,0.8840734604496132,0.7779828183933511,0.5499643327544692,0.28871080649386244,0.06910983094597176,-0.004833670839605097,0.16441044287047177,0.26160821749515023,0.4042722662474365,0.5664371554031468,0.6263910028804165,0.6592369959051356,0.6903686215091662,0.6950606090850063,0.5894170799594144,0.5452504931988323,0.5787274611313261,0.6076302031397691,0.764272032020816,0.7842443328413007,0.45235573395937634,0.4216661024942032,0.19914427337818866,0.7230812189683407,-0.3061199287770369,-0.37944163600035125
stat_50,-0.31041707505715,-0.38168652030428785,-0.34967350001065356,-0.3119374495346565,-0.28056673009804367,-0.2474805330025142,-0.15886764472632117,-0.10530684765448262,-0.06739125811093243,0.0010668858496598803,0.07195644430421293,0.074535092102391,0.02629403401140774,-0.0001615577367796192,-0.018540883561177945,-0.051256627088095405,-0.08006784307344789,-0.12100252881472519,-0.1252420202183716,-0.1459778564888581,-0.16060242653361098,-0.13685862826961667,-0.11774838520225703,-0.1186754009027965,-0.13518566568876567,-0.19870190705098392,-0.25851324809143894,-0.2583572086214542,-0.24692626116350377,-0.21341159738189658,-0.2813559581658436,-0.28028634279446213,-0.2525524989975983,-0.22023751313291567,-0.21909195640631698,-0.21638110278145176,-0.26082353869317415,-0.25772271264581903,-0.26527792863765076,-0.07510410984093145,0.011232890437515554,-0.11027136590821716,-0.11324131373575161,-0.12562693086102775,-0.08697235097239883,-0.1211975876367749,-0.14967044773980717,-0.10727932319321441,-0.30284815874315574,-0.39294627389839126,-0.4020759360576834,-0.3960792066897919,-0.2935357231737526,-0.34200280152835777,-0.38875478413323555,-0.27473489884948465,-0.135225091242744,-0.08344273204148213,-0.13408100331550557,-0.20832252069582638,-0.1482370092446529,-0.058217662672849224,0.05594540223788568,0.07471487941418097,0.09010030707207249,0.05082958645316705,0.11148284261827092,0.2546897999730976,0.2801137400995127,0.06528471293607079,-0.16937108207829202,-0.2571321154593259,-0.29252321346074267,-0.2831425828178899,-0.3734082568525046,-0.4886264534262893,-0.5041537597881662,-0.2843867399955549,-0.20888729428114156,-0.07739546267028953,-0.40073442753279354,-0.6434420686614334,0.08567482087661395,0.033102237943047445
stat_51,-0.33517881873145255,-0.23472019215007398,-0.1254554653123235,-0.06773105483447119,-0.04868921429997808,-0.11275019452942875,-0.16745223593273567,-0.19610035443362994,-0.23837416787273022,-0.26808175421293196,-0.3093068605696618,-0.31261798507545635,-0.35211999391794185,-0.332600286263614,-0.32647094755582284,-0.34942077380930747,-0.34020641472482727,-0.3548025365166927,-0.35495601704063984,-0.3704104844172952,-0.36539145827943087,-0.3397062193188523,-0.35913387942992325,-0.3591265444954524,-0.3824668991107474,-0.39001831415149246,-0.436281306613241,-0.43858703229640367,-0.4684966159939568,-0.44027111651258904,-0.40872289193406147,-0.4011182232958744,-0.36645400079076784,-0.36617452044408827,-0.36576929149072074,-0.32895868490224695,-0.26254812109985537,-0.239445095400043,-0.23090447929881272,,-0.027450100245737054,-0.16487763930877997,-0.212287044070574,-0.11986369055171028,0.02425028467956961,-0.022156490914956587,-0.12189687936795676,-0.18051263410061916,-0.3939747016168359,-0.39305635299745084,-0.39548639482406306,-0.4329181513758177,-0.4076032871333047,-0.4623310320114347,-0.4816811308026338,-0.34826219165176114,-0.24442462299268528,-0.21938700302729358,-0.30641941112307924,-0.37782605262373786,-0.3485859966236587,-0.3493675189228518,-0.3677878580417766,-0.3913560963211837,-0.3138832650328201,-0.311422025342507,-0.3791512655893081,-0.41179257443885875,-0.3695934361484995,-0.26533342395220744,-0.26004020265728917,-0.24535691265637796,-0.16573779563153632,0.0005697862690373822,-0.03966013604659486,-0.11462665267902108,-0.27872702872189775,-0.4343883866600817,-0.33304249820793874,-0.3999613533204199,-0.2581403069494868,-0.5272601449710178,0.19966946536116323,0.09668569175157674
stat_52,-0.009078055612401858,-0.044960501397185604,-0.025315919997037716,0.0007242285234960156,0.06677533484816535,0.14789996719261692,0.14535726361527682,0.19130597751966555,0.1770254428243849,0.16019971041172315,0.12548728394281153,0.12196089336841183,0.007778507439294737,0.005373775148665383,0.013639669407750861,0.0013526247103777748,-0.043119927487147,-0.06411702542559831,-0.05849063513494556,-0.08564364119141675,-0.1291759984206756,-0.09556554239289786,-0.09699226382232111,-0.10213702300691337,-0.15779718998828562,-0.2193310077361343,-0.3025051456736737,-0.30617060511105826,-0.31478023642198205,-0.2950962210607006,-0.2855165110948161,-0.27400512085734613,-0.23720709571250928,-0.2154819574455951,-0.20786004989353832,-0.16349973319019456,-0.08791213248688731,-0.1267843296078378,-0.14121256376324984,-0.058247858771095874,0.02360668156695842,-0.03953870559150285,-0.0733620156545575,-0.023834149720666074,0.04152742928886424,0.06506037895978499,0.06444333863548536,-0.06897617885051249,-0.31967819964864846,-0.3709418867851969,-0.38077436736772646,-0.3588251842828623,-0.3848747552348282,-0.440990267736705,-0.49626712844555765,-0.33307769748946325,-0.1442201429584191,-0.12066941305352853,-0.2063592149827922,-0.27946829684904306,-0.2708177535188582,-0.24363676280580673,-0.16162763860229248,-0.1218635866794347,-0.12900097375343975,-0.18133136865671512,-0.07883612199927356,0.1464777100135388,0.21716888637237605,0.22076080344678217,0.18541160074824137,0.16360455812590094,0.1782733771988121,0.09775370767575019,-0.10418218760892853,-0.16981165354285846,-0.11639686026462812,-0.042679848328640566,0.04047767498525859,-0.0016024019726069304,0.02929457547220214,0.10985648136644294,0.18946008756869878,0.07047905216335383
stat_53,-0.06293490437665561,-0.03686475355152416,0.009804589863688646,0.03812031790936782,0.06183567780927399,0.11597332186970236,0.11879538559300819,0.15252008268682532,0.15519362330835987,0.14944602573036136,0.08604674990534605,0.08187164784717538,0.014916300658986657,0.009785725309417978,0.027038447807291296,0.03701429462355767,-0.04747619174948918,-0.07670519789611299,-0.083537496134567,-0.113260661322245,-0.1385595202255969,-0.11914216141543299,-0.09986799392899423,-0.10478220167746159,-0.1493214753594926,-0.22495024331561153,-0.28809846478481355,-0.2922347873099178,-0.2773207880029656,-0.2634899506629591,-0.2591506329246886,-0.25009269411378426,-0.23466794146749992,-0.23443725354887632,-0.2389643549603363,-0.2109936106236681,-0.16126124492817856,-0.15608829041041053,-0.1756259581527018,-0.09211655928497142,-0.13106471352173427,-0.2124314598568452,-0.16510637890045554,-0.14647921824141769,-0.07853580647096556,-0.011519573089788326,-0.010920272689518132,-0.10099462559046579,-0.25871235296641415,-0.24115053563075753,-0.23305751423566803,-0.2702057114583055,-0.24772789794003464,-0.35466981156902444,-0.44285549252278916,-0.29046952228559214,-0.10946154953658568,-0.06418795399654235,-0.12419780528524309,-0.16816279640548973,-0.15644376482454356,-0.1645166476656613,-0.04668115917866767,0.01331718490425487,0.004152850897273539,-0.06808883402752838,-0.026036761647387108,0.1091370625458956,0.25283780724988514,0.286509100947362,0.18288881243032976,0.13321793250827776,0.08825846958982898,0.049614657550478246,0.06792259052255088,0.0345475198472679,-0.03939019100737662,-0.08480934446952303,-0.03616623171126028,-0.14674077340831257,-0.01051014620160248,-0.02005208943335675,0.23706113679038754,0.07453252442589953
stat_54,0.0979086971598955,0.15334123373419756,0.1936995556092245,0.2076188184404393,0.2702924312185608,0.29164522351228744,0.2488939681703962,0.21018413102499614,0.20686699734579364,0.1987314490843163,0.16087922776847627,0.1540694873643224,0.05067356385513567,0.024831918057133688,0.03065466872264447,0.036220986489226066,-0.0054518374886658345,-0.030513487889369147,-0.031590807251121296,-0.02625357059221958,-0.07264041346882417,-0.058355601699147185,-0.028642694485520728,-0.032457784819227155,-0.0752087868386296,-0.16715011629973606,-0.23705127316260216,-0.24280198578399623,-0.24231954092435048,-0.23912022816783432,-0.2259537334899734,-0.18545730976431837,-0.1795705071535313,-0.17722194277629053,-0.17938277065555447,-0.14959999636517618,-0.10901989629377816,-0.10463454722962526,-0.10622140080220627,-0.04604461455270503,-0.1515451302517757,-0.0856814943008504,-0.17461887842084778,-0.14742130965930986,-0.008310930466103147,-0.01917029844183801,-0.022557256690657446,-0.07535243094751923,-0.30226146636117646,-0.3031498602810133,-0.2969763553583754,-0.341152932174323,-0.2926659743100633,-0.3377925483384995,-0.40034423707773775,-0.2705660433650425,-0.09958167143116033,-0.05676287188292175,-0.13195360296886036,-0.19837985743850056,-0.16048982486394278,-0.1374376451404175,-0.0815992317107107,-0.045533038073631536,-0.10033092212275338,-0.20026368633625075,-0.12670373777892835,0.09751310397807855,0.25845296930311784,0.1943749619830091,0.0758212933485926,0.08785296720768632,0.29816100604432755,0.3538986991617919,0.23798150112392796,0.19287748352581252,0.12882097025535258,0.010345706230474986,0.055631727022474826,0.06419665630932347,0.05277828430820223,0.14171394592950143,0.10975668930803185,0.03334107909919607
stat_55,0.16886400306992036,0.2419817162272748,0.16363784465032055,0.009590462620783778,-0.09303310304263085,-0.22168581215625258,-0.35343114111897056,-0.40011791593162266,-0.46369501831839255,-0.45464061482081475,-0.4461920836896939,-0.44767518989999455,-0.4860915226334126,-0.46594452191852576,-0.4386697745603979,-0.4021524965148774,-0.4213196492511883,-0.4493755696124959,-0.445731016086003,-0.45317102801460124,-0.4496248904119673,-0.44865128667354626,-0.4198557934243649,-0.41206862502584596,-0.38966139487230084,-0.3886158392333816,-0.3681844435535475,-0.3648288841626029,-0.34304319819555185,-0.30958033336874446,-0.35500588723432225,-0.39211176304991074,-0.3523350057709181,-0.34076993227895624,-0.33209871572143446,-0.2910855482556615,-0.25853675185526537,-0.20275542752127018,-0.23861905690744928,-0.05363907763413432,-0.01959002529946845,-0.16462868839270273,-0.21015174588686725,-0.14749394339473132,-0.0744857515621426,-0.15101528723532823,-0.24152844655289377,-0.2885928317605919,-0.39034413154784936,-0.419181872679072,-0.47421943772473213,-0.4554318313577298,-0.3288704801182231,-0.35065787166389994,-0.3377232236486062,-0.3156695654701743,-0.4027342383000014,-0.46252751638598066,-0.543280863222531,-0.5697818490225974,-0.6705387458121418,-0.6025500052873636,-0.44876098049679236,-0.41417445103862316,-0.5080480262122103,-0.6584700687395494,-0.6832353424806007,-0.5335863618128477,-0.5835265556585962,-0.6021556147582808,-0.5456710386853572,-0.5422583359446731,-0.4391582313066563,-0.23276543137891142,-0.09226202149705479,0.13246552842712123,0.2962141492303961,0.29920315079786064,0.04671125150059795,-0.1613988193017893,0.3419337597639785,0.5155741523994607,0.4112491190745037,0.2879695312082487
stat_56,-0.2618344729802144,-0.17918755325477295,-0.09115679972941901,0.0025741579988568936,0.03435709758018094,-0.02742509498709055,-0.11534900640568654,-0.23701495278281098,-0.28951339224881073,-0.3053701494622222,-0.34506760333482844,-0.3472767982370843,-0.4018886415529237,-0.37321342672246494,-0.303336648169293,-0.33261436046457304,-0.37829108250785654,-0.40897327411143275,-0.40966219856853986,-0.38842211214828165,-0.34371693408456006,-0.2712775542597384,-0.30876678522042633,-0.3197408395237772,-0.32568848808960005,-0.3303248710569848,-0.38785970463705155,-0.39102151107276273,-0.4062522834786585,-0.3203901177781126,-0.31920322666758033,-0.3450241210503892,-0.36439067621507054,-0.3511339850950498,-0.33954483122681567,-0.3052093337693698,-0.2566996383124229,-0.21060125570813076,-0.19009003733222296,-0.039868077964649105,-0.05074942136144954,-0.13670090895634804,-0.17649026786868963,-0.05830135271912091,0.00928838049034532,-0.06324242609644598,-0.13411987444584375,-0.25247200254342655,-0.37976971262366066,-0.41586829447178514,-0.38798944020533704,-0.3564670443246783,-0.3326999058690065,-0.4014596562750055,-0.4078536050789922,-0.2692063477578704,-0.19947106249480626,-0.10393371118389737,-0.1273838986928655,-0.25514731203981467,-0.39005178362826554,-0.5200456191646984,-0.4949446156411169,-0.4677164095901705,-0.35843107633388144,-0.32493797868899243,-0.4740636524345154,-0.5534940335189207,-0.4624154758189765,-0.32868084136789133,-0.3174301934550069,-0.25403232520111824,-0.07637038967313992,0.09088580137078296,-0.0012680450610190938,-0.11567768250764389,-0.26925742419290316,-0.37171407613138635,-0.2759659492555319,-0.2993673613933711,-0.24695363174768822,-0.46764906890613356,0.2591748508238533,0.08325849566636838
stat_57,-0.9554920732087699,-0.9365441455684765,-0.8951666356325532,-0.8319113846074984,-0.771413888041808,-0.7044204145651847,-0.6234523501850053,-0.5544874072987396,-0.5537271231102552,-0.520951343529269,-0.5587788955637133,-0.5631890373651148,-0.6337520024432288,-0.6287026630574124,-0.5948513020015356,-0.5841401973110324,-0.5919894082839664,-0.60067242556431,-0.5907177736191741,-0.5282226911241562,-0.42581625949962604,-0.32561642109659367,-0.2803569428631986,-0.28256237091909087,-0.3387841462273138,-0.34725164775254114,-0.4172316018861549,-0.42299915409866806,-0.4279351605571809,-0.4395269686707793,-0.4483001990848359,-0.42454498166230986,-0.41518888722893066,-0.3845941886433439,-0.3785605889766197,-0.3096563025817626,-0.2827411085597321,-0.3225057281580565,-0.3081238950280657,-0.06333942125289031,-0.08455200716679254,-0.11189567265238622,-0.1489618550978041,-0.06977943852632605,0.007429204668498851,-0.002607858193880546,0.005602975029519439,-0.0498249568265838,-0.25897692450758036,-0.33521834921314536,-0.3333316091019247,-0.35419758756904585,-0.36027291535024064,-0.40812705694259177,-0.43697140159428466,-0.31510025487163495,-0.13212775146168668,-0.033023980773098434,-0.10211919404835505,-0.2489729119575521,-0.38314476618789195,-0.47323479671362356,-0.48538907540236753,-0.4982516471942918,-0.5549598962322543,-0.6492040984199655,-0.6581815171112125,-0.527248141395863,-0.40319818741965496,-0.44012600826416715,-0.5379671285389963,-0.6353553437110334,-0.7165569598388342,-0.7210720544280278,-0.748610590195654,-0.8913806649276437,-0.9793783833476108,-0.9408969819224015,-0.7548067613992185,-0.7993431379700867,-0.6431237761026508,-1.478924144986824,0.42357023848542413,0.3046808994964266
stat_58,-0.00519507952194537,-0.08708691316221255,-0.05526276066398271,0.00046672158318142114,0.05468777534215511,0.18447992551623185,0.25092797130619887,0.281889535370855,0.28138333229429596,0.26546544947213374,0.25639300936629916,0.2512401935337284,0.1768893724146054,0.19216771095459423,0.15959038452736146,0.14510545387001658,0.10391300078368407,0.101287898177654,0.10333844521770405,0.11692297738011745,0.10004238527319219,0.07524179105405483,0.03074711711448708,0.0270618572684296,0.06559515259211848,-0.0006706891508982112,-0.046941433057193574,-0.050265799142070716,-0.08088992193467733,-0.017539775990058945,-0.07104497531023253,-0.04118950191569426,-0.04941457171262643,-0.02299097012827156,-0.017516137604101912,,,,,,,,,,,,,,-0.10676440384493499,-0.0777936196855252,-0.05036646170400455,-0.08479858321648821,-0.11221434829237348,-0.23380838580054705,-0.30703437766797625,-0.1279996827589991,0.004866077369960784,-0.0051448703668041315,-0.023053157336351052,-0.13595218665640488,-0.04966886265820406,0.06440463175509481,0.12175361021624262,0.11128405194473807,0.10201721755194713,0.11292925651349457,0.16532669576122305,0.35040149075482346,0.4335895750342295,0.3778524871866066,0.31335394248715476,0.32330046851710914,0.21735060688023586,0.011603714438655873,-0.07027469082363219,-0.19984717024407697,-0.2208274276862657,-0.07029291798052077,0.03845579382964506,0.19565923093778534,0.05760901124356917,0.08042487113576767,0.24382196888102825,0.15848787099335526
stat_59,-0.9140171411151142,-0.9837194365270715,-0.8756195127582945,-0.7936703321647075,-0.8344778665206698,-0.9517377466632296,-0.940462343395826,-0.8897449907931277,-0.855612920475842,-0.84113846554079,-0.784927639292216,-0.7839840985702883,-0.7745867671683184,-0.7290590241871312,-0.6863051358108145,-0.6692345043616965,-0.7225571544187607,-0.7238913653963777,-0.7171724616442031,-0.6862848801526772,-0.739796092264938,-0.7037998463956853,-0.6577757049715355,-0.6376800507287749,-0.5126906465605217,-0.41026420140411773,-0.3645126640513465,-0.36198670571505087,-0.3770897124158749,-0.4505254483640249,-0.5244296616922265,-0.6207377912541278,-0.6745186750188389,-0.6483114883142207,-0.6358201144772955,-0.582850032064036,-0.5665312089461514,-0.4972098991501762,-0.43950208594249396,-0.05092505847133945,-0.048453696870052125,-0.020121204635376713,-0.024139062491236953,-0.14683109256546428,-0.47171223057336503,-0.5270191214320582,-0.5863784754651674,-0.5996660303555628,-0.6677266335587043,-0.7470930189907913,-0.7633746286165718,-0.6614138389684223,-0.46748151379891795,-0.3189600357226139,-0.2815804479283054,-0.38243196673614943,-0.5749085395766369,-0.7716029050829588,-0.836077020458379,-0.85753202645539,-0.8897340281291436,-0.9186482183309538,-0.8469053029054758,-0.7633086418673369,-0.7228998462991237,-0.7695205466665855,-0.7846491117860145,-0.6953671254014037,-0.7270884079198205,-0.7970584727064884,-0.9481816450797538,-1.0412535544458028,-0.9606460447338706,-0.8474162074247733,-0.8471658696587832,-1.0511486925105369,-1.128870686818978,-0.9321680266884785,-0.9151668329073919,-0.8656958165342903,-1.1343787770624476,-1.8404173069543048,-0.018341847341621382,-0.3270879079736967
stat_6,-0.6413880775682467,-0.6162687781914379,-0.6117378926198422,-0.5995261459140663,-0.55008462861879,-0.4540993016677216,-0.35556196246271127,-0.26139874497647575,-0.24205764640519878,-0.20098196019473843,-0.15005137990262596,-0.1427580329864173,-0.08697152355033287,-0.029856342259531155,0.043018082346971624,0.05429952897692145,0.056331383122869116,0.05237365718785708,0.04675160264300595,0.07493812037561177,0.10768685113568366,0.07239328783184844,0.0015617906363965606,0.00375335373992478,0.007459391147978968,-0.019845648695311736,-0.028421269707896917,-0.029672451336740478,-0.03697687632067699,-0.0721502104394725,-0.030920708429724195,-0.009002578332593013,0.014381406003299192,0.05063648627702317,0.05020819636223423,0.10715883512544405,0.12375073648644534,0.11396559460423239,0.13446091159497447,0.07318597297859661,0.13832122920944875,0.2056524078701342,0.352462843037632,0.375471392077737,0.36072079636181403,0.32605898514640536,0.20231096467014473,0.08208908411929265,0.09652713435191652,0.15908850944876965,0.16029190628689607,0.09147218385198105,0.0314845447300393,0.06361702157448436,0.118947526296801,0.13418741854409455,0.07706619179494303,0.03555910113819088,0.18462478876110366,0.30752566099676587,0.2695687770140036,0.2511428779198742,0.2428589223532185,0.19066231210071113,0.2053225049990151,0.26215677862133147,0.11481357672939667,-0.09702490718634352,-0.1134650234009169,-0.03226803846217267,-0.10054615881696816,-0.2814151056445094,-0.3626074182566543,-0.3307224797468736,-0.37219336924348245,-0.386064351416814,-0.37953349309022805,-0.42307603362631957,-0.6111423704994993,-0.3123515420059624,-0.17542065771987042,-0.7385762283272835,0.42194578382400816,0.31143343936555623
stat_60,-1.1893365212607296,-1.0795660384862467,-1.0033277379785774,-0.971749369097284,-0.9543130193659622,-0.9258890642777754,-0.9488636039929038,-0.9284543335126544,-0.9471666658180355,-0.955101934220855,-0.9869145627840297,-0.9914180865294033,-0.998575991888691,-0.987052091516105,-0.9529357856394548,-0.8864368289956883,-0.875663828276049,-0.9119076562501598,-0.9320187514978227,-0.9401916084634295,-0.8964445201013799,-0.86942594102391,-0.7780038338530547,-0.7651366366945199,-0.6799421337832584,-0.6664538875369165,-0.6302274702526716,-0.6295201158342888,-0.5818378036390884,-0.5651816444357252,-0.5890982696953391,-0.6695348943224947,-0.6252741813070659,-0.6149399603216227,-0.6066067092940168,-0.5563438260044807,-0.5405732283718965,-0.4723615865951419,-0.33435671201950967,,-0.038600954911173845,-0.14957571169599712,-0.17200189002192162,-0.15795136733319373,-0.20159730692777256,-0.2666518723455197,-0.34573220790702813,-0.4346061198962493,-0.6033463588795446,-0.5735722438551424,-0.5621589488997408,-0.5529647001066398,-0.4902504818198505,-0.49036614403221707,-0.5099422704954678,-0.5254553816222026,-0.5845029197269912,-0.6867832297879954,-0.8421568160098659,-0.880125800691678,-0.868746832985475,-0.8409976571339787,-0.8208729416264782,-0.8172493732172771,-0.8649928354270009,-0.9201203545316151,-0.9532856931496851,-0.9470608437795762,-1.031762789888411,-0.9640038494605833,-0.8024703422011991,-0.8572924305857623,-0.8910896350287899,-0.8650642355318463,-0.9185466963202779,-0.9499060405481184,-0.9757726169225133,-1.2606094206876584,-1.109207271141264,-1.0534515196808938,-1.0045722030105586,-2.00085766526561,0.22443218155222255,0.0958724442696331
stat_61,-0.725953490116368,-0.6728913187318917,-0.6276274155466567,-0.6040810989822024,-0.6718929942195838,-0.6889949159188193,-0.711246542824964,-0.7892963943473901,-0.7100078169337685,-0.6831791592510165,-0.6439660036098602,-0.6406575198007358,-0.6268941241372973,-0.650667746459579,-0.7085374222185664,-0.7249651320770831,-0.7136858576160114,-0.7092783734239714,-0.7152124115660152,-0.7587526480553308,-0.7386343967817646,-0.708953855173212,-0.6803597765642233,-0.6661444208226703,-0.5934327806901191,-0.6136219781672178,-0.5564012341695479,-0.552663402315534,-0.48166757999464327,-0.5146220702780804,-0.5827490717455315,-0.6292310335367163,-0.604240755938716,-0.5876540974364981,-0.5840235083853266,-0.5924417886367417,-0.5962451674781788,-0.5608081410536776,-0.5455307668631495,0.08825737037491256,0.1357021908135225,0.030983134789781843,-0.23344830993806492,-0.4932016156041332,-0.5003263489091936,-0.3821522146593105,-0.4753132443974851,-0.6517004088046037,-0.7286379475558428,-0.8500427605385606,-0.8656724636288111,-0.7171422044461296,-0.5597170794936582,-0.5165721985350762,-0.5875265805693314,-0.5860964155877931,-0.5328132584117408,-0.5638899106869731,-0.6871349649002463,-0.8029758602874486,-0.8622101808217829,-0.8335833110133276,-0.8213719012176719,-0.8489396351094329,-0.9416207355451207,-0.8402231503680979,-0.7259871435961192,-0.7817951579979666,-0.7994746099462265,-0.7781662163791062,-0.8120754437940804,-0.7710449111317449,-0.6478793157756306,-0.7252486199454311,-0.6955171602790592,-0.7197262193576421,-0.7668774245610436,-0.8594816399462962,-0.8177032790556306,-0.7472370876057849,-1.2397560896574276,-1.9371218308837903,-0.36486472559368593,-0.4610863382722566
stat_62,-0.5628176217499467,-0.5901117194047258,-0.6622096694014331,-0.6235594816927538,-0.6125370526686778,-0.5813625488492298,-0.5165106193380239,-0.5203117522836727,-0.5600828104273773,-0.5848915286840858,-0.516512508838211,-0.5072388655828746,-0.4252583062487873,-0.35401667056653313,-0.2972224598487825,-0.24284722835428285,-0.2591950154652876,-0.28243051788397494,-0.28216086221812137,-0.2637826480222432,-0.26483787728121366,-0.3476824097425879,-0.39447307547788724,-0.39861105310206396,-0.44281086164679784,-0.49110416149892266,-0.5444578685826238,-0.5429998679167608,-0.5465229675987926,-0.5702937039924939,-0.577332679941195,-0.5878362428546599,-0.5683426746758713,-0.560747861086258,-0.5578406520660362,-0.5428332528854255,-0.539902245006013,-0.46338888868547845,-0.42965380569029177,,0.06047026542349582,-0.14346806483105112,-0.14748653378707416,-0.23125370443230023,-0.3569628330060124,-0.42074212051660237,-0.5046133324033883,-0.5022574404414591,-0.4814444467076611,-0.5090088037727039,-0.4920269975284318,-0.5170462882023252,-0.5665045092626393,-0.5919921272126403,-0.6338258800925488,-0.5854305550335897,-0.48240274406481454,-0.3619855123761631,-0.27060915380225653,-0.21493057476819846,-0.21125672040008586,-0.23976766562567492,-0.2151853576717337,-0.2829966401722537,-0.35835139596311544,-0.39882992105545834,-0.5407008166299069,-0.7141455820213803,-0.7951581296608893,-0.7103717593510152,-0.6404896366221141,-0.6570347574940492,-0.6882645570571616,-0.7475796317179589,-0.8456423521101273,-0.8349073803659982,-0.6893216987094848,-0.6295411766807323,-0.5482712686818961,-0.5265387272629123,-0.8534300416719398,-1.383289583479324,-0.32190980030524563,-0.2632073346124162
stat_63,-0.585940369583655,-0.6236672006448754,-0.6543629291653623,-0.6276581413740453,-0.6891577093721428,-0.6861154180638207,-0.6666464143386368,-0.6890449763790591,-0.6823065435853628,-0.6652078751984388,-0.6094627039675445,-0.6029432079929035,-0.5576635575146284,-0.5430349289450407,-0.49604121675254104,-0.3722781794433944,-0.2731622609078836,-0.18660720149110796,-0.17274314686016343,-0.1772464043735756,-0.19898178279877893,-0.14029083893330496,-0.10333982054004523,-0.09921233059305623,-0.08174271041415421,-0.1633681796854837,-0.27631898722443365,-0.2840847796754283,-0.35230045461253995,-0.4075890534163391,-0.41705313395669036,-0.42994257564528543,-0.41281492898555455,-0.4438467743741357,-0.44975122622020436,-0.46138501460807263,-0.43434936784407113,-0.42241289194313625,-0.3995672562128196,-0.09191605423043951,-0.1389047911586757,-0.2660955481198143,-0.36627460151474533,-0.3507323291074535,-0.34707433162353013,-0.2952391905409466,-0.27953340768959434,-0.2690077015735863,-0.3333358215711555,-0.3951367586661303,-0.3754402408330059,-0.4116245271900098,-0.4388884891641275,-0.4042310345368479,-0.3387439615418447,-0.2486221360384332,-0.15570302066959996,-0.0647534161517124,-0.09237846813281837,-0.17071640440407101,-0.20487335771096327,-0.21283879986682286,-0.2876599530973904,-0.3545547020609314,-0.4447216703191746,-0.5586884262502666,-0.656259489069901,-0.7108893939164372,-0.7177151963157865,-0.7173706681724158,-0.7200402518435386,-0.7639168322995143,-0.7739446466068358,-0.6746416617922787,-0.673680929302007,-0.724747449168716,-0.6734757182352128,-0.5795271823031045,-0.5707629976718079,-0.524910432391265,-0.6420975985371467,-1.2272091709275037,-0.09064674753261957,-0.021059800373229805
stat_64,-0.7611617212762061,-0.7584995321728377,-0.816308479168888,-0.8559484097444449,-0.8019964341735568,-0.7658256190158207,-0.7800624195107955,-0.8486553003645836,-0.8692359107395078,-0.880026084896338,-0.8740788610411503,-0.8749797389670739,-0.8752620732873649,-0.8625137838858994,-0.856387550423565,-0.7606796522294834,-0.6627077232872185,-0.5947064713962261,-0.56571614047999,-0.49306746157625325,-0.4968260908367078,-0.46587276860543025,-0.44563116417687165,-0.4424629755065332,-0.4190937824662526,-0.4295780129295923,-0.38289486777185,-0.38351202754279495,-0.3643786317949915,-0.38398907577293895,-0.3626510217067149,-0.36261911146261744,-0.37066643067020055,-0.38629307396003176,-0.3922845004011578,-0.3928182088103534,-0.4020604470256281,-0.38569347181952934,-0.38974645573310207,-0.10872290326801731,-0.21283897132758473,-0.28179314564806673,-0.2746601517259112,-0.3571467929036675,-0.3904286120021846,-0.36647061488870525,-0.4163317636096327,-0.425478954151542,-0.4021063070826822,-0.37622203155857903,-0.2898507160556724,-0.214790734556085,-0.26589497209157514,-0.2865961382857719,-0.2696233832040421,-0.2553038323491299,-0.2580131856114292,-0.2654265431158705,-0.2876324566600172,-0.36019607635989837,-0.3441180906532011,-0.33599106037575255,-0.4060058231420204,-0.6408363644750817,-0.9093603319102096,-0.8660991115283813,-0.7478996445647175,-0.8534351761062022,-0.8736078823302608,-0.8518343065238303,-0.8160732652629009,-0.8303366778208235,-0.920274594958818,-0.9494376532120802,-0.9064576403803977,-0.7991711488591047,-0.7433903045728444,-0.8206657615237131,-0.876090839595674,-0.7907453890679543,-1.0270925614581983,-2.0361095946762284,-0.2083710041068855,0.12249289713167781
stat_65,-0.4682031910483565,-0.49369314035020845,-0.5397506248613363,-0.5433809787744833,-0.5178017735683974,-0.4846186982546752,-0.4124803313538546,-0.37678737616543095,-0.2947295169677564,-0.2452000128091613,-0.24717777445953862,-0.2505556786937912,-0.2707248191318295,-0.2415493469629968,-0.22444854493769842,-0.21532269175242996,-0.1585520397855086,-0.14780577000198059,-0.13849150133757793,-0.17592251479128337,-0.23442516911729183,-0.23085136939069448,-0.23343339660760568,-0.23683275523244113,-0.31567236264782894,-0.3685089681526292,-0.3693436812314501,-0.3671533921463305,-0.3332566496354533,-0.33165671762598364,-0.3184264643099865,-0.30302854357019104,-0.2972840075181473,-0.2890350391641248,-0.2899280095451206,-0.27943591237886095,-0.25608220938145876,-0.2388479132648268,-0.23110250686858116,0.015286662301688892,0.006671219224607014,-0.08104635597304394,-0.13753155704594813,-0.19853268437758836,-0.20253711468520152,-0.18064693172875906,-0.20618614912598868,-0.2375788763493633,-0.29935640219991166,-0.3500821968092692,-0.33423054248778433,-0.27111333278367405,-0.19959233756326655,-0.14537601976988912,-0.21852840632452922,-0.32653694954322676,-0.34382228164041173,-0.31853686956600147,-0.34071377194809904,-0.33375966717502575,-0.18208649141824487,-0.138759436420558,-0.22667397444267043,-0.2633650312835143,-0.37555689124585906,-0.38770180905254004,-0.34005137014167947,-0.28740061748290063,-0.2548324533451583,-0.28130968357631786,-0.44609031496678697,-0.5612379601310613,-0.5976036891271472,-0.6422793622013236,-0.7184278288158711,-0.6339532132533625,-0.5580492338450136,-0.533313385266093,-0.35626958364091016,-0.34460302675727605,-0.6055655474845874,-0.9369029658656358,-0.10415215296858364,-0.2827459481164018
stat_66,-0.35989947933139,-0.341462300037259,-0.32184450293029393,-0.2763141445928439,-0.31876481413257973,-0.3460612548344579,-0.37156433930291943,-0.3306449552271432,-0.31978475707242604,-0.2845835763297221,-0.311787985003988,-0.3095261861060117,-0.26192766170015047,-0.2714134827764019,-0.379084363739809,-0.47494298063431534,-0.5130916737388858,-0.494880878653654,-0.48610904540353417,-0.4926615444164927,-0.5594631431877677,-0.6611633274765665,-0.7281502294137102,-0.7392301473904179,-0.8004829746459835,-0.8087089928276339,-0.7699695649430256,-0.7685062696707636,-0.7272257403059306,-0.6893299335775528,-0.6125983503640147,-0.5804849520104326,-0.5457503510947563,-0.5100267578728591,-0.5037179519306276,-0.4717134636684996,-0.44836725525833004,-0.4106675994937735,-0.36011959559735396,0.08343274292876078,0.1879705762497544,0.11542388801562387,0.012588873242354484,-0.048344738545571225,-0.023359078482004022,-0.03543176199413787,-0.06976534121568163,-0.09773458489417572,-0.1752118830531091,-0.24834416554512553,-0.3373434896833541,-0.43885491706886937,-0.5590137169552724,-0.654531661066789,-0.8045467911433067,-0.9885410636173243,-1.0535027230042948,-0.9399394758804921,-0.763751083196048,-0.6300453742760972,-0.46489104290172883,-0.4933975964095222,-0.6345604064631535,-0.6611540599153549,-0.5745079694183652,-0.41039882334665656,-0.39245330759204444,-0.5225600950111257,-0.5410619713401548,-0.4044344830202433,-0.4606656637994819,-0.6739148556676777,-0.6454724798427199,-0.4180332378298326,-0.39205267145326955,-0.4484533674457485,-0.4872280345755327,-0.634114789585109,-0.29480890958618466,-0.2845294812360518,-0.9455512916919435,-1.2084618773699785,-0.6224036660383231,-0.4327664937145988
stat_67,-0.7536030921193856,-0.7992226722745349,-0.8793492165710693,-0.8176828317634772,-0.7765511260100031,-0.7641519045381456,-0.7246829141944587,-0.6789831338042114,-0.6669785998816046,-0.6924411934242712,-0.7153693243252667,-0.7164554542756729,-0.7609951836595795,-0.7777969057963936,-0.7558086957321872,-0.7592125371009075,-0.739079683974879,-0.6917692506956539,-0.6725177062516169,-0.6324520620411033,-0.6071070843203497,-0.5878698023905577,-0.5365388499873412,-0.5280174449525304,-0.5511910948028971,-0.5730362168565182,-0.5742501817647166,-0.5743333525215154,-0.5573903344354286,-0.568934395264159,-0.4631391859479925,-0.3495652603273953,-0.33699766811121235,-0.38893481459203794,-0.38973031055428425,-0.3895588070992312,-0.32766409884177156,-0.3059587216656576,-0.3384119102786596,-0.09274982230295382,-0.1794962291684525,-0.28571407209545263,-0.3867599214586622,-0.34035776924087724,-0.2776386039316625,-0.25406483562992166,-0.3218608845142777,-0.40993986126886955,-0.4053222689176705,-0.29690916322983296,-0.22584354400755124,-0.2961716183040001,-0.3962005211322971,-0.38817901076379613,-0.435441452093904,-0.4608712431344041,-0.33679165920675835,-0.2501046998536475,-0.4255958815335298,-0.49511164642455213,-0.4417048079873091,-0.5360479645384891,-0.637049318162049,-0.6641123147194098,-0.6841632548826153,-0.7150962753284537,-0.6787824645523681,-0.6989879753802981,-0.695615103261978,-0.7042013686387811,-0.7243624215716498,-0.8435566541552023,-0.84927077747676,-0.8497010835532919,-0.8900284622403963,-0.9539811080853443,-0.8605169668042877,-0.82595450154625,-0.7291274195994747,-0.7189626053070733,-1.0074074451381563,-1.7917297012915094,-0.22737299629826374,-0.03615904329803243
stat_68,0.08675543122229382,0.038284630294895206,0.0021247573484889076,0.0331785373595907,-0.04939711190094021,-0.1645092640385631,-0.2542719376579519,-0.2990481608800963,-0.34814470092046534,-0.4540405592681745,-0.5079532621938525,-0.5108559122240801,-0.5466379628758689,-0.5782682558318368,-0.5915154087843303,-0.6090998752844236,-0.5820960618333908,-0.5267866181855642,-0.5030542509833175,-0.4209918884770029,-0.4012015039490345,-0.3719530286746079,-0.3419614019686182,-0.3454505953345643,-0.40249246231329766,-0.44476024224290506,-0.43016717850401515,-0.42994878309915957,-0.45013050540201943,-0.31554777847345006,-0.2550253762016216,-0.18960371294962175,-0.17320618286330716,-0.1683311072676814,-0.17093060552937672,-0.16562388201022044,-0.15416751983695842,-0.18941699357655276,-0.21254230154307646,-0.06163978174945872,-0.17288870105706616,-0.31064681814139367,-0.35792019801695135,-0.21525482432153104,-0.2048495772041275,-0.19240635408325377,-0.24376444928623928,-0.2420749033473831,-0.2550422895392999,-0.24278823723589818,-0.20073834828106918,-0.2010374143468663,-0.20190806501016972,-0.34439367792925124,-0.37442852810061233,-0.37283939616536454,-0.2552148984240198,-0.16031365920099577,-0.2346782035812728,-0.27770758179398325,-0.2665851285640156,-0.39396638550542057,-0.5090592523517272,-0.5681532188245008,-0.6341463475466794,-0.6742682577819216,-0.5982643916223261,-0.5966717481252476,-0.5459986260390781,-0.40241217561916864,-0.31560621816745715,-0.34866613941636,-0.24107481010223294,-0.038606942211557506,0.07273053413765296,0.11151216843701016,0.14092090288113743,0.2226874570802522,-0.12361358394457994,-0.2538517421830764,-0.27436430148011076,-0.35493474939657665,-0.11423581601746269,-0.032890240478100796
stat_69,-1.1054436563995074,-1.1748942805245706,-1.2752347483619193,-1.256999561355653,-1.1858273150428709,-1.1669317741124123,-1.0910014434955748,-1.0722396961770038,-1.0664417206102947,-1.094157814448459,-1.1143304038942892,-1.116601573670531,-1.1463517519733084,-1.130473175684648,-1.0538592491742707,-1.036051840643136,-1.009429756682146,-0.9801033049192696,-0.9725520114128376,-0.9362762708454175,-0.8834805767492632,-0.8690090797061931,-0.8099019386484186,-0.7983868436178967,-0.7998811573257012,-0.8175197795803915,-0.8208513506067824,-0.8214438534324402,-0.8119540266847838,-0.7954786427461965,-0.7276747236689373,-0.6732902512186175,-0.6824251302172055,-0.6420873933760601,-0.6379828541679311,-0.6257345435438387,-0.6270906412465466,-0.6064348175847462,-0.6286266322625642,-0.0799107588332926,-0.2557995462763905,-0.34864301024863387,-0.4357849048196197,-0.46980702018447396,-0.5969607754777183,-0.5465655143837416,-0.5600276849937378,-0.5940470296854197,-0.6584850394475744,-0.6475460766574536,-0.5791171261850603,-0.6167429931565807,-0.6680082950949536,-0.6331142806985206,-0.656908040595367,-0.7013626862072831,-0.5570235836848337,-0.45776270318489126,-0.6796058435534744,-0.7927611557736441,-0.7461106602639752,-0.8053780175541934,-0.8629449412522526,-0.7977647371503753,-0.8613181633630779,-1.040607062334126,-1.125047831584409,-1.1338762460666252,-1.1538611107210606,-1.1214259354029485,-1.077660566282812,-1.1228532334157508,-1.2197701286673954,-1.2940946102020148,-1.3855685487519662,-1.4256627688027141,-1.2304944950848753,-1.167128925221023,-1.1721164417026748,-1.0717578817176354,-1.4475668289031742,-2.730791630032008,-0.01877102457468509,0.15855098533878317
stat_7,0.9631890303676603,0.9819610383602472,1.030636228687734,1.035680388201098,1.046122384849568,1.0858870395759281,1.0492131923422519,1.0463543161049378,0.9979699901592601,0.9255752433251231,0.9688077304671143,0.9754425062615196,1.0411762099796729,1.0350122066896268,1.0614794925672277,0.927330760170721,0.8068523113580751,0.7577177150737581,0.7480434095757723,0.6813612437432589,0.5893280019620631,0.5547954476377274,0.49435299523088666,0.4957019096700134,0.5570261726134774,0.6467394215169748,0.7058472653913519,0.7126026146958169,0.8064179597236645,0.7928427945241161,0.8831439282502328,0.8690499031660549,0.7292989085597362,0.6603578297384832,0.6536907103675359,0.5222135246716271,0.30977641068492034,0.15888314430241318,0.007600571339330018,,-0.373783046915237,-0.626593134375127,-0.6303552450835528,-0.7182012650537781,-0.46018229321801646,-0.23291974048266023,0.01367478445793676,0.31082343674731655,0.591943839026463,0.7004230339636498,0.8614817902784256,0.9301589901473019,0.8449830270129128,0.7471696749822109,0.6665732493751293,0.6033234955676505,0.38698426361888477,0.22070339614125697,0.2734566774157485,0.4001127956818301,0.5201078911567413,0.5795959947697158,0.5882496019485676,0.7858153796853167,0.9880418950133557,0.9482733326051683,0.8673151433699962,0.7099567563489357,0.6914459062675823,0.9384189741859025,1.0721196370245556,1.112073669868729,1.168787755448772,1.0095222478011154,1.0383855676728106,1.0465679994735837,0.9257299300029656,0.9146460805425477,0.8997471665563761,0.8522075135800792,0.532337823012547,1.6158762310241044,-0.659954669625284,-0.8256051608063057
stat_70,-0.6248058208232053,-0.717513566994698,-0.7981804263634372,-0.9282269056931284,-1.078771148171645,-1.129311437683853,-1.1287935556676036,-1.0839504685726455,-0.9749432707487101,-0.8428520799310086,-0.7445989853951697,-0.7409758796520273,-0.6466248324310422,-0.5302615780831029,-0.45428470226793016,-0.4133480381870333,-0.35673901624458293,-0.33106817047860054,-0.3184583859307196,-0.2725122139869133,-0.2369146488743665,-0.22220575012816468,-0.20546703061201177,-0.20225544004291768,-0.20209515174592865,-0.22670756926665475,-0.23174223761220605,-0.23124834157801993,-0.21952569557275742,-0.2177225731925828,-0.18482870739109455,-0.19195641940146158,-0.19317500771684543,-0.20335122470787953,-0.1997597528908896,-0.18758770767625318,-0.18395424662698642,-0.18050206028563479,-0.16987559230120955,0.14942262600611414,0.15849008311586713,0.14339133028516268,0.06466403788784335,-0.01903623615047557,0.0027646542455716265,0.04912635927089276,0.048203134443956915,0.004927641329620278,-0.07492806576206103,-0.1128469742458862,-0.0645435163831262,0.012735422785941546,0.030584056254900845,0.003081028025259602,-0.02785752284320566,-0.038182866086936586,0.025139426309175514,0.07464011085911916,0.08379891296434527,0.042135344765191186,-0.03413379197911833,-0.07825784054081572,-0.09797494024336076,-0.113304760366368,-0.16813994031206514,-0.3171632178866518,-0.4972218681115627,-0.6816789473741383,-0.865685418540939,-1.0970094671147443,-1.2538192321369799,-1.454538996526066,-1.571117574725137,-1.4115579560278142,-1.1955893793445462,-1.1141340446006958,-1.0127739126608855,-0.8366784553744776,-0.4540306270520046,-0.41805029467790383,-1.205126256960781,-1.9883982733718613,-0.5290712608323057,-0.20352701650759164
stat_71,0.30652621275255815,0.4150196150275499,0.47640616820092585,0.4553747508779388,0.5111433507102241,0.6621730663175085,0.7696774504151915,0.8753515604440907,0.9435404571841504,0.9356336027972407,0.8794343912387041,0.8780451968067469,0.8801540625138927,0.790128128385304,0.7179516948292397,0.6586601075200974,0.6098287291843854,0.5675648919446987,0.5696071566767416,0.5667703302242172,0.5614095868745537,0.5306398164263763,0.46438727851997613,0.4517131191282536,0.3560201790095938,0.24640485701317985,0.2101072423242286,0.208048514792911,0.08053825578084628,0.055930369375363956,0.0546999926240855,0.08098768910300944,0.08699108008000966,0.0008105229346982386,0.0021188330355000717,-0.007357433504482687,-0.030638700482978884,-0.032335362094141985,-0.04866979990918027,-0.04752037057669921,-0.10809040435018721,-0.3090895755010589,-0.3972570981488952,-0.31784754863798614,-0.24088517925499792,-0.19303839537077772,-0.1276789890241304,-0.09092565223959595,-0.09287023940715748,-0.025419163902540117,-0.061232523126185184,-0.04333179615376665,-0.11303694306616564,-0.15520123603551175,0.030016823706383828,0.145566793902383,0.2131442901691186,0.3219750162350321,0.5133013026379265,0.6201026167443255,0.6363676022534284,0.6549130999875192,0.6780142020943762,0.7238091578236816,0.7541357888658866,0.8630620338025772,0.9794366939154137,0.975073250217796,1.025957943098109,1.0086688476530363,0.8496440367657193,0.7019902712144601,0.5521567182185484,0.3830018460377027,0.3231078004434635,0.3678803045770282,0.21763954685419368,0.036942488127099674,0.49626976936818046,0.4820726636629551,0.5935153157037628,1.0725270725946245,-0.04120500569294488,0.1640254061818971
stat_72,-0.2835453265896725,-0.26168367066774545,-0.19323425818407225,-0.13861213049282764,-0.10806565428921186,-0.0820874939704405,-0.06443459571119854,-0.058129129703111,-0.09633771226482214,-0.14138367192844947,-0.16138915093000059,-0.1650027160009016,-0.1838636785043027,-0.17414152763675278,-0.11970243773949982,-0.049718757461832075,0.006500822088408108,0.051363342366135635,0.061425478015454754,0.07757275659857031,0.08460220511039082,0.10775223162322904,0.1174702170585876,0.12105307988558221,0.133709508279969,0.12712769469130725,0.14835350161068941,0.14989678183099284,0.18078186014069278,0.20997100724343362,0.25392398251820225,0.28006321990660976,0.27601274133839787,0.26964728721737463,0.26852730518243534,0.25818882442632196,0.2623236707730633,0.281216651127,0.3009390501072798,0.1459850962452808,0.18946591316571537,0.21676900385412326,0.2467030851358021,0.2585788411971206,0.29873975099480243,0.3367124951506513,0.32524422547203535,0.2942590788267837,0.2698114902837208,0.2464030806841966,0.2594804297193032,0.2903271918834937,0.26732798212201875,0.2398444037177628,0.1758298963168423,0.16099091421297312,0.17858208987939572,0.11844004589838153,0.05716960091353708,0.022227394059413614,0.010737100483750891,0.001605301950033803,0.015095782442326245,-0.041547409745725614,-0.1635935080976587,-0.17293973008827118,-0.11911634821487589,-0.11141474497465932,-0.07421560503559256,-0.028826845714594884,-0.05946375696174694,-0.09651921740151821,-0.08587845561248947,-0.1008708191460173,-0.17299912676561063,-0.24492354764497729,-0.3137749175686156,-0.37509615828827175,-0.15417351732663223,-0.13456906550585568,0.18375349524587273,-0.13668828792886023,0.5104763681679917,0.7127642845796509
stat_73,-0.30086363398861987,-0.33568888293670707,-0.3552836457813058,-0.36478862920739,-0.35767263406554584,-0.2808955410879631,-0.24532907197894838,-0.3288843085437732,-0.36534869825091754,-0.3376973343272333,-0.32777702311444046,-0.3288746697369772,-0.3773613529348275,-0.31173793734344146,-0.2204530940668788,-0.15714606865313296,-0.13302887619367526,-0.13835297501084115,-0.13187229126227998,-0.14028088844336647,-0.1741168847430953,-0.19283506950435303,-0.2295848751372749,-0.2374408753976303,-0.3137213785986739,-0.3923211664811025,-0.43872755545907877,-0.43992599921060643,-0.4296233718500625,-0.36861899291351385,-0.28026407430464584,-0.2408946827647275,-0.22243884246288007,-0.22845320019054802,-0.22824595889818117,-0.23643736394096068,-0.22218038646327246,-0.19238091748605923,-0.12536137543560213,-0.010325702210286369,0.007914210920881399,-0.041509515632413695,-0.12577020123377172,-0.14679562622062475,-0.15083128719509345,-0.13957155596029436,-0.17127180747448176,-0.21027054955954053,-0.22317318609171302,-0.26072059172509654,-0.2861368767176177,-0.2936759771061271,-0.37316087949138665,-0.4604497936982735,-0.5472973780523644,-0.5223543499459965,-0.3690670951773397,-0.227656595596111,-0.11653213254517851,-0.043970439393980716,-0.06678089920338016,-0.23303856158732345,-0.18241989673099268,-0.044308183474765915,-0.1072215298961409,-0.24624976836575846,-0.3491740515899529,-0.3153836652318253,-0.26492908739405296,-0.2714041882485358,-0.26605681132595355,-0.25021482741193385,-0.2992418466298931,-0.4296687850387559,-0.4898039861560699,-0.41938560392909907,-0.3575008790641636,-0.3541067395255661,-0.2590841095994321,-0.29096675397291266,-0.14607199288337322,-0.6628275019466483,0.17754149932186478,0.6298414882319419
stat_74,-0.5466022440065156,-0.5205780547025404,-0.5244886464610026,-0.49473649763579697,-0.4380397007342098,-0.4294576028660563,-0.3916179874775804,-0.36687945204452377,-0.3086943425536255,-0.21879034735012803,-0.15054014886217715,-0.14681736318989808,-0.12314929302780211,-0.09345590702306326,-0.06398043648250179,-0.05078087936504405,-0.06238044727224296,-0.034465837763598246,-0.012981917135466798,0.07076049216921865,0.1082422259552209,0.07070544804408418,0.01224055508844279,0.009236143210467725,-0.06857995845514904,-0.1718049784559662,-0.19073796444807753,-0.19015236729058546,-0.15960568366902256,-0.14277826192401905,-0.09468158075052904,-0.07293516241165462,-0.07720351175124919,-0.07457074280774509,-0.0735749878319873,-0.059484227750560545,-0.03871889416381497,-0.022608878500534398,-0.0418740659487364,0.011432781613786223,0.03122306002482408,-0.043440068303590464,-0.07662964523828467,0.05053521618410561,0.08575744513613923,0.10393804838576823,0.08691390747958855,0.038536917491838775,0.022607126334756898,-0.03432188110790324,-0.04236851372625683,0.013137010295541197,-0.0018868693460866494,-0.08058095210741784,-0.21356209925417927,-0.2847876265493738,-0.148549166351279,0.07403824424550239,0.19276339661657985,0.1818983920129556,0.11924001936913114,0.07498793439133448,0.11099421533320265,0.06606612174420928,-0.06206676225406396,-0.09764654323416129,-0.0347250511828676,-0.03901290718033518,-0.0878416471029561,-0.2083580170603673,-0.35534444665501724,-0.4605923032984318,-0.538878963277642,-0.5761306090113844,-0.5990482050567322,-0.5693201937149607,-0.6038889130247365,-0.7986173653111125,-0.48934941601810256,-0.3277807892017493,-0.4754992291297451,-0.9711579597859882,0.14104359818389986,0.33746748169604535
stat_75,0.36044331538529784,0.4683791708131673,0.4377653112122158,0.4646375769257288,0.47164266724611664,0.3916185662531544,0.2972209693404566,0.23176186024452353,0.21269997228218349,0.22684829886295316,0.27784122513745174,0.28245945533630074,0.3500414978013703,0.40788615158361047,0.3701612904739517,0.28263262252982757,0.2503516663432271,0.14763585637718082,0.13551013446086338,0.1319055546711206,0.12271144574599478,0.055060890596762016,0.03620154385845739,0.030808617343070038,0.01925410479566334,0.10294762045589234,0.12482234152147915,0.11891403263159309,0.02878843019910053,0.025645390569851156,-0.04449729910058985,-0.13814318247290194,-0.18571133874957188,-0.1475412629049752,-0.1383758108832318,-0.07892038587911303,-0.09405467272215438,-0.08696621497429206,-0.014752062880681744,,,,,,-0.03492904859023639,-0.18886060945509775,-0.18722173389458954,-0.2256749605504387,-0.25930415488362035,-0.28837147758974485,-0.23547168645576114,-0.08635064368430673,-0.03156314445573999,0.013940551514353984,0.16310465494241513,0.05457825977488646,-0.10569133055496978,-0.15065431116833916,-0.07628905985816901,-0.023706578170682967,-0.044245616686485405,-0.000732128612932258,0.16205273679043258,0.24527572542910223,0.31572826109541585,0.41066960066649755,0.35051449444412947,0.30256360203500565,0.18212325626813655,0.06449264950220389,0.19797695314573094,0.44586574894566117,0.5495091794996433,0.5882548280953166,0.5043127225153591,0.4469405599687811,0.46802306737368915,0.2704569879739232,0.3235475075721166,0.24857047757474088,0.29383164166066406,0.6906991516914388,0.019258606018500934,-0.09681742917699117
stat_76,-0.9914629373435176,-0.9631515291899279,-0.9427282095595279,-0.906489178030835,-0.8503427165125415,-0.797868126821462,-0.8405398007857714,-0.8728505904312769,-0.8939801722662053,-0.8674080293350946,-0.8023340795630857,-0.7979470807107373,-0.7315348487185246,-0.7073936558554325,-0.6465286086149743,-0.6061364183386906,-0.5202471628891896,-0.4621105279759537,-0.43511344875271096,-0.3376164049851109,-0.2763806830407929,-0.23628512310481214,-0.229064666867066,-0.2308736380353632,-0.24191455291809125,-0.2688109521826538,-0.2655592093504397,-0.2636226622067907,-0.2387269627876009,-0.22251586789635214,-0.19231459490141992,-0.18500359289869878,-0.1948446241035605,-0.19701273469299874,-0.1980560040594301,-0.18065712257858696,-0.17827813465114772,-0.15347053353059292,-0.138183675222062,0.16089875726736144,0.10677627129817378,0.09113418276207305,0.06258544617359883,0.006893280807994264,-0.025914743398023698,-0.054795555824447756,-0.10680203592740246,-0.05380281693178544,0.09653828461560789,0.10087553486810873,0.031585366365456995,-0.015596265252874246,-0.020373184272749013,0.03613720298595439,0.04889589702055926,-0.016908281005217605,-0.018743610457010187,0.02111771576004037,-0.06047441298602521,-0.16302252240107903,-0.20948492184474704,-0.1957045052071712,-0.17663280625193475,-0.36322997510918204,-0.606748193848598,-0.6329610194123896,-0.584495300342466,-0.6310822315309311,-0.8305943206831724,-1.0376651471786391,-0.9166000793098737,-0.7622946731324335,-0.705413573274164,-0.7225395966510244,-0.8569702788395382,-0.984628123150296,-0.9688736301991518,-1.0177392696768066,-0.8824566816335004,-0.6408805423647478,-0.6532382526185002,-1.5977533587210253,0.26026427005981817,0.56308554020934
stat_77,1.1934495140497487,1.1650339151823679,1.1109934081435988,1.1245146414594125,1.1774648828033236,1.2159009654277186,1.208962241776042,1.225378298471818,1.1973076230061184,1.0993493414697282,1.0546013823103788,1.0504846507364503,1.0249532897753204,0.9843392319848504,0.8883250298868451,0.8051210814879751,0.750476922441847,0.7368303004697192,0.7320583223081906,0.7015610537200442,0.6899585787259587,0.6812931493673361,0.6361635734480638,0.6359732171042916,0.618295642049619,0.6102675206695503,0.6064674249980396,0.6084531177992469,0.6655318995322145,0.6808276839722898,0.706463080546679,0.6572714396993168,0.6328888141248377,0.5910605317039491,0.5843205625305468,0.47693009780688533,0.48113787520246226,0.47333593713885136,0.5024214987126552,0.07972518935943375,0.15659346171233732,0.06975504060413115,0.12036592235951295,0.09760826546410174,0.10436909938539145,0.09408868872374189,0.13804957897374773,0.24840762383685697,0.4116595926241268,0.508898445490824,0.5859396540645613,0.6477943874007186,0.5936935187177214,0.3944403436272639,0.23960810630698512,0.24618098200959454,0.30450802294249185,0.4383374199062496,0.505306189604286,0.3707905970578361,0.31173260559068416,0.30625105201280944,0.24576275966807948,0.37058774975838515,0.488398891722951,0.6511685381254616,0.7931550139372948,0.8396425351903442,0.9202627136362788,1.0805622558056627,1.170024459996004,1.1676537894924257,1.2171521606105802,1.1976953528218115,1.1060180200004142,1.1289344693922743,1.1578112093090707,1.162619208572948,1.134341117649282,1.0706465120375275,1.0111127216270102,2.199744783850802,-0.32590004559527985,-0.34056079814846557
stat_78,-0.17217886189591933,-0.15549244137649873,-0.27590624156792765,-0.25891356682230593,-0.26834551703269177,-0.23560425338585853,-0.24319798008039306,-0.18364389255505195,-0.19677199479179316,-0.18732514903558203,-0.13217457423220502,-0.12784310778343172,-0.06570477618800255,-0.1066075122943906,-0.1983925821816014,-0.20495111113912248,-0.21718389118625517,-0.1927326401633617,-0.17235461301849522,-0.08434266746787847,-0.03662253799933266,-0.09668225912901966,-0.13079141389164053,-0.13551191151372435,-0.18255129317044355,-0.17947803578285734,-0.1826357826162805,-0.18263719623856642,-0.17922465103238722,-0.1425734650893449,-0.09455431852897078,-0.052963234863660974,-0.0942646760357831,-0.11482129381706219,-0.11573173319280661,-0.135917843416796,-0.16351251817471263,-0.19872506980424728,-0.22162352138816208,-0.026611723730969296,-0.014711152679722271,-0.059783819037102885,-0.1621029167203833,-0.21028103809469134,-0.2577649184381755,-0.22460257574091186,-0.11939586470478186,0.03426134134119093,0.05596755994836465,-0.016449167304931043,-0.011037265620041163,0.045367359797309666,0.0550734527424615,0.017822863006717173,-0.12258293520419282,-0.278378270342886,-0.16606246550032255,0.058050954387266505,0.18930038141541275,0.2376207793020117,0.07112063148671458,-0.16041791322397644,-0.08907084340377797,0.001606772571647275,0.03956565034340891,0.15727072643348028,0.07036282528936355,-0.1671635978826527,-0.21299242912884245,-0.19712149562812123,-0.19475183463946508,-0.19624225885798322,-0.3073028889070551,-0.38993322183663387,-0.4443965639107289,-0.2979579989682182,-0.03317466837443798,-0.09985816836215615,-0.3346515214512163,-0.3156782175123513,-0.11357413918326453,-0.5256100335534563,0.27899386732146564,0.5463512257896491
stat_79,0.7580188293327597,0.7362673829398673,0.7131160580068024,0.78218141286589,0.7985049325718634,0.7474114375827207,0.6350441971559864,0.5820444395705232,0.4970277248466123,0.6307661430973346,0.6886975801213447,0.6842369673901231,0.6467362089954236,0.5699962662392238,0.6092513507862768,0.5443236400234783,0.4339394072386982,0.35625311890686145,0.34704465519627925,0.33378947603633785,0.33247635879164056,0.42475258218533685,0.4473444443738697,0.4375424207734222,0.3800422683170503,0.3825858427845917,0.376740694591063,0.37644764968001543,0.39229944204626527,0.3826925881195694,0.3749579494129768,0.3544969356877018,0.28414571327761895,0.19454732193429478,0.1839146552986832,0.18916504951202512,0.23522154862141006,0.2504375593968914,0.2366030311103879,,,,0.2896866726515664,0.16967887415655208,0.25208341813837337,0.2364424421243874,0.11319516949734361,0.015469489292136469,-0.0005084740778598428,0.2266174142422078,0.38233566425602855,0.3644311134833473,0.4231569902286341,0.47791941118751324,0.32588609022175674,0.3078757135839554,0.39251239197926313,0.4689471720880626,0.3546599648546997,0.16965400005679968,0.14626325701161658,0.09132955476005243,0.2078156196845257,0.5183921701274204,0.5854202923037988,0.5590063107528513,0.7520890548341922,0.8862820221850369,0.6251985120489818,0.33516750549781743,0.4400648268430978,0.621440421649723,0.8190762510144166,0.8890892766389686,0.8226941132044625,0.6572672773062805,0.7243258490429215,0.8724078139217647,0.626778591282407,0.5922474362185068,0.3945227324415791,1.0617027585625485,-0.3136502871545004,-0.33725542009132337
stat_8,0.11035683083780509,0.07724629742625184,0.11983007201418917,0.20207805740921075,0.23373834594858822,0.2237338017748015,0.23111418162444344,0.29543548347218435,0.3821409266771011,0.3850506680645206,0.4147356198170814,0.41991016453476915,0.4545496450142391,0.40398008358639004,0.334773434194316,0.31515450216214,0.27769817054639,0.2720763082219609,0.2655608882481449,0.23634147509205988,0.23887486473619424,0.23681316783736736,0.2895935975575246,0.305305152282042,0.41206510447100175,0.4790374354017005,0.5059881541923164,0.50471785058186,0.5054556710243352,0.49575358219274257,0.5224782868100644,0.5313201163830323,0.5094376933225704,0.5012524837586287,0.5015965576377998,0.4979125591791379,0.5075151845856785,0.5185518070045921,0.5112310310894157,0.0771513800964764,0.3089984359154711,0.37850708504250224,0.37461197606991453,0.4762699054055359,0.5151943211408251,0.5511590268983204,0.5343791258775342,0.5875188012308816,0.6489582132647074,0.6337170391152341,0.6854858460970469,0.6619307728474292,0.6231468161012589,0.6585584603443532,0.5959144798196752,0.5237516059855245,0.5392878782289295,0.44205956647787764,0.27809141637609147,0.23527927539803517,0.19722525452013306,0.2462433463505199,0.26377754220029326,0.28116677109228067,0.2953522263317178,0.4475018900668749,0.5781407575356968,0.4364863624832398,0.31785010916421014,0.315673154095606,0.29171531597486566,0.18499523993805356,0.13122326704197693,0.24804007494884572,0.26834800611274745,0.1529421135956945,0.054592741407913155,0.14674740123275176,0.0688115334686268,0.2182049675497112,0.20610356558533335,0.1907292507757543,-0.35452668131650494,-0.005826446602522329
stat_80,-0.570610731479777,-0.5981542604617002,-0.5874023949989193,-0.5192779383016799,-0.43919844066674896,-0.4118832096223252,-0.4487260350823479,-0.4309719376648443,-0.41903482368125977,-0.3648493287942855,-0.3698279880416043,-0.3743258569297385,-0.4478504474237269,-0.47615826050959703,-0.46769042411847556,-0.43058220447777196,-0.5007531698807625,-0.5075022500640932,-0.5101489198570023,-0.5083845953700877,-0.4617283466096672,-0.3623058013834711,-0.30257857603824745,-0.2988019834138107,-0.2747777281002629,-0.27878614308219685,-0.3625990932208645,-0.36887961396053787,-0.3740089783724796,-0.3560302419000948,-0.36143401510709605,-0.3630607278436441,-0.3693954195186709,-0.35638430753866174,-0.34673318866817554,-0.28340192126509106,-0.22924306876016762,-0.20957961593354987,-0.2536039448059946,-0.05354983291935957,-0.05266471555740834,-0.1543002159372795,-0.13558049760066157,-0.07243270154009324,0.026548019544000174,-0.019887755342084302,-0.1298566551085218,-0.19851138725477957,-0.3309089945268256,-0.39610780114964406,-0.40539027618970647,-0.37276948764214407,-0.33819008788886673,-0.3879014167184951,-0.4529896983759015,-0.3049962191111296,-0.12902914613899188,-0.16706759322065268,-0.30479474299067416,-0.43348516538987314,-0.5727494898992075,-0.596768310791916,-0.5078840071393856,-0.4497522066002012,-0.5168030848451799,-0.6127234858966358,-0.5013086759836394,-0.28884160044137386,-0.3092197003063555,-0.4534723650059651,-0.5687079340281139,-0.5389641485049577,-0.4036926658570391,-0.32202504148589023,-0.4208970927814014,-0.630220177600041,-0.6697214161748655,-0.5947258798458372,-0.5841048641878333,-0.6179276283911033,-0.6409686808237104,-1.167715847318467,0.265435656716059,0.009422635646646107
stat_81,0.08311062484632836,0.170903869638674,0.23755831462725674,0.214348952677718,0.1830681178754598,0.1480140564933077,0.1198894217473701,0.044519480698502124,-0.04868382313868391,-0.10508653129876881,-0.05499591477111619,-0.048624237372338876,0.05861010052181907,0.09843546353238804,0.03283092368253586,0.038787492216817265,0.05505611668966987,0.007232096255837679,0.008028763413737193,-0.004397528943233663,-0.052623822583939335,-0.020235609027335455,-0.04132980937694357,-0.05210628869602409,-0.06236788300034831,0.006442209951952473,0.03779953905052651,0.037780054356976144,0.022288716941227193,-0.010694948769338396,-0.055986432881389894,-0.13856868387612842,-0.15127519793574373,-0.15526070717792892,-0.1593275425200467,-0.09704500129632984,-0.058899458451244995,-0.03189038810312175,-0.09943169458747668,,,,,,-0.21778011749402634,-0.1502014369271142,-0.059210882392447366,-0.13336522778734605,-0.3432632471477427,-0.272187902845112,-0.2065873199291322,-0.13559236072430045,-0.016672497872638418,0.10234439475157764,0.1569328752292477,0.012637924104305134,-0.1496251217812082,-0.1759743636790319,-0.11928935613350251,-0.05597607532222588,-0.08334853482473609,-0.03860739052892348,0.06707521076473773,0.13511202468237632,0.12400257901757948,0.005632017507284934,-0.016503943208145872,-0.1288580114019276,-0.21008542527994334,-0.11835611780931733,0.02831396489905006,0.21250160638703228,0.2802917391923991,0.24763964542971653,0.32635047721708577,0.321087911140121,0.0864326766245048,-0.10538991402043184,0.010737140802201188,0.009327566470341315,0.046206532223589565,0.12294573472798014,0.14396304288951103,0.008289688777843264
stat_82,-0.6853607892885334,-0.714425103923814,-0.6402225414826308,-0.5732681087576503,-0.4248360900444232,-0.31311490660126395,-0.258204640592049,-0.26934872701733104,-0.4715209803651058,-0.5669948886750826,-0.5309579353459345,-0.5163621093656432,-0.39438456263363597,-0.3341080439366622,-0.3129469027165506,-0.3011967621262423,-0.28163922580752987,-0.18769110419019527,-0.17371093489910597,-0.18613073422938894,-0.03518185704182484,0.07602248891817517,0.07243878548970703,0.06499259900640286,-0.012569857290232668,-0.008205209132714431,0.032680332963355097,0.03691952683745242,0.09762732501712192,0.14722206980721503,0.26166324175533967,0.36452382778629555,0.36024747267004215,0.2530995884696044,0.2377487512444519,0.0824805050445045,0.04825455304110423,0.002496236273365442,-0.022364681597444026,,0.051809360746527915,0.08992205876711053,0.03763330550530359,0.14032780731681144,0.01070907160818202,-0.022374167255903177,0.014877475746628536,0.15326564562777678,0.327248712222874,0.4755562065687666,0.44624564270168626,0.34557074235144425,0.2384019766150494,0.22677538405392342,0.15607640945098242,0.10545062821660446,0.11062352538122368,0.2226851175658089,0.24938989876060927,-0.036543719713187546,-0.18990078838113872,-0.08226506392643178,-0.20217354915822,-0.3241461003149026,-0.18759819773324612,-0.2599623327264794,-0.3568837562550916,-0.41164406213961274,-0.48568140493249295,-0.3182416781693265,-0.18013704599815789,-0.19517170280969703,-0.1734192284695494,-0.2011418253022387,-0.33683917429272986,-0.35981401153264303,-0.3468518320311604,-0.3701207139496054,-0.7423505607599659,-0.2541834261108596,0.006375421649129633,-0.4826251374393023,0.020938220968601384,0.13351931014692842
stat_83,,,,,,,,,,,,,,,,,,,,,,,,,,,,,,,,,,,,,,,,,,,,,,,,,,,,,,,,,,,,,,,,,,,,,,,,,,,,,,,,,,,,
stat_84,-0.05767991429414098,-0.040517012954065394,-0.1308178521513958,-0.13678560369610482,-0.1424977849939445,-0.0707782313374026,0.013695719580222932,0.06880233900709891,-0.022475763080989242,-0.14611024671459671,-0.15859044473531783,-0.14783770522737824,-0.05124947592300886,-0.07807305602717737,-0.17127415643027,-0.22350698609052425,-0.19431719299914943,-0.13757128577167926,-0.1364303861747606,-0.15682988652870128,-0.1041918480810681,-0.015231061321532482,0.007263780134882756,-0.002872806001227019,-0.03676984935663351,-0.07062733332300358,-0.006520995254387907,-0.0015350589622063948,0.08592341415012407,0.06060795304150648,-0.021144239482290144,-0.049690130220831,-0.01857174776006953,-0.015999134542158167,-0.018152020608035124,0.014511663393687224,0.0876041086622704,0.12199805972021666,0.12803645728390767,,-0.05485065327510082,0.09172464146814352,-0.004053637503616846,0.07857439455136957,0.15037077902468918,0.11257462100874753,0.09560309145813475,0.10224756339377891,0.075253303340164,-0.029070975754454515,-0.10030323861603807,0.024837075825231265,0.13332940994600703,0.10759365393791208,0.17567150549499327,0.0924605280129799,-0.006278926824733938,0.09979093919998587,0.08091256514229515,-0.08926627423686205,-0.12055243624208589,-0.06997887261679918,-0.16884736951231866,-0.24674167458158672,-0.25549875440410963,-0.14878269526729157,-0.07317369935061913,-0.2216933918550716,-0.21441041767716237,0.06680079019722931,0.21799719310068602,0.17081103770811668,0.050773185156075804,-0.15346890030006985,-0.1070294274583462,0.15466439701957782,0.27343915630403093,0.10099565795325592,-0.16901682193626363,-0.08691972822647456,0.35405348970419775,0.16785253379200174,0.07810015840732941,0.25771417252666756
stat_85,-0.46993245580657267,-0.36923509939741256,-0.29088018515581676,-0.3046781424583076,-0.3799156267048212,-0.41289386515988563,-0.4420323108533882,-0.5463333971202701,-0.602534927914611,-0.5983923730146573,-0.6005142467633762,-0.5976101433320054,-0.6405250385188335,-0.6579382006478204,-0.5452936088412977,-0.5260966672254888,-0.5543932156605377,-0.5094861880823376,-0.5042797507628667,-0.5048118584534185,-0.4439270428665304,-0.3421717747590962,-0.28962578169512393,-0.2847921936700165,-0.26612258697199964,-0.21392841896600903,-0.16985563094307699,-0.1651609195462228,-0.12938833429290228,-0.06693920101654789,0.049941242817174554,0.11933127221466479,0.14375579671814576,0.155845173338632,0.1518801313694765,0.1440927953050019,0.09598817723305256,0.026362313232938323,-0.0063172756264827665,-0.08265924215954377,-0.03888896392825867,0.009580044680470766,0.07795735970192587,0.052167409415806325,0.012007245135324432,0.0398333476700113,0.13028952209903116,0.20693666078897927,0.2616898700770873,0.2546922405987742,0.2122847122256078,0.1407694255472617,0.03918906542830396,0.055704247949320856,0.10550985386923362,0.018198447166477096,-0.08600062571096762,-0.07679553214603167,-0.19032880638014124,-0.4479680276092512,-0.5006368901856482,-0.4966029518517547,-0.5140783313721196,-0.4947887889661186,-0.569771680175199,-0.6541623201319063,-0.6379803099399864,-0.6739752480039215,-0.6977205997127218,-0.6112897724035126,-0.5108717428704067,-0.39962586859887483,-0.3275983173496252,-0.3253876372942469,-0.3102391894610065,-0.18063202568828066,-0.14273014445636012,-0.40346742157195176,-0.3796705070732289,-0.3275615851459011,-0.12252452770292714,-0.7175413243553886,0.10054668650371221,0.3790128753380063
stat_86,-0.8111717077248618,-0.8055776226262487,-0.7283673169404445,-0.5823106565421394,-0.523366497826275,-0.5083111696487511,-0.4506060370218071,-0.5137060536151303,-0.5696860834845018,-0.5966499037779932,-0.6635701080611697,-0.6699242992228841,-0.7548276882686069,-0.7229639442036809,-0.691112865621245,-0.645433869812298,-0.637790637913493,-0.5922124837151655,-0.5900065901001895,-0.5290939492025698,-0.49077752336054065,-0.5059224187678454,-0.4963502998990582,-0.4892597785961281,-0.46136435148761856,-0.37479319021535423,-0.2830716980803484,-0.2768749377438243,-0.1764651639376324,-0.12170184489107444,-0.13080790582559296,-0.07803167439483391,-0.09035851312533531,-0.10468589332719366,-0.10523212081058057,-0.07236474167794416,0.01897469051542863,0.06711871846991614,0.09610710747827553,-0.13067048883833204,-0.11268373429589068,-0.01792141584685151,0.04549985663066336,0.21539574070303605,0.2208844856187309,0.19275801174597657,0.10752687642096008,0.035822425345029,0.024102668176414654,0.121765318619734,0.21816377177966564,0.12931680474708232,-0.031547825586135135,-0.05137313777357066,0.005125118030591657,-0.004959009612889493,-0.1755046355714446,-0.28645005155309294,-0.27316516167470256,-0.25678742993466963,-0.3870913624481606,-0.49170025478644425,-0.5860616040769948,-0.6840416615211037,-0.787844336476352,-0.7813752138137925,-0.6544667446760597,-0.5450107827552003,-0.4951252747104239,-0.4946668978942472,-0.42685946881949344,-0.3698273233556393,-0.3315744399050426,-0.27717428723085397,-0.5680526372018152,-0.8934589707228106,-0.8435694413003988,-0.9776283343003747,-0.658227800526067,-0.5085375925976194,-0.29703365052988,-1.1777473446193878,0.08784635476823481,0.40026305406642365
stat_87,0.500360662967396,0.2518661433621287,0.14403419298327383,0.1407843803004292,0.10575555597235924,-0.0036902557673246716,-0.04937808139831061,-0.15694661602964582,-0.2939681563503609,-0.3470857524263514,-0.39374446916009553,-0.3970281329394778,-0.3721260770667063,-0.32605324951408154,-0.24216993367223613,-0.28135677546649634,-0.32646205938478573,-0.3016260399337713,-0.2978615955054739,-0.21471559709472937,-0.21208692908062712,-0.15815152057639167,-0.12457993464451429,-0.12376569445572946,-0.1149145497722652,-0.0554629229452594,0.0548061883541524,0.06494515341947464,0.19702333676830758,0.2649427371793264,0.30879569708982113,0.4151628689263136,0.4313056298570239,0.4321653413970604,0.43564929097295213,0.4113236613160991,0.3541536382655856,0.30296233560736696,0.2734213818644112,0.09828233796242171,0.16835247252949959,0.2208438919937858,0.20504787972395802,0.21542687834954133,0.24418294612257027,0.32625475125378284,0.382002753454531,0.4100715736193688,0.46948642613602837,0.5641689591083499,0.5922678748636567,0.5094470296163608,0.4279690133033627,0.34449465446167526,0.19910736115222832,0.024598029534580703,-0.037269072665246455,-0.04212137587033722,-0.045356548132064696,-0.07956453780464277,-0.2515898171050814,-0.4116678590755053,-0.39551130748448643,-0.3060622285752421,-0.22084428632532235,-0.40773948046108655,-0.5916741182212527,-0.6822912823880729,-0.6496818351033831,-0.44469863554814354,-0.39235860981785153,-0.24119789972945935,0.03292310783237503,0.12761817546346282,0.08141075854090621,0.1070677578640546,0.2501794463622406,0.5726672151346902,0.2779053915821289,0.17675482912940318,0.15483132648150694,0.45682197103146066,-0.19803949517522204,-0.2863727860552759
stat_88,-0.8035467499628853,-0.7432588241428109,-0.6990064697073647,-0.5801373850991538,-0.659341764710472,-0.7104236018662028,-0.6853535848549258,-0.7869693400356876,-0.7670219703628458,-0.720451474899462,-0.653292066219787,-0.6484947997014666,-0.5626167103055335,-0.4731911392220027,-0.5155980001837053,-0.529486371203056,-0.4351780377188727,-0.36703227605136984,-0.3883329519704915,-0.5343494020193499,-0.6126332776113611,-0.6152979284433837,-0.6043669724432847,-0.5929751453422136,-0.5146614233817608,-0.5033233879506559,-0.4722387400297074,-0.46757484459876175,-0.4450387038649506,-0.48476393065237733,-0.48171898365947596,-0.35527962442970085,-0.22526029835044103,-0.11882169761753417,-0.1126435371299999,-0.11792439084828452,-0.1369174366124085,-0.12922349759118576,-0.1070093207311278,-0.009124631174018996,-0.027612371196340996,0.14096115507475473,0.012968119665797116,0.026628161260611537,-0.009704441419489066,-0.04135642493419419,-0.029496929721364102,0.09514595122789489,0.1513128971689387,-0.004907590138075806,-0.2862026076600177,-0.5236093774493116,-0.48493746992560527,-0.2717459344582808,-0.14906278620410668,-0.29276604694921415,-0.43198867552946413,-0.42068840647952044,-0.43219801967943255,-0.42451138370025215,-0.31113388429161853,-0.271911618492222,-0.5167532354495038,-0.7225538526830289,-0.6239725807389371,-0.41430911675586746,-0.5254519628921958,-0.7297230764008177,-0.7931590675842412,-0.9863689854598761,-0.9239301989734776,-0.6795634365214969,-0.7001709393186483,-0.7109402668242075,-0.6120347578696718,-0.5648149730393446,-0.6107665486015028,-0.7114704671152685,-0.6448538758314812,-0.5161127071487881,-0.7917220374645078,-1.5713929517201186,-0.1491454791721544,-0.01862747194672051
stat_89,-0.2705603658441915,-0.18136494807148393,-0.16216314795584497,-0.24111488792976937,-0.1809824616126852,-0.13625297153351268,-0.11863256574854371,-0.19282714788234825,-0.2143185429504759,-0.3109857556414005,-0.42927017547135554,-0.437844436555531,-0.49843977408275103,-0.46439093981047963,-0.4545271792296681,-0.42045702704682386,-0.46497300938921027,-0.47948946363728234,-0.4717875887614967,-0.39466408025410354,-0.44741819869373,-0.4480274338344907,-0.4267877506692616,-0.4204307905108913,-0.331454777998985,-0.35302624679466393,-0.3463381279432932,-0.34646611720750786,-0.3592667542189552,-0.3278315369988218,-0.30070495727148516,-0.19768044647891622,-0.18801960325061062,-0.16086103647921146,-0.16247021474465592,-0.19315680404499913,-0.21143332131532258,-0.26782573192643166,-0.2042799383793576,,,0.18753012004001704,0.06390386983745008,-0.06433575289996096,-0.13578073426385354,-0.1902193322134339,-0.1312607089569359,0.057050331032283276,0.09532343152845993,-0.0067196658103254306,-0.12065070558574752,-0.21368226434679316,-0.2576274256627558,-0.333350157964366,-0.3064125179224831,-0.26155321845191554,-0.33918297867826874,-0.4048860073621257,-0.41419348792662364,-0.3825281816033624,-0.3314941132870064,-0.4556862288313429,-0.49683565172480526,-0.44860976436750316,-0.536430966515424,-0.5840929182666024,-0.5739463621276991,-0.43107764081530325,-0.36573097779025704,-0.27927133314154945,-0.08671080157319884,0.06427196676095642,0.18705775821839254,0.14368961409557898,-0.12363959668259505,-0.21410043743821183,-0.20187955084021084,-0.36550347806917083,-0.27892893006502945,-0.29000572388378176,-0.07850091583887235,-0.44501142122202686,0.08927943668352592,0.2887985202689789
stat_9,-0.06977270498628649,-0.08782550814920374,-0.06463808590162327,0.04838448608281149,0.2121931664723953,0.4121374830678325,0.4948091187009904,0.621838205673708,0.8745849156269899,1.0677963909822663,1.15810653820744,1.1589828414056984,1.1194462910817424,1.0599044540675218,1.042966230081822,0.9763978021937523,0.9056095567327914,0.8533956321315156,0.8486120336869192,0.8120443663014448,0.8166498481687231,0.7312603190712611,0.6861325711823052,0.6832547127568297,0.6589485140919018,0.6747307629618267,0.736145193254498,0.7415815138325231,0.7651543336957882,0.830184599244758,0.8466859515967773,0.7045394214837658,0.6089776969689276,0.5330272920515945,0.5328499882929887,0.5699114201327458,0.5825331957167283,0.5879111980060459,0.5287862215166068,,,,,,0.2645094789164336,0.28445418927561794,0.5588685483546656,0.468037517698682,0.4617638973326345,0.6888887333309404,0.8321707136833216,0.9196226000258207,0.867258964529835,0.7424570698115937,0.5234251928750735,0.4468940052997802,0.49314311697977486,0.43744395933570057,0.5817089455542894,0.5715842792055271,0.4598985710729987,0.6186744365455357,0.7442332488116714,0.8568249484248747,1.007016071807104,1.0983190030950425,1.296670126286119,1.3840254351839951,1.2757378423110615,1.0534956035950485,0.7300084431300368,0.5261589872313321,0.4274516418530142,0.19794729289800897,-0.17478624608243493,-0.41342652642308936,-0.4873000465885517,-0.4192433838817651,0.30301632316104793,0.5734696372289971,0.2362122841199427,0.5561028340465957,-0.291776106292841,-0.3411567724633753
stat_90,0.6147558164693374,0.7027725035655491,0.6658494327647132,0.5661923237268516,0.6260391818964914,0.7067117939941086,0.7263813519078804,0.751223023782892,0.7097081517360319,0.8450905579857889,0.8486084662624067,0.839796053698366,0.8001132925570861,0.6816393734249444,0.5885431531494646,0.5705755683715905,0.5176138504891908,0.45912305944486204,0.4519310980316007,0.3954941545400342,0.3260212332228104,0.2371448542109245,0.01795283853713021,0.016688913221404863,0.06710808529376008,0.24808413146500602,0.2542314700765177,0.25215760830089123,0.17435786861967698,0.06667972740253844,0.08725732460226157,0.11709852015132341,0.08453532146136201,-0.15631945526153354,-0.15576481662019048,-0.11634817227012971,-0.0882385018818691,-0.13969936882534936,-0.13046320546486892,,,,,,-0.131778681445614,-0.07878091810955136,0.03928722532857726,0.15028341644690849,0.1876117948293023,0.26122859821966193,0.1288887936498486,-0.11138996632962951,-0.12376224663322777,0.1357582017914708,0.44800539160008385,0.38545590433820553,0.11776078440780945,0.002139416079545348,0.10348357975524597,0.18137325578031832,0.37285439633135425,0.5515713460844408,0.5477450301594322,0.6515983537429478,0.7381596338603957,0.8754282927905823,1.0637457667092969,1.1336061421954675,0.9587800378251203,0.8288280604395009,0.8735622286272693,0.872008523254568,0.8347795431169986,0.8022835627229645,0.6950224178803552,0.714872228338916,0.7849512719759593,0.6419952922237204,0.5979321035375934,0.46599309311046305,0.7360003604182531,1.3247003829517248,-0.07557341977558496,-0.03454823929231638
stat_91,0.14007048890205173,0.02822879545015501,0.020347729894581473,0.01871568835916391,0.13734955845375071,0.28677327083823984,0.40260646519110127,0.38496250011806155,0.3622964615581131,0.34109099243167423,0.29327813958080534,0.2914866692376038,0.31475982854801515,0.34320774006263105,0.30416691942327523,0.25610110063397634,0.21159287992413828,0.06175433019537907,0.01413236696515212,0.004812662374523231,0.05426625138755502,0.002875401762638775,-0.07630213887072543,-0.0838420947006743,-0.10403393589731783,-0.17261960502960053,-0.21942201548301557,-0.22199273594461824,-0.27740734137712736,-0.30072991303290975,-0.3143812722085198,-0.2611659090196911,-0.2565804298070236,-0.2179777874281527,-0.21936469296239405,-0.2191430297529267,-0.17614449134089435,-0.13349939204672212,-0.09460343785491254,0.01981614503450942,-0.04155523942878699,-0.002227502859466156,0.11644360529071017,0.04308890004744375,-0.03054625763920619,-0.0967946599232478,-0.11710240201242222,-0.09686151609787852,-0.08443349199657138,-0.12339343972366416,-0.2104492685151342,-0.2977639911480217,-0.3029499429664655,-0.27347997120718703,-0.19411583047515393,-0.11302312894313798,-0.08189990820091926,-0.066544136658991,0.10120516402346777,0.12807328041555438,-0.014035978099728227,0.05085699526564734,0.23500261052659416,0.3104587676113268,0.41180696518280363,0.48796629018534604,0.41849006681018025,0.4244814851417264,0.49557739405136336,0.5270402044268898,0.5495133990327387,0.5682339964435088,0.4676961142663854,0.1992754173887106,0.013808046950579153,0.03573900597148661,0.04004686829040149,0.11509043623350845,0.2405799287779154,0.18701864110802022,0.4332989598409244,0.39222185522490044,0.24005377314641957,0.5801699059041192
stat_92,0.31957933521271087,0.3730427507191888,0.34009413067236094,0.29054405755244395,0.2883743681464011,0.3565929479853777,0.4112762486314767,0.4245052951080502,0.43416850929112744,0.4461007377696854,0.38936054976558376,0.39094550759987395,0.2791712209057022,0.24783567695404093,0.2638757991126872,0.3818781816347484,0.550871882191858,0.5907128888850987,0.5743813309235289,0.47356207734706246,0.4075040924079522,0.3788755309536677,0.333969985595091,0.3290941724702728,0.34233210700862127,0.38632283570746834,0.37018531551812195,0.37144142968118754,0.3561152013679559,0.33869448326975826,0.3587097327950745,0.4130709182402739,0.4532608365290109,0.40075866629041296,0.38785860580454323,0.30812271746011655,0.29081648876474614,0.3347171483668171,0.40661758263699144,0.09813950354711573,0.06987101135087795,0.28952250323305057,0.25374358425136473,0.39672220259355456,0.3891634932978986,0.3137785481598701,0.22478942253165596,0.2724168059526099,0.41578354615556506,0.5110698045034232,0.4620622223665609,0.3801933063956041,0.38846378064556775,0.34604645846437504,0.3367315162725279,0.5747469904034485,0.651224042736967,0.4358390430133078,0.3808644725083284,0.46342608804500734,0.6090287418717113,0.7580104472998138,0.7782459368647358,0.5808229112741303,0.34655150834947357,0.3430556618843706,0.43821879197929353,0.4750155611923457,0.5915302496007458,0.5659001511803776,0.43888347612636086,0.4732239066438798,0.4778513991703305,0.38504447799380664,0.3963461822908222,0.5068493122982477,0.49004993115192824,0.4974366294040618,0.32308974832011694,0.3024172451235231,0.5435566630799936,0.6328401668210316,0.5114249748698737,0.45910973521062953
stat_93,-0.3760545943194744,-0.314533798649645,-0.11484635010403821,-0.1125092614428681,-0.11835864863324955,-0.11501168749665393,-0.21717242035110695,-0.19288686374367045,-0.19834246106107722,-0.17551391130345348,-0.12842316801116968,-0.11766130884450299,0.02817035173062595,0.14263653575761026,0.15821180016762032,0.32145454877369634,0.42700354901727217,0.5228675783768665,0.5235204901411271,0.46206269927763316,0.42175778765742206,0.37236645983503847,0.2513873853690402,0.2267240025945185,0.1632279968644648,0.125524326412305,0.09072537432288146,0.09169164991158817,0.1181529142726335,0.11337326850460265,0.13556837145201026,0.07997176377498427,0.045542213343225106,-0.004073276573780088,-0.014718125909077734,-0.09030678656036105,-0.053342113521738635,-0.03154179745508532,0.013551153603626975,-0.03800948385347752,0.08890318467355293,0.16022059136173658,0.09768331104780807,0.07596973857109048,0.035686464472656845,-0.07348065095919157,-0.1760903155716218,-0.09912631699416913,-0.07562067794374679,-0.09836884609365054,-0.02362828845099761,0.10211907681677433,0.1180888368413945,0.008097575100206094,-0.06615033718559458,0.049427716647990325,0.12813836493921854,0.3233073863765786,0.5342542435625582,0.408244134542286,0.36897504119271224,0.39400077298360064,0.2944058768705077,0.24042924051277179,0.12443135004189784,0.09524040583905963,-0.0007608727613360493,-0.1711587594492857,-0.21953312536237748,-0.23691227316313543,-0.2931793414216912,-0.32026322731799467,-0.081631864371578,-0.01697747738975972,-0.1155511925432469,-0.15213013634780587,-0.3249542207710002,-0.34015380317911437,-0.24792247550879368,0.05734356482254757,-0.17570072272881312,-0.25986101123829575,-0.15185538534994433,-0.1400462582309242
stat_94,0.7811818874089214,0.758853236798702,0.8160834941330829,0.894728677922115,0.9964179119120857,1.0084741432415425,1.0585220265782487,0.9482964023387098,0.8283826792771749,0.7726479253453937,0.8345925329590334,0.8347999987538195,0.7794676258316514,0.7960693931442437,0.809225579256241,0.7330722470712243,0.6876535135788003,0.647299443552255,0.6205768402518739,0.46591147351652495,0.3958871297653262,0.4018368355861741,0.46730292381925737,0.48224925504972044,0.5461873417251081,0.536935277661083,0.40396125322577214,0.39631684961649377,0.36166551117429147,0.3565179991793548,0.33925926822225094,0.31960765465481733,0.44015686355607947,0.492829291165041,0.4963300271796009,0.44285588506943235,0.4153592920484969,0.4437773137973364,0.3414400509704408,,,0.09139402771841275,0.04189017919269621,0.08807308126053441,0.142377760863445,0.34359559931457584,0.40059926936870127,0.4747679596564878,0.507764459483576,0.4560208111228087,0.3392566296375095,0.26975296179217223,0.18881587570695219,0.17118065899534604,0.27896952597963004,0.5020692386752228,0.6349180402819498,0.44423193762477003,0.292804483302797,0.3401175426908985,0.5516927041708446,0.8462964587637274,0.8956271794159483,0.8144067284609995,0.8609469867545408,0.9352684504734945,0.8144562206810325,0.8980010652993886,0.8675321798163527,0.8562178194301214,0.9752212687344678,1.0531188263891986,1.062538686154448,1.0549507774114666,1.0307043746741493,0.8601232916415864,0.7379202718770957,0.6955805055269445,0.7931970817041132,0.7815731919294951,0.8626615875321071,1.6526603162855558,-0.13715347339346975,-0.1024296955824333
stat_95,0.536757140958618,0.5357592297807441,0.6209665758214608,0.7297230342539353,0.8614282168653837,0.8712048866155667,0.8104197427004414,0.7112077430802402,0.6568395025076421,0.5641587739912541,0.43737383818654624,0.4356974444193738,0.4044787551239453,0.34308397219864845,0.2914210198791308,0.3940715484158077,0.41816843065961606,0.4160031845705089,0.38126255209811843,0.25944466116541864,0.20240551223489978,0.17130327725086839,0.11915886140219449,0.11176518640995524,0.11212406413479858,0.20847831642062484,0.30213645673942724,0.3074363002065461,0.36161026220666703,0.4162798269461206,0.4673164966227077,0.5031019736237418,0.4439889173783455,0.392258881372136,0.38837976532641827,0.33806093383979957,0.3364989996610616,0.3435138146688309,0.33121165474470204,0.1864900829976042,0.3268965066537075,0.6907770693226529,0.4625533974967415,0.35532822812982917,0.30763971595702283,0.3833458350407838,0.38050943558230643,0.36442462526399444,0.44873910783947296,0.6445187808592263,0.7079544086001208,0.5979665545404975,0.5456255505037586,0.4864917837058455,0.34791629307308675,0.2485378335539934,0.12343470543309058,0.09813471402085412,0.22277478713238918,0.29068766209205105,0.31065018689007967,0.38451961458560524,0.47409086292339736,0.5646825550633143,0.496092226447533,0.437988084871133,0.3636060525813006,0.42168497088728313,0.5819296144207237,0.7372717892587523,0.9192371392984667,1.0426743192556658,1.1091608165237563,1.073889551727435,0.8261523305277204,0.6393307953925472,0.6074037708226514,0.6770588994846306,0.5769678813331358,0.46927858367950903,0.8197587302662808,1.3385287319484422,0.2884949355870483,0.15090656444464803
stat_96,0.9398095780461341,0.9557127760805065,1.1095387424618037,1.2693426051982462,1.3088974937058375,1.3339911241594102,1.2717045271291945,1.3155987176667088,1.3721188740756791,1.3544401624978442,1.211614026344693,1.204244508435979,1.2091062950258145,1.19344302374672,1.1399033052299192,1.053378517760051,1.0035087971543937,0.9871107198324227,0.9810075744352637,1.006264806918166,1.041068049239973,0.9622750772870464,0.8615793668650172,0.8493795434794305,0.8289973422818705,0.8238281022608598,0.8424780758952735,0.8472222508525474,0.9358586169688815,0.7897793050726877,0.8261304323103901,0.8816767193003469,0.9003149318117211,0.7392342371109102,0.7349336134729056,0.659696427347467,0.5768176335999916,0.5501529110064058,,,,,,,,0.22967430153573434,0.24626915334545166,0.2827599618022008,0.34749386077005606,0.5440012997677746,0.5419495940919242,0.5525747123112027,0.6041251831204751,0.8969417896230788,0.8355495625709558,0.8101378951206643,0.8595387193180855,0.8809189709019896,1.086272757219152,1.249363208016971,1.2058819188723426,1.1456512351782946,1.1505724011893474,1.2419348052007346,1.2942771982179309,1.34131655363098,1.4151778465172702,1.4507308685961284,1.5465457237944362,1.6142151302110948,1.5767175582312425,1.5026470394677627,1.5291226280558996,1.5271923439407207,1.5362239597536982,1.377322652704055,1.123476433855488,1.1520787703071933,1.0100284334516898,1.0300652277638496,1.5105685382903795,2.527706308485034,0.5404079691450696,0.34235770880119687
stat_97,0.004801755437426432,-0.02318864307024776,0.054356090371843246,0.026149223854635483,-0.07647239187143452,-0.20675749781812733,-0.0680071422986313,0.20286053478182053,0.4386568231763465,0.4033883739902345,0.15180798989001812,0.13921395355295269,0.0907387885347413,0.14125906541671085,0.13043338014277642,0.14477240899988988,0.0977760245368066,0.11445188839604072,0.1277319371639971,0.09730445684177091,0.06545953894341222,0.06691444369900501,0.06106121932058465,0.058789966427857464,0.023818140803715478,-0.008315741084370037,-0.012164940353035066,-0.0030487721549179135,0.10441784872142694,0.21219345995080824,0.3508094888688127,0.4290847785826855,0.5256335272597569,0.6030849615040339,0.6087783784829749,0.5999566071639095,0.5314678501656208,0.37118585017639866,0.31340732752815,,,,,,0.3453199301458011,0.41605813424573146,0.6975200241945991,0.9520819273058199,0.955385758138114,0.7709926407398122,0.5747381398119474,0.4359128033524252,0.26846876067132797,-0.007265776364347946,-0.206723693911149,-0.16647186968598465,-0.03437059285899122,0.022015301142041924,0.0370492523974133,0.10594140480048954,0.111266694072296,0.07470788774491224,0.03466947808312992,0.08164839144747144,0.12989518326746427,0.11202005831378695,0.05117248897073267,0.23019594098668164,0.5707249530607243,0.592126981110604,0.22140979034663436,-0.10566987147844939,-0.23351490015726642,-0.07303900278050489,0.2858731759936072,0.3695262974973757,0.17894643449991066,0.21302620244384154,0.00400322993661936,0.1415904044188025,-0.13893344049455633,-0.031169442452473724,-0.15800314729652554,-0.3063739251054493
stat_98,1.0883128336475265,1.0734256464388912,1.0632791907914751,1.0554575807115607,1.0173871455118138,0.9587572245808145,0.9912279044997684,1.0102246616088795,1.0600119876172598,1.0379503635996348,1.057736986037084,1.062909814652052,1.0757043248450762,1.0888647297470315,1.0604186869103818,1.0246937778473935,0.992902874547393,0.9909030147958854,0.9821869083934531,0.9868824704246258,0.9823116553195317,0.9343644305112082,0.8744023195937546,0.8748313370347247,0.8555257245311244,0.7999556053967787,0.8429956019750371,0.845151471981538,0.8552484347851633,0.8652039195672248,0.9133218418766872,1.011881329424361,1.030653513446866,1.0104643882543762,1.0039152222567604,0.875337581517427,0.7804716399802593,0.7603759720782547,0.7399223127083439,0.11435441075411419,0.2377420533276013,0.4539455368007271,0.3924802161561364,0.4836408641893418,0.42561619773494885,0.4197438019021925,0.49271130746870745,0.7342705653534539,1.0320752852507156,1.0287240801981834,0.9750123744623131,0.929115418982234,0.8290175059672885,0.8166177123981779,0.8210053256995857,0.7479587562636569,0.8357461783620346,0.9427938800406197,0.9532168401059038,0.9775831841681207,0.9823110584332702,0.9789630731629444,0.9884320743958809,1.116459158717379,1.2235792713066505,1.254608362697959,1.2745654014770875,1.1148968135426855,1.0936212189792875,1.1508465125989855,1.0429977927350615,0.9597958178019045,0.982152457837756,1.0799701929212888,1.20686277622385,1.2530080849590253,1.2453504262429251,1.305278113736159,1.0376402360647583,0.9497948696366757,1.256618459918399,2.260395672960562,0.32777634379215503,0.12290863851812864
stat_99,-0.1466344081299271,-0.02062780102339146,0.0975846528062622,0.11233674603976972,0.0012818976929652335,-0.08551995884729947,-0.20997030715456336,-0.24180286966027065,-0.10552411505237184,-0.05637786981944867,-0.07975673961683395,-0.08392567136770229,0.0014676264295332767,-0.041423532447713886,-0.12389523376222324,-0.20493338203803285,-0.276952431352553,-0.3138164142668513,-0.34896272124915684,-0.4137901496342028,-0.3113464711291315,-0.26002424072507846,-0.1731885930232812,-0.15972992221965523,-0.045298849604179674,-0.010535865446340508,-0.014005489123458125,-0.012546091570633343,-0.011904252115135983,-0.0650060356274374,-0.11974523227738255,-0.1507166626998611,-0.12635594627211721,-0.21729582215864793,-0.22337966898554604,-0.17786794237802395,-0.11412612660067957,0.12917525898217727,,,,,,,,0.26289341927225496,0.01031463829457794,-0.261428618257592,-0.5074468283853469,-0.41795083577179043,-0.30328444906577295,-0.24534743086262936,-0.12313764908754542,-0.03648579489019937,0.0207185584231301,0.09607981969079701,-0.0023105307987706593,-0.07174063523562081,-0.17778889408931234,-0.3250703233387081,-0.5430468585319914,-0.5540340200714008,-0.35059631993581647,-0.2401133946962328,-0.21092597546928585,0.0344273626602604,0.0935739549972807,0.0017440750530643844,0.039086260220506604,-0.11096762121107369,-0.35917381094983913,-0.4607195518566188,-0.19270664026449374,0.07558739203350745,0.3559093131785868,0.2906053703376829,0.016250732774085043,-0.1646427426018198,-0.127036339896032,-0.113834106909938,-0.5244310277916655,-0.5505553105585497,-0.29783009767428914,-0.44333002455008413
