,pSA_1.000000000000,pSA_1.072267222000,pSA_1.149756995000,pSA_1.232846739000,pSA_1.321941148000,pSA_1.417474163000,pSA_1.519911083000,pSA_1.629750835000,pSA_1.747528400000,pSA_1.873817423000,pSA_2.000000000000,pSA_2.009233003000,pSA_2.154434690000,pSA_2.310129700000,pSA_2.477076356000,pSA_2.656087783000,pSA_2.848035868000,pSA_3.000000000000,pSA_3.053855509000,pSA_3.274549163000,pSA_3.511191734000,pSA_3.764935807000,pSA_4.000000000000,pSA_4.037017259000,pSA_4.328761281000,pSA_4.641588834000,pSA_4.977023564000,pSA_5.000000000000,pSA_5.336699231000,pSA_5.722367659000,pSA_6.135907273000,pSA_6.579332247000,pSA_7.054802311000,pSA_7.500000000000,pSA_7.564633276000,pSA_8.111308308000,pSA_8.697490026000,pSA_9.326033469000,pSA_10.000000000000,EAS_0.050000000000,EAS_0.060000000000,EAS_0.070000000000,EAS_0.080000000000,EAS_0.090000000000,EAS_0.100000000000,EAS_0.107226722000,EAS_0.114975700000,EAS_0.123284674000,EAS_0.132194115000,EAS_0.141747416000,EAS_0.151991108000,EAS_0.162975084000,EAS_0.174752840000,EAS_0.187381742000,EAS_0.200923300000,EAS_0.215443469000,EAS_0.231012970000,EAS_0.247707636000,EAS_0.265608778000,EAS_0.284803587000,EAS_0.305385551000,EAS_0.327454916000,EAS_0.351119173000,EAS_0.376493581000,EAS_0.403701726000,EAS_0.432876128000,EAS_0.464158883000,EAS_0.497702356000,EAS_0.533669923000,EAS_0.572236766000,EAS_0.613590727000,EAS_0.657933225000,EAS_0.705480231000,EAS_0.756463328000,EAS_0.811130831000,EAS_0.869749003000,EAS_0.932603347000,EAS_1.000000000000,PGA,PGV,CAV,AI,Ds575,Ds595
stat_1,0.24729969040325506,0.24796551094454902,0.2493444094233946,0.2506940626775224,0.2476673273205568,0.2481899362282619,0.24628437983969811,0.24544577355034541,0.24204760688365215,0.23711536292513868,0.23452628947135942,0.23413045640930552,0.23058460457310123,0.22645877592702443,0.22174216752583722,0.21631060648548275,0.2101608503643247,0.20693666860064097,0.20466100893943937,0.20008104284029496,0.1950116564615518,0.18968010078438266,0.18759810451545433,0.18768370228453377,0.18341872930599726,0.17886388642458603,0.17816899714177165,0.17824007721562232,0.17712660154658405,0.1732479924139373,0.17128736222655241,0.17079922884765295,0.16796363831801084,0.16430251077602837,0.16412116859519463,0.1635101566329568,0.16261525532294233,0.15971819789689573,0.15696860255345826,0.10411765770690459,0.10904102478767892,0.11676890340705913,0.1276742813244198,0.13773093277643506,0.15706181154501694,0.16637869735769742,0.17102401044707813,0.1757455257838853,0.1828478763322758,0.18402070877094862,0.18519344084900638,0.18547276353844064,0.1881241949029872,0.1917840527556295,0.1937706953769676,0.19407987928063228,0.20147235840258684,0.20642790509844072,0.21082126050764677,0.21008132663205184,0.21086068961595716,0.2114786750813455,0.21849980041597078,0.2261428679980549,0.23514416346924039,0.2375952747178646,0.23439517728165207,0.24113093684637396,0.2460735915534133,0.24229300039212778,0.24363353915070893,0.24596638101542448,0.24500197723182085,0.24746387829295952,0.251369224439903,0.25026431107681646,0.25201887305687404,0.2517060530265482,0.23219344256430732,0.20828667475677548,0.1680868097250097,0.38632791298566094,0.1987656826474086,0.16364507323505398
stat_2,0.16988444355000787,0.1703166328490277,0.1713305065267616,0.17242083833823107,0.17047544743333276,0.17105032961431568,0.16995736494083805,0.16943698540584357,0.16710910582205965,0.16375480758529082,0.16203793775670144,0.16175792331227662,0.15922384043891677,0.1565011212011303,0.1534161663401922,0.14972409609283496,0.14536560804485898,0.14310525423370848,0.14150929614095925,0.13847364128447356,0.13495292606215337,0.13138831690137806,0.13034986455119688,0.13047851169976238,0.1275073304425844,0.12872726606718574,0.1282515944482781,0.12829639823658812,0.12732781068188503,0.1243433185653389,0.1227525157201712,0.1221088078427735,0.12001802825226476,0.11746403497451582,0.11733855585650488,0.1171942612628173,0.11693163062158726,0.11526881717580333,0.1137126874871075,0.08362638742859645,0.08718264009022364,0.08877630531677569,0.0973872381210637,0.1056129808994229,0.11652899504869037,0.12276343071959502,0.12469327224318029,0.1271185848461264,0.13114264084078056,0.13152424737279397,0.132427389608587,0.13316026031816364,0.13610268885913226,0.13918501838915256,0.1404879660339301,0.14057069148114354,0.14150790800882673,0.14527523654365215,0.14721251358307372,0.14605846637457134,0.14611245992734373,0.14612883701261714,0.15112126805313705,0.15661865385026197,0.16273779694220636,0.16392300655698233,0.16140729690901717,0.16623344617716213,0.16966790662096645,0.16682785268803269,0.1677349568253848,0.16928996957126988,0.16834121442330163,0.1698629541360878,0.17237496382801615,0.17151201065585903,0.17276285082423887,0.17254218571573712,0.159917134302717,0.14364078261077198,0.11702106428100334,0.26622384755420014,0.14895023569985968,0.11542139458083096
stat_3,0.17624498413318834,0.1766979983472455,0.17774890790720574,0.17887162962979528,0.17684072525945188,0.17743095869074874,0.17628996526833607,0.1757498270721741,0.17333112053745672,0.1698419757169365,0.16805974245606947,0.16776955075757577,0.1651454891866314,0.16231013524495466,0.15910544430528628,0.15527612138150604,0.1507546981265667,0.14841336073831032,0.14675881491688803,0.14360291515694681,0.13995226923774004,0.1362490302250176,0.13514574244356412,0.13527673457358494,0.13219701678990017,0.12869166775582358,0.12821134886536223,0.12825622261975694,0.1272963917939321,0.12431252729900774,0.12272816840250228,0.12209172923781623,0.12000422553749651,0.11745959833128188,0.11732835804760747,0.11718322769507575,0.11693040207706773,0.11525860566768407,0.11835972207785769,0.09393014884073854,0.09050882729560217,0.09273952072949541,0.10169260252550645,0.11020184609694118,0.12104818393222645,0.12274551773872118,0.12468527821285061,0.1271007032853129,0.13112810493872157,0.13150882129815142,0.13240904677761864,0.1331345674312575,0.13606636122164142,0.13914611960537146,0.1404402258202164,0.1405278319117636,0.1466494847700828,0.1505304101455258,0.15261718408277003,0.15145117998762325,0.15152604627292238,0.15156550247748402,0.15673902597575382,0.1624275823307374,0.16877956306517145,0.17002362666840556,0.16741749715568746,0.17242246106514691,0.17598171266522905,0.17303669418481452,0.17398720935283613,0.1756022910241723,0.17461521041118128,0.1761997252152361,0.17882026659868164,0.17793450981784745,0.17923953055886627,0.17900170697992224,0.16586935524988808,0.1489746706933531,0.12104528769294508,0.2758573674633391,0.15367194765541126,0.11960851955267114
stat_4,0.19242752685020817,0.1929295327047041,0.194072457884471,0.19527838648022286,0.1930375214985296,0.1936593990126429,0.19238921808940337,0.1917987003277914,0.18915466946998966,0.1853329201660533,0.18337989750095962,0.18306406503673875,0.18021259779952678,0.17711161434045009,0.17358847029157737,0.16940095083105314,0.16448644528761716,0.1619372372616712,0.1601349666604819,0.1566720139256758,0.15268263169665205,0.14863160235861594,0.1547283879474893,0.15485756658324565,0.15132837085806516,0.14738042949604616,0.1468355108178566,0.14688978749965018,0.14584711706995532,0.14249077209192104,0.14073459079361225,0.14009059860155107,0.1377073996580227,0.13472739631078792,0.1345718200312369,0.13430666066098249,0.13388077289119196,0.13181050383547024,0.13717846727047786,,,0.11652306148271616,0.12740279810445052,0.12149346776228326,0.13894449542324225,0.13940929249677256,0.1421828511451754,0.1453201725957459,0.15031989597154652,0.15096308843484496,0.15198611925161298,0.1526629558210152,0.15566647392153266,0.15902384712176493,0.1605417260292298,0.1606783251662809,0.16741397390431575,0.1717484882842826,0.16630262230331985,0.1651333400017231,0.16529719518234884,0.16540249466976786,0.171029372577188,0.17719408677495704,0.18414339585754783,0.18556810486719783,0.18273276029705116,0.18818197394727287,0.192061480880057,0.1888627331119931,0.18991179916906442,0.19167538438989018,0.19060478025928965,0.19234780886588265,0.19523454781910038,0.194284351260941,0.19572076721279047,0.19544670910902787,0.18103286022143764,0.16256734029156067,0.13139884549398137,0.3005592288371514,0.16520145126294103,0.1301097681685547
stat_5,0.16979275204296462,0.17022531060579105,0.17123832068861278,0.1723267406540009,0.1703805873797547,0.1709563532858693,0.16986342559925924,0.16934207156201378,0.16701659371048067,0.16366261388609368,0.16194634711245248,0.1616664945665659,0.1591343161817062,0.1564069009004938,0.1533258483836072,0.1496376715609608,0.14527670825699274,0.14301824362094942,0.14142319362289846,0.13838911666047926,0.13487090311776928,0.13130480203056205,0.1302716052266091,0.1304007927748833,0.12743359274254562,0.12404568742653047,0.12358274986485476,0.12362517552651736,0.1226900853874433,0.11979723096130902,0.11826171672635805,0.11763459643020452,0.1200563565130198,0.1175100099031896,0.1173889610811498,0.12781404343991537,0.1339195849413049,0.15965515114940648,0.17056771206021623,,,,0.15237161474345043,0.16312469712827968,0.1690315173548055,0.1663160402132448,0.14223642075083026,0.13845947556959393,0.1311983916228529,0.13156402037313777,0.12754128222766498,0.1282609530443506,0.13114857647852987,0.13416107027346108,0.1354071653843775,0.1354850984904984,0.14143332150287313,0.14519512044308486,0.14712521169666007,0.14597316373593508,0.14602533072439067,0.1460425248431992,0.1510320696946777,0.1565293544453401,0.16264388040474723,0.16382588114926055,0.16131666324340216,0.16613991430185535,0.1695725430042172,0.16673415598043062,0.16764033691129984,0.16919636293387377,0.16824934924986823,0.1697704562912225,0.17228372484684756,0.1714228429576322,0.1726728182879183,0.1724519034656107,0.15982150823045446,0.1435529305865575,0.11695685621984327,0.2660646954366126,0.1488942809019742,0.11536309640126723
stat_6,0.17625401019542222,0.17670731666646122,0.17775980278121048,0.17888496133862247,0.17685493841428815,0.17745038958176762,0.1763206179989568,0.17578187230857228,0.17336581409598262,0.16987566723508993,0.16809339585453162,0.1678030293389233,0.16517827766394672,0.16234699826617555,0.1591428336298946,0.15531573535321572,0.15079057051184042,0.14844847253489415,0.14679310048076646,0.14363967484809498,0.1399864022817929,0.13628483720075085,0.13521020350657548,0.13534308063370679,0.13226294598496557,0.1287578452496151,0.12829047831946946,0.12833528569798042,0.12738152065393243,0.12439563463564958,0.12282483915362695,0.12218719920241813,0.12011495883102605,0.11756869460014052,0.11745073734955584,0.11731613751158539,0.11709596593081942,0.11547702760114165,0.11862977292875507,0.08125955390125536,0.09088317530393979,0.08925671654963555,0.09779052641667127,0.10593944160750039,0.12133486763242725,0.1229953344979174,0.12487348351335545,0.12725578039213498,0.13126706055643766,0.13162499202955488,0.1325085519206831,0.1332349599291728,0.13616235406174262,0.13924804707300215,0.1405359427079014,0.14060999214238368,0.14673654509268916,0.15062081624647317,0.1526738887610324,0.15149936217520413,0.15156864610721987,0.15160097131549252,0.1567780175678442,0.16247101087645957,0.16882113788724123,0.17005819854698648,0.1674408737887034,0.1724499525108516,0.17601105475774614,0.1730596290872584,0.17400832495952015,0.17562243774850267,0.17462001909745212,0.17620032448438444,0.17881942814062887,0.17793299782321562,0.17924087378270953,0.17900099425524582,0.16587663674394296,0.14898358941217166,0.1210117579809792,0.2758134361503153,0.15376307489260668,0.11965042315113984
stat_7,0.16415636898767214,0.16457028142055077,0.16554792560416945,0.16660322317561052,0.16473062336235877,0.16528337046677363,0.16422623459760236,0.16371852800622733,0.1614713759711599,0.15823769057091253,0.15657654695036818,0.15630595806205136,0.15385531593617915,0.15122434379469055,0.14824600298072999,0.14467757919275345,0.14046265760797763,0.13827719736015867,0.13673510216078905,0.13380442704656909,0.1304044093680135,0.12695580127653844,0.12595889828478082,0.12608381070442598,0.1232128992396203,0.1199337724947047,0.11946758317235186,0.11950783578219659,0.11858677007369066,0.11577823316457211,0.11427745607515698,0.11365466066918281,0.11171056325763501,0.10936637853587293,0.10925398054161013,0.10912450508777004,0.10889202937288049,0.10737840851047734,0.11838008712726125,,0.11587185905344566,0.10894353422987252,0.10646996197444489,0.11019596262549003,0.12104751913635375,0.11463147122936533,0.11626150552969546,0.11842806668447882,0.12208046497949897,0.12235274562592384,0.12318811373583644,0.1239007183134873,0.12674038448787903,0.12968714986943353,0.1309051095382757,0.13099642824450713,0.13677665933153743,0.14043255988659878,0.14226109138465623,0.14113666355620735,0.14118051081039512,0.1411877950716014,0.14601162222754446,0.15133663510731288,0.15724652468739633,0.1583899426421272,0.15597446567753273,0.1606323438951848,0.16395449426286662,0.16121877535570048,0.1620874169271932,0.16359360824347566,0.16269409550662464,0.16416792107303776,0.16658855076792195,0.16574968920968097,0.16694720334072496,0.1667445381335458,0.1545432119536674,0.13881848120970622,0.11345070046021681,0.2576082276823335,0.14453774596971977,0.11158867259096852
stat_8,0.13994297174218562,0.1402757458922277,0.1410899597098246,0.14198373841500528,0.14041761759010052,0.14085026492554392,0.13992025211384762,0.13946140485865136,0.1375629625956263,0.13485014482547794,0.1334166810177326,0.1331868895186106,0.13110037735407226,0.12884763962484852,0.12629511656927495,0.12323931819980902,0.11966711271506185,0.117799722182231,0.11648931994337411,0.11399486067950523,0.11110963161169482,0.10814939319541328,0.1072843401373284,0.10738775753150581,0.10495169809471408,0.10217680652040693,0.10174251504040081,0.10177330885074509,0.1009288284693446,0.09850478236357733,0.09717871743251821,0.09661910477964686,0.09498112445599213,0.09304410949031203,0.0929560318218044,0.09283434502686987,0.09473833572510688,0.09347704618002804,0.09230716369124878,0.08088703364704707,0.0794490460036195,0.07744720408421055,0.07656283572563502,0.08299986663464566,0.09520579563781124,0.1000740124115292,0.10125251268060466,0.10071924393765484,0.1037146251266616,0.10381638298069054,0.10450146991886773,0.10510977989945437,0.10765292870496038,0.11028859845567313,0.11140272075425492,0.11151086100644278,0.11648305667075227,0.1196367861079545,0.12109342213914522,0.12015830470017393,0.12021827992188377,0.12022227759656998,0.12431200284201957,0.1288779241232398,0.13390938942240882,0.1349484928651207,0.1330166944843182,0.13692861042025242,0.1397737947788148,0.13752121508292756,0.13821048051047058,0.13951004535722297,0.1388708666035238,0.1401586313718231,0.14219656596426197,0.14145975544188663,0.1424117833064513,0.14230138957457908,0.1318148970297402,0.1184115070497248,0.09865722042747237,0.2215969124390448,0.12474058702901593,0.09502440750089218
stat_9,0.18368995978557412,0.18416607664905021,0.1852597738477107,0.1864208760518937,0.1842924677934494,0.18489809866090423,0.18369924312506775,0.1831359303681437,0.18061288406368492,0.17696923066791959,0.17510864032575377,0.17480660385949923,0.17207694496379553,0.16911582335807396,0.16576423553229638,0.16177254674490602,0.1570665675726861,0.1546300432686705,0.1529072515336845,0.14961007554485525,0.14580652368190372,0.14194228903866077,0.14076499404172618,0.14089640949598398,0.13768696855258317,0.13404983144681007,0.13354971696510579,0.13359731265713187,0.13261421850642166,0.1295260590795401,0.12789295557751956,0.13313489535786635,0.13764291498632147,0.14257822116498928,0.1424090802932542,0.15162071631154075,0.16259012530359968,0.17414673511847903,0.17085221822943394,,,,,,0.16926312832345325,0.17968653613732194,0.17098420863977248,0.16345394948415645,0.15899647978918613,0.1508997390027462,0.14443522686200483,0.13874932795637462,0.1417144539810127,0.14487307332354113,0.14622429995638161,0.14632589966826243,0.152637731778725,0.1566540700860162,0.15892229818380196,0.15775094984194443,0.15785936067063422,0.15792804366178886,0.1633111957532561,0.16922098197547922,0.17584582545328528,0.17717054874674198,0.17445903317122574,0.17967085508340946,0.1833776244082007,0.1803134417818864,0.1813109137880602,0.18299496875874693,0.18196660755544153,0.18362447199763846,0.1863686826213332,0.18545415072126267,0.18682073799985932,0.18656506042655566,0.17284317640266383,0.1552257306629866,0.12578970143633642,0.28719100769904643,0.1590592407224378,0.1244658329099572
stat_10,0.1467481421430572,0.1471033093067938,0.1479649326276248,0.14890779138043791,0.1472581145121015,0.14772920195820477,0.14676844461884722,0.14629705538330298,0.14430129891177645,0.1414429129351773,0.13994629107484544,0.13970489668701613,0.13751417141417963,0.13515594568116301,0.13248549564459305,0.1292855728054583,0.12553142812491203,0.1235737721990726,0.12219785642361873,0.11958226692944621,0.1165520499074574,0.11345539486466107,0.1125467997930392,0.11265736123820659,0.11010065598011773,0.11001698067318989,0.10957088565556897,0.10960560908493104,0.10871872941597382,0.10908826420297228,0.10764082404585858,0.11778526404480649,0.13783615054811135,0.14283683188936452,0.14266897948276389,0.14237081003932048,0.16269309892674017,0.17414673511847903,0.17085221822943394,,,,0.15241926200600314,0.1488697431135749,0.16926312832345325,0.17968653613732194,0.17108306744620072,0.15380319422224992,0.15927106022970305,0.15109315324277703,0.12768169343314725,0.11659585968799711,0.11934558772904662,0.11885323257422163,0.12002193377322048,0.12012048274854746,0.12221847918086795,0.1255156468103142,0.12707673205287875,0.1260827735852024,0.12613238945405525,0.12613150565545164,0.13042989809853436,0.1352127340073077,0.14049066315543796,0.14155230412553343,0.1394796835019841,0.14360542796879391,0.14658552950662884,0.14419220311100533,0.14493125028387743,0.146287439119234,0.14556652911595513,0.1469015323135727,0.14904325705410834,0.14827518087457853,0.14929839490151184,0.14916097867695724,0.13821018659036352,0.12415731214558615,0.10278429520621461,0.23168853532100647,0.13042606327946432,0.09971285836159506
stat_11,0.19206485547595847,0.19256764568554038,0.19370676568977224,0.1949051471152229,0.192662499028613,0.1932792201456259,0.19200833892844385,0.19141757021709307,0.18877667669203615,0.18495787084731896,0.1830087210312436,0.18269359508485905,0.1798492485950868,0.17674522172603035,0.17323039026189505,0.1690557713407042,0.16414823242654009,0.16160900284357457,0.15981331038323537,0.15635785684745504,0.1523911105894059,0.14835372289611456,0.1470959305773163,0.14722750339576793,0.14387660718988085,0.14010168083298255,0.13958933082818586,0.13964012814805643,0.1456447773695321,0.1423098754326629,0.1405739398300448,0.13994564273233806,0.13756851655816613,0.13461642892604062,0.13446072590504704,0.1419952053536516,0.14148026062019234,0.14822694856989085,0.1458682095895545,,0.1242329464800924,0.13985660979729095,0.12736341258297473,0.12868724152422342,0.14699324614490528,0.15545131138794047,0.1499156239747885,0.15341386789063316,0.1502023814591121,0.15082369825131287,0.1518433930331549,0.15250912258819657,0.15549157015909107,0.15882142514120026,0.15275409596942244,0.15286088127892436,0.15936771255300153,0.16352601445386195,0.1660023062913748,0.16482323865616225,0.1649701138962439,0.1650777578898795,0.17068647301794634,0.1768355298927032,0.18376843818026298,0.18519071536809642,0.18236940862558781,0.18780578986580565,0.19167595359095596,0.18848664891001501,0.18953719919675957,0.19130062966905326,0.19023920391575957,0.19198641685621382,0.1948764133987824,0.19393336906600694,0.19536524645010836,0.1950914920071259,0.18067362076597396,0.16223791966386703,0.13117226493683856,0.2999872228451357,0.16494188908476404,0.12986911664905548
stat_12,0.14669305033157368,0.1470483105462945,0.1479096169772793,0.14885164442363563,0.14720202830059295,0.14767131230966013,0.14670746855893557,0.1462363194623467,0.14424001500258274,0.1413821157034202,0.13988609661705612,0.13964480378352134,0.13745588743719808,0.13510104600216374,0.13243301304916336,0.12923489488436435,0.12548150187602475,0.12352735982136757,0.12215167155567402,0.11953937529597627,0.11651482817347142,0.11342281886508418,0.11251749219243745,0.11263025906377734,0.11007985115692091,0.10990488212195944,0.10945947518166542,0.10949431925998258,0.10861848979381793,0.10893733357942303,0.10750169057032906,0.10689774766272882,0.11175219024903205,0.10939925494548434,0.10928399891399895,0.11298821653203976,0.11273433985643895,0.11114503124861361,0.11375553493449084,0.10422694839998559,0.11595688224160938,0.10266107905363513,0.11246126834995215,0.1102691096192157,0.11655372821168816,0.11851349464400293,0.12029161176526602,0.12258919995407312,0.12210991201790905,0.12239246529708761,0.115786121398456,0.1164690063563775,0.11920742240384499,0.11875878187090275,0.11991140054044241,0.12000809803045398,0.12219696028740958,0.12548720891454626,0.1270428313771427,0.126044080373544,0.12608800422830116,0.12608476815057884,0.13037937798942864,0.1351602509701623,0.14043585934950498,0.14149525900842944,0.13942033138414317,0.14354360783941175,0.14652240502391606,0.1441299335118532,0.14487030906490436,0.14622619036904333,0.14550883781652565,0.1468453172893724,0.14898698116567835,0.14821986229581657,0.1492428370453412,0.14910519966262303,0.13815853876190376,0.12411051884772871,0.10274593047296311,0.23159853273219783,0.13039683449699402,0.09968260046279777
stat_13,0.17633973480412105,0.1767925646808865,0.1778437734689776,0.17896706464377718,0.1769358488041081,0.1775289906657517,0.17638649202411555,0.17584733738829372,0.17343064304674793,0.16994069274799284,0.16815739377252983,0.1678670605924264,0.1652418197113338,0.16240434405516452,0.15919701211435125,0.15536456128853116,0.15084539499676672,0.148502425328028,0.14684707051062743,0.1436891089294415,0.14003651791611837,0.13633113942507546,0.13522269884469235,0.13535294878354684,0.13227331717228824,0.12876857048168808,0.1282916070195022,0.12833639866271654,0.12737550717470497,0.12439237830246146,0.12280690307218779,0.12217242785115479,0.1200886084242483,0.1175443915299167,0.11741367344008348,0.11727495962653947,0.11701693186366369,0.11536256616351248,0.11384546953816649,0.09876531221090458,0.09406512092260726,0.0926112243272841,0.0938524899202579,0.1017682398838176,0.11663915486315961,0.12283307334593041,0.12476148376176552,0.12718698834305686,0.13121301663758775,0.13159080121582623,0.1324861263367433,0.13320577964543237,0.13613504671701226,0.13921643969616357,0.14051600199309952,0.14060176739794464,0.14672170644264002,0.15060261640437722,0.15269872014935107,0.15153608635030943,0.15161429508102695,0.15165476112555953,0.1568304746735207,0.16251869327734222,0.16887478066911776,0.17012230842230222,0.1675177022231668,0.17252413786170204,0.17608530393881006,0.1731400104429014,0.17408704990619006,0.17570128011650055,0.17471527230265607,0.17629724197966712,0.17891817333095023,0.1780313470127372,0.1793363598769774,0.1790992132995123,0.16595604452771265,0.14905280139569202,0.12111598286177844,0.2760173916489518,0.15370379884409244,0.11965311082301144
stat_14,0.19221184158139235,0.19271435230649192,0.19385440232502799,0.1950546707615401,0.19281200503692877,0.19342915638270675,0.19215694603312483,0.19156486580059467,0.18892256699989635,0.18510252939001595,0.1831513479027615,0.1828359895940698,0.17998970953414245,0.1768919049114139,0.17337461002472387,0.16919478436169216,0.16428468519256695,0.16174300244172746,0.15994565855844187,0.15648808839660772,0.152518764757489,0.15601247615506572,0.15462613350641005,0.1547550924679499,0.15123173964579015,0.1472894193513747,0.1467447729928499,0.1467991750545998,0.15415567786331758,0.1506624276255104,0.15877560126375503,0.15820307146098792,0.15554744577359672,0.15217400304830622,0.15198654752016566,0.1633721580279048,0.16245656075276782,0.17401741872389972,0.18936668037664853,,,0.14009849362591434,0.15232337256399156,0.16310901203485562,0.18494603931360273,0.1795731400195952,0.17085489599714918,0.1755925466229884,0.16954606453561294,0.17048804746040624,0.1716067615038585,0.1720932417358476,0.16438307825733925,0.16782283028145012,0.16044403321226194,0.16058000602902422,0.16730748323305164,0.171633841033626,0.17440785576427995,0.1649556457634314,0.1651046555441971,0.16521164319904522,0.17082458437765796,0.1769793843642093,0.183919020836493,0.18534330674317182,0.1825132062777155,0.18795273778439003,0.19182652644008888,0.18863553517642387,0.18968544721706784,0.1914503458453507,0.1903884563483484,0.1921356456763646,0.19502548852487656,0.19408019063951637,0.1955128636588173,0.1952396322021469,0.1808167762355079,0.16236796962190378,0.13127679648144835,0.300234319880475,0.16502239537226301,0.12995427039182555
stat_15,0.13722606627614992,0.13754848231732125,0.13834173866660346,0.13921391029851796,0.13768252882617624,0.13809388008279372,0.13717035034584782,0.13671292995340747,0.13485451412461727,0.1322036115089349,0.13079262259507984,0.13056766152299368,0.12852413037321408,0.12631431111504687,0.12380595827247659,0.12080474894088576,0.11730921586393997,0.11548098351031394,0.11419711124124843,0.11175063160084722,0.10893323554992132,0.1060253454540487,0.10515107681401806,0.10524982281113879,0.10286945189742916,0.10016322023728338,0.09972613068317994,0.09975557135483448,0.09891520048624536,0.09654320136862826,0.0952345483372774,0.09469074115150104,0.09309226608844628,0.09319131070430721,0.09309657619928362,0.09509103091267326,0.09487439978780723,0.09361115461685557,0.09243920012146922,0.07591485275944096,0.07938072075361148,0.07159658337093765,0.07669068487377921,0.08310261949734307,0.09531843176105369,0.10019227519999291,0.10137764833991553,0.10317034297193103,0.10385602719948175,0.10169487668281467,0.10235611047584817,0.10293272353878012,0.10543008763512109,0.10802776359915076,0.10914688073536699,0.10926718154698001,0.11412493095539408,0.11721156108272276,0.11866105222673524,0.11776554439981023,0.11783307513844528,0.11784431637437043,0.12184343370135071,0.12632198955328594,0.13125648783368815,0.13229960186055847,0.13043556317400923,0.1342552195051402,0.13704746326565254,0.13486018697288388,0.13552583692114642,0.13680472398660964,0.13620993777470602,0.13748176567181364,0.1394769444813261,0.13875153310961583,0.13967060459247949,0.13957509009709598,0.12926437311142203,0.11611909744914405,0.09707379266749144,0.21766793513601268,0.12227230387180034,0.0930767813070493
stat_16,0.1434382554335384,0.1437812346573824,0.1446199228058502,0.1455406048703599,0.14393494594289322,0.1443871197736067,0.14344129283609985,0.14297407686503738,0.14102975207045101,0.1382455126353699,0.13678356642034967,0.13654779863175898,0.13440710729020966,0.13210427316004666,0.12949212494698953,0.12636055894212278,0.12270443749235206,0.12079338464049864,0.11944893171117239,0.11689561141807356,0.11678652192373006,0.11368902750113298,0.11278153149232746,0.11289553153571791,0.11035657938026017,0.10744955545379849,0.10700544171118652,0.10703823180883434,0.10884061112419527,0.10626088614003287,0.1048631715085416,0.10428494058336588,0.10252033189824666,0.10042576300956324,0.1003250876345116,0.10021810955084046,0.10003266360088671,0.10442033288019306,0.10310044582210584,0.08102447933081368,0.08453154151455328,0.08023549354766056,0.0879531082320435,0.09531557757497963,0.10603318956182893,0.11153709823389042,0.10686121300619215,0.10874601178440131,0.11200145414042863,0.11213705906340928,0.11287599868913091,0.11351576944896072,0.1161987625737793,0.11897264126162936,0.11717735869535402,0.11728414624842098,0.12248191670387479,0.12576410383168737,0.12732370256208744,0.12632834731503995,0.12328331771633802,0.12327939176411806,0.12747263690203148,0.13214533228882536,0.1373036750643951,0.1383547646177488,0.13635035070671667,0.14037152069153852,0.14328261531323078,0.14095874038739553,0.14166805384242329,0.1429972740317043,0.14231649279205166,0.14362640197473467,0.14571319320419035,0.14495769855498625,0.1459454862194621,0.1458227785261849,0.1351093615347508,0.12137448785550535,0.10079450121641223,0.22681994519804166,0.12761316533295441,0.09741262870767341
stat_17,0.1434054231420689,0.14374866143604642,0.14458658458837478,0.14550575513310327,0.14389899836629624,0.1443496990737534,0.14340296092876695,0.14293612421092677,0.14098885171966336,0.13820436755079174,0.1367375518633791,0.1365019041320193,0.13436370031804212,0.13206093804070634,0.1294505841493415,0.12632052313049585,0.12265699458882524,0.12369017141591021,0.12231299353011259,0.11969808043305406,0.11965911063148083,0.1164874781856763,0.11555748180175313,0.11567482991581177,0.11305373816281315,0.11005070537805473,0.1126057732697736,0.11264210171916322,0.11174034637519921,0.10907803000488828,0.10763190015647166,0.10702388637284195,0.10520622648325224,0.1030207355602511,0.10601118837234134,0.10589212230093416,0.10907876519271176,0.11551724483953915,0.1186224170551748,0.09886594071084483,0.11598201152735656,0.10898156961437591,0.11256383522152494,0.11045617895015296,0.12127582755573406,0.12297927756296828,0.11643967698351375,0.11491441689693971,0.11841966633761447,0.1151380703278397,0.11590724714199048,0.11658901308825029,0.11933654178358007,0.1221728317867919,0.12336116826001162,0.12015566599690425,0.12549736163259514,0.1288713428202648,0.13048834704695858,0.12946057097958688,0.12625200365590167,0.12624764009841752,0.12742569927213498,0.1321036392477286,0.1372604616496508,0.13831185088029502,0.13630949628875821,0.14032686067716232,0.14324168894482942,0.1409201497717696,0.1416327432611565,0.14296171958817006,0.1422835706080297,0.1435950674815055,0.14568343018870683,0.14492913398273674,0.14591597381840515,0.14579349575018646,0.13507354229946453,0.1213404016023646,0.10077873393548226,0.22677183978101673,0.12756876986078816,0.0973829778289797
stat_18,0.14022200874312837,0.14055449056716543,0.14136933966861623,0.1422642613041739,0.14069634596554395,0.14112681449018824,0.1401920503337436,0.13973003646979254,0.13782861537173116,0.13511302753260324,0.13367501520357086,0.13344487675848027,0.1313562377070501,0.12910148328245413,0.12654445028678052,0.1234807142030276,0.11990430226315342,0.11803647759089332,0.11940191721204901,0.11684830594250907,0.11389525632715346,0.11086423797841835,0.10996712691068597,0.11007504719489287,0.10758341055997934,0.10726361627387337,0.10681979352576275,0.10685303411467612,0.1059775659288348,0.10344106989660612,0.10205328479425897,0.10147481437885394,0.09975514416302547,0.09771143583651543,0.09760844342437118,0.09749602089038104,0.10582545926725688,0.11139681690011884,0.11880505711201644,,0.11583725624582364,0.1266358966170669,0.11238380077612568,0.11553895077733528,0.1214630108650044,0.11875678650858536,0.11299987720279629,0.1057859013996688,0.10895137202390547,0.10909421518532987,0.10981590432592607,0.11045292313052098,0.11309778101480822,0.11583208735284048,0.11698742342306832,0.11709211663484324,0.11939543526571765,0.12261629691937903,0.12413786998712664,0.12318024241460683,0.12323380574717008,0.12323360814770662,0.12455205066233527,0.12912678905268804,0.13416913117699877,0.1352156967483943,0.133284757251687,0.137199294895491,0.14005088313259154,0.13779873630901815,0.13848701380410525,0.1397901818000992,0.13915514087244538,0.1404461253317255,0.1424865059944552,0.14174705850107489,0.14269885193767098,0.1425903733765098,0.1320808367152119,0.118650492197262,0.09887103123548519,0.2220838221638,0.12484019901038183,0.09516299204515809
stat_19,0.15053929730892504,0.15090727742247306,0.15179443687645153,0.15276238527610264,0.15106439928541848,0.1515527720659472,0.15056897573451583,0.1500900861822174,0.14803878386512942,0.14509856051799677,0.14356621873098602,0.14331845046345196,0.1410720302588872,0.1386578227990538,0.13592359901312892,0.13264376026754449,0.1287893584435825,0.12678586413613882,0.12537366367826924,0.12269372128455837,0.11959304515287346,0.11642639404744846,0.11549819137540714,0.1156158045013794,0.11952745244513527,0.11634863826484958,0.11589370427253814,0.11593184596986397,0.11502979411668765,0.11230595093311188,0.11084014048650188,0.11023454502582715,0.11192399658673141,0.10959202735263439,0.10946946858139142,0.1093472771040168,0.11281826240887197,0.11543261966212309,0.11852927115579147,0.10412364807090431,0.11583725624582364,0.11674135895869824,0.11924124132794767,0.1288783059143809,0.12118416122152327,0.1228906710533549,0.12036116803053101,0.11864653355808581,0.12229893695553858,0.1225594092250471,0.11942249185969585,0.12010808371561234,0.12289551804888714,0.12577911873401057,0.1269735787979224,0.12706353262314896,0.13268556054777286,0.1288070484739133,0.13042114312943326,0.12938929350781897,0.12942504167390542,0.1294204245662307,0.13382996335577904,0.13873094113256332,0.1441462155502812,0.14522116584968067,0.14306952733221429,0.14731058991346999,0.15036529263777235,0.14789656156092462,0.14866478594809845,0.15005331544830464,0.14929479075292196,0.15066057146226533,0.15286268070519618,0.15207889321936074,0.15314052202386136,0.15298858355631378,0.1417694100579184,0.127352744407792,0.10509956398506347,0.23732630381904357,0.13354418914461838,0.1023101462642856
stat_20,0.17646922680982552,0.1769217960202184,0.17797384290233215,0.17910051802489535,0.17706936042998905,0.17765996671174458,0.17651643001771752,0.17597397139007992,0.17355354538055784,0.1700625946712306,0.16827772960981277,0.16798720154712773,0.16536032767983985,0.16252907377852815,0.15931888549532566,0.15548259672780787,0.15095783942602675,0.14861853920140428,0.14696197560421692,0.14380549470601112,0.14015742225720002,0.1364474009271853,0.13533847508690827,0.13547106552318738,0.13239662939085192,0.128901649091554,0.12841791262781305,0.1284625301345455,0.13270702170830112,0.12961356396705506,0.12797638424693344,0.13325389521317962,0.13098982357440206,0.1281908667039921,0.12803955593552596,0.13436958517772643,0.14165852037905938,0.15961827646597146,0.17066216084916905,,0.1242329464800924,0.13985660979729095,0.1521018223769868,0.1486156270578232,0.1691002379662804,0.16626477885361934,0.15008652906392325,0.14537829659419021,0.1430574356421967,0.14358073864619247,0.1445502739929403,0.13882523796444915,0.14179297970912152,0.1449601229353311,0.14064323562754943,0.14073720555796262,0.1468472818288803,0.1507237742244673,0.15282017871782425,0.15166180365337745,0.15173450574660882,0.15177088478596457,0.15694415639588438,0.16264079098224674,0.16900195334604926,0.17025202031137554,0.16763912532466105,0.172648183482978,0.1762122481153478,0.17326559311982587,0.17421455462405525,0.17583215537002297,0.1748455694666237,0.17643026488117705,0.17905096143708377,0.1781605319627876,0.17946627096851928,0.1792295787022395,0.16608680321141872,0.14917172273939588,0.12121016068414585,0.27624161949154796,0.15377807939802418,0.11973130689940314
stat_21,0.143467421911244,0.14381016122290624,0.14464947658524585,0.14557168076452282,0.14396694842671387,0.1444205710391215,0.14347215968217386,0.14300491274998037,0.14810842260539042,0.14516818108602111,0.14363559091023598,0.143387656396494,0.1411382257021434,0.14253631453868165,0.13972585145121463,0.13635681152047355,0.13239098498304147,0.13032796167854488,0.1288753144929748,0.12992558655779937,0.1266281138717323,0.12327901731264404,0.12230163347236647,0.12242730336282216,0.11964902150093153,0.11647452130653792,0.1160164436854022,0.11605440847680598,0.1187881863040288,0.11597735612884161,0.11446023888878552,0.11776823124593196,0.1157586597561454,0.11332221624684019,0.11319412617316335,0.134413978623122,0.1416556185500575,0.14837731246697344,0.18925091736785957,,0.12448044791470347,0.14018388454702077,0.1523847669287091,0.1631001325739489,0.18485424259273853,0.155588507304794,0.15008621468114683,0.14542602115133219,0.12648271158231436,0.12680590763783506,0.12766737299873585,0.12406744299041644,0.12691775877400974,0.12987379073003893,0.12709828747501012,0.12719259712990227,0.13281096998750705,0.1363651377262458,0.13811852119781826,0.13702867870017346,0.13707309463605077,0.13304457950189424,0.13758610391918008,0.14262056482741,0.1481876746900644,0.14928132209962583,0.1431328970273897,0.14737879236521137,0.15043527398043127,0.14796322778822926,0.14169717506803328,0.1430263033475784,0.14234649234072064,0.14365476884746348,0.14574017802000147,0.14498335232154375,0.14597191615768734,0.1458490604133635,0.13514072086780926,0.12140421637191501,0.1008090934946246,0.22686373506336155,0.12764493300740526,0.09743652714780193
stat_22,0.1764046738157431,0.17685734767247197,0.17791005889533537,0.1790362706796946,0.17700629359570969,0.17760005872069692,0.17646007136583872,0.1759190409273791,0.17350121186184392,0.17001075754458783,0.16822573050721087,0.16793521073176904,0.16530704487895387,0.16247281764026303,0.15926557791808824,0.15543397159912314,0.15090756461360585,0.14857115605688243,0.14691625225727323,0.14376173741017792,0.1401163940472262,0.13641415803316326,0.14088308327751595,0.141014841816654,0.13781300365142984,0.14023698146095598,0.1397223419962445,0.13977297176093434,0.13876200047552212,0.13555431554529473,0.13386164017076374,0.13321247453759696,0.13094637863897532,0.12814457666608395,0.12800031075509805,0.13431551684702175,0.14163456778878913,0.15966195338441064,0.15689352266287374,,,,,0.1488257911936611,0.15698467726368218,0.1663180004242326,0.15007673803000404,0.14533442109371708,0.14302350547687026,0.1435412207820298,0.14451346887606242,0.14522415448480308,0.14822431148859114,0.15147383298154932,0.1528975511817373,0.15300721740523268,0.15277796728093054,0.15678908387731572,0.1527976163931791,0.15162687854298892,0.15169174557180487,0.15172438611777686,0.15689407056186552,0.1625916950246893,0.1689473492070047,0.1701907391043544,0.16757819496337348,0.1725899879624123,0.1761546508799052,0.17320484771859768,0.17415256640459392,0.17576872306571334,0.1747766254552949,0.176358197467627,0.17897715273317916,0.17808825770840028,0.1793954529447301,0.17915737281776073,0.16602224801729268,0.14911513670843196,0.12113957308379836,0.27609720554516776,0.1537951010696,0.11971485198851946
stat_23,0.1401020009521394,0.14043419515353592,0.14124965305025936,0.14214601326419216,0.14058084054983885,0.14101450687220293,0.14008066055929586,0.13961985414577754,0.13772269647626503,0.13500931672233094,0.13655425531833118,0.13631888032139705,0.13418213265697648,0.1350547545477957,0.1323883338038023,0.12919150036899196,0.12543938194426113,0.12348427962362636,0.1221089349539231,0.12260310064067866,0.1194914815859253,0.1163229031221165,0.11540418489214026,0.1155193182793841,0.11606395842247319,0.11298278859934824,0.11253277834349656,0.11256914712048316,0.1116703477479408,0.10900679440158428,0.10756767633667187,0.11018072139045314,0.10829859675944276,0.10952766340873445,0.10940820345820051,0.11727996898190883,0.13392966100978015,0.1394561021987867,0.13730901745403307,,0.12467828594334816,0.12688912239860523,0.1382233401233942,0.13769445943472924,0.13905568072527344,0.1469291017462788,0.1422307439989977,0.1271925793182361,0.12223679577190862,0.11856700381994213,0.11937139688424916,0.11652866975491431,0.11927330023585696,0.12210941366111482,0.12329121478275201,0.12338435282577317,0.12885642594697516,0.12871886200971921,0.13032177878465345,0.12928988424431137,0.12933322276937587,0.12604117920917343,0.13033668804278895,0.135115655322507,0.14038937562919612,0.14144611516134226,0.13612140433023082,0.14013641980666397,0.13993885425318398,0.13768388986132918,0.1383696066776771,0.13967101217933547,0.139033077115428,0.14031981631496385,0.1423563103965655,0.14161654540130258,0.14256961733757956,0.14245988604283055,0.1319728754385812,0.11855612470109868,0.09876870387040443,0.22186663057431752,0.12483003759154294,0.09511739900324961
stat_24,0.18363932283486245,0.18411542412860404,0.18520866598737504,0.18636901087862784,0.18424073058874943,0.18484729425247273,0.18364833581155773,0.183085179579357,0.1805628716552935,0.17691990845437652,0.17506134312023586,0.17475939503262783,0.17203125258359675,0.1690726043193575,0.1657250507470484,0.16173430775626638,0.1570302924349217,0.15460051390975424,0.15287803823672605,0.14958449218730327,0.15239654817451426,0.1483487333842143,0.1470830241117689,0.14721456521385648,0.14386316302614766,0.14008370110876325,0.13956658523875534,0.13961738653431247,0.13861589068390195,0.1354108712499765,0.1337305715629018,0.13309412766977047,0.13082512146213815,0.1280285862935439,0.12788199348352958,0.13424631204301365,0.14148026062019234,0.14832615717420466,0.14597187115325552,,,0.13995573139596762,0.12753535465527804,0.1375812322987288,0.14707938098527704,0.15553643381707327,0.1499156239747885,0.14525645591807498,0.14289345015324356,0.1434164250174172,0.14439375353941172,0.1450940158284795,0.148077325169542,0.15131889902157047,0.1527297265975555,0.15284149758543378,0.15935287083986344,0.1635116326542639,0.16599659009267376,0.1648290183006673,0.15783238848430073,0.15789807685807003,0.16327387392462028,0.1691810700184296,0.1758044619308009,0.17712570602333805,0.17441325498843524,0.17962277439557076,0.1833268711268139,0.1802638939590973,0.18126110447819532,0.18294482776240012,0.18191754975428967,0.18357416066477703,0.18631824993622464,0.1854043514128122,0.18677036301250316,0.1865147966824771,0.1727941972378381,0.1551811803211235,0.12575837530532818,0.2871135457023273,0.15901885215803327,0.12443128046366639
stat_25,0.1400788523860298,0.140411581858825,0.14122562236959774,0.14211883780353415,0.14055108199320662,0.14098116731217175,0.1400479620664388,0.13958718355615757,0.13768716661648422,0.13497279581788243,0.13353671981673215,0.13330680201007242,0.13122001101454434,0.1289675376632599,0.1264134204663263,0.12335380972049569,0.11978008155892013,0.11791410545440195,0.11660236576252724,0.11410675188734636,0.11122805440957909,0.1107475011278979,0.10985656868830863,0.10996434081954017,0.10747406538867157,0.10463165179900925,0.10670577457744257,0.10673915565791751,0.1058663474524083,0.10333586307703464,0.10195647910359665,0.1040799824427633,0.10231404163794615,0.10301340953304153,0.10290579229645666,0.10279049413798494,0.10560677886240247,0.11125809347217458,0.11387049179400656,0.10433100142787147,0.10376734161258429,0.10927880850715997,0.1067798115882228,0.11041053642592753,0.11664717133091804,0.11860730381646438,0.11278219343163143,0.11155495704496754,0.11492932947443313,0.11193800922761672,0.11268261218548387,0.11036403046486905,0.11300253978208152,0.11572674794949288,0.11687427365193348,0.11420300876168485,0.11928605128574207,0.12250463317757154,0.12401756431269394,0.12027593517679874,0.12033227534217497,0.12033737421805342,0.12442640271058487,0.12899558227174054,0.13403242747404487,0.13507608593811646,0.1331448808044273,0.1370565121124206,0.1399046934269421,0.13765394753563498,0.13834279848429173,0.13964457047130996,0.13900950114797073,0.14030039859380378,0.1423406386791972,0.1416032747542374,0.1425544500507167,0.14244539034331954,0.13194175611028242,0.11852433242072499,0.09876918283220255,0.2218427966545512,0.12476527569985214,0.09508192792863458
stat_26,0.14673965195882024,0.14709473892628125,0.14795634551760473,0.15271097029287584,0.15101429914533804,0.1556698057867593,0.15466717354588164,0.15874284144924677,0.1615940028844477,0.15835999302433204,0.15670433311562015,0.15643352116652534,0.15397962663396708,0.15657322479123667,0.1592932798061374,0.16195521430481244,0.15726821450504114,0.1548351291333513,0.15310980714240705,0.14981252047407423,0.1460117373862408,0.14214170174747695,0.14740783586345788,0.1475393975943305,0.14422812988964467,0.15564121180482868,0.16524945778707092,0.16531378077717437,0.17689619435363996,0.17303902942633106,0.17107755193128388,0.17059855169664156,0.16774885504527368,0.16411296711600323,0.16391259024668753,0.1632711577068952,0.16237642794811996,0.17395680308437617,,,,,,,,0.17952221203005722,0.17078553589430315,0.175497380655529,0.1826228688207687,0.1837965456069272,0.1849865412916389,0.1852615263384347,0.18791329367672782,0.19154823334906187,0.18017026137183362,0.1695183219704964,0.1597379923934937,0.1638602856482494,0.15913916885976037,0.15797012459548668,0.1580700350031379,0.15813154831453993,0.16351463075435696,0.16941065133250363,0.16897602623546498,0.16399861501924162,0.15610074193720344,0.16076307473300902,0.16408132321792993,0.16134381668716283,0.15718142203417051,0.1541090170425025,0.1533021286470811,0.150605249886748,0.15280552896671115,0.14826635562238571,0.14928949434939562,0.1491521410388602,0.1349832506904095,0.12125896930461753,0.10071144736900677,0.22661401160848121,0.12752509259432487,0.0973311693080907
stat_27,0.14013252071916574,0.1404648351189372,0.14127993241397654,0.14217534405428986,0.14060914634318528,0.1410398937547984,0.14010445525693985,0.1396430430747171,0.13774514402062482,0.13503112225726657,0.13359857505422587,0.13336850652851454,0.13128010680103067,0.12902603491891346,0.12647141653842586,0.12341091012296859,0.1198429291986912,0.11797567864193108,0.11666340046836757,0.11416842708585156,0.1138366256752502,0.11081094635750814,0.10992418368715227,0.11268358176687528,0.11297344546973556,0.10997878460962753,0.10952759388457482,0.10956221639312116,0.10867849851475558,0.10893733357942303,0.10750169057032906,0.10689774766272882,0.11179401399109122,0.11327105054944749,0.1174869725992714,0.11733162848054901,0.11705605434153483,0.11538712807788357,0.11848398531880168,,0.12467828594334816,0.1092685648038474,0.11257611368793832,0.11028122436106891,0.12115119997408487,0.1228605583022391,0.12480602760124816,0.12725152500299952,0.13129357286023696,0.12243363938792204,0.115786121398456,0.1164690063563775,0.11920742240384499,0.1188173861823983,0.119981630225679,0.12008521449943584,0.12542006733158445,0.12554692573723597,0.12408824663579929,0.12312328837688719,0.1203963682955781,0.1203973284561829,0.12448853433983782,0.1290547975111553,0.1340925886350753,0.13513448219506483,0.13320252889681636,0.1371171727173091,0.13996327508860684,0.13770978258530883,0.13839582279529763,0.13969800695715537,0.13906270532882828,0.14035257576330656,0.14239056890293447,0.14165132135887168,0.14260374588787483,0.1424945014795047,0.13200056198339954,0.11857992099764,0.098798728779282,0.22192731175296235,0.12482564864088287,0.09512621317855906
stat_28,0.1505488918341041,0.15091697287018194,0.15180404535059272,0.15277177978175266,0.15107333842348833,0.15156312393284865,0.15058340548122512,0.15010457864503307,0.14805423205877877,0.14511363362359286,0.14358142548501138,0.14333363609042166,0.14108737719179867,0.13867465263504866,0.1359405000047918,0.1326600539164359,0.1288068320076235,0.12680362559553696,0.1253910215338146,0.12271039422923642,0.11960940439727719,0.11643989881938512,0.11551279008919461,0.11562894181611687,0.11300986011928327,0.11001850107908943,0.10957565326457819,0.10961037670846913,0.10872905040247814,0.1061465125299152,0.10474747970444832,0.10416282776228754,0.10239752773143823,0.10029381216098876,0.10019439170994168,0.1029457174706675,0.10275715424024534,0.10139749708378118,0.10014377787229288,0.07860158779287474,0.08218216990514089,0.07775213083261837,0.08298867421776947,0.08988565542192822,0.10307481249545988,0.10837498372476899,0.10975324854430132,0.1117118032527407,0.11186585084925633,0.11201851824620296,0.11276085567603306,0.11341102580805237,0.11609295324590801,0.11886363302785831,0.12002693848676929,0.12012194673297596,0.1254502075079386,0.12882046094848726,0.13043538887507158,0.12940653368789523,0.1294424960500615,0.1294383711723984,0.1338480983801384,0.13874792449842818,0.1441640982483751,0.1452389629406392,0.14308547320438916,0.1473264981429674,0.15038113962030536,0.14791236097092955,0.14867956665496324,0.15006814983525346,0.14930587932314598,0.15067059655974127,0.15287334134679392,0.15208970960141477,0.15315123180252846,0.15299933293334936,0.141775210025216,0.12735741332542,0.10510603653825526,0.23733876720363378,0.1335428486927305,0.10231242515884911
stat_29,0.14011520892492188,0.1404479067934536,0.14126201053634999,0.1421552386522752,0.14058721169236696,0.1410167397952872,0.14008238010438087,0.1396210754324127,0.13772056261391546,0.13500582256864357,0.13356904656933916,0.133339087472957,0.13125083190073367,0.12899726999923114,0.12644058855424847,0.1233796613524795,0.11980492054486573,0.12066585403555206,0.12223301119875268,0.11961847285960714,0.11658959183332387,0.1134930681911809,0.11258159948909977,0.11269236694661765,0.11302100075324079,0.11002284219798128,0.11258426476129882,0.1126205585306708,0.11171620339663393,0.10904988297917477,0.11444918225671341,0.11786231033566709,0.11585922966201292,0.11340807378655103,0.11328438024232738,0.11314989390975945,0.14173376511667643,0.1394561021987867,0.1460664956583966,,0.12448044791470347,0.14018388454702077,0.13845467273393605,0.13769445943472924,0.1471600475591992,0.1469291017462788,0.15016041138386094,0.12275110814675552,0.12658068960780167,0.1269056022626239,0.12775879642078597,0.12405949658538627,0.11931504599448595,0.12215568610006973,0.12334485341928347,0.120131270537647,0.12546916768944283,0.12555314258034636,0.12711756982516015,0.12612278672949878,0.1261700290884627,0.12616685423845347,0.12445153175157465,0.12902221522144733,0.134060713186139,0.1351074919414123,0.1331773133105953,0.13709051530873936,0.1399396000215586,0.1376890044940284,0.1383778390570351,0.13968019581148133,0.13904624559012715,0.1403378332467803,0.1423784467035057,0.1416408579653578,0.1425919749719209,0.14248317751537762,0.13197654613620471,0.11855554878453164,0.0987974411369717,0.22190688731363334,0.12477813112819437,0.09509984919175613
stat_30,0.1372454899635615,0.13756781554875744,0.138361361373356,0.13923428940232752,0.1377032205034414,0.13811504441170983,0.1371915845916886,0.13673420259989374,0.13487569598798999,0.13222475399441042,0.1308136627550989,0.13058865601433242,0.12854474517843648,0.12633504563792367,0.12382659109506088,0.12082493566482388,0.11732897704665318,0.11550002001723948,0.11421598956396763,0.1117697602644548,0.10895200870072345,0.10604542308397115,0.10517183473493122,0.10527210660220973,0.10289373269354794,0.10018789877064412,0.09975260507157832,0.09978197743457308,0.0989491894824881,0.09658071428253096,0.095277697147203,0.09473695255135312,0.09313836527629138,0.09126841885397435,0.09118065839079495,0.09106223674622561,0.09292873469900434,0.09172997110979543,0.09263585064298129,0.07381934320256756,0.07717805131974544,0.07537895838527002,0.08055019292574281,0.08327210456213587,0.09551488515123895,0.09818980131484746,0.09928356299066766,0.09875704665342108,0.10167996304640185,0.1017376846457608,0.10239783770770919,0.1029700977754458,0.1054647275248234,0.10806183562198567,0.10917441625413243,0.10929304479827179,0.11415099785797748,0.11723610610778283,0.11868320620836144,0.11778575239112997,0.1178529980909808,0.11786316051301028,0.12186327183485805,0.12634295514595345,0.1312780153056628,0.13232065163615198,0.13045575918655292,0.13427619960496504,0.13706894919816415,0.13488090864230998,0.13554637427798572,0.1368252017262794,0.13622969508495297,0.13750104218467055,0.13949575369244396,0.13876966430131493,0.13968908019169698,0.13959352137456033,0.1292841529615954,0.116137508365262,0.09708490678458137,0.21769776282567058,0.12228979735997447,0.09309093539215386
stat_31,0.17636791041071484,0.17682073009107246,0.1778722764469861,0.17899616134534327,0.17696502405704923,0.17755594078092993,0.17642167058510597,0.1758802880077109,0.1734633764163441,0.16997307038611753,0.16818774809250922,0.16789734976492138,0.16527121599318229,0.16243762461920247,0.15923032712771193,0.15539901620113028,0.1508745921831394,0.14853304222279282,0.14687874279691263,0.14372228686305455,0.14585717920378624,0.14199146617041408,0.14081664425565313,0.1409481391896798,0.13774067985112134,0.13410563124598848,0.13361104850114472,0.13365853479412118,0.13267426409713864,0.1354801319817637,0.13379539802910725,0.140063227662556,0.1376900906579048,0.14264880470367347,0.14247842636740754,0.15172113132696083,0.1510651028346803,0.1739792587960335,0.17070281864651637,,,0.14018849891115326,0.15238121950927735,0.16309328203245566,0.16914193019114507,0.17954308040212894,0.15955456860099942,0.16355880066715683,0.1590701987537913,0.15094672991192776,0.1519605164911564,0.14515732055472055,0.14814601686462403,0.1449340831478577,0.14628859529456018,0.14638472777543837,0.15269554361144624,0.15671088984712145,0.15897655790955004,0.15780556526303124,0.1516492765958561,0.15168684938068114,0.15686033553640633,0.16255468960803965,0.1689098879072489,0.17015638849558362,0.16754653733298475,0.17255450024524793,0.1761182548626148,0.17317183296988672,0.17411880102652674,0.1757353061996893,0.17474056764536017,0.17632492682959974,0.17894575145992628,0.17805850007018456,0.17936393175804016,0.1791266719325673,0.16598260769227807,0.14907720210646416,0.12113184510951511,0.2760574246012193,0.15373414795073345,0.11967423101072237
stat_32,0.159157060315833,0.1595540531170395,0.16049932313016105,0.16152383549649635,0.15971637369244954,0.16534151213909787,0.16994697227587924,0.1694241969966838,0.16709587898117964,0.16374145927767494,0.162022130395046,0.16174220816162033,0.15920849117821245,0.1564809979864852,0.1591868986875545,0.1553562105401032,0.15708554967642294,0.16170763857715137,0.159907386616017,0.15644868409933857,0.15247235058181682,0.14843499136648453,0.147174536201837,0.14731230273687163,0.15116085191068382,0.15569641569300016,0.16527846481815608,0.16534276189966635,0.17694245494668612,0.1730950150655455,0.20922578874410094,0.20921589740429244,0.20586389029694535,,,,,,,,,,,,,,,,,0.2250319879935242,0.22632770094887836,0.22553679288100975,0.18796714814345686,0.19159371867262218,0.18020014736501017,0.16958271936597433,0.1672482542385133,0.16362718330043396,0.16609919290243305,0.16491554776560088,0.1650667423041478,0.16517301793359587,0.16333092910188654,0.16251088434658295,0.16886490399600307,0.16390471300577264,0.16139718275773196,0.1662212336870943,0.16965714101572119,0.16682049225983567,0.1677278367809243,0.16928523687439215,0.16275497425957713,0.15920484848502295,0.16154369757726814,0.16072451664318402,0.16187350795482686,0.161688627325596,0.1498531435198529,0.1346103555476291,0.1103650489308296,0.2501359394223818,0.14056915320141397,0.10820185502815143
stat_33,0.1372288053543313,0.13755091828463292,0.13834490123013732,0.13921870775328662,0.1376888349259669,0.13810206259716237,0.1371809202236302,0.13672347553594208,0.13486841304014122,0.13221823349667686,0.13081142746971794,0.1305863821623137,0.12854336851751771,0.12903742444609326,0.12648338334799464,0.1234228257698236,0.12549684619438262,0.12671764575335925,0.12530572751673866,0.12262449900910566,0.11951559711041754,0.11634741905470262,0.11542591824462133,0.11554299503114318,0.112923353362277,0.10992375697082257,0.10948115403120302,0.1095159503556568,0.10864128351095168,0.10605418256756857,0.10753059654539927,0.10692774779185474,0.11179560535084299,0.1094370248661109,0.10932219899730701,0.1173469688280869,0.11708692318801235,0.12564713627462976,0.12386947397405754,,0.12439907242092377,0.11681208703583168,0.11246958566111621,0.11551793784104289,0.12635220428784927,0.13326216249369477,0.12484526726765022,0.12727276228357579,0.12215012995788596,0.12243447748220221,0.11581445599760486,0.11649539799930043,0.11600941730874863,0.11878183722521704,0.1199341217653594,0.1200280014505614,0.12536617458756755,0.1287374544347497,0.13034305780288666,0.1293120426360943,0.12935449586370493,0.1293510677308692,0.13039484109702873,0.1290671801854567,0.1341050690750896,0.13514596460486183,0.13045111231851345,0.13427129861061268,0.13706038289837877,0.1348706906709583,0.13553299187434673,0.13681164373035953,0.1362127786911084,0.13748235024447303,0.1394753793026045,0.1387487643226541,0.13966881203190928,0.1395729217484813,0.1292714710203255,0.11612757598434265,0.09706663872873207,0.2176642907402731,0.1223018432835316,0.09309006010995187
stat_34,0.15912598095465283,0.15952306090578944,0.1604679125609142,0.16149165764351964,0.15968387298209888,0.16021435849597712,0.1591859872076809,0.15869019085041886,0.15651503977144363,0.15338931588230476,0.15661003173387983,0.15633942073888155,0.15922480325789481,0.16242138486210642,0.15921322480146088,0.15537905733899762,0.1642903598124584,0.16175295582377477,0.1599523888070767,0.164459677369599,0.16027834544123232,0.15601079931965112,0.1546322864589927,0.15476467706684396,0.15124225925614154,0.15579498170096526,0.17815658118955652,0.17822760340943197,0.19350682727114266,0.21126621488473388,0.20913784747182199,,,,,,,,,,,,,,,,,,,,,0.22545470347314253,0.22683315891377795,0.20850280241534788,0.19374984087243527,0.16968531627961903,0.1673338974440033,0.17166047263508122,0.1744202495889308,0.1732715857900465,0.1734980730168228,0.16521862008688795,0.17083186032110897,0.16253460978891304,0.16889243045309402,0.17013759053054764,0.1614128741917916,0.160668780665655,0.1589378129567654,0.1562982904888668,0.15713060252142655,0.15859230815106107,0.15774153633830765,0.15917429915229747,0.16151361221579588,0.16069503837341137,0.16184353428228695,0.16165873742856468,0.1498256200270871,0.13458488843622937,0.1103488274650029,0.2500941191651924,0.14054096031657037,0.10818114678352152
stat_35,0.19277809403938975,0.19327991927084215,0.19442564800393072,0.19563959268813416,0.193398121740257,0.19402565979003603,0.202603113201859,0.2019756459497062,0.19919007091209434,0.1951587933517226,0.19309699391032614,0.19276526469621152,0.18977474794808594,0.1864970670841092,0.19331950094200395,0.20120678505076056,0.19544209259079479,0.19243274323643,0.1903065878899531,0.1861066970932793,0.18138416670458338,0.17649759138373985,0.18814243167956793,0.1882346802019309,0.183967301583125,0.19573991503982419,0.21715154518482593,0.21724445522346028,0.21605559595193355,0.21170994288247308,0.20956873892239564,0.20956012715689712,0.20622625449865353,0.20170681506577334,0.2014312349092021,0.1999556843077576,0.1979774616816518,,,,,,,,,,0.2049079833027968,0.21240183748620456,0.22315884092632088,0.22540030153924207,0.22667218164204544,0.2258673238907399,0.22723682025420625,0.2310048581827298,0.23388854014872149,0.2116382288157111,0.20201077359368644,0.20696888885005812,0.1966673941182444,0.19570337399101015,0.19622164495994962,0.19661800156401424,0.2032088337281886,0.21039733450075276,0.20505599209775552,0.19543680110577316,0.19248259236982854,0.1981995242469709,0.2022779910755775,0.19893588382092356,0.2000429494408417,0.2019046612449659,0.19096247010643858,0.19270186425668004,0.1955888846638327,0.1946308759817097,0.19607059726406037,0.19579646599125675,0.1734201027124928,0.15575278148143604,0.12616218965506598,0.2881186111724295,0.15946755619956932,0.12484934931575116
stat_36,0.18428101183154208,0.18475627938498293,0.18585556071848047,0.18703013905748203,0.18490295782831598,0.18552272469092448,0.1843314701442731,0.18376806869239506,0.18124269386985453,0.1775930769327037,0.17572883983225623,0.1754256525535917,0.17268546815666738,0.16972888936724578,0.16636784825328801,0.16236046954298575,0.15764682545897998,0.15520110778156512,0.15347255675269766,0.15016761604808462,0.14634394994808744,0.14247249298702966,0.14129846116276745,0.1414340317569797,0.13821763530606102,0.13457758797941508,0.14015425959922947,0.14020443350149825,0.1391764813135344,0.13593982789579623,0.14107375531034858,0.1404274539687446,0.1380500847152735,0.13507715087724415,0.1349181245543415,0.13472101391190705,0.16312272534720268,0.1741717542093071,0.17088396480573245,,,0.14009849362591434,0.1383629818175317,0.14880739433907392,0.1692904940862764,0.17970890913860885,0.17149635480334025,0.1457535357442179,0.15069067659408686,0.15131294419594113,0.15232447027370577,0.15299448164211157,0.14859477316797542,0.1518855111968441,0.15334137042545012,0.14687797811649395,0.15319871935136034,0.15722902449549303,0.1594965688388265,0.15832287257984504,0.15844054242545175,0.1585006234773749,0.16390130835596695,0.16983204413210426,0.17647871987365493,0.17780391576584412,0.17506981594874332,0.1803013526956402,0.18402027765137463,0.18094171637406575,0.18193415381395042,0.1836193551582399,0.1825709951464268,0.18421734985623636,0.18695877768376526,0.18603137810752,0.18740458913615607,0.18714855564082544,0.1734201027124928,0.15575278148143604,0.12616218965506598,0.2881186111724295,0.15946755619956932,0.12484934931575116
stat_37,0.1545368184837276,0.15491885762279267,0.15583350468145327,0.15682742221625628,0.15507771030783696,0.15558754163555974,0.15458496740396277,0.15409828552273772,0.15198863581848254,0.1489607088678468,0.14739143303466376,0.1471368793545154,0.1448293279969882,0.14234923730866988,0.13954578574788684,0.1361837942307464,0.13222028118091084,0.1301648981438457,0.12871468777708528,0.12596205898635562,0.12277487581889215,0.11952857841767538,0.11858812196709143,0.11870762503235961,0.11601665522806057,0.11293868427235382,0.11249294368779025,0.11252935881698067,0.11164770589040302,0.10901094805268717,0.1075916780464023,0.10699949385300794,0.10516723767481939,0.10300729831450513,0.10290817192444415,0.10278475531127132,0.10257919072900899,0.10414881194251338,0.10281124938557197,0.08324284690406947,0.09026215536770528,0.08254767708668018,0.08764757668115906,0.09505371811236435,0.10575893865642941,0.1112754188765179,0.10958733963398946,0.1115563993620766,0.11493233103798157,0.11509568089688896,0.11587871102281264,0.11654746953753067,0.11927641267985736,0.12208753704913386,0.12325049447216868,0.12333882755445014,0.12880699780572213,0.1322605818716487,0.13392628761841366,0.13285720487025282,0.13288730266445617,0.13288284161907196,0.1374140322613831,0.14244147099804388,0.14799990892803752,0.14908802359025664,0.1468559276874997,0.15122292904627346,0.15435609897607883,0.151804972667294,0.15260464369846935,0.154027704527677,0.15322241489343577,0.15461862108600424,0.15688528830552181,0.1560863062834656,0.15718982489472533,0.15702123199001006,0.14551862532519147,0.1307185872721672,0.10752176245802474,0.2432365512698246,0.1368705427344992,0.10506879335911122
stat_38,0.2020850522184744,0.20261836176920386,0.2038102868928744,0.2050521748014752,0.20267467583451157,0.2033034552546037,0.20194160025296903,0.20131472044318524,0.19853865964941086,0.19451402870216403,0.19245665903118697,0.19212602747491206,0.18914683934142296,0.18586635779494753,0.18214809856495706,0.17775146497320032,0.17259995510607642,0.1699305738278314,0.16804178390576754,0.16439058259884975,0.1602104430329141,0.16493244153062134,0.16338541626623942,0.16350821481859237,0.1597908843576419,0.15566775621190293,0.15510302253156555,0.1551618736259799,0.1541064670357406,0.1506214275174551,0.1488130445732536,0.1482047284841056,0.14570917868118122,0.14256576578741417,0.14239836245186577,0.16324346417617236,0.19739518975481,0.19311088839077534,0.18901097428456223,,,,0.15207427654419292,0.16287043759492198,0.18466565531437046,0.1965803196608427,0.2043821947122722,0.17546978589812412,0.1589850078769608,0.15973744406345777,0.16079465358089687,0.1613933111434533,0.16434952971609376,0.16777999846740704,0.16939127355957764,0.1695456230820033,0.1764985511225479,0.18100293961181083,0.18415246200128965,0.1731993304983911,0.17342582223257474,0.17359206315757778,0.17948028670281355,0.18592177545284327,0.19322495421640487,0.19478143115595886,0.19184483390802565,0.19754304950707083,0.20160955340698436,0.19827799102741503,0.1993837586916304,0.20124367423787948,0.20015164318867876,0.20200372233278488,0.20506586074702007,0.20408702825140895,0.20559359227236224,0.20530156115735457,0.19003896482534582,0.1706244963339706,0.1376606996279334,0.31537002836435574,0.17173851462807568,0.1362519539057666
stat_39,0.1547048825303644,0.15508658203163517,0.15600271624896328,0.15700088739344947,0.15525167480145277,0.15576577713128628,0.15476702602898101,0.154280795888837,0.15217130425826256,0.1491419544268624,0.14757148059637276,0.14731659869127584,0.14500552603496514,0.14252760495822628,0.13971754393967692,0.1363492149065635,0.1323849787249577,0.13032237821037984,0.1288700268402682,0.12611208451491351,0.1229095261069405,0.11965465390406788,0.11870780117831059,0.1188269004280534,0.11612760585432559,0.11304429297915482,0.11259641818985046,0.11263272193958199,0.11173454655383316,0.10906887795430413,0.10762458073171176,0.10701746150462199,0.10520282949916966,0.10301703659101137,0.1029071967957243,0.10281375190691373,0.10562256947926373,0.10418881686352958,0.1028687531566036,0.08353724588891488,0.08441210236875332,0.08269580025549374,0.08772599954681938,0.09227461977858467,0.10581427583473729,0.11131272905355309,0.11280577590349818,0.11158459679684174,0.11493297776194751,0.11513487037979508,0.11590113418691253,0.11658340108039923,0.11933362856338166,0.12217397203134567,0.12335731906838487,0.12344797291650775,0.12892230714160188,0.1323860659413851,0.13406055869021002,0.13299919402875146,0.13304315081923415,0.13303976631025619,0.13758083805186455,0.14261310639939012,0.14817954700468805,0.1492721817300733,0.14703329608372145,0.1514062972025182,0.15454309470015345,0.15198812632867528,0.1527853683522441,0.1542081947083029,0.15339593131222756,0.15478849687881904,0.1570541982686484,0.15625102923031414,0.15735618748119906,0.1571877308848103,0.14568208440999342,0.1308678816772743,0.10763014669848611,0.24350439169186944,0.13697667209179992,0.10517296209529174
stat_40,0.12961562166374963,0.1299109370018655,0.13064820549017261,0.13146266760644984,0.13002673255526156,0.13038668243656076,0.12948939425999142,0.12904095062467383,0.12729538273594523,0.12481286817121401,0.12347123735166647,0.12325952634299057,0.1213347228892567,0.11923871782357164,0.11685657895930165,0.11401303598641938,0.11073187279887362,0.10900399594880206,0.10779464255632089,0.10548143626696112,0.10282857589125306,0.1000681442280791,0.09921882954340412,0.09930751737435914,0.09882188909445273,0.09623264500356077,0.0957988867861671,0.09582621344005124,0.09500996265404278,0.09272917088003578,0.09146755466555712,0.0909481535444031,0.09304211960798377,0.09116909927166661,0.09108501335097036,0.09095274973804586,0.09073762135628312,0.08954430764788796,0.09034366882869303,0.0805484755617775,0.08204216026475493,0.07540108008522782,0.07502588711207198,0.08126540348009317,0.09320255146598132,0.09588340614190813,0.09695366438227243,0.09864604285388023,0.10158175867112558,0.10164371451198013,0.09823302811091093,0.09876740470141923,0.10117143654705238,0.10369257947042529,0.1047910763066603,0.10492204709975461,0.10958213992055184,0.11051881378814672,0.11188827305146239,0.11108549815490079,0.11118295643856274,0.11120909652315362,0.11496851826432672,0.119198532902951,0.12385864628851585,0.12489699668706811,0.12321238713597824,0.12678282460435797,0.12942297993835342,0.12740627013657194,0.1280085699421409,0.1292267773112591,0.1287403374327354,0.12996338439121985,0.13184058098340257,0.1311484478875208,0.13198122924873618,0.13192193968759058,0.12211598968177281,0.109695415879194,0.09256203879811734,0.20653418478916535,0.11557417695796439,0.08771926401319298
stat_41,0.27196921343273806,0.27270245423661044,0.27414858003321413,0.2754987327184054,0.27209357948498003,0.2724744367343128,0.27020825894732026,0.26921916335374685,0.26550465856841815,0.2600939190892549,0.25718392913951577,0.256755607988017,0.25294274433684966,0.24832911140926178,0.2430178588446351,0.23701112938360672,0.23036433039424303,0.22684972302557588,0.22437555948765475,0.2192655302473047,0.2137435589562857,0.20779597650543208,0.2051705032123772,0.20521769056032108,0.20059019929153632,0.19581297658612642,0.19507585056662965,0.19515577197418799,0.19397539834362248,0.21193066307636887,0.20979478944250352,0.2098010801255907,,,,,,,,,,,,,,,,,,,0.22691503719328787,0.22608722517124913,0.22744331175608615,0.20896068476172244,0.2113309740643733,0.2117242857355622,0.21923566792975174,0.2244308702806336,0.22997872417343754,0.22965676174243102,0.23088617768012898,0.2318666109560843,0.23943801189032562,0.2476850723187764,0.2576185593591096,0.260749072269075,0.2575741916810697,0.2647637166194943,0.2701805893288607,0.26628612379512356,0.2677108753669629,0.2703280893325769,0.269587784715145,0.2724484133167525,0.27685436775646843,0.27570187871323365,0.2775302874099466,0.2772497682374878,0.25508054728028007,0.22867824596227532,0.18544536011096793,0.42605418787300525,0.21126110565898124,0.1776149870018482
stat_42,0.14327185385359711,0.14361544499091605,0.14445248553107545,0.1453698064539184,0.14376276774417654,0.14421341288766362,0.14326781459779783,0.14280239475798392,0.140856497138056,0.13807284885616702,0.13660836207130014,0.13637292618407237,0.13423705931064914,0.13193678075504223,0.129328817000837,0.12620159245817483,0.12254253979775773,0.12063456389690311,0.11929181641681352,0.11958715869284996,0.11656147409516925,0.11637478043197477,0.11545665208187479,0.11557284753475676,0.11295269778377239,0.10996596445116108,0.10952319425863917,0.1095579300647927,0.1086768581503874,0.10900790635080265,0.11080450613095844,0.11019049348834878,0.10831580203781913,0.10605286033678447,0.1059420916244172,0.10931791248787366,0.11713236032815603,0.11552557491690751,0.11872545460942788,0.10412364807090431,0.1242329464800924,0.13985660979729095,0.13812575567553448,0.11072231669631578,0.12141126052086701,0.1230153239838208,0.12488795401729155,0.11862464500926556,0.1183502590855369,0.11858463337552563,0.11938197215306448,0.12007814596168796,0.11927477805274098,0.11881764127337893,0.11997790733719002,0.1200722861630293,0.12539722680149049,0.12876930287564278,0.1303726576788392,0.1260938755689441,0.12613791139564517,0.12312239620426171,0.12731048265756054,0.1319808006293742,0.13713370511586148,0.13818290182195173,0.1361798787560743,0.14019386165150166,0.1431048438308644,0.1407848578822021,0.1414980213443256,0.14282555284920412,0.14214795287182203,0.1434593278579979,0.1455481995316032,0.1447961139086582,0.1457822400267913,0.1456592063544106,0.13494287030533125,0.1212213891257453,0.10068440792295795,0.22654644204892188,0.12749794536811532,0.09730687741782992
stat_43,0.14323510238400833,0.14357868828498824,0.14441546193540972,0.14533220856068327,0.14372532022860443,0.1441753312028212,0.14322618252744743,0.14276080191278104,0.14081510036476175,0.13803195754806682,0.13656759758711004,0.13633223492612578,0.13419663413275026,0.13189459312642665,0.12928716514545477,0.12616161509328802,0.12250218220102213,0.12059194135824437,0.11924977465570757,0.11669735784397085,0.1137475154714289,0.11072529433432847,0.10983464339891437,0.109943633016421,0.10745377870320619,0.10460630347430874,0.1041688906852776,0.1042008772439025,0.10334889895399457,0.10088412378335403,0.09953858485898723,0.09897867008346617,0.09729547270837974,0.09531664946848489,0.0952246284495648,0.09509868250860813,0.09488441014692836,0.09362544404636425,0.09979886095518337,0.08046788648344406,0.09030828617171209,0.08531624406969239,0.08744206121121155,0.09212915342612954,0.10273848940778867,0.10020588374449636,0.10138752979151262,0.10317845823197834,0.10626402397748252,0.10637024234153943,0.10707768775998182,0.10769070392643573,0.11027475339467699,0.1129455956435372,0.1140716381745492,0.11417661156684311,0.11926493320807442,0.122482968510849,0.12399366859686145,0.12302687415663104,0.1230778300684234,0.1230797213871001,0.12726927464974586,0.13193921659435226,0.1370899532929456,0.13813919041957107,0.13613910572980573,0.14015225984138893,0.1430626078904311,0.1407434601664984,0.14145687404437565,0.14278425279563883,0.14211063279781194,0.14342237100423855,0.14551107516518322,0.14475954314361159,0.1457453546102542,0.14562232905750663,0.13490714110225688,0.1211890126914602,0.10066051762504297,0.2264881487066925,0.12747408632934173,0.09728352247628254
stat_44,0.1401697810621332,0.1405023120181902,0.1413170966341615,0.1422119189423654,0.14064441052279905,0.14107528623883625,0.14014114261081514,0.13967976357630155,0.1377788500059316,0.1350637925200468,0.13362679236224875,0.13339671515683424,0.13130746857729547,0.12905383660716307,0.12649639129380338,0.12343374621275005,0.11985847017259375,0.11799108985875091,0.11667856582187172,0.11418137897643736,0.11130086385640811,0.10833789558789256,0.1074559947058525,0.10756033803959954,0.10512952539496256,0.10236038832577486,0.10192542698026333,0.1019559697679562,0.10111613177543745,0.09869867682323662,0.09737782071073695,0.09682965182386337,0.09519444595627523,0.0932729182082696,0.09318260683267131,0.09307341163359895,0.09288537484976207,0.09169237838671594,0.09058720042053434,0.07208560923694247,0.07542255723288396,0.07023937892587212,0.07693727765322567,0.08154587715553495,0.0934588130727313,0.09816758584050445,0.0992493948904381,0.10096108735074005,0.10394604563270732,0.1040212504735978,0.10469920412098122,0.10528808560287144,0.10782611787198448,0.110464279508111,0.11158245231474602,0.11169302719279915,0.1166578773679709,0.11980651852753334,0.12128397861441696,0.12035259773588451,0.12040964177737837,0.12041422864038362,0.12450562962051212,0.1290784222650846,0.1341190840669689,0.1351653504793999,0.13323334582372898,0.13714855026806516,0.1399988295907507,0.13774643754261293,0.13843496366519578,0.13973741124953995,0.13910171604722726,0.14039208694548672,0.14243189909414503,0.14169287559561522,0.14264480330202542,0.14253591227473625,0.13203143750284313,0.1186062195332236,0.09883005036646883,0.22199165524302653,0.12482356497310262,0.09513822403250544
stat_45,0.1401697810621332,0.1405023120181902,0.1413170966341615,0.1422119189423654,0.14064441052279905,0.14107528623883625,0.14014114261081514,0.13967976357630155,0.1377788500059316,0.1350637925200468,0.13362679236224875,0.13339671515683424,0.13130746857729547,0.13196307839348206,0.12935231156255594,0.12622418556112483,0.12256357760995969,0.12065497628788217,0.11931211916983686,0.11675953503380734,0.11381174801542861,0.11078808018679459,0.10989460915329882,0.11274830080532039,0.11019889829850565,0.11006424419641857,0.11263485233944423,0.112671093204295,0.11178602806035506,0.11233493554589147,0.11086650310492766,0.11380971649734188,0.11576482251909465,0.11333647661748723,0.12232684600149435,0.1221785303257354,0.12192515218476244,0.1256561419262487,0.1376452291795897,,,0.1400178366576181,0.1522641506023754,0.1375486638484413,0.13939544490935732,0.13327239519692738,0.12986883027779222,0.1324361043617972,0.13669944208549503,0.1268091079728538,0.12333384161106309,0.12013331261593933,0.12292308877674683,0.12221769722088349,0.12339070773286795,0.12016940477765123,0.12231644115932554,0.12560631959129256,0.12406014061954708,0.12309415270201852,0.12314217077027742,0.1231427735424536,0.12733146552307956,0.13200398815734637,0.1371579975784825,0.1382105062714103,0.13323334582372898,0.13714855026806516,0.1399988295907507,0.13774643754261293,0.13843496366519578,0.13973741124953995,0.13910171604722726,0.14039208694548672,0.14243189909414503,0.14169287559561522,0.14264480330202542,0.14253591227473625,0.13203143750284313,0.1186062195332236,0.09883005036646883,0.22199165524302653,0.12482356497310262,0.09513822403250544
stat_46,0.14331344154820325,0.14365700758886749,0.1444941332527846,0.14541147423230355,0.1438041119836985,0.14425414666874217,0.14330731695770146,0.14284131415791834,0.14089484328988539,0.13811074458761674,0.13664545710052328,0.13640997258509882,0.13427235698047504,0.13197084798988945,0.12935997956549494,0.1262316674095521,0.12257136180147235,0.12066292096374634,0.11931984534128211,0.1167669224009119,0.11381862887907356,0.11079319798281234,0.10990068328870582,0.11000755225208209,0.10751700868775377,0.10467991110414476,0.10684916887769928,0.10688234999306556,0.10601259487107619,0.10348601743208588,0.10211104677713465,0.10153936483453263,0.09982049433138604,0.09778284788516972,0.09768613516120887,0.09758249701945079,0.09740418292257831,0.09614735021333776,0.09735726981956022,0.07800486672723718,0.08424414176118664,0.07984830425796154,0.0827595566659075,0.0874333890958661,0.10028197242402472,0.1028673201526855,0.10406698933997253,0.10587946619632574,0.10903283346437256,0.10915651000438643,0.10987592262133092,0.11050424660759327,0.1131398489244212,0.11586750169744356,0.11701822192320431,0.1142532834871043,0.11933108597288447,0.12255038519207044,0.12406554188163249,0.1231014349711976,0.1231499695557428,0.12315091245148842,0.12733970705807957,0.13201182313620782,0.1371661942800234,0.13821886497382713,0.13621692094895949,0.14023280755752054,0.14314483678881454,0.1408249586405497,0.14153812903198473,0.14286632332691906,0.14218987670859679,0.1435020398946396,0.14559135473382553,0.14483902930496956,0.14582511814749918,0.14570235630757195,0.1349825930070272,0.1212570331001351,0.10071631222584754,0.22661900274348554,0.1275137072811054,0.09732784437888607
stat_47,0.15951593960927005,0.15991219335794188,0.16086033075850464,0.16189227819057309,0.16008557727097167,0.16062295411899533,0.15959869805249294,0.15910096246551192,0.15692407739342612,0.15379522045356853,0.15217812730406427,0.15191519162621012,0.14953290311696868,0.14697952752329257,0.14408485559040554,0.14061228429101136,0.13652317851678547,0.134397670001556,0.13289974561186485,0.1300563362366714,0.1267534318471915,0.12339872836396684,0.1224201487140998,0.12254399609445445,0.1278754750399495,0.13448908693717537,0.133981005331006,0.13402803962574492,0.1461962282420565,0.1510511928153517,0.1591219478857838,0.17099007036716185,0.16813262637549645,0.18006558380608553,0.17983614663073594,,,,,,,,,,,,,,0.19992612601469126,0.18418562890479656,0.18537714475645775,0.17243147204626222,0.16475898693267468,0.15936729767945648,0.1466671441946529,0.14677994988814902,0.14187810718618238,0.13649108419670092,0.13824902894688082,0.1371627833763501,0.1372094955586819,0.13720660497846596,0.14189021932194607,0.1470751125231252,0.1528168615938016,0.1539348376906969,0.1516072204101082,0.1561244549016449,0.15935727341969835,0.1567099100675564,0.1575386869414531,0.15900270123569207,0.1581409708571343,0.15956811774350751,0.16190541707736927,0.16107854524658063,0.16223047757115727,0.16204626151973942,0.1502065613560784,0.13493270714808997,0.11060700565982724,0.25072525500520804,0.14078906189647528,0.10842194441159211
stat_48,0.14334636733952583,0.1436895485844928,0.14452752128784582,0.1454467388073486,0.14384087164263554,0.1442924434127394,0.1433470402998353,0.14288060103732247,0.1409374137716783,0.1381538654045831,0.1366928507691505,0.13645724042791615,0.1343182137419586,0.1320160801201665,0.12940561362978575,0.12627652749898555,0.12262271465140512,0.12071057411479333,0.11936704654546838,0.11681286274028836,0.11385915688291845,0.11083483551579688,0.10994418047033867,0.11005248377103413,0.11010375403216828,0.1071823864884707,0.10674402974086392,0.10677731305528257,0.10591677496212565,0.10339540939885916,0.10202612126979528,0.10145563010468601,0.09973842204401706,0.09770004322776824,0.09760200131563009,0.09749177321813858,0.09729794684289235,0.09601712386291716,0.094846727551123,0.07080304647254596,0.07550075196205593,0.07357140978290035,0.08061348841772789,0.087363461265873,0.09776852903963533,0.10274452678385897,0.10396760729268291,0.10579178351910193,0.10894738731699263,0.1090748316702552,0.10979384496539982,0.11042474114462725,0.11305816424887946,0.11577758464561977,0.11691427580198993,0.1170116680506649,0.12222170869156398,0.12260176721959137,0.12411244486360799,0.1231458744164991,0.12319765818733577,0.12319680611531504,0.1273900488549305,0.13205831454747674,0.1372133579283421,0.13826342199080857,0.1362601240818247,0.1402786443424442,0.14318766840446095,0.14086531391964713,0.14157474199164813,0.14290311399957653,0.14222337723242592,0.14353365229125292,0.14562083297885473,0.14486690947334796,0.1458539940137917,0.1457310752097883,0.1350191873605815,0.12129223489142912,0.10073230881388104,0.22666881596275598,0.1275568401772114,0.09735687708251314
stat_49,0.14324569082882974,0.14358925120085775,0.1444261451053813,0.14534330197227774,0.14373648416665796,0.14418656502981236,0.143241176306881,0.1427759182387597,0.14083032332570125,0.13804709364212747,0.13658255367168404,0.13634716012914497,0.13421139181598274,0.13190824575129598,0.12930111954111237,0.1261755167050895,0.12251566580624196,0.12060732550229303,0.11926497635900302,0.11671427236823016,0.1137675162897186,0.11074474164966475,0.10985622316715461,0.1099657378943302,0.10747925949820165,0.10463885011833028,0.10420395420753657,0.10423585171275049,0.10338602596541378,0.10092620169531463,0.09958668154639484,0.09902477671311519,0.09734639940795861,0.09537040500783944,0.09528087472081635,0.09515879796212176,0.09727525649386218,0.09598487387374215,0.09479376381902557,0.07795797525228457,0.08150022324086699,0.07752695735921734,0.08274581333142249,0.08734291644113212,0.09771150753570336,0.10270876333121014,0.10394388596997904,0.10324420093746427,0.10632299209720719,0.10641813710360061,0.1071198307669181,0.10773287549404786,0.11031374987640388,0.11298301188336049,0.11410829702884534,0.11421094718510873,0.11929248451762284,0.12250741521828178,0.12401514573939944,0.12304847952246757,0.12309547932577067,0.12309496759034476,0.127282912490613,0.13195366851469612,0.13710455587609852,0.13815314052779515,0.1361536868955819,0.14016727321838726,0.14307806492165545,0.1407584397685116,0.14147156955109472,0.1427988341170107,0.14212135696653475,0.14343305290710787,0.1455216432399132,0.14476973085172992,0.1457556846818881,0.14563264528928052,0.13491747901006346,0.12119851919821345,0.10066684773092316,0.22650433205620382,0.1274822345768285,0.09729064958474254
stat_50,0.1505488918341041,0.15091697287018194,0.15180404535059272,0.15277177978175266,0.15107333842348833,0.15156312393284865,0.15058340548122512,0.15010457864503307,0.14805423205877877,0.14511363362359286,0.14358142548501138,0.14333363609042166,0.14108737719179867,0.13867465263504866,0.1359405000047918,0.1326600539164359,0.1288068320076235,0.12680362559553696,0.1253910215338146,0.12271039422923642,0.11960940439727719,0.11643989881938512,0.11551279008919461,0.11562894181611687,0.11300986011928327,0.11001850107908943,0.10957565326457819,0.10961037670846913,0.10872905040247814,0.10906677425213931,0.11083830478478966,0.11022730071936154,0.10835659486370938,0.10951582215131192,0.10939623817163442,0.11316435219111248,0.1172331362204886,0.12036599838894275,0.11874181698642848,0.10433100142787147,0.11604764777218744,0.1268892939236128,0.12802601043531842,0.11051247251224644,0.12139383379999204,0.12791464120281876,0.12497607524810583,0.12275989473033416,0.12222443992619757,0.11862610902369947,0.11941923716737048,0.12011022387235945,0.11932595720598238,0.11886363302785831,0.12002693848676929,0.12012194673297596,0.1254502075079386,0.12882046094848726,0.13043538887507158,0.12940653368789523,0.1294424960500615,0.1294383711723984,0.1338480983801384,0.13874792449842818,0.1441640982483751,0.1452389629406392,0.14308547320438916,0.1473264981429674,0.15038113962030536,0.14791236097092955,0.14867956665496324,0.15006814983525346,0.14930587932314598,0.15067059655974127,0.15287334134679392,0.15208970960141477,0.15315123180252846,0.15299933293334936,0.141775210025216,0.12735741332542,0.10510603653825526,0.23733876720363378,0.1335428486927305,0.10231242515884911
stat_51,0.1469156054937485,0.14727032042236363,0.1481334245696502,0.14907927386645484,0.14743039343453038,0.1479034090996353,0.14694298867475525,0.14647005316682396,0.14447626543959197,0.1416168729361712,0.14012338938783916,0.13988166850958056,0.13768947565795023,0.1353330527129704,0.1326612663242934,0.12945698860288676,0.12886932481010463,0.12686359277782255,0.12545041934251347,0.1227689576588868,0.12299318147247335,0.11973536979887635,0.11878703883320292,0.11890754607350697,0.11621246258573692,0.11313877971366929,0.11268967950872744,0.11272587033497623,0.11182707498401574,0.1123870426358008,0.11090958347658124,0.11382979974095082,0.111894250099978,0.10954822410371227,0.10942866899597906,0.11754989189102104,0.12213429097320548,0.1256451356797327,0.13729192155455067,,0.1242329464800924,0.11661215499202933,0.11232734618553146,0.12157562435430082,0.13903990128392077,0.13323875627663298,0.13007243939456897,0.12747036966358924,0.12225859699923441,0.12253203677743628,0.12335594771152239,0.12017658888338066,0.12297503850757475,0.12225971566971237,0.12344822503773771,0.12354181248550235,0.12900552543918373,0.13246514817109056,0.13414239504740022,0.1330846728930317,0.12950356329424398,0.12949805743451331,0.13391119372849747,0.1353902624420898,0.14067398942040354,0.14173473816340645,0.1396562477363599,0.14378558117953688,0.14676503278351924,0.1443681372189842,0.1451030553103258,0.14646084054300942,0.14573652083059382,0.1470699636642497,0.1492104370622007,0.1484393048564088,0.14946401731033804,0.14932690713014923,0.13837592161497828,0.12430905641397867,0.1028957746827753,0.23196243873568048,0.13053558087083378,0.09981743970712857
stat_52,0.13729816042993323,0.1376201575319928,0.13841461495474597,0.1392894171485882,0.13775954587806602,0.13817311040511618,0.13725089512622923,0.13679295714313652,0.13493654106380074,0.13228576690262306,0.13087806378674674,0.1306529065221324,0.13144810120585185,0.12919312023604934,0.1266357416536402,0.12356997508304111,0.11999874557146743,0.11812918910741588,0.11681519952029157,0.11431831307311834,0.11143687740773989,0.10847042095638867,0.1127299028272032,0.11284384441805001,0.11029917591035977,0.10738957432578788,0.10694319265077601,0.10697607286203034,0.1061084717975402,0.10618702041162571,0.10478137427495274,0.1070607477180128,0.10524549140162096,0.10615222551118896,0.10603729794606725,0.11311135749981814,0.12203069285947435,0.12573684597882162,0.12396958667997221,0.10433100142787147,0.10903458952317427,0.11674135895869824,0.12760445227197378,0.13765266902769527,0.12642955612854057,0.1333312176360432,0.12996610965698865,0.12270897517866473,0.11844715641819747,0.1151772540198968,0.11594359870426842,0.11344230534587159,0.11613132681262671,0.11596145335557215,0.1171148611856283,0.11722349299797949,0.12242390264117163,0.12571192040312004,0.12142469460420276,0.1204957964865007,0.12055130554104429,0.1205509239671974,0.12464628846125594,0.12921944548794356,0.1342642066978511,0.1353082467336263,0.13337420250265883,0.1343397578738473,0.13713051843293564,0.13493987496594992,0.1356026073917938,0.13688184012308302,0.136283075911782,0.13755256224378568,0.13954553967454605,0.13881783246336318,0.13973832260871524,0.1396426171078738,0.12933937450749566,0.11618932756718732,0.09711431802498967,0.2177790666539361,0.12234306449520368,0.09313151284937325
stat_53,0.14681380411592287,0.14716846300994157,0.14803209343779883,0.1489791184189287,0.14733208854601054,0.147807890908198,0.14685071646479259,0.14637928110207588,0.14438647815392375,0.14152843307596272,0.14003622829651619,0.1397945741723928,0.13760107251403034,0.1352472158808755,0.1325774753606817,0.1293756644972759,0.1256271129245752,0.12367053030760278,0.12229316017064147,0.11968066874833463,0.11664779039967237,0.11355155729882242,0.11265550525328688,0.11276753768470976,0.11022155446008687,0.10731511141938536,0.10687272640579472,0.10690560657266342,0.10603224760132243,0.10349713439000285,0.10211918864038978,0.1015232990330526,0.09981227532831773,0.09778459122976368,0.09768810990239724,0.10002139557309306,0.1025640591857976,0.10119331179696217,0.09990966638521667,0.07244977589237037,0.07744201311665831,0.07548585620982802,0.08272355626211543,0.08969477209948115,0.10286979103270158,0.108198013070488,0.10957795593204483,0.10855665332540303,0.10903711848737493,0.10913986069915343,0.10985157463769765,0.11050250963147687,0.11315347654238958,0.11589767989408581,0.11705237644818044,0.11715517653831765,0.1223549423737128,0.12564527398747344,0.12719004711797688,0.1261910566819003,0.1262361918329558,0.1262254836547029,0.1305254903410823,0.13530696359012104,0.14058693815555726,0.14164214725137697,0.13955946204803119,0.14369114834746644,0.14666943136945004,0.14426994808488955,0.14500540634477949,0.14636140457996638,0.1456321105855148,0.14696214744544472,0.14909989066757706,0.14832866652535565,0.14935466584842524,0.14921621320163117,0.13828300030324853,0.12422735918599077,0.10280463684423974,0.23177084904949147,0.1305286975616382,0.09978097104813108
stat_54,0.14327185385359711,0.14361544499091605,0.14445248553107545,0.1453698064539184,0.14376276774417654,0.14421341288766362,0.14326781459779783,0.14280239475798392,0.140856497138056,0.13807284885616702,0.13660836207130014,0.13637292618407237,0.13423705931064914,0.13193678075504223,0.129328817000837,0.12620159245817483,0.12254253979775773,0.12063456389690311,0.11929181641681352,0.1167407798321943,0.11379374491422957,0.11076905126799194,0.10988279750659519,0.10999129951834391,0.1075008586403616,0.10466519452795416,0.1042274948298599,0.10425939106070652,0.10340235892404447,0.10093346958928393,0.09958870606256245,0.09902668761111195,0.09734976112241521,0.09536708039673232,0.09527672469836765,0.09745967227881884,0.09726365172294715,0.09598781600070619,0.09722702815038987,0.07586703917935016,0.0841949545901819,0.07536438736968076,0.08056609332803562,0.08731504010666266,0.1001589959817755,0.10270569306161492,0.10392804687643654,0.10575606831220778,0.1063194006474172,0.10642404715566822,0.1071248331289927,0.10773799033136629,0.11032201898285895,0.1129994470992332,0.11413274712090155,0.11423844578206825,0.1193149275950928,0.12253418044191972,0.12404117589181975,0.12307625932653847,0.12312315393004893,0.12312239620426171,0.12731048265756054,0.1319808006293742,0.13713370511586148,0.13818290182195173,0.1361798787560743,0.14019386165150166,0.1431048438308644,0.1407848578822021,0.1414980213443256,0.14282555284920412,0.14214795287182203,0.1434593278579979,0.1455481995316032,0.1447961139086582,0.1457822400267913,0.1456592063544106,0.13494287030533125,0.1212213891257453,0.10068440792295795,0.22654644204892188,0.12749794536811532,0.09730687741782992
stat_55,0.14323665199088054,0.1435802589027299,0.14441700121366496,0.1453335355903499,0.1437265435709958,0.14417503071533166,0.14322575156976453,0.14276018997894777,0.14081356992424626,0.1380303555705042,0.13656576215001628,0.1363304071279737,0.13419478311223584,0.13189309577240585,0.12928535622720916,0.12615996815282488,0.12249997964313053,0.12059228492452656,0.11925016252265914,0.11669946204625219,0.11375338240205461,0.11342281886508418,0.11251749219243745,0.11263025906377734,0.11007985115692091,0.10716281191927741,0.10672234837017601,0.10675565362417641,0.1058925587662121,0.10603100104138266,0.10750169057032906,0.10689774766272882,0.10822160973162301,0.10595645213952147,0.10584564410870151,0.10571887191378912,0.10548888583432736,0.10403764621121338,0.1026815132856323,0.09411574459851434,0.10901259137381177,0.10893276349068973,0.11923036407266181,0.1016964645021554,0.1056121122460321,0.11114581250096377,0.11266304276540991,0.11473822102956624,0.11824825434174564,0.11849265254890301,0.115786121398456,0.1164690063563775,0.11598736520499087,0.11575257717528453,0.11689119097224251,0.11699143168428193,0.12219696028740958,0.12548720891454626,0.1270428313771427,0.1230330899845979,0.12307999644936277,0.12308017432525951,0.1272671319121854,0.13193749277235828,0.13708808679261253,0.13813784025258322,0.13613757342254265,0.1401506527886392,0.14306115251051546,0.14074222664224628,0.1414565307558631,0.14278411143210906,0.14211073720145506,0.14342391488157852,0.14551276259325507,0.14476141280296895,0.14574718523173869,0.14562417630025865,0.1349103792959543,0.12119188639924477,0.10066297837843576,0.22649385064110122,0.12747502804361505,0.09728530453187714
stat_56,0.19265826523042193,0.19316020465723302,0.1943046573396291,0.19551638126031037,0.19327464694885937,0.19390566350238736,0.19264385001766873,0.19205312468188387,0.18941099528061084,0.18558613421074577,0.18363338663982448,0.18331712437878378,0.1804628495221315,0.17736341510758385,0.1738373890976973,0.16964340113740214,0.16472756634318966,0.16217563688198047,0.16037116852897962,0.156904207266402,0.15291029810793608,0.1488545888393018,0.1475861711516514,0.14772285433943436,0.1443638050750782,0.14057477086546263,0.14005190115070615,0.14010219705706153,0.13907519775530178,0.1358455166740022,0.13414058309709975,0.13348121817231515,0.1312237441703183,0.1283961177137409,0.1282508320122834,0.12806259258162975,0.12773400299881515,0.13235365522163084,0.13775499221289175,0.10427158388817806,0.11598201152735656,0.12682906940871203,0.1128306457548395,0.12201774793788937,0.13947969689698747,0.1399322425309988,0.13586633245593407,0.13869576078298518,0.14328407330675758,0.14381831559816677,0.14477754567573897,0.1454884946240657,0.14849754603967122,0.15177777900516667,0.15323045769308352,0.15335117310118065,0.1598764516741229,0.16404847627671412,0.16653983943644454,0.16537277367482744,0.16553874577143318,0.1656429498264908,0.17127546151124604,0.17744587714845264,0.1844045913199032,0.18583031972403727,0.18298722676420912,0.18844217974768204,0.1923242006192651,0.18912145607454364,0.1901656788627761,0.19193011149812444,0.19084784094107116,0.19258326129494682,0.1954708755257828,0.19451478712848386,0.1959528851241901,0.19567905746621378,0.18125055734398923,0.1627644092389915,0.1315509953079584,0.3009238251673754,0.16533156292971238,0.1302460397763443
stat_57,0.14030126719134783,0.1406333220876813,0.14144943210746957,0.1423470864850022,0.14078068365070995,0.1412134211612053,0.1402799651970327,0.13981737378998849,0.1379183560888907,0.13520281933337824,0.1337686518622675,0.13353830230647007,0.13144810120585185,0.12919312023604934,0.1266357416536402,0.12356997508304111,0.11999874557146743,0.11812918910741588,0.11681519952029157,0.11431831307311834,0.11143687740773989,0.10847042095638867,0.1099866696597197,0.11009683597301333,0.10760890178779978,0.1047730809746371,0.10688137797494464,0.10691448423126083,0.10605100740115522,0.10351896195584563,0.10214382371453674,0.10157403758395614,0.09985430175586224,0.10306479139418492,0.10295428317264832,0.10285566131745619,0.10266715139278078,0.10756586870466908,0.11387249303610576,0.10433100142787147,0.12441361809619382,0.11691600444443061,0.11247550906240544,0.11043907938005906,0.11665857297964632,0.11480281180971733,0.10966280394962166,0.11161908491442048,0.11497863798676529,0.10918803906898528,0.10990742804094672,0.1105328882238228,0.11317008389006486,0.11590552063583803,0.1170512690942888,0.11434645183140668,0.11942288667429478,0.12264024193234474,0.12142469460420276,0.1204957964865007,0.12055130554104429,0.1205509239671974,0.12464628846125594,0.12921944548794356,0.1342642066978511,0.1353082467336263,0.13337420250265883,0.13729218548027033,0.14014181945717233,0.13788614659431445,0.1385710207610014,0.1398746084555916,0.13923546868363565,0.14052409338437846,0.1425622635649263,0.14182042246687795,0.14277370057158495,0.14266503358119828,0.13216283677806406,0.11872710057429073,0.09891624053759027,0.2222063908465757,0.12491590285151573,0.09522232421044313
stat_58,0.14341455390082183,0.1437578022872142,0.1445959005397208,0.14551543212507223,0.14390873525514672,0.1443599731236933,0.1434130045798914,0.14294630673333236,0.1409989102980812,0.13821426931708425,0.1367478052567296,0.13651213137306142,0.13437258294762455,0.13206993397455005,0.13267532887938524,0.1328354272817868,0.12897761028383334,0.13437072985562767,0.13287278533918206,0.130029815864459,0.12672989089709397,0.13172225837189105,0.13552279924807908,0.13565658757520993,0.1515652413545731,0.14762673567075354,0.1470736616519562,0.14712772569772975,0.15458043323621315,0.16103518002876047,0.17163199244802124,0.1871753866774792,0.18411028471799523,0.1800705878169618,0.17983427959027173,,,,,,,,,,,,,,0.19992283251232326,0.20153060590156063,0.20276598010136337,0.18579426196096258,0.17531219417923571,0.16824281570679686,0.16078242408356253,0.16092929261792713,0.16765499966780778,0.1509219111796724,0.14755510768034036,0.137137283396236,0.13718182242656693,0.13717964870532146,0.1340204525068065,0.1389298115132478,0.14068893602947768,0.1383209004782599,0.1363177388516172,0.14033686853883495,0.1432515557925837,0.14092944649270464,0.1416421136316933,0.14297100104471666,0.1422926460150732,0.14360373531521475,0.14569200008426028,0.14493746980201305,0.14592456938287204,0.1458019633542879,0.13508307099462613,0.1213492413103136,0.10078270168487749,0.22678377647600875,0.12758294908936815,0.09739203554278376
stat_59,0.21476946006637881,0.21533795645622503,0.2165909975812243,0.21788678935533795,0.21534108481606565,0.2159729131961799,0.21449421142839312,0.21381847034848658,0.21087260910969516,0.20659650214291184,0.20439928525308756,0.20404953403095297,0.20090212049249462,0.19739944546278107,0.1934153482508828,0.18872636184172076,0.18329599270808927,0.18046721391855683,0.1784669313708179,0.1745631990371798,0.17012609455784033,0.1655698811702936,0.16401607404373758,0.16414424774492312,0.16041754287413582,0.15628792265953725,0.15570596780801357,0.1557643261954215,0.1546775172150854,0.1511671685674057,0.1493297956561008,0.14869999140408055,0.14620300174779424,0.14302735122677426,0.14285702725861898,0.14255385159497236,0.1420718537485333,0.13984574011291576,0.13777070395874574,0.09886162031612931,0.1094179145597041,0.11721534174262806,0.1279780853708232,0.12931695222070105,0.13949658507999313,0.1473115855938179,0.15049691188508835,0.15398114505361207,0.15946570119642392,0.1602367736567823,0.16128773709357247,0.1618912388934912,0.1648694957028532,0.16833944388333957,0.17000372258773563,0.1701801147386318,0.1771401235214819,0.18165761987929774,0.1848234616140427,0.18375324468881069,0.184106925175728,0.18436665089107673,0.19058631431643602,0.19737536278418147,0.20515545809163752,0.20691848947924696,0.20386708800316122,0.2098795078509972,0.21419223348628155,0.21070545779629232,0.21187276172411443,0.21385385788021796,0.2127410588793631,0.21473007660386406,0.21800798601185062,0.21697664508176404,0.21856561008948414,0.2182611155940212,0.2019079085771528,0.1812494559829256,0.1460561002774519,0.3351239331768524,0.179805670615073,0.1441270485189552
stat_60,0.14341164148649171,0.14375498426542963,0.14459276143459798,0.14551163182148716,0.14390439643575986,0.14435494669591892,0.14340767190250867,0.14294094338520003,0.14099361726679818,0.1382088064894667,0.13674227706455966,0.1365066315646457,0.13436909393233706,0.13206652439342012,0.12945593837742397,0.12632511207748678,0.1226630521885884,0.12075295923807018,0.1194090515913924,0.11685631193548254,0.11390809810729842,0.11354659552991594,0.11263889949494156,0.11275134877093013,0.11019844027493719,0.11006791746663845,0.10962305532235722,0.10965770638645081,0.11176347326690875,0.10910107542206128,0.10765944047585807,0.1070607477180128,0.11575175974312396,0.11755248318931173,0.11742132575007881,0.12217275367377724,0.1218706419242004,0.12009692512792892,0.15682856192791506,,0.12441361809619382,0.1266358966170669,0.13815308956761876,0.1375876826213762,0.15691459693016152,0.12764966271266795,0.12980874231376793,0.13242756250299742,0.13122075516884918,0.1267986337150402,0.11594359870426842,0.11661542926476552,0.11935865976385854,0.12219573236064486,0.1200758869370669,0.12017346654114616,0.12231590467338513,0.12560927925138723,0.1271700764424176,0.12319378608953307,0.12324214239264518,0.1232410013352303,0.12743228936817005,0.1321084301797909,0.13726624919173674,0.13831826217244558,0.1363157945461823,0.14033236325145065,0.14324677352152954,0.14092563396116287,0.14163826989011624,0.1429672555266357,0.14228999005972995,0.14360187930072035,0.14569094980278144,0.14493688598885826,0.1459235214105745,0.14580112238159648,0.13507828919617454,0.12134413532890811,0.1007850353009036,0.22678317180394514,0.12756776341857862,0.09738453716699613
stat_61,0.24686205462482555,0.24752738126133508,0.24890333226344633,0.2502487824930644,0.24722514103401386,0.24774576322536743,0.24584301291775504,0.2450066129940795,0.24161361588426541,0.2366882080726528,0.23410399781624258,0.23370888789947736,0.23016995847212934,0.22605106752572682,0.22134295108920496,0.2159232232861449,0.20977946225333977,0.20656479648963083,0.20429308601518875,0.1997206577690178,0.19466614651434835,0.18934486123398067,0.18724028668894177,0.18732637751580752,0.18307478859819692,0.1785297010782783,0.1778428082713483,0.17791398747255838,0.1767941299317895,0.17293713927170637,0.17097228453676916,0.17048513689303887,0.16764525604997446,0.16399806193113434,0.1637984710758748,0.16318170810238813,0.16229308963969055,0.15940005929682918,0.15668715787291004,0.09399548381085095,0.10886422392666772,0.11658123664408107,0.1274665709649112,0.1375023652444969,0.15680033909256727,0.16607143896216187,0.17070481204009794,0.17540667567119306,0.1825016705345151,0.18368906580087543,0.18487067227243134,0.1851564854342537,0.18781363247164362,0.19144672128959217,0.19342996970553078,0.19372921850847916,0.2011104460786602,0.20605077822771364,0.2104580495363021,0.20971375113153512,0.21048360027935445,0.21110178910428334,0.2181074497323383,0.22573935741427362,0.2347232928986036,0.23716959282099978,0.2339746576147973,0.24069776901554119,0.2456309050030519,0.2418578299488716,0.2431974497323378,0.2455263487234653,0.24456589591799402,0.24702613289281866,0.2509277421608184,0.24982673024481533,0.25157753163352464,0.2512651731829513,0.231775767162327,0.20790950769025057,0.1678059217985339,0.3856479856193725,0.1984947452243665,0.16337119186589227
stat_62,0.1346608194329031,0.13497318069347058,0.13574798524529527,0.13660270584543632,0.13510625269220564,0.13550136335042617,0.13458777697626786,0.13413251087075834,0.13231474290957834,0.12972294440528656,0.1283375824540786,0.12811704625275921,0.12611449663917834,0.12394372556764408,0.12148014765521424,0.11853207083138424,0.11511361663695807,0.11331860088224899,0.1120596942497089,0.1096607693240878,0.10690096986321947,0.10617959170304635,0.10530596005940013,0.10540733929942628,0.10303677018617881,0.1003361008224937,0.10204148034754451,0.10207177642089706,0.10361888065892141,0.10364272845873032,0.10224727042727108,0.10165897886410656,0.09994595090073001,0.1099207058343152,0.10979904967483846,0.11356213096783278,0.11765739963975567,0.12084604935507019,0.11923359794722294,,0.11638368227158856,0.10917725192710767,0.10312410006377414,0.11119324596249705,0.12191049267779291,0.12842414736652122,0.12541714918716182,0.12318044787428992,0.12264202007050548,0.10927079152972308,0.10998210919131397,0.11061907843797375,0.11327957860732146,0.11320575024361981,0.11169717650131579,0.10944371151925943,0.11429820565005319,0.11737790138902933,0.11882589417685156,0.11553670847600539,0.11561298722139228,0.11562467993044041,0.11954303139616487,0.12393659035406582,0.12877758001167758,0.129816652724771,0.1280138978273969,0.13174824264571902,0.13448773530011449,0.13235743337015143,0.13299822589000762,0.1342565948185598,0.13369659713987986,0.13494932244930644,0.13690103143146798,0.13618450800853,0.1370744913748421,0.1369919268549428,0.12686273567840997,0.11396379157186792,0.09555800690617998,0.21393383475608888,0.12000062439773378,0.0912644601769981
stat_63,0.1468481144514724,0.14720299714396168,0.14806579088433316,0.1490112612408629,0.14736238802434803,0.14783558118830284,0.14687568366934517,0.14640391187238877,0.14440728338174438,0.14154825884733874,0.14005090270453363,0.139809300037275,0.13761798590247082,0.13526383558388397,0.13259550186112243,0.12939237019042088,0.12563704042467577,0.12368134083815129,0.12230396376145299,0.1196910611087301,0.11666680861710375,0.11357282041834103,0.1126731216476796,0.11278762779668654,0.11023765809014008,0.10732595710273912,0.10688503805829355,0.106918064642291,0.10605531249497044,0.10353091212057697,0.10215952032705615,0.10158648876686946,0.09986531868995177,0.09782823820588042,0.09773511752674495,0.09763573860735919,0.09746612664770887,0.09620696201461021,0.09504444336830933,0.07841146620385939,0.07562483525286517,0.073737770431441,0.08081441862568453,0.08751656087853768,0.09797415366796705,0.1029435217397795,0.10414061768748732,0.1059428982243074,0.10908545594227909,0.10919682469627816,0.10991698247335646,0.11054554695170411,0.11318414683702327,0.1159144749558149,0.11705900511011234,0.11716086767447102,0.12236299320902518,0.1256555267787629,0.12720456822698714,0.1262053027996239,0.1262456440190342,0.126238177247285,0.13053662799552213,0.13532364610670466,0.14060571534593846,0.14166289390961362,0.13958292751353063,0.14371090040868442,0.14669342353982012,0.1442970814596538,0.1450357001114382,0.1463923150611615,0.1456679498557936,0.14700107135785187,0.14914150535474915,0.1483710230974635,0.14939561944060306,0.14925808504039828,0.13831001897650969,0.12424925623942631,0.10284518908116344,0.23184492334782694,0.13050443484195204,0.09978135701846406
stat_64,0.13474994514953226,0.1350612100100962,0.1358381140986087,0.13669831631518686,0.13520595068773772,0.13560583007815277,0.13469530519367276,0.13423949333838375,0.13241915684564232,0.12982905132166647,0.12843949669234886,0.12821869375137718,0.12621258420367856,0.12404263593847097,0.1215798507866404,0.11862915612367189,0.11520080573515999,0.11340356153255314,0.11214351435543816,0.10974529852075485,0.10698270993825089,0.10412284300216278,0.1032556846598748,0.10335388564272675,0.10102372350515691,0.09837422019280286,0.09793248392889174,0.09796018034997528,0.09712015261716009,0.09477978280715167,0.09347725807584029,0.09293753349802662,0.09137002968602982,0.08955320700767166,0.08946747860994528,0.08933368678079921,0.08911702025005605,0.08796417969915163,0.08863223441441731,0.07396402857206513,0.0753204577178198,0.07349215104397566,0.08058848790401073,0.08526162319594957,0.0914501376139559,0.09418157439492998,0.09519258930409435,0.09684953228270753,0.09972048766140665,0.09974479059525945,0.10038731744725511,0.1009399641079354,0.10341041199533944,0.1059995182869741,0.1071325545764147,0.10726857414990548,0.11203308620339546,0.11506616662778155,0.11648625715460761,0.11562514597869307,0.11570011225832882,0.11570555097606565,0.11962759857097138,0.12403682386043573,0.1288800354041453,0.12991394303451467,0.12810682449493885,0.13184707167961449,0.13459353475765237,0.13245765474315221,0.13309906682569175,0.13435718158201704,0.13378956567937952,0.1350366219001291,0.13698278966031954,0.13626149426889256,0.13715375760291218,0.13707105045798906,0.12696192352858265,0.11405925451774473,0.09560557352830427,0.2140747564229556,0.12010640457180437,0.09133772905733288
stat_65,0.13737243284935852,0.13769431052282055,0.1384891155706796,0.13936462596576812,0.1378345737231326,0.13824820335301455,0.13732554084701434,0.13686686565452613,0.13501010273418285,0.13235867751371813,0.13095000961762351,0.13072474211457957,0.128679916473994,0.126468738872259,0.12396031065613355,0.12095583482945368,0.11746367752365636,0.11563296950689254,0.11434751620929143,0.11190152582362006,0.10908337425135729,0.1061731890585934,0.10530044594899043,0.10540213488287406,0.10303251778671532,0.10033339389216937,0.09989450854087267,0.09992357952932647,0.0990866984070647,0.09671719271688269,0.09541215535263405,0.09486834642691654,0.09327514766661506,0.09339949283188911,0.09330937307230792,0.09319336538615282,0.09298489351651869,0.09178351103925092,0.09065730267710005,0.06922692202833688,0.07201336524910042,0.0717926487826616,0.07706166914679186,0.08156263546938017,0.09352206474908265,0.09825492415216076,0.09934632942774178,0.10108222450073698,0.10407204770939323,0.10186464916863057,0.102517211372839,0.10308513337145599,0.10558438887837904,0.10819245992657274,0.10931643415734695,0.10944101953254468,0.11429382961451605,0.11737231641718598,0.11881876721700284,0.11792399871632124,0.11798930120880509,0.11799477066700743,0.12199835221553462,0.126478453437021,0.131417274202463,0.13245785924979656,0.1305912211353034,0.13441431392981734,0.13720674026904545,0.13501558566784475,0.13567762619428314,0.13695768266546182,0.13635876431934343,0.13762843536526143,0.13962163547677645,0.1388929636566426,0.1398136598145616,0.13971832255214614,0.1294109578177078,0.11625410199537024,0.0971682326686536,0.217905221669634,0.12237798701930991,0.0931718246606712
stat_66,0.14357791429850286,0.14392054259620699,0.14476039260513465,0.14568363278141577,0.1440784895133249,0.14453234675961957,0.14358648408878036,0.1431182796864323,0.14117293194873465,0.13838774083440658,0.13692413737430337,0.13668811951258947,0.13454680890128426,0.1322423867354393,0.12962991726702947,0.12649507478294716,0.12283628557933858,0.12092354344185254,0.11957765202445028,0.1170237840246526,0.11407285999258185,0.11104187862550868,0.11014998911662433,0.11026000774980801,0.10778120371978443,0.10495032068271397,0.10450548008936154,0.10453681378416256,0.10367460231284796,0.10368949574796237,0.10230152169246756,0.10171927959675818,0.10000682412640113,0.10051055505196359,0.10040373551197397,0.10031744868045338,0.10012855764503438,0.09884316166682129,0.1032649521571158,0.10431258512911422,0.09116150631780155,0.08618009352025659,0.09095125386869915,0.09558189382054105,0.10621669616373992,0.10571279950970064,0.10696393515300809,0.10885187625245764,0.11207981847297625,0.10932844517980583,0.11003774713523139,0.1106672382747095,0.1133231848521616,0.11326192077452298,0.11441335876074897,0.11452951378376053,0.1196044388959562,0.12281634605495449,0.1243305047890394,0.12336945100170157,0.12341592411496673,0.12340921456491583,0.127605798062235,0.13228462267801103,0.13744749200138678,0.13849758484390035,0.13649177336950566,0.1405150747053146,0.14342969072029765,0.141103203841498,0.1418116122918267,0.143141896613213,0.14245875483807932,0.14376733351048385,0.1458532850463864,0.14509513316838282,0.14608406654533168,0.14596166212729444,0.13524700291500627,0.12150029900061049,0.10088841664444416,0.2270491957435837,0.12770280785510776,0.09749867669340684
stat_67,0.15504988774416073,0.1554295852008214,0.15635037260642273,0.15735831332894226,0.15561532543789133,0.15613448562402898,0.1551353597800245,0.15464484098597409,0.15253783471496707,0.14950930949585176,0.1479416450915545,0.14768597689703747,0.1453664943740982,0.1428819730393312,0.1400703641533034,0.13669581161491265,0.13273331096768323,0.1306689795041029,0.12921325559945562,0.1264572160340088,0.12325945066821851,0.12000201208154884,0.11906099684090302,0.11918112100588252,0.11650310120232385,0.11342507444146331,0.11296575323522437,0.11300102697583835,0.1121008097261157,0.10945606004359176,0.11124816148026141,0.11414687618849677,0.11220274501357197,0.11796191652424902,0.11783136508195223,0.11767013302644609,0.1344057154686791,0.13231677434654843,0.1303654972841929,0.09988341975222857,0.11718352445244923,0.11795947651930634,0.11989039815730361,0.12204601587633447,0.13254318938709195,0.1399048069456582,0.14269904521752827,0.12759618662881428,0.1316439975901155,0.122815400076207,0.12364001481209859,0.12045972478207573,0.11967323245141462,0.12252416556249465,0.12372957188131242,0.12383775126776199,0.12931480273225004,0.13276728373761068,0.13443508267356705,0.1333713536549465,0.1334000754690116,0.13337993671839954,0.137927082261954,0.14297166415312887,0.14854553446471566,0.1496313808960543,0.1473893303322481,0.15177657134868355,0.1549174449722762,0.15235071162808325,0.15314024651523242,0.15456640136780578,0.1537447513936269,0.15513167006580653,0.1573889456068726,0.15657681506671867,0.1576867260212052,0.15751862189840826,0.14603888415735053,0.1312005125826483,0.10784893349464128,0.24406671635763164,0.13727510144070762,0.10541378739697586
stat_68,0.1508815944267986,0.15124746616233717,0.15214007102569344,0.15311978203369492,0.15142912951762488,0.15192722944843157,0.15094919598093953,0.15046703138576242,0.14841887755934596,0.14547965391305478,0.14395032216331397,0.1437016884874048,0.14144528358830286,0.13902885380917257,0.13629075650506706,0.13300387453960966,0.1291501782341739,0.12714017047961598,0.12572402444650257,0.12304285478745058,0.11993350631595398,0.11675989089712097,0.11583944771012719,0.11595561643202247,0.11334906062869105,0.11035505954815299,0.10989900506695252,0.10993271253801831,0.10904355668545512,0.11267081998969619,0.11889025034651401,0.12282088872653808,0.1207300847093044,0.11824949914104717,0.11812224155944723,0.11798750267393088,0.11768822102163481,0.12585376099809417,0.12405155875336037,0.09988341975222857,0.10395899119819735,0.10321210388654925,0.10699894716552256,0.110486030825021,0.1265324323063959,0.13346815263357642,0.12545297016357507,0.1279306838131093,0.13194460991516413,0.13220391234881013,0.13309214606233957,0.12881099629898715,0.12322071168564043,0.11916940681482731,0.12035763855642448,0.12047072204155108,0.1258115260934739,0.1291807542382435,0.13078711580649457,0.12975586116977256,0.12978750369086742,0.129767303783215,0.13418895148636745,0.13910423291510596,0.14452765669635378,0.14559528175715258,0.14343331299636494,0.1476917523133305,0.1507512583286274,0.14826781991249316,0.14902781659599926,0.1504185924642999,0.14964255713529512,0.15099800947315103,0.15318992828082115,0.15239581199776522,0.15346351860853563,0.15331115149698682,0.1421253750076071,0.12768627652687542,0.10530010282710002,0.23786389333229296,0.13387237564389237,0.10256371017468652
stat_69,0.1598640464046663,0.16025816521405,0.1612116014123183,0.16225434290233798,0.16045486843892845,0.1609983032586334,0.15997410034477727,0.1594719807416113,0.15729780883122838,0.15417007773780966,0.15255632819845874,0.1522925491404217,0.14990041697923526,0.14734405129363753,0.14444764427551463,0.14096812374527576,0.13688079622603194,0.13475322904190978,0.13325149687653795,0.1304104422549141,0.12711094977697143,0.12375591450172627,0.12278790476343501,0.12291237221310233,0.12015038787392504,0.11698739335594141,0.11651738735322469,0.1165540665966444,0.1156365071971212,0.11291251670025854,0.1114194059451026,0.11433374576593265,0.11239282891678185,0.11403458828147628,0.11391697283410426,0.11382256801189797,0.11361012284250309,0.1163242482640863,0.11477742286045124,0.10570922097346114,0.10996400251937476,0.11795298092004891,0.11291234964381788,0.11601810626037513,0.11759787860448563,0.12383922402484343,0.12118847199647638,0.12345405090351334,0.12723118573985212,0.12300098258703251,0.1238186870726166,0.12061693290731296,0.12344805532695942,0.12637413901653746,0.12761296420020818,0.12772527679458084,0.13334371586409138,0.13689538397575382,0.13863997367243625,0.1375468013649261,0.13757672590785594,0.13755461404160932,0.14224559203938278,0.1474437306637313,0.15319345374324622,0.1543025783926994,0.15196633661939749,0.15650033609652847,0.15973739613711907,0.15707614061153086,0.15789704381965863,0.1593643873550398,0.15849124817590132,0.15991168025099128,0.16223911887256315,0.1614027744014456,0.16256042406078292,0.1623760538214919,0.15057021750112395,0.1352730939768084,0.11081816088929483,0.2512819269735414,0.14111800737144845,0.10867757791500672
stat_70,0.15470294067579352,0.15508461732248824,0.15600022522479468,0.15699613607991017,0.15524644629040546,0.1557585414673211,0.15475887702321092,0.1542705438086601,0.15216096644322022,0.1491317854838138,0.1475609667706448,0.14730613701886655,0.1449970815821978,0.14251949860693428,0.1397130861333688,0.1363446262142879,0.13237924664729894,0.13031827597867127,0.12886624976529776,0.12610944429113338,0.12291546067361465,0.11966389082404782,0.1187189656104822,0.1188393285505187,0.11614415817117836,0.11306677433214497,0.11261773658901521,0.11265399678817199,0.11177004504613927,0.1091237038460416,0.10769708008943121,0.10711194966222268,0.10529563762012863,0.10313006649608437,0.1030239256034031,0.10292508026724716,0.10275975626677512,0.1014178529885556,0.10018744036251781,0.0864180467304295,0.08823618470390818,0.08066772836054838,0.08828155816187348,0.09001488831026105,0.10314583454776352,0.10841771738964416,0.1097665246341575,0.11169698151158827,0.1150509728152145,0.11522193419120956,0.11598771123298975,0.11664510774849113,0.11937851383290968,0.12220301957182483,0.12337406517684316,0.12346703843916411,0.12893434395857767,0.1323935707986762,0.13406554596203635,0.13300204129347842,0.13303919902400269,0.13303584762524076,0.13757444266441943,0.14260772310246664,0.14817429237914448,0.1492649627152533,0.1470277687241792,0.15139760978641825,0.15453420770885806,0.15198116787154592,0.15277834743384608,0.15420317666018163,0.1533933349308313,0.15478782515915804,0.15705435515671085,0.1562528990038197,0.15735710785811657,0.15718927185294324,0.145677724988814,0.1308630274777793,0.10764001536563111,0.24351465852075735,0.13695382643568907,0.10516027617087002
stat_71,0.15979800319477727,0.16019235764548598,0.1611449151677658,0.16218669987802076,0.16038647804843553,0.16092845232717734,0.1599037119359836,0.15940193971564393,0.15722858326303366,0.1541011535604262,0.1524885198443657,0.15222488241272897,0.1498339411812249,0.14727427297436155,0.14437832019389893,0.14090109296349843,0.13681623356490472,0.1346897708763931,0.13318884731170666,0.13034808580157098,0.12704894668944508,0.12369439433266816,0.12272590562887485,0.12285160252058164,0.12009504041908765,0.11692376214605334,0.1202057541936114,0.12024443115454528,0.12818145875235643,0.1251973930509305,0.12870550457333998,0.13405371545626882,0.1382942341388211,0.14337795447016116,0.1432027980615588,0.14284589000827927,0.14230016479105542,0.14001011400411306,0.146731019749205,0.104689290594119,0.12467828594334816,0.14045173874315917,0.1393723702753505,0.12946264405386992,0.14778153179875445,0.14747417766910786,0.15071809315202375,0.15427290834564963,0.1598135657928772,0.15153249083075584,0.14530618549300822,0.13947868097128355,0.1368716486955239,0.14000318213119056,0.13165111235815552,0.12765839116961022,0.13328423983530585,0.13682874356338723,0.13857227994651494,0.1374800859311945,0.13751170420502387,0.13749179265800385,0.14218049604462707,0.14737406736551428,0.15312098231711788,0.15423141117114084,0.15190079374637785,0.15643237088431328,0.15966710175606083,0.1570080995848604,0.15782905107746575,0.15929605789462767,0.1584253714290869,0.15984717302071402,0.16217576269521106,0.16134026505989243,0.16249686816653972,0.16231262446682376,0.15050336666534123,0.13521121831944533,0.1107788266354165,0.251179169232663,0.1410600786580628,0.10863016786111554
stat_72,0.13480217712408765,0.13511311052665942,0.13589090962373104,0.13675297347490256,0.13526180397952195,0.13566340715033345,0.13475409982018924,0.13429774171339384,0.13248013919756368,0.12989021141160853,0.1285044124778293,0.12828345882739198,0.126276060121933,0.1241058549787748,0.12164277738020665,0.11869089921067504,0.11526824809642935,0.11347010528813604,0.11220930655273113,0.10981132611594872,0.10704792964080527,0.10418713141267073,0.10332354079836428,0.10342189406465789,0.10110065230706172,0.09845715234109001,0.09801269481944656,0.09804012876841665,0.09719902453371779,0.09486075804376894,0.09355674073634755,0.09301021754095322,0.09144719906897317,0.08964702632276683,0.0895613405822059,0.08943976351803087,0.08922852561905878,0.08809438912202992,0.08701581504600646,0.07414014089406358,0.07103536970143834,0.06903490013883823,0.07549643351094955,0.08002831169385305,0.08982485200744138,0.09433435343522599,0.0953149718493602,0.09696482650703718,0.09981507714117549,0.09981236185286871,0.10044913009022097,0.10100347450451522,0.10348067986633784,0.1060764474121492,0.10721499047234151,0.10735483341991871,0.11211552142705282,0.11514164991887513,0.11655731606959567,0.11569570666157063,0.11576874166699816,0.1157705404343619,0.11969459934233552,0.12410087545980791,0.12894544620638945,0.12997750697331864,0.1281683157378821,0.13191120387845237,0.13465529034341728,0.1325168455346453,0.13315487107972437,0.13441337572076584,0.1338425751267114,0.13508778834094679,0.13703224052052632,0.13630933298239378,0.13720263743423292,0.1371198038556835,0.12701668398459495,0.11411064597084859,0.09563499114501692,0.2141557104951888,0.12015881480778363,0.0913777026175387
stat_73,0.19246346335626938,0.19296564288193738,0.19410799563943495,0.1953126019443513,0.1930703172816078,0.1936903294032802,0.19241812423810123,0.19182449983478272,0.18917983092515697,0.18535728413079247,0.18340332756532926,0.183087504477878,0.18023603681717604,0.1771261913771068,0.17360486485574192,0.16942040458945715,0.16450250378129613,0.16195693002766626,0.16015739993943934,0.15669710877566406,0.1527229521809306,0.1486831123956975,0.14742022700326912,0.14755606594779064,0.14420599613652627,0.1404241035918962,0.13991207142179798,0.13996250001130645,0.13896662829925707,0.13578366893090002,0.1341136271205121,0.1334928919835752,0.1312109756207521,0.1284475228511862,0.1283047662811631,0.1280927581431827,0.12777021392014287,0.12587594623495077,0.1301859070457899,0.0944851574838249,0.09454020872368851,0.09759188234888076,0.10691560819536144,0.11569017214084701,0.13237126406018196,0.13348666338107912,0.13590331058338853,0.13872642884391792,0.1433377267596849,0.14380149096570954,0.14478424728701997,0.14545761515476768,0.148434011777643,0.1516674927179415,0.15308450564260942,0.15319335446520274,0.15970983241775072,0.16387088302705538,0.16635363687410482,0.16517267976907538,0.16532250591925077,0.16542620849657577,0.17104616550724294,0.17721386436988268,0.18416047976432748,0.18558554937095925,0.18276075257680244,0.1882091028142363,0.1920891123407641,0.1888924303027382,0.1899416947152473,0.1917085972399694,0.1906416747125481,0.19238711110815349,0.1952760327013583,0.19432660828477433,0.19576196053174758,0.19548864078041903,0.18106331598277597,0.16259304176060355,0.13143825295806552,0.30063292728668334,0.16520041057664273,0.13011851736441618
stat_74,0.16498762387359744,0.16539846781860076,0.166384507984419,0.16745956772568196,0.16559429711543855,0.1661579540900864,0.16510240142266022,0.16458799988388045,0.16234213322807445,0.15910555575851196,0.15744337442996093,0.15717113246189177,0.15470346839810192,0.15206079904270198,0.14907083868253213,0.14548215250323174,0.14126555290213702,0.13907226688704075,0.13752267108043684,0.13458830020840268,0.1311838410884267,0.1277227493233186,0.12672168995724492,0.12685136467163818,0.1240081541851263,0.12073956117701604,0.12026435513969085,0.12030296383454195,0.11936449726389639,0.1165710191176619,0.11504286432071542,0.11439767298449464,0.11244681998051068,0.11017759200876533,0.11006496801959893,0.1099572444562064,0.10973331602674273,0.10825043045957988,0.10684301994770821,0.0817957711056147,0.08255050145481022,0.08319809456485068,0.08866530955192026,0.09580066496709017,0.109795454405891,0.11554051872380475,0.1171200442897787,0.11929010474945675,0.12291365211469721,0.12305357611522824,0.12387977258527047,0.12457927031619209,0.12745825211131304,0.13043894340231355,0.1317118825470479,0.13182118498515255,0.13760130146716434,0.14124437353102814,0.1430786407561284,0.14195845688497746,0.14199170692794927,0.14197644530659845,0.14681734962237836,0.15216953648574513,0.15810534181523356,0.15924831552811908,0.15682458962358875,0.16151084263901844,0.1648471609076845,0.16209119378962578,0.16294659416480461,0.16445895872458824,0.16354051166678357,0.16500431724004277,0.1674145024557158,0.16655631512608918,0.16776219572482218,0.16756106587981584,0.15537513861843097,0.13958441887872233,0.11400106395449094,0.25897017056024046,0.14512685641934492,0.11212222201839916
stat_75,0.1698922200116362,0.17032439571539676,0.1713379412921304,0.17242765579106842,0.1704818813268698,0.17105455966857844,0.16996694523866746,0.16944434972883193,0.1671151001784048,0.16376078422801035,0.16204164188027506,0.16176164409501625,0.1592265353286423,0.15650229025237503,0.1534181000795916,0.14972464455537232,0.14536157297598043,0.1431080234161186,0.14151344353786496,0.13848059609126576,0.13497178367762858,0.13140749965406542,0.13037534463480976,0.13050350894503004,0.13229263364897706,0.12880142633970793,0.12831784880171387,0.12836255753292194,0.13266011445324258,0.1295712183348727,0.12794339573363345,0.1273023807734643,0.1251371056206534,0.12817182333214472,0.12803058297216868,0.13430011944149647,0.14163010602828596,0.14852625298671876,0.1571303208597166,,,,,,0.15721121803167148,0.15575214656420985,0.1500799240473787,0.14532414738978378,0.1430578554675603,0.13715170500330678,0.13807958714621546,0.13879894899692174,0.14176651887586478,0.1449297511189968,0.14055313516635676,0.14064536283273552,0.1467550656379266,0.14529827150625738,0.1472298995684707,0.1460761891728928,0.14611886944848076,0.1461329987298315,0.15111679769004252,0.15661877132497024,0.1627394043454366,0.1639250689533674,0.1614121848939917,0.16623866970295917,0.16967520933694746,0.16683625645425076,0.16774444963681612,0.16930162963601522,0.1683487345264429,0.1698726292376675,0.1723853026029652,0.17152264585970986,0.1727728386055698,0.17255264374211585,0.15992348464832012,0.14364584914674797,0.11703545807160158,0.26624762694557585,0.14894207073572635,0.11541871841505466
stat_76,0.18405038450830488,0.184525822154652,0.18562250115646003,0.18679203359631028,0.1846643447360452,0.1852753260077669,0.1840831904744555,0.1835202207897569,0.180992580055876,0.17734575458622148,0.17548304179643665,0.17518033730480437,0.17244380709994767,0.1694839020105859,0.16613286921399095,0.16212838139268282,0.1574158816603023,0.15498280613824636,0.15325784225959266,0.14996217209785734,0.1461677219058153,0.1423048694743197,0.14114104935365954,0.14127669075860438,0.13807512386869,0.13446551027779793,0.13397124569884397,0.13401828639690633,0.13303349715840596,0.1299581818630303,0.12833245374406557,0.12769857546000765,0.12552949096592056,0.1228897203112612,0.12276176816941108,0.12262512758742442,0.12243510818142471,0.12077457844341885,0.11924279339291194,0.08438379540081117,0.09159971148874223,0.09363771246274037,0.09879547452791651,0.10663968886687777,0.12191306132775297,0.12834870680528368,0.13038766044923686,0.13290087701827422,0.13715733635194835,0.1375394634318468,0.13846386245847864,0.13916210971589027,0.14212554085157264,0.14528927988407586,0.14665745355804247,0.14675588038550558,0.1530425695426392,0.15705526484581808,0.15930998836373583,0.15813189878664788,0.15822498209726496,0.1582824591927917,0.16366524824797868,0.16959006239132096,0.17623142912949227,0.17755143577315968,0.17482984405872112,0.18005310185160844,0.18376685506713875,0.18069552000437467,0.18169268131970717,0.18337689585154135,0.1823356605007533,0.1839894774078143,0.18673219998306884,0.18580916365006225,0.18717887828363358,0.18692370558274246,0.1731966898888411,0.1555482722116009,0.12603109830767262,0.28777758203349135,0.15929317341933083,0.12469104064316328
stat_77,0.15043392295146746,0.15080196029166185,0.15168908064797795,0.15265704772419678,0.15096008636547598,0.15144981604187097,0.15046838097698126,0.14999079704485194,0.14793980483758487,0.14500076068929657,0.14347021920409195,0.14322256601799682,0.14097622417683445,0.1385605383738288,0.1358289883025671,0.13255111067652275,0.1286971048130785,0.1266953251566814,0.1252839049473045,0.1226050090251343,0.11950490002945492,0.11633755524659992,0.11542090500439438,0.11553655432097257,0.11291644249245728,0.10992797576843612,0.1094835908292314,0.10951835607640917,0.10863934494089791,0.10605837780515161,0.10465948968677305,0.10407294980144818,0.10229193946443858,0.10019159431764184,0.10009529359801951,0.10276927801407558,0.10558524804458468,0.10414883997627411,0.10283220188883135,0.09446648414329742,0.09423364719320244,0.08899270930186155,0.09049390653661872,0.09508905719828864,0.10578208808835225,0.11127508440230512,0.11276964286229024,0.11154023901538489,0.11176424672501448,0.1119126974986243,0.11267159915425178,0.11332744618204477,0.11601315835749595,0.11878067019250212,0.11993733048884982,0.12003311208476276,0.12535986639982055,0.12873179602813734,0.13033308628305965,0.12930101736874897,0.12933426573699527,0.12932908867615223,0.13373649142665467,0.13863551043590436,0.1440476754693297,0.1451182540378318,0.14296810549977917,0.14720915398632906,0.15026155992852824,0.14779201931885674,0.14856142784643175,0.14994844379947173,0.1491872999595283,0.15055128476480117,0.15275196700471,0.15196887538922121,0.15303089097155104,0.15287807811053603,0.14167009834989455,0.12726400899690493,0.10501546057155611,0.23713891677689228,0.13351570970925183,0.10226168560961495
stat_78,0.22952810162395265,0.2301397341415596,0.23145543550608447,0.23279025747012078,0.23003458481878408,0.23063102524608373,0.2289659073228525,0.22822317420023638,0.2250662408720394,0.22049412521572487,0.21812612674583473,0.21775499287153316,0.2144183374842471,0.21065511643136228,0.2063474334225175,0.2013211191967869,0.19555811841453785,0.19254776827414025,0.19042068102491144,0.1862170938261782,0.1814908518168214,0.1765948320994047,0.1748172538043211,0.17493336594903278,0.17096265708770983,0.16664161419382617,0.1660033899795669,0.16606712376137614,0.16495523799002415,0.16125763527894021,0.1593409551728005,0.15876678464781444,0.15610511379816316,0.1527212322067777,0.15253510787720412,0.15216578859496746,0.15159998282653664,0.15998708724395222,0.15725032176602607,0.10448042395418342,0.11620210889510352,0.12706199338601637,0.13856826390429813,0.14898100618261353,0.15728993582309178,0.16660312482047865,0.16007215224241972,0.16400627348915195,0.170124261634669,0.1710560829073404,0.172171721042549,0.1726427892612803,0.17552621306101562,0.17911435501159806,0.18093257734746224,0.18117241329446784,0.18834470627289074,0.19307218041454235,0.196758688998615,0.19580765280496226,0.19633369796761763,0.19673371386827265,0.2033256870579495,0.21051465795699925,0.21884839624942626,0.2208955098986814,0.2177372629211817,0.22409520681366135,0.22869244178512693,0.22505399490358305,0.22630665234215946,0.22844001513932297,0.22737368088789356,0.22956255565640415,0.23311260762293454,0.2320376095005115,0.23371014334971227,0.23339728328687745,0.2156782565426897,0.19355576016932616,0.1559611827218927,0.3582561794470901,0.18872193430183176,0.1531110444787927
stat_79,0.1590393257610861,0.15943660517973177,0.16038162808586015,0.16140638564079818,0.15959930937284297,0.16013163848553602,0.15910580947908026,0.15861158583688809,0.1564366601990883,0.1533115142081958,0.15170046570044743,0.15143832047580655,0.1490623535766533,0.14651371294520152,0.14362812145971832,0.14016810905000496,0.1360861474857086,0.13396728142448397,0.1324734544919351,0.12963672092582867,0.12634389111479083,0.1230030351723051,0.12204149729596293,0.12216447715269163,0.11938537197884176,0.11620570884725125,0.11575297776357384,0.11579127136199048,0.11488667378122994,0.11215688015702119,0.11069372476292483,0.11008085839321628,0.10819628779845804,0.10593399780945277,0.10582743520586758,0.10914161378108862,0.11274550751891255,0.12556917183014196,0.129992117108475,,,,0.11912630739046842,0.12163554324067324,0.13220965356711048,0.13320295175365268,0.12032143270127468,0.11845437819848809,0.11823481137006776,0.11846866247991046,0.11927769978072678,0.11997765972388058,0.12276834643166162,0.1256527844662884,0.1268419518192366,0.12692719631779506,0.13255284785185406,0.13610643583422447,0.13783892491815064,0.1367388965919629,0.13677645569346206,0.13677600585800959,0.14144872245297707,0.14661574482420525,0.15234049215316434,0.15345082185277698,0.15112637936026962,0.1556330887840918,0.1588543526293812,0.15621316562800341,0.157046739322616,0.15850686530470448,0.15765267196648278,0.15908357893842423,0.1614218772214188,0.16060331189021637,0.1617525869782519,0.16156664359819883,0.14974361589612953,0.13451171059853245,0.11027246358430794,0.24992885153321773,0.14053318943053877,0.10814836667687203
stat_80,0.15458056346282886,0.15496237182144426,0.15587767919919637,0.1568740116046023,0.155125078045976,0.15563609285746563,0.15463383891914703,0.15414809803534213,0.15203763042812002,0.14900967319888145,0.14744042404283203,0.14718576618072407,0.14487673424679495,0.1423992385332518,0.13959347822374701,0.1362274419943196,0.13226382515032437,0.13020635155218094,0.12875489199883272,0.12600144298949206,0.12280907447971084,0.11955944830581748,0.11861640060336037,0.1187374014257369,0.11604684642232903,0.1129666155979412,0.11251969927087342,0.11255605876128555,0.11167084069471248,0.10902060141977031,0.10759605678846398,0.10700307638398887,0.10517060938533543,0.102997428627661,0.10289358760967343,0.1027706755369374,0.10256258489846343,0.1011785269067866,0.099894290920874,0.08054265301066825,0.08707576130451523,0.08243651168610121,0.0849613116910331,0.09216911138263435,0.10284195517693248,0.10817048706624245,0.10956839653965825,0.11154061661801262,0.11491671376232254,0.11509881236268804,0.11588220807137634,0.11655123242119898,0.11928461868237933,0.12210958706465756,0.12327741040770292,0.12336721703330047,0.12883807137927453,0.13229181556407033,0.13395939346432728,0.1328935850602234,0.13292815460947704,0.1329229001776457,0.13745761790987648,0.14248672377355004,0.1480495812682866,0.149138803939262,0.14690250606647878,0.15127188077124193,0.15440592665275504,0.15185308055047034,0.15265286492329636,0.15407494187393217,0.1532677993875003,0.15466271080560784,0.1569281562285431,0.1561269555632237,0.1572312731339541,0.15706259312613788,0.14556369806071984,0.1307605613053795,0.10754694307896119,0.24330490093759863,0.13690551556971953,0.10509987772104207
stat_81,0.1837288967038883,0.18420482414738273,0.185299298743252,0.18646373654160203,0.18433617654495713,0.18494331778660242,0.183745244420572,0.18318369622838562,0.18065945504774136,0.1770156854946307,0.17515481816471162,0.17485267115969144,0.17212165869833992,0.16916055845864827,0.16580930228431745,0.16181412239249462,0.15710762122670785,0.1546699111482312,0.1529466599272876,0.14964979627249395,0.14584500645825343,0.14843973155612603,0.14717675139650682,0.15473686261294758,0.15121591665554776,0.14727253168121415,0.1551496869011642,0.15520852507307284,0.1541479111247059,0.15065977414443363,0.1488518240104232,0.1482481736172002,0.1457398352004025,0.14261101753201272,0.1424389440902388,0.16340477090214534,0.16251133032173584,0.1933036821243184,0.18924937941374478,,,,,,0.18485693486652488,0.1967385123681232,0.17090975751479984,0.17562641335787407,0.15902494914943915,0.15976801875231716,0.16083745811736433,0.1614296151810033,0.16438204813129587,0.16781609786095109,0.16943489686228477,0.16057093632291303,0.16730167423566622,0.1716260918778322,0.1660994994088729,0.15779416373296665,0.15790129699213898,0.1579674237218726,0.1633526873069843,0.16926443245982845,0.17589311818646583,0.1772155973822216,0.1745018333836737,0.17971625916417494,0.1834243178415762,0.1803578974169168,0.18135600620618367,0.18303830846029617,0.1820072892392416,0.18366361002893983,0.18640646748303677,0.18548897903290879,0.18685660995087386,0.18660062815578363,0.1728838311014467,0.15526390259588152,0.125808294649244,0.28724665512435515,0.15910236352007112,0.12449848299411896
stat_82,0.273466986759147,0.2741987009895286,0.27564600636934994,0.2769987470203208,0.27358208782905047,0.2739370463926129,0.2716146541046805,0.27060831875013874,0.26686188787163656,0.2614375688460851,0.2585038880684181,0.2580738752625116,0.2542472293509152,0.2495904367323706,0.24424951283149524,0.23820216990738297,0.23152760081957857,0.2279936469867902,0.22550861942883665,0.22037521749348638,0.2148322797506818,0.20884629267558685,0.20629847401253668,0.20634608060388324,0.20169364287829136,0.19691013293161053,0.19615575373099767,0.19623458835041793,0.1950278813779334,0.19091104850780524,0.18881503279078488,0.18851295664673567,0.18543167624798576,0.18142018051898004,0.1811970482410007,0.18020769002013567,0.17900893953360372,0.1756233373665008,0.17227941625039167,,0.125603390152667,0.1424083296444601,0.15418894552382106,0.164438121062106,0.17046642250284058,0.1809656450276865,0.18687185494286002,0.192645927162307,0.2013073633749379,0.20284434529234346,0.2040718380593469,0.2038862342760589,0.20609726899839212,0.2098937063342178,0.21235153520222794,0.2127803174684802,0.2202819666417698,0.2255031097071798,0.2310134710529715,0.2307464255061388,0.23201997383844045,0.23301687966924572,0.24061324195124126,0.2489111451000462,0.2588996886897571,0.2620806552228115,0.25895047059981396,0.2661526707402435,0.2716015321848843,0.2677154998809693,0.26915115551638136,0.27178813100543253,0.2711088717354263,0.27400349019836995,0.27842774602942105,0.27726401141275575,0.27908598557193764,0.2788189364442818,0.2565189013934013,0.22996812310995893,0.18670072947593877,0.42878355215015934,0.2118500796018862,0.17835385509832793
stat_83,,,,,,,,,,,,,,,,,,,,,,,,,,,,,,,,,,,,,,,,,,,,,,,,,,,,,,,,,,,,,,,,,,,,,,,,,,,,,,,,,,,,
stat_84,0.27697481228154464,0.2776992370811287,0.2791450241584403,0.28050059796738597,0.27706136125102065,0.2773673664604483,0.27496289247465366,0.27390799711093927,0.2701305002359956,0.2646814812504482,0.26168447143716395,0.26125071999378874,0.25739123439390676,0.25265526789429055,0.247215663357949,0.24107161829500204,0.2343497162023502,0.23076985342747877,0.22826080341740196,0.22305438808935218,0.21745303338349145,0.211355187489757,0.20872442899840932,0.20875737614741732,0.20406783064881123,0.19929081952912403,0.1984773596265173,0.19855347633401582,0.19726001884272973,0.1930712193479299,0.19089400891510816,0.19059030332992735,0.18748176277035655,0.18347675563575658,0.18324998259028397,0.1822393684063822,0.18093566946872985,0.17743769795384773,0.17395461312223678,,0.12730249717417996,0.14572524838762105,0.14216604806287392,0.15156130627033285,0.17177575564591263,0.18241780194302198,0.18851555004482412,0.1944887067362284,0.20331378059279023,0.2048086110259799,0.20602284334707438,0.20571732739150464,0.20788255121072013,0.2118166907707825,0.21449869962337587,0.21502187803267744,0.22246968629220149,0.22772378892915016,0.23342316708742547,0.23332727251795526,0.23473887893498221,0.23580002391653312,0.24344660563197568,0.2518548143854827,0.2619715334724011,0.2653213220881787,0.26229812514543743,0.2695195630327982,0.2750487998903765,0.2712021853130204,0.272610802729411,0.27529904062959776,0.2747271361185139,0.2776824881385846,0.2821439870980313,0.28094952176750715,0.2827456856695224,0.28252038688617404,0.25985466355897435,0.23295824209134938,0.1898014671027264,0.43538143902693877,0.21299688083424193,0.17993334266667876
stat_85,0.21895025185018796,0.21950931602054308,0.2207692063224912,0.2220808748249168,0.21951991238172605,0.22010627667478425,0.21853811788877428,0.21780444986346487,0.21481286476947117,0.21051004680071123,0.2082395579551001,0.20788462993368,0.20469194611065888,0.20109979935160094,0.1970177142474734,0.19222189443927876,0.18670723637940978,0.18381810363694925,0.18178594676687312,0.1778129208943111,0.17330086831654973,0.16861958166398133,0.1670690978711362,0.16718540555312933,0.16340775423830886,0.1592657681081835,0.1586437892365413,0.15869805892056602,0.15751841468897454,0.15389511807070197,0.15196327312530591,0.15133836401579057,0.14880535668845593,0.14567066510592935,0.1455203001251159,0.14513446657521883,0.1446014949069169,0.14231223598470677,0.1400584235688835,0.09289656921190272,0.1059174234319664,0.11326415807943839,0.12299429848255608,0.12408720482164952,0.1414082745429448,0.14942482103890278,0.15275119675398866,0.1563963003362751,0.16210467546338297,0.1627352130028415,0.16376851554597172,0.16421900902185485,0.16717441991003765,0.17085909867303511,0.1727852466036707,0.17304568685979355,0.17998652455309103,0.18457097336694728,0.1878339590789779,0.18693491630949235,0.18742117640077893,0.1877161792052008,0.19401179972845833,0.2009697787073867,0.20889181314795285,0.21080491531429105,0.20784844603886543,0.21390463346178776,0.2183201558582058,0.2148493837586436,0.21599641684625395,0.2180380569421439,0.21702230579980322,0.2190718978572996,0.22237841935770838,0.22130662015932304,0.22287869787203726,0.22261532049466534,0.2059291212681557,0.18487435496553092,0.14956455818504721,0.34277319838213605,0.18156874906749665,0.1461969139546999
stat_86,0.27380335972943975,0.2745341545716884,0.27598311679315746,0.2773397658848396,0.2739234262610316,0.274278466949259,0.27195242724093355,0.2709423924492918,0.2671930890096656,0.2617669739453863,0.25882825586161035,0.258397738072912,0.25456628931573677,0.24990372571330713,0.24455597343547508,0.23849985987149852,0.23181862377382315,0.22827942892561562,0.2257915297829595,0.22065305408049438,0.2151039390261211,0.20910843490469583,0.2064426324658871,0.20649022587946236,0.20183556978174066,0.19705042620948562,0.1962942534232324,0.19637290108738772,0.19516038614074557,0.1910389388304686,0.18893799722854068,0.18863466577042237,0.1855517330736556,0.18154171542998337,0.18131914944137204,0.18043654409057472,0.17913748262158563,0.17575170766112058,0.17240221819919838,0.10082711289418245,0.1178218683783842,0.12959605500874993,0.1405499944571478,0.15030490090136087,0.17057348852682497,0.18108019035006717,0.1869907438822066,0.19286303031510496,0.20143138689747722,0.20296140313613395,0.20418799405096735,0.20399717872366932,0.20620923322231438,0.21001569117359614,0.2124869234086896,0.21291967482484614,0.22042203147014927,0.2256465804936463,0.23127770401460898,0.23102305050983274,0.2323046653476634,0.23330150038708028,0.2409052727380615,0.249217919747828,0.25921789527982925,0.26240682636704143,0.2592796056662329,0.2664883262339509,0.27194564311045394,0.26805728807576856,0.2694907056275875,0.27213135979440833,0.27145306444983736,0.27434832002144227,0.27877238089846745,0.27760355183502716,0.27942617576927553,0.2791612532732441,0.25684697403533496,0.2302662708650043,0.18695470230958364,0.42936779442712547,0.2119990527628508,0.17853259250436912
stat_87,0.23239777067920833,0.2330039428191294,0.23432542256848254,0.23566958576198258,0.23290211676988917,0.23347293047116072,0.2317578712932963,0.23097459286547534,0.22779116741200262,0.22319814668930626,0.22077845514512418,0.22040364964605547,0.21704113210729575,0.21320225546092839,0.20883362910632267,0.20373952284415944,0.19791398001641752,0.19486188333552165,0.19271234898995565,0.18846500075868242,0.18368937312032974,0.17870627137398978,0.17687935845293332,0.1769897270675015,0.1729874336788386,0.16864705155518273,0.1680140224850976,0.16807524416981015,0.16690641628256467,0.16315244273488616,0.16118645221137762,0.1606207570938292,0.15794521997199257,0.1545828826592622,0.1544208378333965,0.15397788169091395,0.15327447904065186,0.150759024749568,0.14829416862019373,0.10074466626198691,0.10552305311430564,0.11216818685139579,0.12208558325212186,0.13091604149238295,0.14909102561536564,0.15770306719453797,0.16157411090782872,0.1657160615287115,0.1720112944328146,0.17284337234281177,0.1739368792443219,0.17430214923933396,0.1771589663312838,0.18087078541847995,0.18285689943715108,0.1831204106303062,0.19029418711212914,0.1950639916301867,0.19886244835159694,0.1980242506484336,0.19863205235336384,0.19904981430587518,0.2056969141579465,0.2130046074140621,0.22143111935722315,0.22356927946287317,0.22048346353325282,0.22686944478802334,0.23153974302663227,0.22790679277994658,0.2291423229039694,0.23131902490031786,0.23030419478850742,0.23253095821622924,0.23610221422219171,0.23500290706599195,0.236666631548597,0.23637933103205086,0.21843110739309246,0.19603724318616086,0.15832226437817862,0.36343076380732686,0.18997602203505234,0.15456085524476065
stat_88,0.30664736591360586,0.30747341072615914,0.3089658505820634,0.31023041553838715,0.3062489032223981,0.3062769098031881,0.303322133339416,0.3020818716340728,0.29789319083754134,0.2918240236433158,0.28842864916763095,0.2879589571554634,0.28381285386957034,0.2784363686585167,0.2722262358784498,0.2653813743737344,0.2581052654175772,0.25420054874911513,0.25146455937278206,0.2455689210336543,0.23944298639893993,0.2325871856926671,0.22909807964150383,0.22906439436198903,0.22392714978824568,0.21892647642684762,0.21805388533694675,0.21814697967873853,0.2169933589265952,0.21268265011504306,0.2105691186450702,0.2106559560187503,0.20733217291237113,0.2028865293487939,0.20266642867670523,0.20116933383996013,0.19924832717016497,0.19505829396611715,0.1909492499912265,0.10605005043509626,0.1258564403071434,0.1421342454055173,0.15416784796397925,0.1645210251565777,0.18623268426439926,0.19821816481215734,0.20604925837931562,0.21356009454129585,0.2244353397853641,0.22654125174875905,0.2277880102630134,0.2268529757182966,0.22814508513634274,0.23188977906708885,0.23477883227286186,0.23540247998509406,0.24285013450529716,0.24831230608302576,0.25569468710668325,0.2561846376662235,0.2582326566971306,0.259887929742046,0.2681462004159469,0.27715182305687636,0.28842088786858255,0.2927474890513419,0.28986823728895367,0.29756190038724306,0.3036314059375047,0.29974919594996446,0.3013030948140884,0.3043532872800409,0.30423785620490634,0.3078023280049739,0.31298691696936737,0.31180927120540136,0.31365761441579115,0.3134779503297268,0.28713970838109515,0.2571559993306678,0.21088590425786483,0.48327021821309685,0.22656901139175717,0.19613763668540662
stat_89,0.27380335972943975,0.2745341545716884,0.27598311679315746,0.2773397658848396,0.2739234262610316,0.274278466949259,0.27195242724093355,0.2709423924492918,0.2671930890096656,0.2617669739453863,0.25882825586161035,0.258397738072912,0.25456628931573677,0.24990372571330713,0.24455597343547508,0.23849985987149852,0.23181862377382315,0.22827942892561562,0.2257915297829595,0.22065305408049438,0.2151039390261211,0.20910843490469583,0.2064426324658871,0.20649022587946236,0.20183556978174066,0.19705042620948562,0.1962942534232324,0.19637290108738772,0.19516038614074557,0.1910389388304686,0.18893799722854068,0.18863466577042237,0.1855517330736556,0.18154171542998337,0.18131914944137204,0.18043654409057472,0.17913748262158563,0.17575170766112058,0.17240221819919838,,,0.14124406048097712,0.15328314531978854,0.16376701453102196,0.17057348852682497,0.18108019035006717,0.1869907438822066,0.19286303031510496,0.20143138689747722,0.20296140313613395,0.20418799405096735,0.20399717872366932,0.20620923322231438,0.21001569117359614,0.2124869234086896,0.21291967482484614,0.22042203147014927,0.2256465804936463,0.23127770401460898,0.23102305050983274,0.2323046653476634,0.23330150038708028,0.2409052727380615,0.249217919747828,0.25921789527982925,0.26240682636704143,0.2592796056662329,0.2664883262339509,0.27194564311045394,0.26805728807576856,0.2694907056275875,0.27213135979440833,0.27145306444983736,0.27434832002144227,0.27877238089846745,0.27760355183502716,0.27942617576927553,0.2791612532732441,0.25684697403533496,0.2302662708650043,0.18695470230958364,0.42936779442712547,0.2119990527628508,0.17853259250436912
stat_90,0.24709745843033334,0.24776358605696333,0.24914122900858404,0.2504884591165939,0.24746196275224122,0.24798407734980843,0.2460802977581923,0.24524344705284198,0.24184391973868152,0.23691358937996712,0.23432740275584024,0.23393189424812832,0.23039416343113378,0.22627189544948154,0.22156801009682298,0.21614484930719788,0.2099918755802141,0.20677245468240654,0.20449839165759362,0.199929999619244,0.19487690250139106,0.18955707906733746,0.2047599793225736,0.20481245656436547,0.2001839739615262,0.19540600357243285,0.19467141639732427,0.19475168796979023,0.19359682149654187,0.1895288565892785,0.18747659706335243,0.1871746635786738,0.18410312821153774,0.20193766739789193,0.20168117436207825,0.2001960053481794,0.19829003791780322,0.19412438323456518,0.1900120589952658,,,,,,0.18548357315283776,0.1974414049878931,0.20519540324087218,0.2126386670375339,0.22342667788062695,0.2015388198614976,0.20278134554409058,0.2026613345903198,0.2048902262872483,0.20859868332988205,0.21092837621767163,0.21131685188765578,0.21883201712900122,0.22402772445622074,0.21069332888476064,0.20994148871588308,0.21070466959026377,0.21131417923555093,0.2183287312119028,0.22597133204968003,0.23496229426675766,0.23740074155524862,0.2342003971957483,0.2409260424752779,0.24586360417223144,0.24208543341542796,0.24343007334237768,0.24576087055203377,0.24479713981422,0.24725881408619185,0.25116405998773433,0.25006201619921553,0.2518154673357286,0.2515020031370829,0.23199717063838066,0.20810858382052203,0.1679435333796357,0.3859903063078721,0.19865641996694602,0.1635278276007553
stat_91,0.2511932685554791,0.2518515447087518,0.25323510106855474,0.2545989783750749,0.2515526238540335,0.2520380453556166,0.25005700637346334,0.2491697441452596,0.24573274780865964,0.24077162411215025,0.23811726590211707,0.23771674757832875,0.23413430839116922,0.22992738363556692,0.22512104924444215,0.21958883051336786,0.21337004279716992,0.21009274880485324,0.20778809675210197,0.20314308738045628,0.19801204708671744,0.19256962440977038,0.19049236852639234,0.1905746690789014,0.18627341566463126,0.18172167329673394,0.18101392429579446,0.18108162568920436,0.1798489310824157,0.17589463772615518,0.17382786585284812,0.17334173962011928,0.17046771217634082,0.1668113676634123,0.16661077034220131,0.16586553163599496,0.16498885836376725,0.16207726342924447,0.1591966741617546,0.10507879340926486,0.12559959480943292,0.142378817311189,0.13050816437630944,0.13966989872088212,0.15889788635820837,0.16837128595312859,0.17312789196944628,0.17794353733383317,0.1853220302210868,0.18644698878004812,0.18760891188057263,0.18774959010065775,0.1903832084931028,0.1942040436828382,0.19646581783847544,0.19682782499265847,0.2041785811887447,0.20917606212261036,0.21366424817446716,0.21308136165961095,0.21398400193188902,0.214641493762575,0.22172905015686098,0.22951419229819492,0.23865142586593738,0.24124686839316944,0.2381346177637909,0.24490383173088953,0.24993677126435263,0.24617674798740027,0.2474948931055206,0.24987997425902617,0.249001005085947,0.25151450133527603,0.25545236383042774,0.2543086574673848,0.25604633797889714,0.2557717031547763,0.23591564716467556,0.2116346357465043,0.17136124270801997,0.3934453735353729,0.20027453114910035,0.16553015286505435
stat_92,0.22899806548832974,0.22961158796426223,0.23092432308083813,0.232246388511379,0.22948915606411124,0.23007996671579306,0.22841965718661275,0.22767637585108164,0.22452355464789234,0.21995406964478378,0.2175887893535782,0.2172184730084742,0.21389679478619425,0.21012401666457362,0.20583440162598157,0.20082964751621635,0.19506352280430556,0.19206156713225975,0.18993870536488083,0.18575035750827962,0.18104209395131476,0.17615787792840376,0.17441967458747507,0.1745376421873639,0.17057396784094733,0.16624773060973677,0.16565873630735198,0.16572305124027506,0.16464623519468347,0.16098784456499476,0.15910460688320788,0.15855138251528195,0.1558879996244522,0.15252627407741476,0.15236860878383274,0.1519254947519244,0.1513016908969682,0.14882805533418675,0.14647102103617476,0.10434321358233002,0.11632911702489934,0.11763696186225156,0.119782263633635,0.12927536051760105,0.14755332762349735,0.15603205645511345,0.15979468238434116,0.16377732965464023,0.1699643396250609,0.17085388710913502,0.1719759516478378,0.17243844977384754,0.17529633659009403,0.1788356868549392,0.18060251659752105,0.18078844830127813,0.18796969063460922,0.1926878537796867,0.19632033408012425,0.19535293265326995,0.19585605624903027,0.19624883736877233,0.20282941414989294,0.2100085074265032,0.2183159501626389,0.22034230498747176,0.21719830490446776,0.22353837580251332,0.2281275436673031,0.22449238227497129,0.22574993633176835,0.2278841663484662,0.2268182760401316,0.2290133726898633,0.2325665930096429,0.23150709176806908,0.23317792996275433,0.23286164715112667,0.2151584741745063,0.19308278698907155,0.15555951368711407,0.35732170473086694,0.18849565072825786,0.15283007543267135
stat_93,0.2722986192055916,0.27303353768510596,0.2744789566300589,0.2758252840264399,0.27241168902341084,0.2727766034425688,0.2704759874921278,0.2694850156011909,0.2657484393207786,0.2603305610774957,0.2574168726519159,0.2569882994207625,0.25317572910097924,0.24854282029225488,0.24323193993897507,0.23721725729334286,0.2305609902620414,0.2270436217317286,0.2245673181477264,0.21945601301364362,0.21393511940693402,0.20798597241251013,0.20538806256223374,0.2054406787424728,0.2008043918265594,0.1960238738206898,0.19529702324466253,0.19537721300686603,0.19423716096184906,0.19015949898516737,0.18811770213232928,0.1878474470232476,0.1847968844006758,0.1808084856333171,0.18061129689161332,0.20057858398440248,0.1986319063228283,0.1943891450766012,0.1903025933070759,0.10507450772534142,0.12505026371315237,0.14118622235004535,0.15336870923195817,0.16395574345525857,0.18571036668911703,0.19765788986540295,0.20549413417356557,0.2129976026055439,0.20074151011022018,0.20224942612353913,0.20346083553942132,0.2032872137949614,0.20548012732425322,0.20920735509174643,0.21154903383794474,0.21193643968005083,0.2194465088197275,0.22464754095051404,0.23017265928889155,0.22985260995432066,0.23108477952189235,0.23206850624374234,0.23964491403007493,0.24789961174978314,0.25784591747033314,0.26098044602382675,0.2578227636595891,0.2650120547505194,0.27043272181650657,0.26654099335896697,0.2679862269514537,0.2706076511662999,0.2699042940492403,0.27278627996369154,0.27720477088882917,0.2760552160987711,0.2778821737640938,0.2776029349619857,0.2553936858460271,0.22895314741562037,0.18570819577008654,0.42662434026559987,0.21140139194751317,0.17779089176985513
stat_94,0.2142164205184848,0.21478666911689,0.21603672785633754,0.2173206099049295,0.21477389764796337,0.2153940222816491,0.21390749499073564,0.21323220221830264,0.21028219930975525,0.20600958761772506,0.20381695528689261,0.20346809776082267,0.20033127180560095,0.1968331765449694,0.19286482136646968,0.18819554460386018,0.18276026817898472,0.17994141935798216,0.17794564063412396,0.1740566729615625,0.16963611750541474,0.1650958846397253,0.16358513220426385,0.16371441988167182,0.15999177214301977,0.15586630651664488,0.15531491036912354,0.15537385470094164,0.15432867978633893,0.15084116409963522,0.14903775384496237,0.14843608539756298,0.15565209000710298,0.1522919382060634,0.1521327810358875,0.1517031525955311,0.15106884934077533,0.1485683770336949,0.1572151102776102,,,0.1273568525465421,0.13885040234804577,0.13798502754336592,0.15727758788136834,0.1557912429740244,0.159569958207368,0.1635535235465735,0.16971465367821106,0.17060923658779453,0.1610422109163008,0.16163195098392052,0.16458535266543114,0.16802122838210906,0.16962570451311848,0.16976668809786574,0.1767255643609924,0.18123670127951158,0.18434489678831414,0.18325460901699275,0.18358754666965665,0.18384139004203717,0.19004759671021307,0.1968281708549329,0.2045833720946531,0.20632846533300836,0.20327793641128258,0.20927643350973438,0.21357869108300875,0.21009592676416539,0.21127672568559483,0.2132574365317643,0.21215767786907455,0.21415840202842462,0.21743862291524121,0.21642185184549775,0.21800911090715533,0.21770119839533847,0.20137393859866723,0.18076421354054173,0.1456434453523318,0.3341652089451015,0.17957136833386372,0.14383712488471484
stat_95,0.27223278682414814,0.2729675072540694,0.27441318547905047,0.27576032507023174,0.27234821622406197,0.2727146405430052,0.2704160413831423,0.26942576657814504,0.26569008561097995,0.260273443426783,0.2573608450553076,0.25693232467265864,0.25311960033595954,0.24848842149237496,0.24317848813980616,0.23716510717396752,0.23050959477059849,0.2269927635702338,0.22451686972388418,0.21940606267608528,0.2138852294877217,0.20793778566994106,0.2053418172567179,0.20539431247437018,0.20075791281570174,0.19597649490219432,0.19524131321346555,0.19532147761450494,0.19418291019814063,0.19010557008487625,0.18805840912565214,0.18777751933270762,0.1847138154516401,0.18072302653762556,0.18052913045055752,0.1795802877657557,0.1984855435118836,0.19421110016831197,0.1901014258946762,0.105051437253469,0.12498826201827275,0.14099891325374989,0.1531966078486759,0.1637992242452785,0.18555574905580594,0.1975150021418701,0.20536843781120603,0.19207311790001438,0.20065737161442251,0.20216361898828175,0.20338958204453453,0.20322882961009445,0.20543102652810777,0.2091578377356792,0.2114956222184799,0.21189046647385731,0.2194028077359661,0.22460469645257303,0.2301257516132634,0.22980312288055238,0.23103350925043423,0.23201622008130218,0.23959192240494476,0.24784577643756853,0.2577898222183895,0.2609217924207322,0.2577621677062827,0.2649519074544676,0.2703714781826403,0.26647862966846736,0.267923703754735,0.2705440832516493,0.26983788992866264,0.2727176086120996,0.27713389864051713,0.27598397579058764,0.27781151876367327,0.2775317127359869,0.2553342218038821,0.2289009872577409,0.18565298332550514,0.4265078462454248,0.2113840592874257,0.1777624434031308
stat_96,0.20217770032951687,0.2027118640555436,0.20390479516742346,0.20514735436080536,0.20276781510931882,0.20339491477034582,0.20203394725608556,0.20140788965142623,0.19862449563596093,0.1945967046798848,0.1925393338602811,0.1922085160391388,0.18922834641342953,0.18594718799784282,0.18223058901195568,0.17783099037557074,0.17267502252363742,0.1700057403747667,0.16811580700719503,0.16446512054348852,0.16028324095249286,0.15601764664641224,0.15466762237220882,0.15480200755215892,0.15127838635409654,0.14733450110478602,0.15533645879555058,0.15539538384748122,0.15435186306296755,0.16098784456499476,0.15910460688320788,0.1707838408012567,0.1679343399000658,0.1800912377812182,0.1798709088555004,0.1789253087872223,0.1776888877711681,0.19369530798586426,,,,,,,,0.19708592384527024,0.1856901374245615,0.1914352450967247,0.19997421619752845,0.18399659514862438,0.1851839630443045,0.17243844977384754,0.17529633659009403,0.1680444945983989,0.16964788381050336,0.16064810549693764,0.16738252551856436,0.1717106041052038,0.1744391777325164,0.17328433534521295,0.17350733445067423,0.17367056800576736,0.1795614351911384,0.18600653923358662,0.1933146221248789,0.19486578819376463,0.19192346619519463,0.19762534508707316,0.20169303373499606,0.1983575182907538,0.19947090697996497,0.2013311305574696,0.20023543696749346,0.20209145999354525,0.2051564074184611,0.20417812218267534,0.2056866549229207,0.20539312345866453,0.19013136925261215,0.17070733936774912,0.1377030021759659,0.3154878008526047,0.17184890896888272,0.13633625005788041
stat_97,0.2473606389105144,0.2480268388288154,0.24940560320618277,0.25075449381234477,0.247726019279075,0.24824770414136862,0.24634078325015243,0.24550192104711208,0.24209949895600236,0.23716564366861786,0.2345758433495701,0.23417995260233823,0.23063856088048182,0.2265114861242374,0.221801318606235,0.21637147917617364,0.21021292772558922,0.20699213218650975,0.20471582976293418,0.20014176294064603,0.19508274458591263,0.18975588332606433,0.18768148401957013,0.18777577084674318,0.18352278376086267,0.1789772308683326,0.17831980571280093,0.17839090739643387,0.1772839779355244,0.17342481358209347,0.17146563974396678,0.17100571474029536,0.16816707954543259,0.16454398601864773,0.16436954545199453,0.16375811690944778,0.1781108198956531,0.19455543715711376,0.19046150021780936,,,,,,0.18585587301178505,0.19781094730802828,0.18608888955867786,0.17599555504449332,0.18311099194197944,0.1842326584428405,0.18540544934603465,0.18565161580479195,0.18829657430400257,0.1919403299429724,0.19392574660729497,0.19419741843775984,0.20157966103615185,0.2065221460511074,0.2109013454629957,0.21015552536189785,0.21092433996916438,0.21153626077696636,0.21855468845261578,0.22620637159064214,0.23520706070721129,0.23765206084388063,0.23445222566289556,0.2411835358334193,0.24612697896736943,0.24234678123159226,0.24369123485526079,0.24602486733705667,0.24506222290894297,0.2475261945272473,0.2514341135629731,0.2503298588785804,0.2520841762815395,0.25177152281182247,0.23224748441963644,0.2083338716620851,0.16813259783638923,0.3864257598087569,0.19879414527440306,0.16367734880026574
stat_98,0.2143863157234201,0.21495634432797056,0.21620797129358674,0.2174947780392134,0.21494829832084184,0.21557029533181873,0.21408364005638872,0.21340728565539824,0.21045554265345248,0.20618119870705265,0.2039868168531561,0.2036376497419288,0.20049779629168066,0.1969975452940113,0.19302658832917516,0.1883533554310357,0.1829138616084674,0.18008982040495508,0.178092523392606,0.17420083786708457,0.1697735201758563,0.16523215767003713,0.16371981721328296,0.16384917242087124,0.16012090557193803,0.15599325762716937,0.15544192481205502,0.15550075626790733,0.15445102039995506,0.1509620129199118,0.14915502018115223,0.14854915256078546,0.14603893733248877,0.1428898469708926,0.14273993386440628,0.14240696583522955,0.1419322650558808,0.13972090171887538,0.1376236589334984,0.10438019849587317,0.10937256474660949,0.10928797131386624,0.11956256661938656,0.12196401989953486,0.1393841868866098,0.14722072026097574,0.15038132374838117,0.15385309049913673,0.1593605359793163,0.1600892080067978,0.16115627327574486,0.16174682314850397,0.16470413593055777,0.16814459519126423,0.16975726072110203,0.16989889445662615,0.17686102967912154,0.1813794569512728,0.18449179608944308,0.1834004066490613,0.18373773418848088,0.18399032951612398,0.19020395499424445,0.19699215666477243,0.20475303132104458,0.20649857481878123,0.20344547752023417,0.20944943332233254,0.21375570351161677,0.2102691768632987,0.21144966264287762,0.2134317378735007,0.2123286030142074,0.2143280763850835,0.21760758339596337,0.21658796654462162,0.21817712294977884,0.21786910011191865,0.2015404159066795,0.18091613769805517,0.1457515141159318,0.3344339229969614,0.1796851737481948,0.1439469072316788
stat_99,0.24736566010518257,0.2480320133525885,0.24941070183373573,0.25075925728850373,0.247730282838091,0.248251748188475,0.2463446119833165,0.24550582607837693,0.24210316579737196,0.23716890806553761,0.2345791080268034,0.23418321544122891,0.23064221706933727,0.22651496212229486,0.2218054295402479,0.21637580949480256,0.2102171896084603,0.20699669797767023,0.20472035542172384,0.20014691916655147,0.19508833974063375,0.18976151581691578,0.18768766038320908,0.18778221523994373,0.18352993649336174,0.17898481103188915,0.17833304820828008,0.17840417405248724,0.1772960864420178,0.17343479694916258,0.171480845701985,0.17102773174513392,0.18388704695709038,0.17989985909512235,0.1796768498765523,0.17878760994099321,0.1775881211407219,0.19331396852505545,,,,,,,,0.19675482305615344,0.18560009325245005,0.19130125750267973,0.19976982658483386,0.20131253845687716,0.18542883904243146,0.18566787254322795,0.18830718350687173,0.19195268431097784,0.1939395474542348,0.19420571046681306,0.20158739375716136,0.20652898913777262,0.21090773852433606,0.21016165996350622,0.21092999361730783,0.21154142986285995,0.2185596680543464,0.22621104261819086,0.2352117264971704,0.23765612597605135,0.2344561943333552,0.24118714822575518,0.2461305195382715,0.2423503830287835,0.24369518968446272,0.2460288990151164,0.24506658927373423,0.24753110825602515,0.25143977660577077,0.2503359190448701,0.2520901972112487,0.2517774636993649,0.23225088799173085,0.20833646924611335,0.1681350620886357,0.3864306177536978,0.19879654830688973,0.16368021392934798
stat_100,0.17625809543718907,0.17671162761021408,0.17776384446595567,0.1788882729604658,0.1768573673011021,0.1774501300494971,0.1763126339169451,0.17577402714668233,0.17335389396714845,0.16986325342851408,0.1680811523639208,0.16779082735560288,0.1651660379865601,0.16233206786293786,0.15912854480491112,0.15529884973184696,0.15077336253012788,0.14843253321614375,0.1467773333117708,0.14362349128425503,0.13997200467993348,0.13627217256024718,0.13519448736178896,0.13532783829098421,0.13224500186725713,0.12873667863326124,0.12825966374375966,0.12830458606238537,0.127353131115094,0.12959838627908138,0.1279769065348942,0.1402886574387649,0.13790415640309533,0.15225716226218514,0.15207930249473292,0.16345001308882942,0.16253379596423215,0.15963995572009615,0.15689078254801242,,,,0.15237891132116704,0.1630943096576178,0.15698830998299312,0.16630396811015963,0.17094565576731,0.17568578655362257,0.16965634997273943,0.15117904030453705,0.15220086554671727,0.1388454453024473,0.14180985806089927,0.13921996418775368,0.1405040177294761,0.14058788221889984,0.14671684507547636,0.15060293691891413,0.15265941715313022,0.1514834573592674,0.1515519658031372,0.15158608506517568,0.15676155529766794,0.1624535889580725,0.1688066310746243,0.17004404106343157,0.16743005325550522,0.17243869952259597,0.17599910895284834,0.17304876120415735,0.174001719517159,0.17561590357162588,0.17462168312050988,0.17620495168850886,0.17882534846826323,0.1779395745518344,0.1792471417792534,0.17900729536703877,0.16588282694042011,0.14898824320460452,0.12101943141638109,0.2758270611615163,0.15376252058341142,0.11965321056549835
stat_101,0.18378442102197795,0.18426036468416218,0.18535526807389766,0.18651876587795432,0.18439098394056255,0.1849988149243319,0.18380096597259046,0.18323736717103864,0.18071251156411455,0.17706799097127177,0.17520647604774883,0.1749042364779255,0.17217222440416596,0.16921341270342777,0.16586297827666285,0.16186766505520953,0.15715782967298234,0.15472844463715305,0.15300706072595838,0.14971496326425737,0.14592504364083372,0.14207686396404695,0.14091092718879925,0.14104719703678326,0.13785266095607118,0.13422982782644827,0.1337506835230922,0.13379798516581648,0.13284166060385125,0.12979235485333113,0.12819074848962766,0.1275730786176411,0.12539709882898328,0.1227861885436718,0.12265956743120407,0.12248189175152899,0.12774284135206238,0.1258556515571107,0.12413408270298319,0.09424300599459677,0.10914053884293559,0.1031613327533989,0.1071539834592887,0.11064794539875944,0.12663369033199728,0.13349317738774935,0.1358930203614682,0.1327638536871068,0.13705587229173205,0.13740972470799265,0.13834280216094624,0.13903174570628618,0.1419767054011446,0.1451089392871584,0.14643875104536777,0.14651837616685126,0.15281877706019006,0.1568220647470536,0.1590728719950425,0.15787989181551518,0.15796949693707524,0.1580289402385423,0.1634041585559727,0.16932020147706026,0.17594961876833437,0.17727051152339834,0.17455287912515513,0.1797690216902313,0.18347837346707588,0.18041092528017785,0.18140911526972897,0.18309360778733816,0.18206149667568028,0.18371755462402817,0.1864607017718849,0.18554413396565303,0.1869122619980353,0.18665624360894637,0.17293724863263785,0.15531237326004124,0.12584434000947853,0.28733353339844203,0.15914403568768548,0.12453499566206298
stat_102,0.19206507098444645,0.19256794207998376,0.19370773495672378,0.1949073228378228,0.19266518411802377,0.19328394363330528,0.1920149568382011,0.19142487474699021,0.18878290349488175,0.1849638227554336,0.1830152601126374,0.18270007604213792,0.17985493382907444,0.176753902492777,0.17324023989870355,0.16906410207281972,0.1641525057885176,0.16162065346240245,0.15982462288610985,0.15637376194451866,0.15241586302066493,0.14838212844403326,0.1471326047367849,0.1472657415081784,0.14392644276731842,0.14016596103961948,0.13966972734955305,0.13972042516264255,0.1387321161340587,0.14244310086213033,0.14897763256454685,0.1706034260071248,0.16777565777693382,0.16416154592812424,0.16395735222025554,0.17858293865452204,0.1975332196745074,0.1932752157761254,0.18924143148451347,,,,,0.16311902693363808,0.18484926144345903,0.19671320204658527,0.20450140142618847,0.19108480937873887,0.18266611195119126,0.18382130920200962,0.18498877049091425,0.16155607331285654,0.15563092976372886,0.1514476183568474,0.15284630963107929,0.1529354308840735,0.15942988485727747,0.16357726578590315,0.16604163256241622,0.16485511798040475,0.16498859913998204,0.16508948529642983,0.17069186286409732,0.17684514722062625,0.1837797409486739,0.1851981962248408,0.1823711102867495,0.18780966271413102,0.19167988287498233,0.18848811720702038,0.1895400768745224,0.19130294227806807,0.19023778094944135,0.19198319290331775,0.19487234734222564,0.19392879055795834,0.19536188909984142,0.19508727541594126,0.18067563941505146,0.16224087912398502,0.13115677023296063,0.29996673805503465,0.16497666806019573,0.1298855121906119
stat_103,0.24739028891495723,0.24805551918671265,0.24943386885627628,0.2507831552946269,0.2477562170648971,0.2482760853467382,0.24636710457139782,0.2455263594850292,0.24212437025671588,0.23719244986597543,0.23460113616005365,0.23420526885548482,0.23065600143592532,0.22652772446180602,0.22180804756046849,0.21637008335273442,0.21021299122291398,0.20699031478353294,0.2047144134832818,0.20013265439874728,0.195072028591304,0.18973697463359604,0.1876188340506905,0.18770379534671086,0.18344253212766876,0.1788940395759825,0.1781994215172671,0.17827042137558732,0.1771348762898005,0.173269762027668,0.17130123139821246,0.18712109635171964,0.1840423665157528,0.18004844810515416,0.17981170560815898,0.19988687493289878,0.19787978594746916,,,,,,,,,,0.20481784914418655,0.21233604672157871,0.1999023050106572,0.20146513107866768,0.20271537076585294,0.18547758437667708,0.18812965549828023,0.19177697900274324,0.19378854621513236,0.19409856595105013,0.20148129879716348,0.2064317642554483,0.21086494983798024,0.21013355095850067,0.210910043728988,0.2115314746326239,0.21854970111255786,0.2262023148199148,0.23521057279429325,0.23766942785581974,0.23447599526090923,0.24121330657538423,0.24615806466559226,0.24238115543696487,0.24372327241597885,0.24605790866162308,0.24509915218769499,0.24756303665369056,0.25146867634586273,0.2503624039698314,0.25211519337252786,0.25180452970317274,0.23228018711250778,0.20836410071677355,0.16818525000425244,0.38652790019401007,0.1987584105059693,0.1636679527006868
stat_104,0.18365088864380563,0.18412757010494943,0.1852223728687159,0.1863848407619258,0.18425669204296719,0.18486600794759453,0.18367130441098103,0.18310998388629723,0.18058575837086485,0.17694116177753028,0.17508251651578022,0.17478041574868963,0.17204900145120502,0.1690901503834902,0.16574154280510878,0.16174892377434172,0.1570398212461082,0.1546044259473993,0.1528814189563398,0.14958571193742104,0.14578037324739546,0.14191961720858126,0.14076848274590284,0.14090053515069267,0.1376887238642023,0.13404788201956466,0.1335469535786748,0.1335946186614278,0.13262213263743874,0.12953265065743105,0.12791318151082878,0.12726828963610648,0.12509166052232742,0.12243180099709135,0.12230700617802727,0.12212919732344153,0.12184153222118183,0.12007807807110063,0.11845051167434917,0.09422809793675997,0.09425874680024901,0.09285746988678449,0.10181862904638388,0.1103196245780393,0.12114644914255568,0.12766388608820095,0.12980183473603837,0.13240190297179769,0.1366913208478242,0.13711423396334366,0.1380543367261478,0.138780838656188,0.14174102544226938,0.14490122307137385,0.1462379413737652,0.14633920450074236,0.15265951355399793,0.15668011627372092,0.15891783809922672,0.15773632986718197,0.15783896804519384,0.15790343026954676,0.1632875333651518,0.1691990772161564,0.17582503983061512,0.17714095262425036,0.17442121000768895,0.17963758335783894,0.18334329378741143,0.18027398396720953,0.18127434487739605,0.18295693791269577,0.1819210565115297,0.18357635447562443,0.18632006855377733,0.18540604218020493,0.1867750865463857,0.18651712134403023,0.17280660493698272,0.15519417360256618,0.12572478233642326,0.28707133712240074,0.15912308306387427,0.12448193537229323
stat_105,0.20230498465200458,0.20283845104205264,0.20403210711655173,0.20527673220270315,0.20289818730940776,0.20352539277202567,0.20216318177385348,0.20153537792275858,0.19875113993019877,0.1947233516147605,0.1926637818507394,0.19233277605734897,0.18934635766856792,0.18606293741909313,0.18233924306224653,0.17793283858609613,0.1727747335826189,0.17010308782721345,0.1682122685085862,0.16455546036406615,0.16037299494717766,0.15610028313592395,0.15473385214295082,0.1548630175138833,0.1513357082559097,0.1473872393371981,0.1468393581770199,0.14689376289684597,0.1458683190349315,0.14252476642074957,0.1407896482678712,0.14016013005879283,0.13778084741400537,0.1427703984764717,0.14261684140513975,0.1635315986294357,0.16263043728001797,0.17416374341943228,0.17092474224898602,,,,,,0.16933353932216968,0.1797070682300072,0.17102570669833478,0.17575448161534332,0.1592233271750127,0.15104553034800425,0.15206383176664684,0.15272699772905893,0.15571281788984723,0.15905734926264284,0.1605555886997928,0.1606945709654461,0.16743272922267638,0.17176524638886423,0.1745184993767889,0.17337319642270785,0.17359861889332578,0.1737664133590664,0.17965994167941662,0.18611084267228317,0.1934264933924459,0.19498587795611522,0.1920458562293346,0.19775437214069894,0.20182563789838226,0.19848962275368662,0.19960144183973635,0.2014631140056627,0.2003676547791828,0.20222303435375844,0.20528640711121998,0.20430520938999658,0.2058139322961723,0.20552156684526446,0.1902579178531208,0.17082299917421187,0.13780510036505816,0.31572181940158195,0.17190355278555822,0.1364020188086384
stat_106,0.20230607675967693,0.20283925612295928,0.2040316205276714,0.20527423604458464,0.20289500675687847,0.20351870271236908,0.2021532139879382,0.20152407603971093,0.1987401626647118,0.19471315088422056,0.19265243103651475,0.1923215407339678,0.1893366904677129,0.18605325659767685,0.18233119328937425,0.17792641608727472,0.17277201885484572,0.17010386801635471,0.1682171251328304,0.16456403513600315,0.16039221590484826,0.16508820363037435,0.163537287304209,0.16365957811809395,0.159937172141759,0.1558127287032898,0.15523340065184507,0.15529220311030068,0.1542288643806236,0.15074282522710045,0.15885660939279134,0.15829270792743727,0.15562488879096675,0.1643290030727337,0.1641191835929822,0.16348835975209824,0.1775593560873454,0.19356807962696046,0.18945887379259466,,,,0.15269958347397322,0.16334684346727807,0.1850230425208682,0.19696079477159878,0.18555817049999912,0.1757104951107414,0.18283728364128676,0.17057062950018012,0.17170045578295928,0.17217673676422768,0.1644641561570962,0.16789786936837495,0.16952174853843782,0.16969239741147418,0.17664579616672882,0.1811555915598161,0.18431387519977652,0.17338338568160974,0.17360384343163535,0.17377063136011062,0.1796549126030374,0.18610219924583735,0.19341593250758116,0.194978745266997,0.1920443368215724,0.19774850744544498,0.20181966098750762,0.198488695586286,0.19959928552134318,0.20146194046567667,0.2003733784702568,0.20223150800197634,0.20529605677102364,0.20431536815933046,0.2058216455756439,0.20553111703179164,0.1902561533445918,0.17081946761603825,0.13783881180262772,0.31576898516882623,0.17183505841622093,0.13636949235786278
stat_107,0.18372100877806483,0.18419714006257334,0.18529221530031453,0.1864557890237655,0.18432845990866864,0.18493751080610857,0.1837417321104642,0.18317911324488304,0.18065456215988895,0.1770103903607602,0.175150272459043,0.17484808322831635,0.17211591472580925,0.16915656651549651,0.16580857938552848,0.1618152696729456,0.1571059811878431,0.15467079414478263,0.15294990918862172,0.1496560697623132,0.14585389654727646,0.1420066124803656,0.1408446322150123,0.14098005861281676,0.13777391739751077,0.13413671343381414,0.13364598841596756,0.13369343860489633,0.13871139167901134,0.13552363543750431,0.13385226401910325,0.1332071636381458,0.13092874870764493,0.12814316854920496,0.1280095612928208,0.12779318731248607,0.13385909803653448,0.13180304229313183,0.12990718567107434,,0.10930322765960807,0.10916412026420162,0.11240336076047025,0.11546084854462872,0.13211769081335603,0.1394160988930007,0.14217102578440508,0.13842850707981583,0.14303596945620728,0.14352573952827205,0.1445103492254983,0.1452185147900141,0.14819989031478126,0.15142813395244972,0.14633372671778497,0.14642531822861357,0.15274143535649692,0.15675700421658043,0.15900367868637216,0.15780890110189738,0.15790985244609201,0.1579712479467869,0.16335235271468476,0.16926668491935395,0.17589353771980573,0.17721001630830757,0.17449178798218276,0.17970861710503824,0.18341644242773109,0.18034757953993613,0.18134666484951553,0.18303020576282988,0.18199522198560963,0.18365009096850296,0.18639256224809655,0.1854766781587215,0.18684551035083113,0.18658853047041413,0.17287708518939765,0.15525867194204063,0.1257858440746177,0.28720919212458734,0.15913716985664092,0.12451178272780258
stat_108,0.16483986854825095,0.1652511478765143,0.16623600544147046,0.16730748749610963,0.1654415586834841,0.1660042171616522,0.16494970242409673,0.1644367031508652,0.16219224554659256,0.1589564992109194,0.1572965168249911,0.15702453110116055,0.15455853592903285,0.15191816922179302,0.14893045837077307,0.145344649123165,0.141130340909846,0.1389391357796203,0.13739124463078697,0.1344579784887686,0.13105496675830539,0.12759993018487975,0.1266008099924509,0.12672854343979043,0.12388413847613396,0.12061520435226815,0.12014389714362375,0.12018269910835364,0.11925549505105615,0.12054476013704847,0.11898115198248448,0.1183244682384434,0.11631055629598083,0.11839128165158182,0.11826365811257807,0.11813471077543831,0.11785869396396467,0.12111742778784866,0.12476190758678497,0.09046489260875278,0.10385672347675756,0.09795936798835099,0.10302154246043083,0.11121965812166344,0.12725239904599978,0.12872060135329969,0.1256325922621337,0.12808710492507508,0.13209449050638014,0.12732909628276357,0.12818247491609522,0.12889678197337429,0.13181932428544116,0.13033512325783242,0.1315914124610104,0.13169546926469786,0.13747522127794803,0.14111783796470234,0.14295008542188864,0.14182418524324647,0.14185715316491768,0.1418442862372954,0.146681252512194,0.15202731258945437,0.1579590952900624,0.15910086913308147,0.15667754451421376,0.1613605924797775,0.164692782401126,0.16193928829941445,0.16279540991670302,0.16430636105705,0.16338928557648727,0.1648538953324332,0.16726517349188053,0.1664107124091773,0.1676154960920159,0.1674139110745447,0.15522903638145374,0.13945086907952303,0.11389881948596428,0.25872300604026777,0.14503767596209596,0.11203323867304235
stat_109,0.17072014727220847,0.17114959549955377,0.17217115097685332,0.17327852279137912,0.17133885801368123,0.17192259248287434,0.17082978618107733,0.17030080192861627,0.16797461265543173,0.1646166531726375,0.16289939549348564,0.1626177795661503,0.1600657547351524,0.15732966529791192,0.15423321926457725,0.15051995673286428,0.14615852375667301,0.14389162217146104,0.14228905119263932,0.13924839156594693,0.13572433921056243,0.13214699806518349,0.13606426610623346,0.1361975500169173,0.13314561994742885,0.12964540695027849,0.1345795839534561,0.13462531535633082,0.13363239819552394,0.13057110580805345,0.15973502750620155,0.17190102423698392,0.16902920392874762,0.1653923125328878,0.16518378009428678,0.1802850963695763,0.1789114046015584,0.17541033095900074,0.1910220741698204,,,0.1418927171324295,0.15393559324549813,0.16451893225100778,0.1863267796242937,0.18082310468657317,0.18681276881203318,0.1927417923276773,0.18392525796436587,0.1850566693496031,0.18624335457822716,0.17297591924388908,0.1426771833885871,0.1458679656188117,0.14727471418118063,0.1415069526378792,0.14763560868932643,0.1515056488694686,0.14801714939133676,0.1468690554697113,0.1469137665606565,0.14691099623755519,0.1519179272278726,0.15744235093878445,0.16358877507752306,0.16477543793921193,0.16225466363348745,0.1671091292232659,0.17055633259939487,0.16769814949038467,0.16859172542519243,0.17015507536031899,0.16919067267095889,0.17070508622230218,0.17320912596403906,0.17232913823141183,0.1735872899600499,0.17336858993509927,0.16074827336363248,0.14440396837452132,0.11758537115687988,0.2676010713099124,0.1495207284447318,0.11594710431674714
stat_110,0.3049901498892978,0.3058143996043605,0.30730609428286243,0.308573811252082,0.30461468883951,0.3046627039296222,0.3017434109817505,0.3005193394100577,0.29634991408435685,0.2903054354138778,0.28693571623296643,0.28646788341222323,0.28231690551159805,0.27697768539428347,0.2707934541438,0.26397236234852595,0.2567236550785641,0.25284281444344453,0.2501191301541534,0.24424218255629837,0.23813304558903461,0.2313083346188213,0.22782376407896,0.22777508295235646,0.22264504229329024,0.21762660003088094,0.2166696252809844,0.21676280193003852,0.2155938524397881,,,,,,,,,,,,,,,,,,,,,,,,,0.23058280910247841,0.23342508498547063,0.23411692680115118,0.24160506740878546,0.2470692968652085,0.254412039604337,0.25485947174517887,0.2568664062571331,0.2585068763363383,0.26673181314079586,0.27569539891924677,0.28691998362039406,0.2911983118021765,0.2882905746460551,0.2959878199375047,0.30202426739576343,0.29813374810324195,0.2996886220456634,0.3027166189909346,0.3025630555380429,0.30609484327312536,0.31124791629250587,0.3100754742631625,0.3119278511312822,0.3117380396962155,0.28559529950001106,0.2557808621807479,0.20959285769176694,0.48041071232683585,0.2259550643460984,0.19532125285284602
stat_111,0.27684967318895326,0.27757225752740416,0.27901916418911565,0.28037948396815227,0.27694755045111547,0.27725839123080803,0.2748593549729613,0.2738045545645087,0.2700298904519366,0.26458707210965926,0.26159161601427233,0.2611579009610586,0.2572795133277869,0.25254812940346427,0.24709601062590675,0.24093750413712173,0.23421771230886437,0.2306386831594187,0.22813060006475214,0.22291267690542563,0.21729632727771234,0.21118712325463024,0.2084008713971453,0.2084168766731322,0.20371635526280538,0.19891839043962017,0.1980179824340624,0.19809403208589707,0.19680950202599953,0.19260011933248483,0.1904258966755019,0.19006251645968592,0.18693829461846867,0.18291312361803078,0.1826857583729092,0.18171499027483337,0.18022484427105415,0.17665122650184362,0.17317884816531726,,,,0.1544651674561111,0.15092322465106559,0.17115835093481152,0.18177129364929318,0.18789021742533618,0.193994659085027,0.2027378191490987,0.2042532238971287,0.20549059022232877,0.20526061260035255,0.20744997773249582,0.21139892461039977,0.21405303691612154,0.21465584657167686,0.22213195509698255,0.22740117343173213,0.23325168466495588,0.23316754101792095,0.23458991964293843,0.2356592418041803,0.24330360734721093,0.25171431866610766,0.26184193967837205,0.26520091528810213,0.26217527149454933,0.2694166590613148,0.27494557978981027,0.2710958698424236,0.27250149701552046,0.2751875538921929,0.27460815859860016,0.27755530402428835,0.2820070677069789,0.28080844555542356,0.2826053338239841,0.2823803561422319,0.25975454482368004,0.2328755659450295,0.18971565194460155,0.4351974214352789,0.21296416527474862,0.1798754982840628
stat_112,0.24742093078615968,0.24808746519249147,0.24946615655549678,0.25081434653982626,0.24778432016487945,0.24830497468614046,0.24639671280071465,0.24555744926504933,0.24215392359503973,0.2372185968154345,0.234627972698799,0.23423201748239683,0.2306820449426205,0.22655354617106482,0.22183394124403275,0.21639575542009118,0.21023660210429285,0.2070138142454127,0.2047372895364712,0.2001545238323824,0.1950869270533531,0.18975256708801264,0.18767338854139434,0.18775873078549965,0.2004383385622035,0.19564426505789126,0.1948484890801625,0.19492873649318865,0.19379873511826906,0.1897077650955994,0.18767074651124535,0.1873550391953682,0.20671307387388144,0.20224794210284897,,,,,,,,,,,,,,,,0.22590799258420172,0.2029616764797577,0.20284866185807063,0.2050557037781195,0.20878925340405793,0.21110333878707122,0.21155530026897482,0.219083590624383,0.20650397937421225,0.21089744942583713,0.21015962851601236,0.21093783479249933,0.21155917417256723,0.21857992037717922,0.22623173550166503,0.23524181802659763,0.23769731545404477,0.23449816437790277,0.24123858444602708,0.24618300712403896,0.24240300121538227,0.24374816959743104,0.24608266698830525,0.24512155021445411,0.2475875592857072,0.2514977420882473,0.2503940955355883,0.2521482912302084,0.25183575621946125,0.2323014283347009,0.20838119336955058,0.1681758415528715,0.3865214387777273,0.198818577209523,0.1637084971213756
stat_113,0.22847185993229943,0.22908426985764713,0.23039346839327912,0.23171113045037792,0.22895885262429735,0.2295470528794601,0.2278898697006777,0.22714856468862876,0.22400262743300947,0.21944257483672552,0.21708256493870004,0.21671313015403462,0.21339238579357725,0.20962781042914289,0.20534041952843546,0.20034158709085761,0.1945891188665271,0.19159585314908642,0.18947812387971674,0.18529154548242138,0.18059521714871138,0.17571883062268717,0.17394657037706446,0.17405666360613828,0.1701011840358826,0.16578228513521265,0.16516329738758978,0.16522768266992743,0.16414822160014456,0.16049685680782994,0.15863195341668485,0.15807887607150117,0.155426123667955,0.15207699734806565,0.15189627333590539,0.15145856219097037,0.15082306153241762,0.1483303378346495,0.14602374382093977,0.09011089889479874,0.10330050866324107,0.10898310182606356,0.11927780469285558,0.12886302015381537,0.14713716715680006,0.15555102958234318,0.15931906859786624,0.16329369292617665,0.16945510712649153,0.17036852924367132,0.1714863768234817,0.1719587258954364,0.17480227643036764,0.17832597820775015,0.18008151683819298,0.1802954623124084,0.1874664165971776,0.19217425257952336,0.19583944631645128,0.1948741760530896,0.1953741213190456,0.19577515376799612,0.202338892118125,0.20949909919156318,0.21779356642086492,0.21982364785728672,0.2166880582430891,0.22301984433821517,0.22759819138207513,0.22397291519329263,0.22522798233749383,0.22735762497328943,0.2262969631007377,0.22848914884763688,0.23203600023340737,0.23097996626034403,0.2326459641093745,0.2323308901069608,0.21465967554212273,0.19263331631756292,0.15523114744592156,0.3565233008305758,0.18814620062947182,0.15249130437412842
stat_114,0.18360050274551848,0.18407690209001754,0.18517059644421066,0.1863314333228266,0.18420336172431323,0.1848103803527371,0.18361408732213091,0.18305213549763547,0.18052882141753843,0.17688559651232436,0.17502668850715955,0.17472474359693782,0.1719951617869592,0.1690395529654036,0.1656930053979825,0.16170261686448936,0.15699693653910898,0.1616518544454341,0.15985220980339945,0.15639573605904672,0.16016855087388102,0.15590157852845202,0.15452853324915916,0.1546578224998381,0.15113534841402998,0.14719146274055342,0.1466489668347299,0.14670351913187524,0.1456775203216989,0.14234774371764294,0.14061587093519368,0.13998077970156508,0.14572760236156646,0.1425941573468499,0.1424301204765366,0.14209813659950674,0.1415952384998663,0.14840190815920462,0.14606319788217717,,,,,0.14884342141946774,0.14718149908815872,0.15562815080324724,0.15003764322089902,0.1535261273871994,0.15902327433001703,0.15976139795321243,0.15188406027199497,0.15255760941652824,0.15554031115731196,0.15886584039441876,0.16035853343757112,0.16049073230851013,0.167222680705526,0.17154842323270142,0.17430458438134525,0.17315660548446657,0.16501216504713023,0.16511734400824166,0.16324178757722668,0.16914954391669546,0.17577243533065845,0.17708985516498196,0.17437176446275776,0.17958390662897655,0.18328857817977548,0.18022327031723578,0.18122259451922473,0.18290534637941894,0.18187397209083705,0.1835305188722171,0.18627427446321473,0.1853608742328055,0.18672801909992162,0.18647125259260355,0.17275721088496468,0.15514849844790213,0.125712610212723,0.28702177502344617,0.15904295325567566,0.1244288177450301
stat_115,0.19239384747532146,0.19289602385375973,0.19403848198173773,0.19524351107242446,0.1930021784400441,0.19362363249945347,0.19235365590522713,0.19176104381800874,0.18913013235557813,0.18530841572761772,0.18337178319523992,0.183055964196577,0.18020353155797497,0.1770958754763244,0.1735757638455701,0.16939046904911945,0.16450143313448656,0.16195620951692935,0.16015765276828314,0.15669868129828254,0.1527240469925441,0.14868905740071842,0.1474418455753239,0.1475777711215561,0.14426322674673053,0.14050083347682477,0.13998782379557884,0.1400380230123067,0.14606365122674067,0.14278595287259632,0.14107839502950173,0.1404404145562677,0.13809344435171717,0.14265877706659935,0.14250048810227853,0.1421703478621815,0.15082306153241762,0.1483303378346495,0.14602374382093977,,0.10899760386422172,0.10898310182606356,0.11927780469285558,0.12886302015381537,0.14713716715680006,0.15555102958234318,0.15931906859786624,0.15359497309342413,0.15909307355221872,0.15134045695568865,0.15232204031247712,0.1529780314365792,0.15593943800202978,0.1592365135294209,0.15316522068016436,0.15327588440815332,0.15977514443993385,0.1639012871814881,0.16636573908106883,0.16517785137505006,0.16532514380715801,0.16542548308803065,0.17104457574287846,0.17718330277417252,0.18413022277835575,0.1855519701930725,0.18272376689092862,0.18817374329658762,0.19203626634894547,0.18883819067372665,0.1898747439816843,0.19164044483585954,0.19057080750346733,0.19231453856435132,0.1952022435134237,0.19425302417261284,0.19568879378156157,0.19541480992965735,0.18099826912354494,0.16253536919655082,0.13137967072401516,0.30050547749263395,0.16518598110920252,0.13008859501710915
stat_116,0.30564901372754866,0.3064738216725398,0.30796620227391863,0.3092336129953602,0.30526638724357497,0.305307515732611,0.30237507285949655,0.30114468561790875,0.29696766518784357,0.29091372796437975,0.2875338755978172,0.2870652706093913,0.2829074602692161,0.2775539627164134,0.2713520822873995,0.2645138688876767,0.2572541885868177,0.2533615993717287,0.2506331638400735,0.24474176883320825,0.23861464141527422,0.23177662561716653,0.2282941750654817,0.2282430447159741,0.22309994269899616,0.21808368953866084,0.21713202486715819,0.21722513206668306,,,,,,,,,,,,,,,,,,,,,,,,,,,0.23387905228307546,0.23457032944365921,0.24204890172031923,0.24752347493727436,0.25488428462442414,0.2553484486051115,0.2573812074278234,0.25903376462114797,0.2672743936644865,0.27625527267619376,0.2875050502810193,0.29180897851454557,0.28891117845704495,0.2966168018689655,0.3026667712971375,0.2987783250763194,0.3003327319363004,0.30336929245027566,0.3032289749866276,0.30677249494727293,0.3119369671427708,0.3107617608902632,0.31261307154472195,0.3124270693734654,0.28621176335480775,0.25633086250636034,0.21010100503160967,0.48154178945710524,0.2262094340350021,0.19565151218322416
stat_117,0.3055897025877088,0.3064145234604482,0.3079066755524505,0.30917373497169975,0.3052069287761422,0.3052482968002195,0.302316722282002,0.30108687138466567,0.2969104956798177,0.2908572922377074,0.2874783002498988,0.28700977497834573,0.2828527215537816,0.2775003675065693,0.27129991497265527,0.26446325081704763,0.2572046438085452,0.2533174961611139,0.25058946799958826,0.24469911705932468,0.23857298605299238,0.23173114463425848,0.2282504433711966,0.22819950046173734,0.22306079513483346,0.218043124496335,0.21708256679583005,0.2171756878512811,0.21603740086280845,0.21169198901192654,0.2096050236972559,0.209646157462887,0.20633740159309324,0.2018751491515965,0.20164718850726454,0.20024556620273987,0.19834575380550934,0.19411779644386237,0.19007467459946953,,0.12489097975523727,0.14087926361267433,0.1530907820538696,0.1637566361075398,0.18554165056396665,0.19744274284642419,0.20524667336324492,0.2126856199864676,0.22338722780083123,0.2255208196726096,0.22676618662992754,0.22591176842740632,0.2272312105797913,0.23099799291357687,0.2338300950129249,0.2345297432467218,0.24201016568911055,0.24748053595049746,0.2548378639719909,0.25530577874355626,0.25733719752333145,0.25898920964180566,0.26722388045117196,0.27620290736438186,0.287450456531159,0.2917526023372341,0.28885435948557026,0.296558889288653,0.30260755354829827,0.29871933653365623,0.3002738620461079,0.3033097431013019,0.3031689935170973,0.30671202817750504,0.31187602709215495,0.3107014095944699,0.31255253448057646,0.31236631231731476,0.2861552659303212,0.2562800485538838,0.2100580381195625,0.48144195701703,0.2261839844440532,0.19561981014744775
stat_118,0.2712182904785609,0.27195139208181424,0.27339321646380915,0.2747367273820335,0.27133605157710483,0.27170573884540095,0.26942072968634767,0.2684372852415763,0.26471411364991215,0.25931412412982174,0.25641439552475165,0.2559873012181911,0.25217395641270485,0.24756817929160368,0.24227925170666112,0.23628341443479212,0.22965484885736503,0.22616793942673552,0.22371362717630214,0.21862334888195506,0.2131437139972388,0.2072453750180724,0.20464180714567293,0.20468162511538873,0.20006908617651495,0.19530875305846726,0.1945416548554203,0.19462183081254034,0.19348381315133326,0.18946552085214968,0.18746507739232185,0.1871717978839357,0.18410710780470985,0.1801626529665695,0.17995074744549291,0.17904283451632105,0.17784874419076058,0.1745323184708064,0.17145538848393108,,0.12458237316945632,0.1404440237132604,0.1526729148625204,0.1494267852529574,0.1698006317179534,0.1800419334032793,0.18583228983605488,0.1915399711713236,0.20004506308019818,0.20152853239526586,0.20276318940533006,0.20263105422684308,0.2048081174728713,0.2084705748511142,0.2107829166489916,0.21120406260103938,0.2186994830285206,0.22387888960447608,0.22939737071753014,0.22902951576833508,0.2302188093496253,0.2311907410158104,0.23871221439645565,0.2469297379732141,0.25684311278495336,0.25995267089205293,0.25678657186747134,0.2639691347441257,0.2693681330136555,0.26548282347944063,0.266925758858083,0.26953501858905243,0.2688233184277877,0.27169084840873364,0.27609185435495076,0.27494713758735906,0.27677072234709754,0.2764893094879344,0.2543799543059168,0.22804584614266776,0.18494906170622843,0.4248715468393884,0.21087785649108431,0.17718742330848622
stat_119,0.2469376538988703,0.2476031862908536,0.24897904631701423,0.25032399012452883,0.2472989037809266,0.2478184201777982,0.24591406416575312,0.24507703640114523,0.24167981187462897,0.2367530294909542,0.23416767608363978,0.2337724922082323,0.2302299671438121,0.2261138167997688,0.221411459953852,0.2159888435096792,0.2098449276493058,0.20663839454232977,0.20437549469908184,0.1998108209218985,0.1947761953236795,0.18947908261120855,0.18739157635427614,0.18747731804720286,0.18323499131426646,0.17870549203005645,0.178032113227441,0.17810325388300594,0.17699337806848628,0.17318020719579275,0.1712577263710243,0.1707952439517493,0.1679509275234972,0.16434178975479563,0.164154197743708,0.16354420298905914,0.16272098991836428,0.1599327896221469,0.17078741375117223,0.10439814876257872,0.12450084022299976,0.12693814089424243,0.1384453794387354,0.14880905439838774,0.16922251846011255,0.16657046964841957,0.1711195396960232,0.17577152453545994,0.1828758899061757,0.18400227658933205,0.1851833162640174,0.18543588251057722,0.18804678307200876,0.19164167544344793,0.19362181442727158,0.19390853337006875,0.20127285288047392,0.20620350944723156,0.21059748787511057,0.2098272016187522,0.21057704402909033,0.2111868037694914,0.218175039925195,0.2258073698185541,0.23479537728089178,0.23723670057920831,0.23403850725048192,0.2407652923013239,0.2456997710046469,0.24192732479497472,0.2432704104807044,0.24560034382404808,0.2446419438437989,0.24710416324169113,0.25100788323660933,0.24990703158282296,0.25165748146695655,0.25134558901948567,0.23184478027739538,0.20797048053963443,0.16786622722318414,0.3857776445098687,0.19852565015127743,0.163408823598609
stat_120,0.30495870598406494,0.30578240573573373,0.30727310362702376,0.30853979129889697,0.30458131676969424,0.3046271829690189,0.30170620656793223,0.30048120005572,0.2963126631719286,0.29026991408918157,0.28689961851616924,0.2864319056607889,0.2822823963124419,0.27695172252020595,0.27078276283155595,0.26396930694996407,0.25673026416901623,0.25286683871942756,0.2501614454818061,0.244302118453057,0.2382294985498927,0.23145380032220425,0.22797707276321866,0.2279273931527293,0.22281272968039859,0.2178338945383319,0.21690774209054645,0.2170008048264808,0.21585586231731665,0.21161532028951038,,,,,,,,,,,,,,,,,,,,,,,0.22714845403604378,0.23081674933002533,0.23364894180137613,0.2343132475249639,0.2417574075234013,0.24720520083082204,0.2545467558883587,0.25494901843614015,0.2569246546915597,0.2585487335687557,0.2667356393824231,0.2756903252102911,0.286906447680338,0.2911725291186456,0.28826108551678076,0.2959543237414375,0.3019903893346673,0.2981038541173965,0.29965715228951173,0.30268548705087606,0.30253674384173446,0.306069514154072,0.31122193078158333,0.3100493150194232,0.3118995535661741,0.3117114275705729,0.28556588399390015,0.2557538366509357,0.2096037027563344,0.48040568019442714,0.2259060985041237,0.19528158182274857
stat_121,0.3049488748214862,0.30577267953655485,0.3072631453283746,0.3085292910888429,0.3045704445606652,0.30461588636241904,0.3016946700276088,0.30046974601912146,0.2963012550320475,0.2902584094176082,0.28688819804394233,0.28642051148078596,0.2822712939980099,0.27694084973880295,0.2707722655262383,0.26395924822988465,0.2567207266323799,0.2528572163754152,0.2501530307148722,0.24429477848717598,,,,,,,,,,,,,,,,,,,,,,,,,,,,,,,,,,,,,,,,,0.2569170448019337,0.2585405527246168,0.26672626168618585,0.2756799268379967,0.28689559802106973,0.29116166315263636,0.28825038248382995,0.29594306664981185,0.3019787911416982,0.29809278630673236,0.29964623150520814,0.3026745557845455,0.3025266113063325,0.30605999309236165,0.31121304042633313,0.3100409570157646,0.3118908805845207,0.31170281221766305,0.28555513381558617,0.2557436212817364,0.20959915545235244,0.48039061086690327,0.22589904758432305,0.19527426576961815
stat_122,0.3049488748214862,0.30577267953655485,0.3072631453283746,0.3085292910888429,0.3045704445606652,0.30461588636241904,0.3016946700276088,0.30046974601912146,0.2963012550320475,0.2902584094176082,0.28688819804394233,0.28642051148078596,0.2822712939980099,0.27694084973880295,0.2707722655262383,0.26395924822988465,0.2567207266323799,0.2528572163754152,0.2501530307148722,0.24429477848717598,0.23822356345612974,0.23144902339208878,0.22797840339314998,0.2279286509346768,0.22281980720882058,0.21783697280010123,0.21691179628104107,0.21700488276945673,0.2158566215618752,,,,,,,,,,,,,,,,,,,,,,,,,0.2308168021254671,0.2336523624069617,0.23431582604580442,0.24176354331883101,0.24720549628222566,0.2545413589883401,0.2549426003497996,0.2569170448019337,0.2585405527246168,0.26672626168618585,0.2756799268379967,0.28689559802106973,0.29116166315263636,0.28825038248382995,0.29594306664981185,0.3019787911416982,0.29809278630673236,0.29964623150520814,0.3026745557845455,0.3025266113063325,0.30605999309236165,0.31121304042633313,0.3100409570157646,0.3118908805845207,0.31170281221766305,0.28555513381558617,0.2557436212817364,0.20959915545235244,0.48039061086690327,0.22589904758432305,0.19527426576961815
stat_123,0.27112286902311855,0.2718560957210402,0.2732981184310517,0.27464197156900255,0.2712422908563213,0.27161382630668585,0.26933152760143403,0.26834946548163496,0.26462718584386413,0.25922807562654177,0.25633018019406184,0.2559031695882248,0.252090466328653,0.24748693926798068,0.2422005603191614,0.23620775052954976,0.2295800873347422,0.2260912508189778,0.2236372725393385,0.21854882093384184,0.21306945431039553,0.20717566968633286,0.2045766005333963,0.20461687860376293,0.20000082029852811,0.19523627918855135,0.21691179628104107,0.21700488276945673,0.2158566215618752,0.21162765287771967,0.209572957924094,,,,,,,,,,,,,,,,,,,,,0.22587153636514593,0.22715978056481162,0.2308168021254671,0.2336523624069617,0.21113597452942495,0.21863761730882128,0.22382118599542533,0.22933176917776651,0.22895726958593335,0.230143306267539,0.23111307449404422,0.23863687093240646,0.24685221114733766,0.2567615622050209,0.2598660456054903,0.25669655644592343,0.2638790822138466,0.26927601522803646,0.2653890376815297,0.2668326515348609,0.26944039924537977,0.26872499366257463,0.2715903868835429,0.27598995957541306,0.2748458287411656,0.27667025843769033,0.2763876666391542,0.2542903696905464,0.22796609985424648,0.18486396185314155,0.42469084222606635,0.2108552516704401,0.177147979109662
stat_124,0.27112286902311855,0.2718560957210402,0.2732981184310517,0.27464197156900255,0.2712422908563213,0.27161382630668585,0.26933152760143403,0.26834946548163496,0.26462718584386413,0.25922807562654177,0.25633018019406184,0.2559031695882248,0.252090466328653,0.24748693926798068,0.2422005603191614,0.23620775052954976,0.2295800873347422,0.2260912508189778,0.2236372725393385,0.21854882093384184,0.21306945431039553,0.20717566968633286,0.2045766005333963,0.20461687860376293,0.20000082029852811,0.19523627918855135,0.19446526421376611,0.1945454785542209,0.19340910679332668,0.1893905280288482,0.18739486021149698,0.1870915120134713,0.18402028560366057,0.18006255722885026,0.20092642577187256,0.19948465883702626,0.19755489956070493,0.19333732294146017,0.18932678186754487,,0.1244920696129749,0.14026322703247493,0.1524823896746184,0.1631912684185054,0.18492660110524695,0.19677458335828427,0.2045276256313224,0.21195252807354392,0.22264050219419718,0.2014425307932528,0.20268511711870651,0.20256664855678988,0.20474430174265065,0.20840557675357113,0.2107121446616243,0.21113597452942495,0.21863761730882128,0.22382118599542533,0.22933176917776651,0.22895726958593335,0.230143306267539,0.23111307449404422,0.23863687093240646,0.24685221114733766,0.2567615622050209,0.2598660456054903,0.25669655644592343,0.2638790822138466,0.26927601522803646,0.2653890376815297,0.2668326515348609,0.26944039924537977,0.26872499366257463,0.2715903868835429,0.27598995957541306,0.2748458287411656,0.27667025843769033,0.2763876666391542,0.2542903696905464,0.22796609985424648,0.18486396185314155,0.42469084222606635,0.2108552516704401,0.177147979109662
stat_125,0.3049488748214862,0.30577267953655485,0.3072631453283746,0.3085292910888429,0.3045704445606652,0.30461588636241904,0.3016946700276088,0.30046974601912146,0.2963012550320475,0.2902584094176082,0.28688819804394233,0.28642051148078596,0.2822712939980099,0.27694084973880295,0.2707722655262383,0.26395924822988465,0.2567207266323799,0.2528572163754152,0.2501530307148722,0.24429477848717598,0.23822356345612974,0.23144902339208878,0.22797840339314998,0.2279286509346768,0.22281980720882058,0.21783697280010123,0.21691179628104107,0.21700488276945673,0.2158566215618752,0.21162765287771967,0.209572957924094,0.20960524938258931,0.2062562215775029,0.20184938612619927,0.20160626489512884,0.2001275472004702,0.1982483321868733,0.19409258604161755,0.19022607152368104,,0.12593139571924053,0.14164036869523225,0.15381025772080842,0.16399652605602513,0.18566921105669712,0.19741838697186068,0.20515660574382158,0.21256787144599734,0.2233394516331103,0.22543114554388408,0.2267176943917249,0.22587153636514593,0.22715978056481162,0.2308168021254671,0.2336523624069617,0.23431582604580442,0.24176354331883101,0.24720549628222566,0.2545413589883401,0.2549426003497996,0.2569170448019337,0.2585405527246168,0.26672626168618585,0.2756799268379967,0.28689559802106973,0.29116166315263636,0.28825038248382995,0.29594306664981185,0.3019787911416982,0.29809278630673236,0.29964623150520814,0.3026745557845455,0.3025266113063325,0.30605999309236165,0.31121304042633313,0.3100409570157646,0.3118908805845207,0.31170281221766305,0.28555513381558617,0.2557436212817364,0.20959915545235244,0.48039061086690327,0.22589904758432305,0.19527426576961815
stat_126,0.3049488748214862,0.30577267953655485,0.3072631453283746,0.3085292910888429,0.3045704445606652,0.30461588636241904,0.3016946700276088,0.30046974601912146,0.2963012550320475,0.2902584094176082,0.28688819804394233,0.28642051148078596,0.2822712939980099,0.27694084973880295,0.2707722655262383,0.26395924822988465,0.2567207266323799,0.2528572163754152,0.2501530307148722,0.24429477848717598,0.23822356345612974,0.23144902339208878,0.22797840339314998,0.2279286509346768,0.22281980720882058,0.21783697280010123,0.21691179628104107,0.21700488276945673,0.2158566215618752,0.21162765287771967,0.209572957924094,0.20960524938258931,0.2062562215775029,,,,,,,,,,,,,,,,,0.22543114554388408,0.2267176943917249,0.22587153636514593,0.22715978056481162,0.2308168021254671,0.2336523624069617,0.23431582604580442,0.24176354331883101,0.24720549628222566,0.2545413589883401,0.2549426003497996,0.2569170448019337,0.2585405527246168,0.26672626168618585,0.2756799268379967,0.28689559802106973,0.29116166315263636,0.28825038248382995,0.29594306664981185,0.3019787911416982,0.29809278630673236,0.29964623150520814,0.3026745557845455,0.3025266113063325,0.30605999309236165,0.31121304042633313,0.3100409570157646,0.3118908805845207,0.31170281221766305,0.28555513381558617,0.2557436212817364,0.20959915545235244,0.48039061086690327,0.22589904758432305,0.19527426576961815
stat_127,0.31436594386108035,0.3151750517619729,0.31665063540858196,0.317897721460825,0.3138545162014116,0.3137393204536561,0.31057195067595106,0.3092144867953132,0.30495897868437727,0.29883810343526884,0.29529372601150133,0.2948169038756288,0.2905828501116963,0.28501952379485657,0.27854840088348426,0.2714592056140081,0.2640977329247756,0.26009798399368916,0.2573141441932261,0.2512230017678344,0.2449524580067535,0.23781635132754195,0.23419407812416462,0.23409355295127007,0.22885514118162897,0.22386246775822852,0.22272921184520658,0.22281662101461147,0.22150552845976995,0.21699992836731383,0.21473751183907297,0.21479992769261952,0.21144536770424735,0.20698429342459193,0.206756989609957,0.20501118500675264,0.20288901677815044,0.19833730380524975,0.19394818561185886,0.1073276161538839,0.12741537606636566,0.14592590556354224,0.1575043584464649,0.16679871459370485,0.18845072291132448,0.2007022749029091,0.20903685853557227,0.2169382729345898,0.22835636640804932,0.23042765993558834,0.23162282497403333,0.2304449320077612,0.23158698429786814,0.23565149309989436,0.23899938366575132,0.23995388004601143,0.24726836237002478,0.2528076595490947,0.2605933523735959,0.2615247503637873,0.2639399833988228,0.26580255225444827,0.274148506966585,0.28337083025449744,0.29495303157424846,0.29974109309174857,0.2971593476044044,0.3048873216754729,0.31113085016174236,0.3073835216608028,0.30886991338598746,0.3120425848153767,0.31223495692786046,0.31596751874447376,0.3212542954197035,0.320019940517126,0.3217859582776581,0.32171557567055625,0.29443663020402183,0.26367257654266757,0.2180781351060035,0.4982325948854481,0.22870739515309496,0.1993623402622572
stat_128,0.25159310005333113,0.252252000857782,0.25363654707718786,0.2550008864169748,0.251949515273202,0.2524322979421403,0.2504448215614998,0.24955449371552316,0.2461125412980224,0.2411449255506187,0.23848494863446723,0.23808390737539376,0.23448467983688226,0.23026982275104713,0.22544148960595908,0.21988834021345852,0.21366243797084522,0.210380755897556,0.20807319614355202,0.2034081996095708,0.19825792020520183,0.19279561682228544,0.190683902893228,0.19075300591765285,0.18643758211299746,0.1818680926177629,0.1810991226181528,0.1811669302925843,0.1799607990984393,0.17598861610943736,0.17393947851122826,0.1734397903668413,0.17058384894894585,0.1669371598193392,0.16675805383202874,0.18053053313009645,0.1986319063228283,0.1943891450766012,0.1903025933070759,,,,0.15336870923195817,0.16395574345525857,0.18571036668911703,0.19765788986540295,0.20549413417356557,0.19294917019102636,0.18548070345453643,0.186571469056761,0.1877146700042626,0.18786781049777035,0.19048507733171227,0.19432324749496133,0.19656148000581583,0.19698410062215238,0.204352338777803,0.20936378800504962,0.2139007652112727,0.21333677679632732,0.21425955177069023,0.2149346638154165,0.222029936194087,0.22982511541380754,0.23898851442263644,0.24160855357109767,0.23849859176349525,0.2452875827135788,0.25032874805288324,0.24656748137704895,0.24788632604716487,0.2502761605494289,0.24940199559771373,0.25192175627234376,0.25586658778468985,0.25472138201817573,0.25645960549124125,0.25618627084100665,0.23628978354016594,0.21196891924545103,0.17165144142480215,0.3941050195268052,0.20046048555719692,0.16574732826508334
stat_129,0.3062036334272034,0.3070292669475057,0.3085212343922881,0.30978605202243703,0.30581011857594914,0.3058428302459244,0.3028970242209301,0.3016609842946291,0.297477364965849,0.29141472634098853,0.2880260451077465,0.2875568675548005,0.28339455966538907,0.27802812453189707,0.27181027497530036,0.2649577720515298,0.25769000394564096,0.2537915455270212,0.25105926207827245,0.24515506857244773,0.23901838834407202,0.23215909410903926,0.22866619960594636,0.22861317194341915,0.22346546066014839,0.218443451632898,0.21747949207014114,0.2175726480974844,0.21642885041307208,0.21209714119486778,0.2099960320939027,0.21002587554447083,0.20671307387388144,0.20224794210284897,0.2020199848627599,0.20057858398440248,0.1986319063228283,,,,,,,,,,0.20549413417356557,0.2129976026055439,0.22377122419988577,0.22590799258420172,0.22715269065988872,0.2262958378494393,0.2276059309154627,0.2313628958899908,0.23421748492784455,0.23492468554282273,0.24240136769006354,0.24787699444480923,0.255264521855056,0.2557545234499812,0.2578063026432762,0.25947208966705027,0.26772116115496225,0.2767138689401563,0.2879851008411379,0.29231448283837885,0.2894282203933932,0.2971382671935704,0.3031988923218837,0.29931515326404134,0.3008694394922848,0.30391385841236934,0.3037894912359766,0.30734612068870526,0.3125230660336157,0.3113473248375423,0.3131962632236035,0.3130141240663785,0.28672476752599724,0.25678595007751703,0.21054443792049796,0.4825086604303872,0.22639919541319428,0.19591512644672973
stat_130,0.3094726786833178,0.31029422900066794,0.31178352907029,0.3130449111931363,0.3090396803575234,0.3090229411045266,0.3059973933988174,0.30471817073033314,0.3005032813778928,0.29441085396140854,0.2909638523573988,0.2904913138914087,0.286298247340553,0.28085618680977514,0.2745422769720291,0.26759844013754336,0.26028718805027135,0.25634803051634175,0.2535937864588001,0.24761664147407,0.24142382097983836,0.2344595043956405,,,,,,,,,,,,,,,,,,,,,,,,,,,,,,,,,,,,,0.25748307037870277,0.2581285370169478,0.2603101278018277,0.26204601726874993,0.2703411066359799,0.2794261893162737,0.2908212828343203,0.2953136941293285,0.2925246951022961,0.30025391472490714,0.30638642260751325,0.3025413105497365,0.3040756386569618,0.307168233504956,0.3071480415050214,0.3107685948384747,0.31599073406056005,0.3147929623949098,0.3166185248174692,0.3164726776595567,0.2898096474577123,0.2595422851106722,0.21339564391931762,0.4885850649046877,0.2274457831142814,0.19738587288275425
stat_131,0.2774297782999944,0.2781529934807351,0.27959664226869807,0.2809493904593599,0.2775058967123515,0.27780060105484905,0.27538106268233437,0.274318265396621,0.2705370344207616,0.2650855961798264,0.26207878346985086,0.2616446955891153,0.2577640395538189,0.25301628547429866,0.2475438114287202,0.24136923269878044,0.2346443880794074,0.2310598028740051,0.22854866826424797,0.2233147601827756,0.21768993747353502,0.21156124854856725,0.20891018020564034,0.20892165921869385,0.20421380381405016,0.19941968250049727,0.19851398276093762,0.1985898555465365,0.19733089637961826,0.19309794412794165,0.19094348041643938,0.19063238893934906,0.18755972905270382,0.1835598099178354,0.18335882551264507,0.18229883395367594,0.18096109932097043,0.17740328991438464,0.17397484131995772,0.10127038691387484,0.11826594799327672,0.13095444902976403,0.14201808128743953,0.15139622150845625,0.17177236161334367,0.1823694250784202,0.1885197753220188,0.1945276310542918,0.20340446799357342,0.20486634382641666,0.20604344141345188,0.20573633292802965,0.20787251998550987,0.21185137626649816,0.21451078313801503,0.21512552836019092,0.22258345875731378,0.22785414389979203,0.23360089996044753,0.2335471132227501,0.23499791414668766,0.23608989065904068,0.2437390995404261,0.2521574368701928,0.2623085403135272,0.2657070991816676,0.2627066826110488,0.26994490606644933,0.2754845320962891,0.271649824481055,0.2730536082353012,0.275749883137752,0.27520220976660703,0.2781703086672938,0.2826392967177258,0.2814422727609664,0.2832311698907316,0.28301403920283064,0.26028215438993657,0.23333839167622075,0.19025951281112385,0.4363047387006636,0.2130938270221857,0.1801023048415182
stat_132,0.3062036334272034,0.3070292669475057,0.3085212343922881,0.30978605202243703,0.30581011857594914,0.3058428302459244,0.3028970242209301,0.3016609842946291,0.297477364965849,0.29141472634098853,0.2880260451077465,0.2875568675548005,0.28339455966538907,0.27802812453189707,0.27181027497530036,0.2649577720515298,0.25769000394564096,0.2537915455270212,0.25105926207827245,0.24515506857244773,0.23901838834407202,0.23215909410903926,0.22866619960594636,0.22861317194341915,0.22346546066014839,0.218443451632898,0.21747949207014114,0.2175726480974844,0.21642885041307208,0.21209714119486778,,,,,,,,,,,,,,,,,,,,,,,0.2276059309154627,0.2313628958899908,0.23421748492784455,0.23492468554282273,0.24240136769006354,0.24787699444480923,0.255264521855056,0.2557545234499812,0.2578063026432762,0.25947208966705027,0.26772116115496225,0.2767138689401563,0.2879851008411379,0.29231448283837885,0.2894282203933932,0.2971382671935704,0.3031988923218837,0.29931515326404134,0.3008694394922848,0.30391385841236934,0.3037894912359766,0.30734612068870526,0.3125230660336157,0.3113473248375423,0.3131962632236035,0.3130141240663785,0.28672476752599724,0.25678595007751703,0.21054443792049796,0.4825086604303872,0.22639919541319428,0.19591512644672973
stat_133,,,,,,,,,,,,,,,,,,,,,,,,,,,,,,,,,,,,,,,,,,,,,,,,,,,,,,,,,,,,,,,,,,,,,,,,,,,,,,,,,,,,
stat_134,0.31949840516381545,0.32029168856197565,0.32174837951339874,0.3229759746117711,0.3188952535271876,0.3186653189456142,0.31533857796686376,0.3138928178311486,0.3095974553827919,0.30345388878967927,0.2998028844884414,0.2993219240992742,0.29504783038492943,0.2893535526877649,0.28271137383941386,0.27546621744129957,0.2680592623519192,0.2639965406070483,0.2611831620305927,0.25497054867172325,0.24862202361904168,0.2412996535699143,0.23751650753769335,0.2373802152475255,0.23209081194869693,0.2271387873368368,0.2258852459435096,0.22596818817700393,0.22449305677699918,0.21989175245388964,0.21748528805733872,0.21751819740601164,0.2140901509743565,0.20958766098977766,0.2092984767491006,0.20751045740112747,0.2051785226394578,0.20040916839834108,0.19575615931335458,,0.12858232850925358,0.1484925050226704,0.1594408528414754,0.16831398452572433,0.18970473168874588,0.20217207223272385,0.21082032148400737,0.21904862930691024,0.23072472950189984,0.23286728423558714,0.2340768591160434,0.23272781462785727,0.23377708419946253,0.2380301021436454,0.24175918483208444,0.24288739862997932,0.25006159956474744,0.2556311140822105,0.26375914943963996,0.26501515312283846,0.2676938028815502,0.2696995144672663,0.27809003752278266,0.2874550344317873,0.2992339511942723,0.30435625132110034,0.3020201751630105,0.30973244406115086,0.31609366308469244,0.3124673999699975,0.31389543943289777,0.3171557883441895,0.31759716982256847,0.321454887810325,0.32680846224619065,0.3255343544992988,0.327226849326964,0.32724508072580594,0.2992930678390141,0.2680054983854629,0.22317288851564887,0.5085976078562227,0.2298793530014783,0.20132876279471726
stat_135,0.31949840516381545,0.32029168856197565,0.32174837951339874,0.3229759746117711,0.3188952535271876,0.3186653189456142,0.31533857796686376,0.3138928178311486,0.3095974553827919,0.30345388878967927,0.2998028844884414,0.2993219240992742,0.29504783038492943,0.2893535526877649,0.28271137383941386,0.27546621744129957,0.2680592623519192,0.2639965406070483,0.2611831620305927,0.25497054867172325,0.24862202361904168,0.2412996535699143,0.23751650753769335,0.2373802152475255,0.23209081194869693,0.2271387873368368,0.2258852459435096,0.22596818817700393,0.22449305677699918,0.21989175245388964,0.21748528805733872,0.21751819740601164,0.2140901509743565,0.20958766098977766,0.2092984767491006,0.20751045740112747,0.2051785226394578,0.20040916839834108,0.19575615931335458,,,,,,0.18970473168874588,0.20217207223272385,0.21082032148400737,0.21904862930691024,0.23072472950189984,0.23286728423558714,0.2340768591160434,0.23272781462785727,0.23377708419946253,0.2380301021436454,0.24175918483208444,0.24288739862997932,0.25006159956474744,0.2556311140822105,0.26375914943963996,0.26501515312283846,0.2676938028815502,0.2696995144672663,0.27809003752278266,0.2874550344317873,0.2992339511942723,0.30435625132110034,0.3020201751630105,0.30973244406115086,0.31609366308469244,0.3124673999699975,0.31389543943289777,0.3171557883441895,0.31759716982256847,0.321454887810325,0.32680846224619065,0.3255343544992988,0.327226849326964,0.32724508072580594,0.2992930678390141,0.2680054983854629,0.22317288851564887,0.5085976078562227,0.2298793530014783,0.20132876279471726
stat_136,0.31949840516381545,0.32029168856197565,0.32174837951339874,0.3229759746117711,0.3188952535271876,0.3186653189456142,0.31533857796686376,0.3138928178311486,0.3095974553827919,0.30345388878967927,0.2998028844884414,0.2993219240992742,0.29504783038492943,0.2893535526877649,0.28271137383941386,0.27546621744129957,0.2680592623519192,0.2639965406070483,0.2611831620305927,0.25497054867172325,0.24862202361904168,0.2412996535699143,0.23751650753769335,0.2373802152475255,0.23209081194869693,0.2271387873368368,0.2258852459435096,0.22596818817700393,0.22449305677699918,0.21989175245388964,0.21748528805733872,0.21751819740601164,0.2140901509743565,0.20958766098977766,0.2092984767491006,0.20751045740112747,0.2051785226394578,0.20040916839834108,0.19575615931335458,,,,,0.16831398452572433,0.18970473168874588,0.20217207223272385,0.21082032148400737,0.21904862930691024,0.23072472950189984,0.23286728423558714,0.2340768591160434,0.23272781462785727,0.23377708419946253,0.2380301021436454,0.24175918483208444,0.24288739862997932,0.25006159956474744,0.2556311140822105,0.26375914943963996,0.26501515312283846,0.2676938028815502,0.2696995144672663,0.27809003752278266,0.2874550344317873,0.2992339511942723,0.30435625132110034,0.3020201751630105,0.30973244406115086,0.31609366308469244,0.3124673999699975,0.31389543943289777,0.3171557883441895,0.31759716982256847,0.321454887810325,0.32680846224619065,0.3255343544992988,0.327226849326964,0.32724508072580594,0.2992930678390141,0.2680054983854629,0.22317288851564887,0.5085976078562227,0.2298793530014783,0.20132876279471726
stat_137,0.31949840516381545,0.32029168856197565,0.32174837951339874,0.3229759746117711,0.3188952535271876,0.3186653189456142,0.31533857796686376,0.3138928178311486,0.3095974553827919,0.30345388878967927,0.2998028844884414,0.2993219240992742,0.29504783038492943,0.2893535526877649,0.28271137383941386,0.27546621744129957,0.2680592623519192,0.2639965406070483,0.2611831620305927,0.25497054867172325,0.24862202361904168,0.2412996535699143,0.23751650753769335,0.2373802152475255,0.23209081194869693,0.2271387873368368,0.2258852459435096,0.22596818817700393,0.22449305677699918,0.21989175245388964,0.21748528805733872,0.21751819740601164,0.2140901509743565,0.20958766098977766,0.2092984767491006,0.20751045740112747,0.2051785226394578,0.20040916839834108,0.19575615931335458,,,,0.1594408528414754,0.16831398452572433,0.18970473168874588,0.20217207223272385,0.21082032148400737,0.21904862930691024,0.23072472950189984,0.23286728423558714,0.2340768591160434,0.23272781462785727,0.23377708419946253,0.2380301021436454,0.24175918483208444,0.24288739862997932,0.25006159956474744,0.2556311140822105,0.26375914943963996,0.26501515312283846,0.2676938028815502,0.2696995144672663,0.27809003752278266,0.2874550344317873,0.2992339511942723,0.30435625132110034,0.3020201751630105,0.30973244406115086,0.31609366308469244,0.3124673999699975,0.31389543943289777,0.3171557883441895,0.31759716982256847,0.321454887810325,0.32680846224619065,0.3255343544992988,0.327226849326964,0.32724508072580594,0.2992930678390141,0.2680054983854629,0.22317288851564887,0.5085976078562227,0.2298793530014783,0.20132876279471726
stat_138,0.3127893151982657,0.31359869518925626,0.31507704260589997,0.3163308292757438,0.3123075733127765,0.31222024028865586,0.3090946442096132,0.307757117521442,0.30351806641592594,0.2974156951857585,0.29389936027440106,0.2934240391842696,0.28920234379437976,0.2836772158909415,0.27725399504507486,0.27020764700715244,0.26286621842483726,0.2588846768555019,0.25611103675595914,0.2500571148731903,0.24381199305923792,0.23672565021295036,0.2331693891069188,0.23307572338304905,0.22785352509569942,0.2228588036717528,0.22174812643653524,0.22183588610741922,0.2205048271996763,0.21601698895431745,0.21374384319004988,0.21375093862434674,0.21036323809714505,0.20584988402267523,0.2055713432693565,0.2038449902841858,0.20177098995521256,0.19726663206590975,0.1928884071940122,0.10634324163925236,0.12676848478305966,0.1448381483430744,0.15645532354946676,0.16595851063624528,0.18762726962581272,0.19984001472578403,0.20806872219028444,0.2158648999998712,0.22716883606018537,0.22934850906425722,0.23059223442239618,0.2295138213239929,0.23072472707289762,0.23475676301524342,0.2380707975078534,0.23899103063585814,0.24633039319799277,0.2518619747303602,0.2595404002382752,0.26039924656615704,0.26275162913187194,0.2645738526828759,0.27289887765041443,0.2820838013002333,0.2936055263618035,0.2983105931158843,0.2956806885367827,0.3034025698947698,0.30961346896093034,0.30584424328346094,0.30733729002748705,0.31048602012742693,0.31062207184461865,0.31431717121881114,0.31957416502001107,0.31834545150103755,0.3201238059616803,0.32003661002307343,0.29296613549682654,0.2623654278193416,0.21670600970175677,0.49532532394990625,0.22822397268211303,0.19866200314507973
stat_139,0.31949840516381545,0.32029168856197565,0.32174837951339874,0.3229759746117711,0.3188952535271876,0.3186653189456142,0.31533857796686376,0.3138928178311486,0.3095974553827919,0.30345388878967927,0.2998028844884414,0.2993219240992742,0.29504783038492943,0.2893535526877649,0.28271137383941386,0.27546621744129957,0.2680592623519192,0.2639965406070483,0.2611831620305927,0.25497054867172325,0.24862202361904168,0.2412996535699143,0.23751650753769335,0.2373802152475255,0.23209081194869693,0.2271387873368368,0.2258852459435096,0.22596818817700393,0.22449305677699918,0.21989175245388964,0.21748528805733872,0.21751819740601164,0.2140901509743565,0.20958766098977766,0.2092984767491006,0.20751045740112747,0.2051785226394578,0.20040916839834108,0.19575615931335458,,,,,0.16831398452572433,0.18970473168874588,0.20217207223272385,0.21082032148400737,0.21904862930691024,0.23072472950189984,0.23286728423558714,0.2340768591160434,0.23272781462785727,0.23377708419946253,0.2380301021436454,0.24175918483208444,0.24288739862997932,0.25006159956474744,0.2556311140822105,0.26375914943963996,0.26501515312283846,0.2676938028815502,0.2696995144672663,0.27809003752278266,0.2874550344317873,0.2992339511942723,0.30435625132110034,0.3020201751630105,0.30973244406115086,0.31609366308469244,0.3124673999699975,0.31389543943289777,0.3171557883441895,0.31759716982256847,0.321454887810325,0.32680846224619065,0.3255343544992988,0.327226849326964,0.32724508072580594,0.2992930678390141,0.2680054983854629,0.22317288851564887,0.5085976078562227,0.2298793530014783,0.20132876279471726
stat_140,,,,,,,,,,,,,,,,,,,,,,,,,,,,,,,,,,,,,,,,,,,,,,,,,,,,,,,,,,,,,,,,,,,,,,,,,,,,,,,,,,,,
stat_141,,,,,,,,,,,,,,,,,,,,,,,,,,,,,,,,,,,,,,,,,,,,,,,,,,,,,,,,,,,,,,,,,,,,,,,,,,,,,,,,,,,,
stat_142,,,,,,,,,,,,,,,,,,,,,,,,,,,,,,,,,,,,,,,,,,,,,,,,,,,,,,,,,,,,,,,,,,,,,,,,,,,,,,,,,,,,
