,pSA_1.000000000000,pSA_1.072267222000,pSA_1.149756995000,pSA_1.232846739000,pSA_1.321941148000,pSA_1.417474163000,pSA_1.519911083000,pSA_1.629750835000,pSA_1.747528400000,pSA_1.873817423000,pSA_2.000000000000,pSA_2.009233003000,pSA_2.154434690000,pSA_2.310129700000,pSA_2.477076356000,pSA_2.656087783000,pSA_2.848035868000,pSA_3.000000000000,pSA_3.053855509000,pSA_3.274549163000,pSA_3.511191734000,pSA_3.764935807000,pSA_4.000000000000,pSA_4.037017259000,pSA_4.328761281000,pSA_4.641588834000,pSA_4.977023564000,pSA_5.000000000000,pSA_5.336699231000,pSA_5.722367659000,pSA_6.135907273000,pSA_6.579332247000,pSA_7.054802311000,pSA_7.500000000000,pSA_7.564633276000,pSA_8.111308308000,pSA_8.697490026000,pSA_9.326033469000,pSA_10.000000000000,EAS_0.050000000000,EAS_0.060000000000,EAS_0.070000000000,EAS_0.080000000000,EAS_0.090000000000,EAS_0.100000000000,EAS_0.107226722000,EAS_0.114975700000,EAS_0.123284674000,EAS_0.132194115000,EAS_0.141747416000,EAS_0.151991108000,EAS_0.162975084000,EAS_0.174752840000,EAS_0.187381742000,EAS_0.200923300000,EAS_0.215443469000,EAS_0.231012970000,EAS_0.247707636000,EAS_0.265608778000,EAS_0.284803587000,EAS_0.305385551000,EAS_0.327454916000,EAS_0.351119173000,EAS_0.376493581000,EAS_0.403701726000,EAS_0.432876128000,EAS_0.464158883000,EAS_0.497702356000,EAS_0.533669923000,EAS_0.572236766000,EAS_0.613590727000,EAS_0.657933225000,EAS_0.705480231000,EAS_0.756463328000,EAS_0.811130831000,EAS_0.869749003000,EAS_0.932603347000,EAS_1.000000000000,PGA,PGV,CAV,AI,Ds575,Ds595
stat_1,1.863656974367698,1.8904931963914464,2.0321545754436268,2.13753194865527,2.1411440474995223,2.1019347171207334,2.084061138989433,2.0796537296740905,1.9598648876983535,1.9123930092793249,1.9156746360754702,1.907199062469624,1.9077008385901715,1.848908132001062,1.7083356592943806,1.5678151111973306,1.4418908552179839,1.4302955627887959,1.453892287863059,1.3378592552649795,1.3348397845838524,1.3693067112018813,1.349539299627235,1.3595573894076463,1.3030870988098435,1.2931322903576943,1.153081530765816,1.147344649095376,1.0681297428278695,1.0193089269572224,0.8965511146131516,0.847271639129071,0.8340674068237951,0.8066493145175244,0.8060941748712164,0.8491684116221592,0.880313394754294,0.7736786448729477,0.7095597784544205,0.5995397395903006,0.6043751763714843,0.6440130814776415,0.6946547280366896,0.632997075409403,0.6273157162345082,0.7678007014927885,0.8772384991905727,0.7602688969834377,0.6161413382085755,0.6619859274677922,0.7048648737685401,0.7535403586838478,0.920373560164838,1.1052835094975502,1.303363705778713,1.3451537436081769,1.26015640079518,1.3341922782491773,1.3342024853043855,1.2976130839530555,1.2200140340785577,1.3168122553220265,1.3254985527494167,1.5171073164588003,1.8478424618447677,2.0001184139777504,1.9249325894005445,1.9711572942343312,2.1512347862560657,2.185826804476973,2.267193072871018,2.2622459506826136,2.2857214609971814,2.35235794203233,2.3189474829001235,2.2104030731684703,2.033062076655602,1.832164556324728,1.7401249077391183,1.475747766519885,1.8243056256046588,3.6638001242526017,-0.2905810908394642,-0.236184773903385
stat_10,0.18535740508873735,0.18764140840311014,0.20772828868916293,0.25023863620206843,0.20651136513316634,0.17204825550546332,0.10832748951335644,0.08480529720677407,0.05344462827855941,0.12475283968712944,0.1669019857379034,0.1711688075092827,0.1850493220282481,0.2367599308961209,0.26489922151579504,0.2686169451116846,0.25196528965689224,0.20973289693938482,0.20086166770887448,0.1649599540339689,0.13162523531062867,0.06312038742836959,0.07954878573537047,0.08288689142916301,0.07797715959933484,0.07250364705023232,0.07788207443040947,0.07743231313860283,0.05718573781367775,0.0409120420507369,0.0655578844112714,0.03215330717862476,0.0033552079964607137,-0.01702386681568506,-0.020112227624987423,-0.005002090306484524,0.08534593375881223,0.13506087584983129,0.11722480180839338,,,,0.1260704891702971,0.24282334127178898,-0.0012331240007942004,0.14839190976715327,0.20063889806330001,-0.026197737566609675,-0.24317740420941603,-0.2128335213612576,0.08426532431081557,0.0750593016672872,-0.026238424588192793,-0.02550603969532807,0.1512123976677202,0.27801479239520455,0.19932310636867787,0.057212836621295254,0.0302174790662655,0.15002674719924927,0.23370188514614681,0.23637915192697237,0.3025113803396132,0.36038648290538433,0.3615280802269698,0.4173976655267297,0.35247165088886073,0.22868058404926742,0.1349318068335594,0.015514420881902215,0.066435392488591,0.06640924997810996,0.036930866436075474,0.15343608323691513,0.2989386192156524,0.23763811540423274,0.15611541231503043,0.2041889313897258,0.14237959381290455,0.11545398714310037,-0.08306652764181613,0.0028544173475104143,-0.17263316624958797,-0.2171553249700529
stat_100,0.6898139653975731,0.7889618086161769,0.8298001950925895,0.8166035887353105,0.7623973315092667,0.7738283459070684,0.8496694827484598,0.9010080884365124,0.9063671728669532,0.8785563461754011,0.8041251846127283,0.7988512563767141,0.7491891350743294,0.7141798968311006,0.6086006334899103,0.5015946498360482,0.4501288342199142,0.45976822981539756,0.4511960283058352,0.42523587288883596,0.363715427540977,0.29778164245912303,0.2534865720276341,0.24112464374095852,0.22317745443020587,0.23399749302905162,0.3121363002293961,0.31590157285192827,0.37027190636445845,0.44206590421792974,0.43566111108806405,0.49462504322272943,0.4519975240434616,0.48326348353217746,0.4883442772942481,0.5823784626110278,0.5592777880287579,0.46723636868590734,0.36697104413638626,,,,0.15419983253254635,0.0425480837849446,0.31095335455621104,0.3582383840846985,0.44212976442999957,0.5275104265314097,0.596629769686946,0.4917078250689982,0.44989434851989024,0.42063437418736643,0.3604739505277547,0.3026996673378813,0.345135179031665,0.3305274368640223,0.3024107518285591,0.29789440785848703,0.2902733378558481,0.34706641751619555,0.4869509983192169,0.519755255114534,0.516475796329941,0.5763020272393011,0.7524421817867597,0.8321187395599152,0.8836634096953194,0.8698893984138607,0.9378419966735823,1.066636860776068,1.0841572502245118,1.0066050639154571,0.8984335231194895,0.8382563171834324,0.9344291803129685,0.9820250962505168,0.8967813094650938,0.7910370671007749,0.6267432802945389,0.5973301877015456,0.9610249354938755,1.5340644410548345,0.12972171867621837,0.30306426247270735
stat_101,-0.9920682381207437,-1.0955139971137535,-1.2117405404131625,-1.2928136060000586,-1.2224176674394767,-1.1298136671962349,-1.1149378314590908,-1.137026527792934,-0.9768254336835768,-0.8893093581341712,-0.9313834595499594,-0.93785679050478,-1.028759717799067,-1.0641322739092396,-1.0845088399458158,-1.0747261742618024,-1.0360819968091846,-1.0213843231048112,-1.0200247815508905,-1.024980146753772,-0.9402638765685354,-0.8801675566634473,-0.8367435185059271,-0.8272402372091565,-0.7712121653022994,-0.7569929143124041,-0.7261701693737336,-0.7239603820378763,-0.6839678860582311,-0.6813869746558945,-0.64568971894346,-0.6705645120713857,-0.7231151743592824,-0.7263395911818962,-0.7286711008962994,-0.7122061775008001,-0.6476419794130861,-0.5763250473756594,-0.5210422362908704,-0.042378357915628405,-0.13153609520059917,-0.2542524589983754,-0.2918851694991659,-0.2740095552536106,-0.3614924914121946,-0.470824215799313,-0.5629126062894071,-0.6274923772768499,-0.6302121726070637,-0.5879453501250478,-0.5915783073290014,-0.6619187258766653,-0.6229130837428788,-0.5849616249204481,-0.6797654341990826,-0.7643419683467566,-0.7622692221628959,-0.7127134043459411,-0.8004848353196408,-1.004897753873199,-1.0976715515604756,-1.0426424815607067,-0.9715573306368346,-1.014194940766738,-1.1378770848543718,-1.1823189438764876,-1.1626521710712694,-0.8113763398137019,-0.6803821750370337,-1.008804879043743,-1.2907497394993,-1.236563342083127,-1.2166403517385351,-1.3090284673650254,-1.425311852221649,-1.3207565620489805,-1.0326113792646434,-0.9722320894565358,-1.0082439188349104,-0.9165589740167693,-1.39202472473709,-2.462387286819606,-0.10794644709104383,-0.19195088429119272
stat_102,-0.10571759026603622,-0.07923335389333039,-0.09761855476349822,-0.05518860088058172,0.02839796945561448,0.10441987489265173,0.08676284778655924,-0.010700185390830006,-0.09287414455682003,-0.13040440649243468,-0.10421525130981095,-0.10282210465829464,-0.07223377583085018,-0.07380305122613455,-0.053669023215614724,-0.09678303211960854,-0.1679940245872522,-0.22643835298653917,-0.23273401392049953,-0.27611030795408176,-0.3067799087085272,-0.33915022793587013,-0.3433444746164791,-0.34612808381716914,-0.3464009709693394,-0.320235233660143,-0.29430908253679544,-0.2949999567012836,-0.2872110662018751,-0.3029425945495915,-0.2916479678407392,-0.3028633756195724,-0.3425763522389592,-0.34925483238347765,-0.3501958010608846,-0.4239978721604261,-0.34447181956573536,-0.31328533394114944,-0.287126486482052,,,,,-0.15567942686206424,-0.16979586146404765,-0.2813311638496463,-0.30762122865024627,-0.3448467758782602,-0.29163770410569295,-0.256466144528192,-0.34739972479951087,-0.32789713043327695,-0.2309184716121214,-0.2593377351436061,-0.35924040181985994,-0.36794172747074794,-0.38815693195174955,-0.43889292199055413,-0.4832258988857847,-0.4042354860151656,-0.3046176670106647,-0.39189048428664686,-0.2739686854028076,-0.08472811083247356,-0.12989370224968305,-0.15080902909613125,-0.20339760290905773,-0.26955343310373797,-0.2678487680659457,-0.16643676302364518,0.00014684799960315746,0.1155797050182561,0.17633508477336057,0.14578751843302998,-0.0382995608900142,-0.07870843200807068,-0.04418933147422136,-0.08738347729836614,-0.1364806211985633,-0.1440108069392777,-0.1755309683240529,-0.2496760836908409,0.11506966236295325,-0.042963079026997274
stat_103,2.4592989305574515,2.492018937386714,2.523052384729007,2.385891585297056,2.2766524497058076,2.1471666800831626,1.9718929793936495,1.8927273801668472,1.7594288961987785,1.6899769628778478,1.6193008052968298,1.6183271860901003,1.5979362077449621,1.4783078207055746,1.4328645405298608,1.3224327118569352,1.2570019860512391,1.254547706830574,1.2344295090707516,1.2719891384340825,1.3124144543510883,1.266412443042423,1.2514199158442203,1.261565377976714,1.387649822765621,1.3661325470580712,1.3021144821785353,1.3043729161761977,1.2754523630546448,1.2113017215996613,1.187199167510414,1.1120971821488965,1.1279562631845699,1.1123654826536906,1.1068380702726575,1.0602890203503195,0.8743061988726555,,,,,,,,,,0.6389982381648437,0.839027271258184,1.0554786282683108,1.2612747755252554,1.2705047374904668,1.283558103080394,1.3049430374504418,1.3498589298279564,1.5264055892839457,1.6473951148644705,1.5622429745074635,1.4512571877894451,1.3532246378747963,1.3435145093803036,1.362655860081868,1.2671812490104588,1.3218456020385516,1.3814001487433116,1.406940457159577,1.4440565792261204,1.6196376884799877,1.6891149114561086,1.80049476754337,1.967651403259874,2.0945858269543756,2.247396206995766,2.421678363170397,2.5771160970109315,2.777968389823387,2.8654074209161577,2.7761914768201303,2.8549786151822674,2.0955830800896305,1.5652702843489905,2.1118982655800873,4.242952452314236,-0.32142978779437215,-0.254346796197101
stat_104,-0.03173577262232083,-0.170277889053738,-0.1949578097896264,-0.21037707636402941,-0.24329579213993216,-0.22982920206903382,-0.19520722951730052,-0.09717070174188172,-0.10615356695894519,-0.11939455022597371,-0.10048175095050467,-0.09752675603791505,-0.018114891350423306,-0.10361198912536262,-0.23071891434118796,-0.26439862187775115,-0.3114478081570854,-0.29792025374136333,-0.29641132074105864,-0.3005452341220062,-0.3125412245602465,-0.2998035354878831,-0.2804680683819964,-0.28577328106725897,-0.2297663680610482,-0.19913906797948072,-0.16947737472477603,-0.1663821215040805,-0.19292994741523742,-0.2631606907470025,-0.21848749003696402,-0.1302179517684704,-0.0055673676945979305,0.07086865624578635,0.07444719869656079,0.06475847350391811,0.08727708340770841,0.12224284456365694,0.06956994566610941,0.25425226415249774,0.023711195387961702,0.18372243814361738,0.09272500242061446,0.09087966566895093,0.18754283044377137,0.2608646591545647,0.24899076671399362,0.18524833209123462,0.23711589161870023,0.12674273642616732,-0.11135283894164026,-0.29442286724933425,-0.3068304477885293,-0.08708554483593409,0.09848263510584403,0.03598828639759564,0.011084351107022189,-0.00037502116202503387,-0.12072427776916983,-0.1766105571576119,-0.15223545781015144,-0.15318458413833452,-0.21764187944654959,-0.2458427539657277,-0.03461468253977937,0.15540413279402554,0.24326777725808038,0.23478918973870755,0.1609263457517923,0.10162490308087682,-0.050780340087936436,-0.10310879506969452,-0.11893602116263123,-0.10854481633801254,-0.056562375340019906,-0.06719273913498304,-0.030476080040433576,0.12137741907892702,-0.1295138647795078,-0.14170095068491723,0.10988973685925679,-0.06682146309123345,0.1924235351664358,0.21665544499852918
stat_105,-0.07668465593433114,-0.09517598469360665,-0.04595294636063414,0.07194091542379032,0.08896977302976816,-0.05136613100269476,-0.06077466849033633,-0.1397864768825585,-0.20367350189593766,-0.20071150412552427,-0.21065323671837766,-0.2081782563442577,-0.1684061679622479,-0.08966429156184637,-0.0036472012727448576,0.09803897464173368,0.12146916560555515,0.1301762080644023,0.15886390691960464,0.2548788523580727,0.2899409825634501,0.15511290406767536,0.09169541716830805,0.09877219164258907,0.12117606363648517,0.13654305954917514,0.13969123913745826,0.1371537450553202,0.10955376388812547,0.10398611890696852,0.13455517128176545,0.15042563134238063,0.14356752187488045,0.11851181918782215,0.12120233767852591,0.13950298179120577,0.12618124216541882,0.1674816656043503,0.1488986618491494,,,,,,0.14377388499590385,0.12144191905192107,0.14381720897537717,0.2385347147139172,0.3057240634685803,0.23543202371499578,0.25725997869029155,0.24009597062108082,0.19804551827327188,0.14530268697325774,0.21823045779514472,0.22205488687217784,0.06775993195895348,-0.060531163528319394,0.18255538070367716,0.49592504209842314,0.4392157270669732,0.19142525168976388,0.20261330475958114,0.35316073330017955,0.27400409088670014,0.15792081053957938,-0.009262319845677653,-0.24337790805313655,-0.27425877598277054,-0.2296287251804252,-0.12457301495006333,-0.05934777548152979,0.04253787880729022,0.2151074449012229,0.16101678261521538,-0.05441592869737091,-0.17346870367287862,-0.14920545106251987,-0.10426515047255365,-0.012929397063883479,-0.15314796547842885,-0.2939415342637967,-0.04144591720132676,0.016082985466567022
stat_106,-0.3516133129821205,-0.3944598737794626,-0.32833294193588,-0.3343850979816799,-0.5102862466096479,-0.5669837093081056,-0.5873114839103791,-0.5769691069892126,-0.5823941868101641,-0.5437409112649104,-0.4569326966673346,-0.4520213669030119,-0.4070978590411234,-0.44151679726173737,-0.4859421221447468,-0.4926295076381204,-0.4966850764226004,-0.4756599485551984,-0.46968059672068224,-0.48050731096155347,-0.47649533504792,-0.291905313147545,-0.23912008673650326,-0.2353937494164874,-0.1664114651523612,-0.056776255869445576,0.04869573077784172,0.04515084559341919,0.005548004336349132,-0.08202562190554422,-0.08566843479009012,-0.1109553575971228,-0.18873631396207172,-0.12092220143848381,-0.11392079054852022,-0.09682307311618761,-0.13365298660136127,-0.09924729529724081,0.006812590315623349,,,,-0.025356414214972766,0.033800610833989435,-0.01637426116568956,-0.13344528839678071,-0.14020265661885223,-0.11215764671085043,-0.17893394541832172,-0.2522335584809734,-0.1744920361715956,-0.1060591059342836,-0.009356261686742204,0.1659505447554832,0.20495357086814558,0.12634848736571946,0.02139844170560732,-0.1969430297347669,-0.2937533426707616,-0.5085711584585165,-0.5623645118970377,-0.48606807802438806,-0.594893951907321,-0.5732266870697025,-0.4833611713808683,-0.278559644458026,-0.14869160669388093,-0.34862085311006286,-0.5647709289495332,-0.5779546621175573,-0.4731656538708455,-0.5460188124231563,-0.6044611770371899,-0.46025231936754596,-0.3400919469014864,-0.2815577874381388,-0.38329696326549517,-0.2938222445112801,-0.4224401237287383,-0.42471423376850675,-0.47552019632729486,-0.9207243233968665,0.034999595156750364,0.12390424697943153
stat_107,1.334528231522591,1.4444410257058322,1.5724853072096285,1.622448319348916,1.3699957148188249,0.9620782285510708,0.6782677190958543,0.5429677989131236,0.46869647146897075,0.37977913753693354,0.2823770059075522,0.2762372511907204,0.2144878600450282,0.15020450598774182,0.06382056341143093,0.014725593184843089,-0.017027279915649864,-0.011817198677248581,-0.010968111554677905,-0.0067817749406317625,-0.054201080424803275,-0.05791460028653181,-0.024058920152300795,-0.0174447540902258,0.027270948925337293,0.06983546280650174,0.0829290632867478,0.08244583354852358,0.07922266848831502,0.055168727554395336,0.07593552131356238,0.09506288597589471,0.0959352307162922,0.12306715039774459,0.13032728525206091,0.11932966339727459,0.04799421624614523,0.08188803256573944,0.1281058568583639,,-0.017812320211361993,-0.1500777054123348,-0.27589340473037155,-0.33473486415841563,-0.2303812723047713,-0.21613681844576713,-0.2615067239576631,-0.3506007147181681,-0.3509070180291825,-0.29709431165434325,-0.37271410174184705,-0.39671722566277895,-0.4196244802624259,-0.4024991878552212,-0.41825086503252695,-0.47083097804148955,-0.523359713394919,-0.5430427784250684,-0.5253102288276144,-0.5884220421731232,-0.7032025918863771,-0.7444512140294213,-0.6558061943157708,-0.7009341560471277,-0.6635870532107374,-0.6636029467821223,-0.6665683639735346,-0.43701615406059263,-0.249230686798984,-0.30765610770509566,-0.20150987963423353,0.09191782403335638,0.545198059734807,1.3912289115371248,1.9704247624166857,1.801622056369357,1.5406637684117694,1.4130294965519943,1.1236420716000097,0.9948233237203169,1.555763722547317,2.817507793212998,0.2646382011003305,0.22050350442039018
stat_108,-0.20911562333189132,-0.24280642775954642,-0.29086853264833007,-0.290983400751018,-0.32691680020718006,-0.3861792263685388,-0.4003737688061119,-0.40498166355876003,-0.47136524012299197,-0.5252871010796556,-0.5393626794883948,-0.5406624296956327,-0.5400670194011746,-0.4635961604149611,-0.4023634697147336,-0.30289367492466723,-0.2522910488934504,-0.28255005720191795,-0.29299494634452544,-0.28790573954532406,-0.34680087221765676,-0.4093273434349603,-0.45281037530779844,-0.4570048498170001,-0.4828335583866929,-0.5180935088589861,-0.485483936528897,-0.4844205165617624,-0.47316347363399014,-0.522675095393808,-0.5465315118420004,-0.5520763946049548,-0.5178011948375048,-0.4674963507246733,-0.46175946192556966,-0.4179801924023478,-0.3833502274116793,-0.3256210600460065,-0.34192205824319155,-0.15686662945391458,-0.2265722889204998,-0.2909724696060792,-0.24703895209798968,-0.23350283585992115,-0.2763769738577896,-0.2980126578122373,-0.383705219997657,-0.5350202049187783,-0.596028150007859,-0.5596591482134022,-0.44512233094046316,-0.4051367449451293,-0.43545306384544824,-0.47958218726670443,-0.5014399286188788,-0.5056622910312295,-0.5072175356372153,-0.4820817295405125,-0.3413935963156884,-0.23463049672117992,-0.17668368523756453,-0.22370265874846512,-0.2797703029781364,-0.25725282658173704,-0.3082840479831433,-0.3844074942368289,-0.4876009887938987,-0.5717491212211742,-0.6012768124631614,-0.5936111656556176,-0.6270073867920262,-0.5312180942616115,-0.497700265443488,-0.5128682781419028,-0.45425855933933895,-0.3708997452353886,-0.2517014719518314,-0.16562527112083653,-0.3182175913182387,-0.41796162513822793,-0.644923059712726,-0.8889390866625823,-0.45303089460245954,-0.366934749560746
stat_109,-0.5133305754659309,-0.541082592683949,-0.5814422872235672,-0.5413859117156646,-0.5619160170176618,-0.650471712867822,-0.6798960078335561,-0.666921453474392,-0.6327089378842163,-0.557126671607453,-0.49774905189773555,-0.49801759907774723,-0.4963935910770048,-0.43858341561038644,-0.41152697659324045,-0.3703236094609409,-0.39678235920096,-0.4383875837408704,-0.447037114075711,-0.4496300511644825,-0.4571715427445291,-0.443265991338247,-0.40735728324455817,-0.4117362134678275,-0.4709251597032867,-0.5039942245395784,-0.4811442143559243,-0.48007636534844644,-0.4551492297830971,-0.4222447174167967,-0.5132323831397331,-0.4338088102509633,-0.40631050893198506,-0.3936893136933547,-0.38811814900149366,-0.5416894731794674,-0.5443101231116485,-0.519428976662666,-0.30498514570125107,,,-0.25992545929313127,-0.2711275016590127,-0.2492378094943145,-0.37587724073997575,-0.5779420815874736,-0.5188535769389163,-0.45759478108481433,-0.39656258305084,-0.4468040721491147,-0.4506529152132565,-0.4321005968614044,-0.36229552088605194,-0.4509923213298113,-0.4860227057938223,-0.5100459756362717,-0.4310127770340168,-0.26660463083675234,-0.2551146228092239,-0.23942244495500947,-0.2942042129354708,-0.3388591188516791,-0.317573187152046,-0.26799693531830454,-0.33555074268601737,-0.3697966207332456,-0.3883307639457557,-0.43039803105438273,-0.44606154789674735,-0.5825793582187344,-0.7157881429113705,-0.8101616305688466,-0.7226460858387791,-0.5951405258172705,-0.5685419349019294,-0.5917351483616319,-0.6113146522609919,-0.5767750585737892,-0.5315782337600988,-0.5061392663832365,-0.7887297117181301,-1.2955052956920123,-0.01819187350732325,-0.20559332658169038
stat_11,0.043693872038138314,0.09526052223191066,-0.045516034273227285,-0.13934528461155174,-0.11483126284783929,-0.22418135819792992,-0.376440682434905,-0.5213961070741513,-0.6440015950929319,-0.6816785867182298,-0.5994203514002463,-0.596856387753036,-0.5246631008316639,-0.48472099829732973,-0.5238846885543922,-0.5197475690105504,-0.44934812709696964,-0.43451248595500475,-0.44156210530327067,-0.40905886041319334,-0.3873947738077978,-0.35025750600605793,-0.29281177373101885,-0.2851192903319269,-0.27536651357050296,-0.29705010638314827,-0.26166950080748164,-0.2598025079820715,-0.23721773654134662,-0.06953635817384715,0.04842385598913701,0.06978105085397654,0.1525431372697724,0.2101399979954129,0.20775073607281355,0.19577043473895822,0.14709293450822655,0.2167438863851129,0.2541834536454479,,-0.03179559598430722,0.02867510665340713,0.16154639431948034,0.3861539941581557,0.523036352663535,0.5557989959285787,0.5081700750876204,0.5016314623109788,0.5299965902704659,0.4924289625035266,0.47701791231430757,0.4902738192725261,0.19824139755924974,-0.1717049598935371,-0.1336022986440603,-0.13435494793403485,-0.0221118937416605,0.15878068579045443,0.014934154303887549,-0.2215596775579157,-0.26911873582260726,-0.18839104693994085,-0.27419222411046945,-0.58682751149368,-0.6331318966061996,-0.5292607789174418,-0.505239059911203,-0.6385067985009695,-0.8623823111486184,-0.8849137197762118,-0.5926662712518694,-0.3750129227724587,-0.29655122976817244,-0.14449936866389673,-0.03751637372643115,-0.061562463915277234,0.029240382185437577,-0.005068665644597418,-0.1795146484384841,-0.27517634627118087,-0.724129939196809,-0.9513779782842153,-0.44306023136772504,-0.4534131554986556
stat_110,0.5324828563533273,0.5169033972452515,0.45990370689255905,0.3579611216315161,0.36070250135651744,0.4188953539700292,0.39415512500681077,0.357395380711798,0.49761554084797455,0.4333315697603742,0.3510757781286501,0.3578919522689764,0.31988729528210835,0.19417829639842182,0.14789818182123715,0.13708521662190085,0.17673988393129436,0.21757921356280166,0.21133597561102743,0.2819380548622937,0.37536071333674653,0.39531101798400387,0.39397447727398516,0.3866731867372182,0.5195372402213233,0.5753133024482305,0.6086716397990398,0.6133297924952935,0.5888526143672926,,,,,,,,,,,,,,,,,,,,,,,,,0.686747354779242,0.7635119091754091,0.8284397875383894,0.8408289555562527,0.6624242750984127,0.6428258699556725,0.6577939571408921,0.45140145289011074,0.2634082589199905,0.27458151792558305,0.37544650961918735,0.3375387414612731,0.32585652983387614,0.49963101394804643,0.605353783092335,0.68094399737457,0.6889786619399125,0.5610357213010634,0.613526139484033,0.6925841229143708,0.4905744950379618,0.5159981026975672,0.649059317808086,0.7678794429425866,0.8175140410076367,0.449275877108057,0.4918837928458247,0.7554889897318565,1.130037603809254,-0.010518825302877973,0.2050337266430678
stat_111,-0.8722223078700754,-1.0305592023412669,-1.0819023108385013,-1.0832431765794892,-1.015909962217488,-0.7381731322625756,-0.6978967599207061,-0.7378162061786123,-0.7316247305265274,-0.6938404222218817,-0.7480179071689226,-0.7546801870449438,-0.7967510598711932,-0.7885522713685813,-0.8291056186673771,-0.7714143827515161,-0.7446536377512519,-0.6896607855538573,-0.6478491867263187,-0.4961268058237113,-0.4812549733068372,-0.552198854842378,-0.6399840222783434,-0.662835137633739,-0.8057154171528675,-0.6745044517385882,-0.6054257511042721,-0.600044464000687,-0.5168552373755576,-0.5109406090911256,-0.43518850476136206,-0.34420265906284797,-0.3445076445857732,-0.30123682801756413,-0.29110643819746695,-0.29969291665318193,-0.322966559281795,-0.33325937723079146,-0.3731084230616168,,,,0.06407164685632627,-0.1706484382258498,-0.3529864689361278,-0.3575001031118218,-0.22035392377638277,-0.0879879380453238,-0.1863795374966227,-0.2832710333216624,-0.15696271215298208,-0.18252366767897366,-0.3212249237282422,-0.27141740883285337,-0.23874117113371143,-0.4395782947855799,-0.6563128771314545,-0.635765620541669,-0.5210493383068819,-0.34225217312505485,-0.2583483888840216,-0.4303595028252759,-0.5410387810794836,-0.5752230106223749,-0.7450856151709254,-0.7836483613483799,-0.6938779057766685,-0.7540797883602292,-0.7574283279224371,-0.8166338797302751,-0.7955677881803829,-0.6579252882946184,-0.8074911436394209,-1.2094272280667426,-1.3083409976117077,-1.2107170348155145,-1.1133380046418775,-0.9521382560892442,-0.7646602282207577,-0.5325815817422066,-0.6635896852923038,-1.6732439114044102,-0.059247135860379885,0.1437518645995909
stat_112,1.4746339723156696,1.4927557376233378,1.5036466079296418,1.4909616469142193,1.4329603650797742,1.3225895457753358,1.2474189073626782,1.1987865922105043,1.23790595717827,1.1805091512529626,1.1611347235061482,1.156266671517643,1.070890757846456,1.0332675779572258,0.9489483462263432,0.9104771734271231,0.9620943716821612,0.9804267943021172,0.9589753062858236,1.0325975807183583,1.060920699013882,1.0802425085042775,1.061520249563469,1.0558864151579594,0.825565920077171,0.7487376038993628,0.6109367145579856,0.5989638452372162,0.4659950560555063,0.3857009667039915,0.33167774259120014,0.26501719706168947,0.2416844216569975,0.2173541806430706,,,,,,,,,,,,,,,,0.15839815647430633,0.08098075280273828,0.11094415302770713,0.23384149621310701,0.39636952501129824,0.6235895968124865,0.7225168644401241,0.677424746064361,0.9421365994276699,1.0366217000863915,1.0816856819750382,1.0180015599622936,0.898752043816411,0.9517637190289131,1.066434618999451,1.083549112706496,1.0355083203486937,1.018865774931207,1.1330034896999457,1.2439949003829236,1.3419410917624295,1.2434622516853866,1.2565201871478022,1.4866782008043897,1.5712803294125706,1.5479465633967704,1.5777587409558758,1.6013746919041338,1.6389286891464616,1.5612285721771118,1.1806597553084404,1.7031199582076348,3.346560351299982,-0.19519740939339966,-0.15855194889836702
stat_113,-0.3197962714840815,-0.18013242688483153,-0.10521353763898174,0.06613841946144133,0.12817090451914917,0.1709891706945896,0.18507896642886174,0.2076220432774116,0.24263930418173696,0.35406985037804023,0.36216500547164016,0.3647125565920384,0.451376256173464,0.5666284055801534,0.5151348952914697,0.5047370076872957,0.6144477186740624,0.6506660339352621,0.6517606961424682,0.6954765825187613,0.6687402302940981,0.7170457796095175,0.748218916793054,0.7550167208796656,0.7115060947789255,0.636709808689333,0.6090771896834551,0.603692876144747,0.5016294712508156,0.45040648055168275,0.5457862449577843,0.6605546612602685,0.6835483182217489,0.6844387100891902,0.6761807775917698,0.638602841695744,0.57728081603209,0.5483564438810972,0.5338745991025671,0.26099541919135266,0.186560326625057,0.3758665078334255,0.38768471638529234,0.2873352009239336,0.42878187520704897,0.44897848458857265,0.4132899630136776,0.45766401478056545,0.6757436010494838,0.9424393789075112,0.9572676570327042,0.5280369360068209,0.33479039119893284,0.3617659917877205,0.4157709147539953,0.56710731615152,0.8103893486004475,0.9287969185146736,0.9092861611100832,0.9054380859348649,0.8901990909953411,0.8314664152378239,0.7202748371852873,0.6967536157985272,0.7406982008691021,0.8433156459367649,0.7685946710707927,0.5719127906914849,0.5123355054049105,0.5177757850690083,0.3770672801141389,0.2523754920720507,0.3273966477467633,0.3465042502273137,0.23025947742787634,0.01479547879385207,-0.32694401613732677,-0.39210126886680075,-0.23153929573365536,0.03984878750910698,0.3139392678905811,0.2078657623826561,0.22682143810172928,0.28406294271738247
stat_114,-0.20093077960899278,-0.2833317997589832,-0.40449272341919806,-0.595390510907835,-0.7227779873771789,-0.7051298397869763,-0.6291577314152343,-0.5344413092631043,-0.48961660150152303,-0.4650300497576423,-0.5641983587372306,-0.5730468422142395,-0.6877301287707314,-0.6599406484483203,-0.6323608129487658,-0.5978367943668327,-0.5415416636414141,-0.48594759905435114,-0.4816290212842132,-0.5025075916842131,-0.48243657606345214,-0.4342809228661562,-0.3660537840168398,-0.36170506533004193,-0.3124170635190041,-0.28806984683463616,-0.26511865495023307,-0.2626343115610303,-0.23946558220769176,-0.23548278242548537,-0.2725243040105063,-0.3607763645325317,-0.3113452895516571,-0.318394613463441,-0.3126079263972513,-0.26759539137854343,-0.28561311377758736,-0.26024616354925045,-0.22110771243368402,,,,,-0.24783011225404766,-0.16637575479518935,-0.198054231496234,-0.23745146110345244,-0.3169114598934206,-0.41618383724668323,-0.4792169308968176,-0.369254243610809,-0.18286748979285425,-0.1473802007429649,-0.13702276981637404,-0.1780892093414923,-0.2795223604539675,-0.33793351192298937,-0.3655022490110207,-0.43890905724732404,-0.5292697552997082,-0.502669147123638,-0.4456050259437332,-0.4985093504085404,-0.5692048528550293,-0.680991274261315,-0.8380821695543094,-0.9245659898103036,-0.7352052221663483,-0.5841883107607273,-0.5920827902105855,-0.5870925913719233,-0.6672930400785313,-0.7690154220569989,-0.8257415085842992,-0.7124912104031194,-0.4154238903794334,-0.13765243058712084,-0.1220126980793387,-0.28253156498911347,-0.40924025584701285,-0.28876968938111647,-0.5281352716797193,0.053134298065075906,0.03741795447221984
stat_115,-0.7082801648827272,-0.6751655193014481,-0.6043415107993447,-0.5598806693521088,-0.5374315924678243,-0.45692355706010623,-0.3254180977290219,-0.27285554136954726,-0.2574368137200677,-0.30663806798265475,-0.3533269922759667,-0.3567893443898729,-0.35650091212231977,-0.33488361119643345,-0.3516513226662923,-0.3892504456688906,-0.36324749756565006,-0.359046254615476,-0.3590626847327327,-0.3697320116179148,-0.3415032080830915,-0.3166385859336924,-0.27749221427125104,-0.27101486963650256,-0.27564465946081446,-0.3287114202667135,-0.3184247859161889,-0.31892059549579416,-0.23674343339943038,-0.20894165377698712,-0.12593168893739937,-0.09340679608533285,-0.09043599603398916,-0.0671933787860625,-0.07093318656528337,-0.09494605035027415,-0.10536144787739835,-0.07679398065005393,-0.03947155464936771,,0.1059376546043697,0.10114399875991037,0.08514816951683954,0.06841423445164489,0.12720427111836832,0.1273941009473593,0.08655068034617665,-0.0026023917021236217,0.020467952404475,0.07668536785854088,0.17747404811248402,0.11428808078681951,-0.03435661274782498,-0.14054967100502863,-0.14891019181187634,-0.1021470281635261,-0.03469621014676994,-0.06952292128348826,-0.2574185081349991,-0.40775898940839805,-0.4951028189727075,-0.556137365651611,-0.5390438244028861,-0.565170403554523,-0.5226341848860008,-0.4801675189659438,-0.4414544735648201,-0.5364290840223361,-0.5009241501752101,-0.3820788184356775,-0.3940922547798964,-0.4448323926064363,-0.5972899884399981,-0.7030584737092561,-0.7272606126652297,-0.8079010902875825,-0.9098326089327033,-0.9746761007834012,-0.3776521188461276,-0.2348970733416601,-0.8494055424181765,-1.3607473291823893,-0.24376689732730192,-0.2300906975322106
stat_116,0.1610167767992749,0.09395697571090265,0.0176963062106998,-0.02198671263007667,-0.0017477660097363259,-0.043953099616922425,-0.05516099243935318,0.03412589810425875,-0.017976081998987026,-0.033766072123094196,-0.025943843068475157,-0.030260762892846464,0.03408551265227614,-0.013125037898383951,0.04656630105236657,0.132037424822254,0.17522383115793794,0.2509006215278491,0.25374948620826104,0.18798075748044257,0.20125857998103852,0.36244877944246,0.4649651690619346,0.47171049671684273,0.5312214293844447,0.48980638452199243,0.4312223312045944,0.42657565151176835,,,,,,,,,,,,,,,,,,,,,,,,,,,0.4227181004572355,0.4327682249004823,0.4524783646103732,0.5016373281761267,0.43031970605344,0.42074353843822526,0.4290135496152781,0.31220745761318175,0.1084579463538817,0.08928627366177884,0.1622790336423258,0.1685905144031917,0.3092451415603819,0.18901226378980623,-0.13802966513151738,-0.06920293473022711,0.1982347448037952,0.2713176691884936,0.2912118615443288,0.18996000806432395,0.11304681904835823,0.13160110879615827,0.2034075631762772,0.3604594105846137,-0.06431552603095915,-0.004050763686174791,0.29894242294559215,-0.03581992759631748,0.3917599160342367,0.5023510744192972
stat_117,1.017337267536212,0.8897103307556804,0.9260220717199104,0.7364112054970062,0.6743178058650772,0.631270577443948,0.5561697181695271,0.5333176266368661,0.6550595594924904,0.6086610093630704,0.5758942932821767,0.5719914136944929,0.6015397022819285,0.6681278603213486,0.6578418410852274,0.6233166895012006,0.5694596833308415,0.5750074789746202,0.5923832723206836,0.604546883392552,0.5070673522957442,0.4720770733132595,0.411580002142542,0.41495745298896275,0.31180851774426116,0.416447507547767,0.43996285471988805,0.4408303442193668,0.3336356946974472,0.33098184036157785,0.3928342436605097,0.3334426848087793,0.29477583187984163,0.3260320195047795,0.32592096487602135,0.37743515117147663,0.34282569200397256,0.2802572878600506,0.22165484363610072,,0.012144008765521491,-0.030969818413769345,-0.10885267741806158,-0.08342453049120273,0.03612494437711121,0.1710486341751233,0.32153986766961384,0.3845472266641754,0.3541106672989619,0.2638836583053423,0.22666203573227187,0.2855368859864995,0.17557867332505364,0.1837169711799323,0.5038714953675857,0.5279167180496269,0.36263808368717604,0.31161901162222494,0.34702734866634377,0.4355206655549332,0.658826629375514,0.6441047467155055,0.4443381433433624,0.5320693453868787,0.6481375847363159,0.5664064838553018,0.49360655536805187,0.49033299437466965,0.5882024256610148,0.5164458330952219,0.38724825912012223,0.47520193103761355,0.5187685914657402,0.6074384081786415,0.840604899371849,1.114439301151383,1.1619283466375294,1.2170580389378118,0.8056067049291198,0.6199080510033474,0.3130990176045735,1.215820751261504,-0.38949686286866336,-0.4901801861115543
stat_118,0.4348673387408557,0.4446079373761232,0.3027604949259905,0.23757820220286519,0.20641392866931052,0.14433276245233453,0.25407657387578836,0.3217109300387105,0.24952165580429175,0.24718662197986646,0.3243085009997056,0.3283298883662542,0.44595289389425163,0.5419249781245379,0.5684154515104145,0.6149331220698394,0.6001517796396445,0.5539366690320645,0.5325779034291631,0.4490938053524519,0.34767103641400576,0.22290591727805115,0.1843827120163815,0.19032374916439568,0.19288058104536238,0.20137327552876352,0.1578322149748107,0.15241156920344637,0.12425957113234759,0.10599244165733974,0.10304013802852785,0.16148624011928256,0.19144461352492106,0.21086541190913055,0.21203067865247222,0.22001498518787926,0.25375491893078855,0.29687111021961193,0.3328415737441901,,0.29275979566092375,0.3843957427497753,0.46701205126167694,0.364082165137531,0.38443431545668494,0.33534751109323796,0.21224034613138243,0.09277179369366059,0.022244890535729277,0.05416372704405933,0.13709280222208936,0.09851650444955042,-0.03445874863297038,-0.020536868802037013,0.09922609619583629,0.16008143931640245,0.08753631733741749,0.028688832022382732,0.18587015158271097,0.24737252078110183,0.3010692532508698,0.4625523866966534,0.5774815325250418,0.6257603071063346,0.6216666459418112,0.6722123486123244,0.5323743389008391,0.29954282567568025,0.20414127048065656,0.2449827470672907,0.26637441260831235,0.04123914087275242,0.022722890341894248,0.08422937857419902,0.008417922207631533,0.20417674689501358,0.5885096023470453,0.6545244965168178,0.4102207469131005,0.4358954655122596,0.02998409315038074,0.4029267469809617,-0.010009331487205581,-0.3258042391267106
stat_119,0.2579905731730617,0.26124381452798656,0.16509916715179834,0.17251837729208025,0.24025017611878086,0.2714344879558497,0.29542468192814064,0.2248866044903353,0.17754155085809434,0.17362327939174288,0.3422153355640508,0.35288581439762157,0.44016568052113997,0.4530725280871299,0.4775703005182167,0.4420759930460335,0.4141720750194357,0.39376358643737497,0.3836257096656345,0.33208762557369503,0.22513917605454967,0.1302702723242933,0.053890639857420056,0.040135573154235646,0.0008593084417217226,0.0487090907577536,0.10056878441176018,0.1020471771322592,0.1381199385254862,0.20036931784503445,0.2994431991510748,0.25873620236519057,0.1941375931099402,0.2276884636588672,0.23341533147767937,0.189853278765178,0.18050355465864046,0.17923711067004344,0.16359511226236245,0.06730482198270982,0.11491766394453896,0.15338419420321284,0.06637614271152611,0.03098222786726271,0.09600626934933634,0.10864618209728184,0.05642964473926087,0.014123921244266481,0.06414845462748217,0.12875983196402213,0.20977201933644782,0.18388988426459632,0.17871162842449886,0.17813874992409587,0.06676129122766453,-0.06298815679695992,-0.11590661982513917,0.10179188425663234,0.2832665518520497,0.30228249426906045,0.30302983600625993,0.43410295259147114,0.5441903822570442,0.47260056426709435,0.4296027953007797,0.45139218076423376,0.44700192736465816,0.41490851074117663,0.3463197489549069,0.222298502632213,0.12360547728390917,0.13721777637863977,0.2368136803795612,0.21368573535371774,0.15590445928582686,0.17901375472951064,0.19114240025680276,0.15489352073969256,0.0810740220457772,0.12287818937677666,0.17200727363629462,0.19640893260655332,0.08949327941864398,0.1408316574175224
stat_12,0.3894914848652658,0.48027791640499956,0.4849191501423892,0.46294142111409053,0.46784670912960263,0.4007829665964601,0.3323586101464914,0.35852764602309894,0.4515835018256558,0.5162136131038919,0.497192728700049,0.49215430163392127,0.3894788633766303,0.28014279661182945,0.22462695135682584,0.22224154632167098,0.19073033470277212,0.19702712268929634,0.1922862728612133,0.15103392995358514,0.11565034501913213,0.08584027892317998,0.0478329911115273,0.035506593755229264,0.002071752635539591,0.004585026056410891,0.06815769178045544,0.07508314595630665,0.16013100008627001,0.22880280484361343,0.27803045792144804,0.2645931950362682,0.32182961174749997,0.3053433472266613,0.2977994213152855,0.2850671645423242,0.2764289181296941,0.22421544487000672,0.15163745677074064,-0.02919182867382565,0.14162512195590515,0.17820107676485322,0.1779449621689837,0.03683216587722007,0.05135534052806992,0.26541029823988155,0.318412951374459,0.2552599622720727,0.2623698473833944,0.26256901986566145,0.23992780436052802,0.3274520792190741,0.39492552899989036,0.20554003980797236,-0.087427143622237,-0.14486128599954654,-0.05287004485199118,-0.004179765608308959,0.046727308239218335,0.19470980439970764,0.18403435238989405,0.16071254808011215,0.18508175642657146,0.09204028231711654,0.011191875099284416,0.08146264835621898,0.24566449998611212,0.44461517738918793,0.5103617130204827,0.4156318541845863,0.2935059125228812,0.24274645205450546,0.3005637618371847,0.38701633481706754,0.46052814307848366,0.4828569245255111,0.42411054495466227,0.3375089786263026,0.4329048907542497,0.24605474982578507,0.2232866597486021,0.5824321326505651,-0.2525354927441875,-0.19210570456233617
stat_120,1.994563418768957,1.9230090945968308,1.9232611202550562,1.9179621025863898,1.7943847949707041,1.5496999269208993,1.3537248870996939,1.2783111582235955,1.2617069223093527,1.324448876783466,1.3930417143034173,1.3936800292321498,1.367704820281163,1.3088768129370894,1.223582016240959,1.0995823710151909,1.073928283923146,1.0380483908580473,1.03497909459499,1.0484523396476713,1.0929460127749777,1.1068808681769318,1.0991364242762456,1.099868741664905,1.0671243566959117,1.0751432739596039,1.0665283019497658,1.0642800611610972,1.0465315125181658,1.0659909815943645,,,,,,,,,,,,,,,,,,,,,,,0.011437185797094867,0.0149450029094318,0.08521695854009288,0.1766007357477365,0.2519492724175533,0.23555928648902172,0.2890933264811209,0.5133109521282625,0.6453019361109279,0.7061292044733303,0.7877912052530817,0.8408993926233316,0.9873323945940669,1.0617567237013865,1.1241991936255258,1.2409413794981334,1.229302685749255,0.9613029394296937,0.9071516031382664,1.0548709073478544,1.4391026981270418,1.9277460081948536,2.076835962985058,1.939860214394438,1.92166099694913,1.9141238362707458,1.8592560858800442,1.587868923531243,1.757070642501548,3.5246632473440993,-0.2964170120688054,-0.2623762506659016
stat_121,-0.6259157160037621,-0.6027053177918583,-0.5566989351547188,-0.4747898382549848,-0.41001065226951455,-0.35487825175917853,-0.41101816502134403,-0.47284537760328244,-0.5126028158099768,-0.6110114964620252,-0.5940938023500082,-0.589413630284045,-0.4869585034390038,-0.4499855287827996,-0.43857027963180795,-0.4464451652595028,-0.49696121287258205,-0.5634726744420658,-0.5763835694053409,-0.501068596950883,,,,,,,,,,,,,,,,,,,,,,,,,,,,,,,,,,,,,,,,,-0.41011023502590765,-0.5307843907576383,-0.4319168790844652,-0.48607780782348986,-0.5951728786096876,-0.4835754766058763,-0.5087720464419916,-0.7308011058321117,-0.9028537440980225,-0.7358025563818991,-0.6094839207323407,-0.43276702018176044,-0.3551978762963594,-0.46008406857269707,-0.5762302844803288,-0.5814711160017195,-0.5994267496828595,-0.6187809382737034,-0.6368751008536053,-0.588752298426742,-0.7224404795491792,-1.3227705653351056,0.12200753701741453,0.0008788502355472152
stat_122,-0.3631052348396858,-0.3401653054831802,-0.30616686070475463,-0.20103045372179515,-0.09160041715350278,-0.024043570324003616,-0.04911047554295302,-0.04983985569711812,-0.07224242273117892,-0.1558344409184461,-0.19725089461334605,-0.19936031836718093,-0.18440045560575127,-0.14821468936867127,-0.16446877943997013,-0.17428111854693745,-0.2071951213978225,-0.2389868859427504,-0.2469689677914819,-0.2889108897543953,-0.3111613229278979,-0.27314604019849686,-0.26737264115853854,-0.27348474785672555,-0.36227657020243387,-0.33827801843820715,-0.3426830317002108,-0.33971522938865023,-0.3158400942891167,,,,,,,,,,,,,,,,,,,,,,,,,-0.31290473400450697,-0.3985741693690295,-0.4473180727496243,-0.4732441614446997,-0.3680713632643954,-0.29697983231815667,-0.2615783172245827,-0.20218843266079617,-0.27033624540597645,-0.2538711914132312,-0.055021536226863656,-0.12280311030815819,-0.1947254897187971,-0.2827867064665209,-0.3904012909994343,-0.33114068117933265,-0.17988504831316113,-0.09612389470391218,0.0147664996116697,0.09729191296866435,-0.052795365311527453,-0.38740647244851556,-0.452006764483656,-0.3437703021106152,-0.25884335306942485,-0.3420169932231246,-0.2340321581257514,-0.42881313522156567,-0.6877569761389898,0.10375736993708104,-0.09518128676321949
stat_123,0.33489553165904834,0.31037088988303785,0.24795796943775125,0.23086910713931671,0.21704898169080789,0.16558445337049948,0.09360105403072476,0.0012778161139196493,-0.11497306875393773,-0.22696729029067544,-0.2477950593900799,-0.24706598917943234,-0.2413375904352697,-0.21818156084342238,-0.22754860593629508,-0.20945592127367807,-0.24725569408127981,-0.2972760498358242,-0.30488139624378646,-0.34516469694173585,-0.3635676189945234,-0.2842168432821745,-0.24539821684313098,-0.25010203829608746,-0.26487261025312264,-0.29526970011822545,-0.24412608713064313,-0.24517160816858743,-0.2000138189954772,-0.21328394057599495,-0.17011678316519813,,,,,,,,,,,,,,,,,,,,,-0.3047005640053579,-0.3129804921461321,-0.3598285676966877,-0.44547793883764136,-0.3006091655364663,-0.26220537395077714,-0.22905670024387131,-0.2539922406722823,-0.3433464634637271,-0.5018679490365456,-0.5808715370036668,-0.3557737306913921,-0.36042264306282323,-0.49495789016340747,-0.4424020985836778,-0.4345205216915025,-0.5095451936610569,-0.6040345409178437,-0.5103204157494918,-0.2678991470492746,-0.04301340370784084,0.08509827594822919,0.13485605637835693,0.10226643169302534,0.1822852601897874,0.3828799306304454,0.45250894828232885,0.24151449188986673,0.12156667694501753,0.30983555842272986,0.6501696062081345,0.06514998846698529,-0.019811737982642557
stat_124,0.04608338557474275,0.14805551015728147,0.1466754019985769,0.11448874463896842,0.059935668639792376,-0.020766103401853912,-0.0069777255967785915,-0.03416019747039079,0.07952221561472088,0.1436522350798496,0.19006583296065055,0.1914375755674103,0.23062947323512042,0.25892745596394606,0.25760685263770167,0.15090441497779256,0.11223751672555923,0.06177516125371714,0.041980947851496045,-0.015328113599341834,-0.07307138775493989,-0.05874779138174534,0.029937751549882874,0.05177678378949789,0.12377377965622352,0.08588713325678544,0.00536714404448759,-0.0027371554553003363,-0.03129157875992129,-0.03156926718055622,-0.025277189798694064,-0.04847643472718448,-0.03464810593528781,-0.07825821196780246,-0.11712039788280279,-0.14771213007241904,-0.11334790488237662,-0.1523990354311625,-0.13958507708493953,,-0.11712019276664587,-0.0019183632831304136,-0.06438488447994455,-0.08128615330160455,-0.0626680546935865,-0.08992204125220317,-0.14238862073424724,-0.1458225204462201,-0.2094712526675465,-0.12166338841884264,-0.07786378618615813,-0.008649879289349106,-0.07519630867586063,-0.1791113213401496,-0.1670737948726572,-0.0436714927322342,0.030569010349627286,-0.14730139403471693,-0.2467092459226343,-0.11321250394137404,-0.020163982448541604,-0.03485838247471726,-0.1447101108074692,-0.17118898544534839,0.012904941121558015,0.20261593838157846,0.28131406683100474,0.1508409926965436,-0.07430830625082918,-0.1757650205597489,-0.1908992572217221,-0.14686826604414505,-0.1424587610281659,0.07700086121776499,0.08627906136689933,-0.026528757552092098,0.09652542846386593,0.1200931128851371,0.14703873053282188,-0.0018954394915146977,-0.2650290388704677,-0.20728744263276477,-0.3048877984232859,-0.3286122415048155
stat_125,0.8729679043639971,0.776721337141915,0.7748996446367928,0.8735692488915704,0.9203717647633243,0.867543638431353,0.9110103882997281,0.9236426365253746,0.982454449330505,0.96791003104067,0.9554549781613518,0.9595324872626351,1.0748122349434108,1.066402088985598,1.0781381825563154,1.1102179745864753,1.1364700540369803,1.150370411406986,1.1665910160814168,1.1183967070726923,1.089761711691971,1.0387048986772651,1.0037127444106226,0.999706381249382,0.9677656961656476,0.8789466168643719,0.7573387356577997,0.7485400207160123,0.6558567746764351,0.6521572240537484,0.655667887505029,0.6489061575065823,0.657289324571167,0.6348337498143941,0.6328014440633476,0.653669413542208,0.6733042254130697,0.6670729749796221,0.6572968347958119,,0.284506784642081,0.3333921490525763,0.37803016592610394,0.3670439132459828,0.42991856782075777,0.43292638928018384,0.33339217023456136,0.2311289241057722,0.19330686908927386,0.2574304070872074,0.37919178560538036,0.4281858214872636,0.408842822494532,0.3770007772082146,0.44374646297742093,0.6609312233401641,0.9477126831018909,0.9416288534182458,0.8402639586074695,0.8010627972203663,0.8924036980660376,1.020383664230519,1.0679582303194193,1.006008272442287,1.0013903089722769,0.9142016781545763,0.9852679115631569,1.1052583553527793,1.22798154393375,1.226820702006787,1.071256533124758,0.9097135181168479,0.8951529630364817,0.8850644927448954,0.8617625230544428,0.9057986906263091,1.0061882481431295,1.0102537829143603,0.7965973065817722,0.8276317370217667,1.1438349829050292,1.9003210597129971,0.49844873120014954,0.40125364783450357
stat_126,0.662000751744894,0.48370534187772246,0.42403294885419623,0.5301899389388273,0.49051453240903475,0.3296052678076856,0.29206627276218966,0.3977197580318004,0.305350833504518,0.22104259863432862,0.17074811500226914,0.17241765859807037,0.1373185178841679,0.05599479485667961,0.11690661587558812,0.15522212523367415,0.17044781808047058,0.07711824928549042,0.09241395336535949,0.194215581938911,0.21485356345133413,0.19915053074276653,0.20912106659207205,0.2266888575269689,0.27398543132715214,0.2759102486125414,0.17859446121751185,0.1701087868577317,0.1020064969332673,0.07849194424711747,0.10775390493358078,0.12587641784463066,0.14965033723742804,,,,,,,,,,,,,,,,,-0.12814548908614662,-0.09170000524612847,-0.03970908733851882,-0.04006865273243483,-0.035180946697257034,0.0851973475972865,0.28261249041021996,0.3085895050663843,0.19739242785350972,0.19236140407021932,0.2482327529966525,0.19210172749367083,0.13453717577197363,0.06616993162378008,-0.0905901844800029,-0.09986535793308765,-0.20140771086464462,-0.2666642920234258,-0.16794086996213758,-0.06047346075026013,0.2589379486676817,0.3494076185317841,0.26617597478010835,0.27104572310801694,0.3923369718482203,0.4490529291757124,0.37400573165811074,0.34932779430943056,0.4994321466849831,0.7537669583833548,0.5841825045047776,0.30114186137055504,1.1129832946878093,-0.24120279290574717,-0.40965186277123433
stat_127,-1.152927474327883,-1.1074452385348377,-1.0517294429842967,-0.9152638427316288,-0.9621415140890877,-1.0515107266526307,-0.8820034339237741,-0.7552540314427463,-0.6854855362793049,-0.6860376195122028,-0.7486647561599378,-0.7649862522219943,-0.8873314576637971,-0.9750835256196225,-1.08405675257287,-1.080895224729994,-1.0839896343783848,-0.9992805747984453,-0.9921715974626861,-0.948315409483223,-0.9214748071554549,-0.8152878165737224,-0.877596890088864,-0.8920173548476572,-0.8385633633950806,-0.836599460778995,-0.7679030483487317,-0.7665943480312939,-0.7227686476320772,-0.6150797833681908,-0.4547428418154432,-0.3355746153209923,-0.3635946759054517,-0.4252129138560054,-0.43083861263736944,-0.370498546291362,-0.2653932207033305,-0.2567148968517178,-0.2512157275887166,-0.14272707671171747,-0.011999509905062943,0.0034753585444208582,-0.016951854757038903,0.05729150451562208,-0.030918744739366403,-0.11518764890922105,-0.14337111815530545,-0.16942691007751948,-0.23937768363604026,-0.04437032986158266,0.03542286350802375,-0.13835734643640368,-0.48615455222516185,-0.6162058598259613,-0.5643973163497072,-0.7181960341325441,-0.8838405744993173,-0.8216447138506624,-0.7473040933848272,-0.8765645442580435,-0.9556026951837198,-0.9779001613324598,-1.1390071580551437,-1.1613063584269299,-1.0859824136423888,-1.0547894810254526,-0.932781633359306,-0.7077198352110967,-0.5852088827535421,-0.7588411871108043,-0.8517611023711967,-0.9304045026909055,-1.1740331524316185,-1.2328870322289063,-1.0744983455856478,-1.0848057196658332,-1.248017708897086,-1.390736452775566,-1.0110708741226386,-0.8135526406648108,-1.3387084207888509,-2.2868861092996626,-0.18189317064459365,-0.17670470097192276
stat_128,-0.6301880759729739,-0.6358471249879966,-0.5021286546349819,-0.3808481125242397,-0.3042291947151192,-0.12698045857401563,0.038311858353890185,0.17318140157469122,0.13427427747243914,0.11706588807216081,0.06738883035100372,0.062308729930261875,0.0065675695231701145,0.01695186952208054,0.12682960866845985,0.18849985830203211,0.26207820308671714,0.342665706633725,0.37522791718147563,0.36185287567408,0.3037117690526937,0.2996767367485953,0.25313570295706106,0.25815500971643757,0.3036781481127666,0.37522277080715005,0.3692051167432401,0.3689838524885153,0.351263509400241,0.3063204526586554,0.2821003541411697,0.22707442481815202,0.22711273188215997,0.27370245075583177,0.2770053922032258,0.3037059147337282,0.30807031566567783,0.23704895583569124,0.227934173521202,,,,0.4039419246158487,0.3766366295725668,0.3015615815381546,0.2725019683082888,0.3013757166087734,0.4062121311564153,0.48531219358962524,0.37028643771367026,0.23782336714766086,0.31986880443980187,0.34232754422867173,0.3526255404830989,0.5342507526980685,0.6347166349841952,0.4525343982756394,0.3801645475093226,0.45443697045383996,0.5294857307726527,0.6498668652088269,0.6168933601114801,0.41360476968268034,0.3241931113148989,0.2515362056928075,0.16566378259528752,0.213403203328421,0.3242342553527079,0.5306120442598943,0.5345846734823625,0.42354195102815545,0.2213079435784276,0.019198847463750546,-0.1636861013726145,-0.2535810657130064,-0.4730100257020921,-0.8092214972866807,-0.7852854470465483,-0.3037217327136651,-0.042529313993951726,0.4287578509933778,0.10160355665624039,0.579482345173158,0.5899935878531786
stat_129,0.6133024376051184,0.7213773419627388,0.7879654122833036,0.7108572904748496,0.6165380388288699,0.6345721662407855,0.6707484579233738,0.7696728175712304,0.7585841896237195,0.9000408960388983,1.0053123271277344,0.9999772300738248,1.0308976455908356,0.9627633849199814,0.9188237587888128,0.9619845553920328,0.9924951297296177,1.0769027105515283,1.0684196500069107,1.0147151340204683,1.0265753534998725,1.0514814458628234,1.0785264189266366,1.0747441805389442,1.0229892002511884,0.858305076558382,0.7151609192633034,0.7157256074195213,0.7100514179174806,0.7152463832211607,0.6736801699686829,0.6678382651428689,0.6327430314290275,0.6878489217235206,0.6861566666725588,0.660153143505817,0.6617932794206537,,,,,,,,,,0.5275516029308056,0.5861396179798247,0.5490917140786298,0.4319988971709218,0.3174177881407399,0.4200035979464218,0.5497486315544314,0.6349226786256016,0.6769844421454699,0.8328003634688587,1.0517006154885067,1.2205201746430074,1.1215251708544471,1.1622632470344352,1.2908212099129293,1.2755484665933743,1.1000190607321831,1.0024253219267603,1.0442547502286736,1.1296718452336931,1.3149539949264832,1.4307676348674288,1.2633226239019466,1.0765439816143978,1.0274843269220484,1.0305496373687106,0.9264347890908797,0.6809127360407395,0.6488127578563337,0.8884196371590825,0.7776393786047475,0.5517026650976321,0.5141740137711456,0.6445907667707762,1.3806475352742662,1.8561571209655963,0.5039719919989606,0.5130313527209659
stat_13,0.3767186384546885,0.32167748841130994,0.2439969866510494,0.23485521896238798,0.3099567409450844,0.39118884672430804,0.4648276628484022,0.4583499715005504,0.5391078520713367,0.6036889140451647,0.7656532224130975,0.7725925336756468,0.77900211410315,0.8082411978772134,0.7398856854541366,0.7134906584317621,0.7829521766651857,0.7551539332150208,0.7173048435447853,0.5692929392449041,0.4638036078338647,0.3479337318356057,0.2324459247878995,0.2419755667639053,0.33163902064868517,0.29310756805236027,0.18864903496256955,0.18429942666101157,0.20541477217737028,0.3241937461017032,0.39145208053656,0.35672518882749105,0.29491119318895914,0.2180219559856969,0.21240822934832337,0.19531757450480472,0.2368313610893927,0.2758382717637556,0.3024176745293052,0.06393818252656247,0.1453826189457007,0.12907572297369663,-0.016620899566606607,0.20384125045076126,0.3796443131941224,0.29864624553803143,0.07214217805529688,-0.1544754673778051,-0.09003307779012107,0.04199636416354786,0.35426596816403727,0.5583334468276914,0.3720094744035187,0.07641984091675204,-0.000666919426879549,0.19932168490400998,0.16153806041510224,-0.001457625046852253,0.037761630502272006,0.22749817056817734,0.3931686848076932,0.6472103665785496,0.7666187060623582,0.610953655521001,0.7233512512996046,1.0669819639683262,1.0009650056620085,0.852310185847621,0.7158833099057805,0.5433058936171075,0.5752027200109939,0.6523554041056294,0.48348663727558133,0.3382947786985659,0.353437956160792,0.2864434147285845,0.3317324973976727,0.493238381961849,0.29976291763963103,0.4332630788943192,0.4625472613551449,1.0552664712363096,0.021169784797817802,-0.27861217598945215
stat_130,-0.804842926381857,-0.8352821447250792,-0.8752453654574734,-0.8966021480935414,-0.8058841810538473,-0.7219342950863684,-0.7349180428838431,-0.7612146456991711,-0.6874834150997103,-0.7149524944487502,-0.6916823446047501,-0.6915245129993245,-0.7023048329851141,-0.7010064265921169,-0.7309401719917035,-0.8107716958331014,-0.7535406866762698,-0.7228104364380229,-0.7170881383690928,-0.5877525579750034,-0.5392924996948142,-0.5144966915353222,,,,,,,,,,,,,,,,,,,,,,,,,,,,,,,,,,,,,-0.4652760559416512,-0.4857827122884076,-0.6311962616817185,-0.6971115588283874,-0.7741072262209653,-0.7853045006798307,-0.7123689631847644,-0.7235374470436348,-0.762368946866883,-0.7364820657555989,-0.8059935003076146,-0.5914429800194693,-0.6820953059017395,-0.80368709941982,-0.6930975966585842,-0.7820126470059968,-1.0050563395198806,-0.9603579122768869,-0.9330833045225058,-0.93954214953462,-0.754211501711221,-0.563821232380745,-0.9365994429178714,-1.759458443053687,-0.06940759018327186,-0.08537398824584752
stat_131,0.7588104850317313,0.8192183217823187,0.9228837427863908,0.9814119803248753,1.1472964060869035,1.1390107373716116,1.222028515094259,1.307046425806935,1.3517526025206192,1.36468509016644,1.4392144607599326,1.453996353671623,1.562182835764965,1.4659215205678915,1.497640999416761,1.5370682580141777,1.6032246028797938,1.622950613231688,1.6024543219176821,1.6235684670814998,1.7567225635380157,1.8211840660284386,1.77178566535925,1.750002481490044,1.5996719514632578,1.531938484189872,1.3618781298916267,1.356051172219696,1.2954056988752858,1.2749924321251356,1.1742944721296533,1.0649200759729631,0.9778601189647216,0.9715513913946373,0.9742187197167024,1.038370951417661,1.0846880955173324,1.009385627807185,0.9477759074025589,0.29159244484125435,0.32974557112794645,0.4159186994841067,0.5390903753114218,0.5482721109735499,0.5360983456005303,0.6021869750996008,0.7065190462011227,0.7112083337836343,0.6759731810205531,0.6072674167899464,0.727737690405593,0.954890264672462,1.1506377170193416,1.2988879557437085,1.485633485266697,1.7062062664327764,1.7735432165722156,1.9696162115522935,1.9830207714555372,1.8986450183075985,1.825674537726051,1.768657625515407,1.7279369803248872,1.6971899565724755,1.6627564732832314,1.7394432537058329,1.851130778686474,1.8120533213679266,1.728313065425225,1.7260187084132803,1.679498104990943,1.5204506531274806,1.415643842397992,1.3288122271139031,1.1465290590659025,0.9851400948085786,0.9182543929596826,0.7446529289195893,0.9268110903092588,1.114613481858213,1.7821369004501153,2.7429377603001095,0.5611071731431689,0.5200688373125008
stat_132,0.23969381734112702,0.1755604120446565,0.007724780717523742,-0.24943222690968464,-0.2935849715607851,-0.2905420667837408,-0.29839464084466333,-0.20134884278809737,-0.07100642059153504,0.017476631781497855,0.11982824702158318,0.12850563878400723,0.08677782434797264,0.06642662771798763,-0.028842850025753007,-0.0401163848561001,0.08238547730551445,0.08869079913307547,0.08316279174337225,-0.04613836496401979,-0.09672053007496241,0.004693375781296943,-0.059122124599342955,-0.06524522460045178,-0.011564297640420192,-0.02697868199966334,-0.08905048188981994,-0.09454058091281482,-0.0761387397981056,-0.04737562156409123,,,,,,,,,,,,,,,,,,,,,,,-0.047466521434595246,-0.1130487100909684,-0.08457704103471714,0.021155376595610176,-0.011404755668329117,0.04347154294741752,0.1410332456115434,0.10689803092573257,0.09014543959647092,0.057673176386418064,0.018915531787030527,-0.16645290452999859,-0.22351707694104864,-0.003219817040823992,0.19983872072653608,0.35284669664840135,0.269432579511421,0.12660039203719717,-0.02022402140889527,-0.22310342345385414,-0.24570454287705684,-0.2190588238834207,-0.07263093441655323,0.26517011946708896,0.3193654230703845,0.437006412570888,0.24403615845908413,0.09816731956039834,0.5557731824801166,0.8345148018383179,0.14233645095474334,0.2225649795336007
stat_133,,,,,,,,,,,,,,,,,,,,,,,,,,,,,,,,,,,,,,,,,,,,,,,,,,,,,,,,,,,,,,,,,,,,,,,,,,,,,,,,,,,,
stat_134,-0.4380102695024111,-0.3199179672039906,-0.2604092782495958,-0.24514140255954653,-0.21877927940331246,-0.18131255103969857,-0.05692493519316262,0.04591276913734687,-0.010479595777055513,0.023516513356130746,0.08383636111647541,0.08525584198572424,0.08118111023346634,0.08988076022924799,0.1590000552432865,0.25026156383988507,0.3263430191353043,0.2990313495555713,0.2901500107686588,0.22214712940666934,0.09191839737857023,-0.00018114213117545529,-0.022443934423229873,-0.023952369993033025,0.0724683250059994,-0.010268748427062435,-0.018351354045284467,-0.022449811307273936,-0.00624271130111504,0.026864751398942184,0.04091616007481731,0.05637564533256767,0.10749202299226787,0.1480308251383951,0.15163121951542238,0.09193506442563319,-0.042186799890800444,-0.08865103052374439,-0.10680469979640544,,-0.32675072667820215,-0.18756063773117243,-0.12694750902682003,-0.12994870537954445,-0.06367271943957667,0.04669637848475744,0.09942492000243465,0.1255080792741836,0.31134027962448724,0.31090768153627557,0.20059281697873474,0.12376952187994333,0.09247948324055168,0.06278177012178196,0.07713444272094726,0.11982388981256115,0.07938685760810964,-0.12923335599135385,-0.2214941270115481,-0.03377546658350169,0.26465130167935746,0.3988075067272272,0.3262711697343117,0.251089287460859,0.26499808368633737,0.22745684888430695,0.22446061957299435,0.23825039089275005,0.1515666732793246,0.23488001487103685,0.3041784990301868,0.05965704402913034,-0.23795112775638425,-0.2684973768974017,-0.2720466066001684,-0.270643907908718,-0.33537551096404156,-0.5049806286041094,-0.08816463358828637,-0.011509963723200919,0.20167642047291057,0.346475287614414,0.1343194024204424,0.06443943840873634
stat_135,0.48435773891011347,0.3288580929748188,0.20455064406572837,0.17904809132014313,0.23977049314147808,0.3366422650680226,0.37558508723637757,0.3424498264457776,0.2958560502882313,0.3250374384853452,0.26680288623141807,0.25875221988940045,0.22341703783399994,0.18769934259697638,0.22762996917040443,0.32278063003112917,0.4569421750990258,0.5145050658842215,0.5080674361956755,0.5066576648740997,0.4538014450833861,0.338222133147838,0.1911956169950102,0.16788760735822575,0.04041144416168503,-0.08885927147276676,-0.16608503249734147,-0.16787416837607294,-0.192863702416651,-0.21509841995280954,-0.19061349391845767,-0.16209775733928633,-0.12581893559174448,-0.10830637700788115,-0.10575384620183306,-0.12194548362890427,-0.1453419321064285,-0.12035659287606257,-0.09150700389639087,,,,,,-0.18878252444571458,-0.104587527444207,-0.0012263275532075227,0.05145327272514094,0.060273625166535706,-0.07417613019649417,-0.2551293691757932,-0.3415266707422237,-0.32606803954742436,-0.3902972806256491,-0.5385754010181422,-0.636561402350644,-0.46357212060182323,-0.22421288708363202,-0.11641576890506253,-0.00034721273161232515,0.1819834036180426,0.40128540189684003,0.34757316005118694,0.1502585154354674,-0.1014250693581882,-0.14798539405724032,0.0679472681135762,0.2234522972950159,0.46658962257354375,0.5811620014316593,0.5581497739480299,0.5321182407939989,0.3920465827179246,0.29274790953347984,0.18975541988598082,0.045760949865480405,0.22709301833879755,0.5922377951856042,0.6563131013494766,0.4493137916666893,1.0116071075896977,1.6956069493187846,0.215606634366721,0.24349998970932377
stat_136,-0.20788125375995525,-0.11287079966453659,0.06653176129005463,0.1997108656170109,0.2125791904050005,0.18294165949117502,0.0808652924845539,0.05054889841128613,-0.07194240401822301,-0.04184490935230003,-0.012729551446244252,-0.014705325006932866,-0.08149815200893124,-0.07430827982863304,0.027111862972467725,0.022497119190852996,-0.013918402306056555,0.027144071481537274,0.035272295489413734,0.12610116744432348,0.16020882419364219,0.1766071516463586,0.10956366471188159,0.10811518101890763,0.06982779055517958,0.03198184073834235,0.0062289605432251155,0.003899217546142526,-0.04126436756964368,-0.06127320289682783,-0.08090987144889633,-0.00451395771814822,0.036194617848261175,0.0720102901811985,0.08931536111187453,0.10824831590504373,0.013558409679996462,-0.013078623749458266,-0.0393900720394745,,,,,0.10453502490900893,0.04726310364969503,0.09378876888185009,0.2115833694315966,0.29888350394043983,0.33900625214431956,0.19924211941672282,0.03303475405117496,-0.021201563970669326,-0.04533736985918047,-0.1157585404789418,-0.07587576871496965,-0.07515056178924161,-0.13996843413990703,0.0015244421815782852,0.16859816491640583,0.06555366359890388,0.01747190059378438,-0.0053551230064307976,-0.13611709114446005,-0.02657570924327729,0.009267743129386852,-0.20238860185261648,-0.33932963737066446,-0.33363601846599195,-0.13849923866014355,0.06727793519358993,0.21701266379252662,0.28529022909122037,0.22009351049412093,0.1039431182843577,0.0017084154265128951,-0.09557751805029158,-0.3383436761386628,-0.40139414528981765,0.15038268822894515,0.07321533344475269,0.0092935579129094,0.5340873355196558,-0.06373542076464014,-0.47727869536867473
stat_137,1.560149865686412,1.6695920945215763,1.7613959341740921,1.8394704877605565,1.8681124273008154,1.8754671334391062,1.8258504146116612,1.7586900955585694,1.6583056272587577,1.665454346071829,1.6900820705955817,1.6930834289081376,1.7294491960344822,1.6754498373450317,1.7237821799260051,1.791547391740821,1.8510078291694179,1.8096739392050105,1.7962648274391877,1.7628106704915756,1.7450934961454212,1.6883977465600124,1.5899572395991415,1.5820342837260624,1.535657855167546,1.444275367584846,1.3306377531735354,1.3225337952121292,1.218448435002283,1.1908694723477748,1.168731386289312,1.1595001333243389,1.1324998154823112,1.1331732197981297,1.1376769206995128,1.1264291202427659,1.0801031198494229,1.0329995693199805,0.9905188234193941,,,,0.2243268771434773,0.20930379998694532,0.28113653260290883,0.30883909360439116,0.33820848651969604,0.3315308439283235,0.4100633907394333,0.36319178110044276,0.3375557527704274,0.35055268244213506,0.3472760439192713,0.4170988465470054,0.5523291259406331,0.6990948752802695,0.8361248100915916,1.0456097969506013,1.182093110560696,1.2377653062840717,1.3551914481840337,1.4242493338710176,1.4459509759412472,1.574850017051442,1.6577989890125682,1.6386566389107498,1.5426295413061775,1.3939031666501804,1.4718545174909525,1.575691670787072,1.6936853862343588,1.895746417077836,2.034568801111394,2.049297813859236,2.1880318956247913,2.12320292165243,1.792727315138953,1.3703538000051323,1.7011428351028277,1.716096153225952,2.742409785508522,4.423471519764064,0.44227463948631196,0.6803559337094455
stat_138,-0.28640083441410924,-0.22936799461254795,-0.2722107263557611,-0.3224747696633413,-0.1391730717272837,-0.15099031379537448,-0.10713717622646944,-0.09691186325579534,-0.05973335524165769,-0.027206367276488133,0.06629969230034884,0.06634162543176929,0.042027694635329564,0.07715615391175529,0.12589687780767236,-0.000533735342542597,-0.04066912079805792,-0.017453120916261326,-0.02932960063040125,-0.021627795789248505,0.08138043293385172,0.17224043435697264,0.22293767378966056,0.23021718626963678,0.26965589635670684,0.14501193449264332,0.06342876504385608,0.05824741670342235,0.036001506955915884,0.04702724087496048,-0.0037047898458968235,0.12529713728175643,0.16811618436268141,0.11991424270611535,0.11113197137906694,0.07709936489007926,0.039595835179078095,-0.0068028407811101385,0.0105782845117529,-0.29518047788108065,-0.250873240638749,-0.24068280543584186,-0.3452944760599477,-0.11137175212165773,0.1722895653147274,0.2779519147535246,0.3349357926844999,0.26747642911555164,0.2546310672202158,0.1949270678881518,0.1021398267020501,0.07416805271704253,0.05773417977222222,-0.034793192901054384,-0.11630623530664612,-0.01847262725480504,0.23470331503543015,0.2332423594969682,0.016580299679811637,-0.10517740241773457,-0.0904967092628482,-0.07924141005166112,-0.18134293638686988,0.054605695531122954,0.20425484506627786,0.022793023617077992,0.053826611986466155,0.10040328305108696,0.15045940735792035,0.047291357302919786,0.0652241318417156,-0.03076274457782913,-0.1594888759662583,-0.14303467116415491,-0.23292650606830712,-0.08813987488614575,-0.03968277756567356,-0.1353233992432522,-0.17281355744219026,-0.04297957486013703,-0.17612497443930833,-0.3081690338065256,-0.0803266828190732,-0.15547617094686497
stat_139,-0.7773814549068334,-0.7811739669102471,-0.8406007427693147,-0.8372222996167662,-0.6980363557153396,-0.5376313093696347,-0.3672485969595509,-0.15584777702453162,-0.04225943647549547,0.007524145318549664,0.05232820641888557,0.05569567675148695,0.06505253644026827,0.05827604112753725,0.17646849926350472,0.2332369830115817,0.2197394865195998,0.2873521460419438,0.26163849613708284,0.21463105391632858,0.2674479961584777,0.2217930390455464,0.09283190854403821,0.07986037138534435,0.011246306098041038,-0.11607569478506367,-0.0863512945423694,-0.08381971017855845,-0.03146069025130338,-0.047605855312131046,0.03263425827093679,0.041184076297790584,0.034870966460485174,0.09278683828917492,0.09717631801480409,0.12972734959891702,0.12874919935293766,0.074051988993183,-0.011242549693396565,,,,,0.2683987688367091,0.23961775338694175,0.2674291850793923,0.2263152647227495,0.26114175866611833,0.3404994032888968,0.2621278746006292,0.19535974699994696,0.17399729295576846,0.048213828505182646,-0.048304304663169324,-0.11002613207557047,-0.20605660947408472,-0.19185623616507796,0.021502437325634643,0.16151181420869923,0.2887516220794322,0.30453597859661186,0.34675800805783746,0.30679845328223315,0.3289008646802977,0.3769241657510337,0.382786651119246,0.44631925982240034,0.3866721537542367,0.33942984708993823,0.21704778837180339,-0.0047122235453722,-0.29930276373445275,-0.7149723037467346,-0.8193869031949663,-0.901150812846064,-0.9594146277721758,-0.9319957669012973,-0.9097905463187886,-0.4822331714704718,-0.2741211909686652,0.46561003367560344,-0.06455278168183508,0.5396270302977565,0.7477704154432414
stat_14,0.6089165047964763,0.5664836558961711,0.5003169418391726,0.2652309930338694,0.13566999604470142,0.1920771889884531,0.23678022152347808,0.305527048833541,0.3763064022234916,0.4016706603042663,0.40600036721687977,0.4023681261330209,0.332950569267165,0.28282137471258634,0.20220864793958784,0.13483964293361664,0.03576732394935548,-0.020818163199063,-0.008644126203346049,0.025188811436399526,-0.025789208307999474,-0.036486435787506113,-0.05541859134261485,-0.05962982453757821,-0.030660959605163247,0.025578347510564575,0.0946245082682882,0.09950832820453061,0.1090628061836601,0.12269352994942859,0.0965284209996842,0.023979206744868916,-0.004152232207268741,0.03970453803965001,0.03890694989232149,-0.03387911681663959,-0.03869561427187827,0.050556878214294255,-0.05209557031269606,,,-0.3071670819585319,-0.21471124200369973,-0.17873438605022313,-0.24209614165525317,0.20368626153919997,0.18749088483830123,0.0911994588315759,0.047084418421652625,-0.03513233170859026,-0.1000760273321775,0.09875155461312407,0.3097563298667892,0.2732074865700861,0.15170848451215058,-0.045380269238179415,-0.23748904654964265,-0.26689355878910165,-0.15930016970766983,0.021848365670683184,-0.057029802799998544,-0.0768001711308138,-0.0073044328981563015,-0.04817471068147711,-0.0030487415564803754,0.10560767115805882,0.23112724338753657,0.28139625724518263,0.3310476030051937,0.34942813407007656,0.2504409001127938,0.07719189044026967,-0.003488821188051108,0.07240736589061708,0.23541382478499004,0.4940672625551034,0.5005933583779152,0.3978694282751492,0.3190874026607081,0.2030379890205427,0.04439297886513725,0.31663629570277035,-0.35251875728521614,-0.23405163452169037
stat_140,,,,,,,,,,,,,,,,,,,,,,,,,,,,,,,,,,,,,,,,,,,,,,,,,,,,,,,,,,,,,,,,,,,,,,,,,,,,,,,,,,,,
stat_141,,,,,,,,,,,,,,,,,,,,,,,,,,,,,,,,,,,,,,,,,,,,,,,,,,,,,,,,,,,,,,,,,,,,,,,,,,,,,,,,,,,,
stat_142,,,,,,,,,,,,,,,,,,,,,,,,,,,,,,,,,,,,,,,,,,,,,,,,,,,,,,,,,,,,,,,,,,,,,,,,,,,,,,,,,,,,
stat_15,-0.4683592806862091,-0.5186784848307469,-0.6086082071031023,-0.6744880447245705,-0.6412488864139104,-0.5674772078159053,-0.5380485544314896,-0.5920845364956008,-0.6133729983590704,-0.6645504938190442,-0.6972060985280345,-0.7010856012405269,-0.7225573245737863,-0.6979617156256915,-0.6983650257719837,-0.6590783440025973,-0.59540043872762,-0.5845628725320668,-0.580845809053507,-0.5070348285684166,-0.43471961188469893,-0.44930150732063323,-0.4003276452252202,-0.39743848479209465,-0.3537513372203668,-0.3237105685061057,-0.3158779787089123,-0.31631655542503584,-0.30826661404570455,-0.33739589528784153,-0.37866353660625973,-0.3679392548089405,-0.38010023121410147,-0.374682400145229,-0.3770445583047167,-0.37895618943013637,-0.39489139215964936,-0.3684258488253542,-0.35047928511282744,-0.15692101989342777,-0.20363314492097884,-0.2289474387095472,-0.2911795569620582,-0.29902870317890146,-0.2826391236236688,-0.34619154296030047,-0.36122153006894536,-0.3353932804495671,-0.3775967383673776,-0.42676909050515516,-0.39016504669554536,-0.361366345441589,-0.3266419368735443,-0.222864777251722,-0.21489272620663585,-0.2995164562004348,-0.3829107016765843,-0.4592971157440339,-0.4449146688594995,-0.3999931192737886,-0.4847982482373806,-0.5168389974501876,-0.5015898723237905,-0.6203848713106592,-0.8006350987473836,-0.8551684939987436,-0.80419642221168,-0.6733211945918335,-0.5345360542223221,-0.5529318715951594,-0.5755116258430929,-0.4633272776464344,-0.5273100114351223,-0.7290021838624314,-0.8169623224581362,-0.6699421069463745,-0.45514978135021655,-0.4201558258712393,-0.5319840612772407,-0.4786596863308739,-0.6492080072561895,-1.1965062739984662,0.022957283455834226,-0.0025098077417651647
stat_16,-0.823578683750694,-0.8774852991245289,-0.998950409298155,-1.035427671972982,-1.0342322654741,-0.9305557486435994,-0.8019656044153367,-0.7542260173738081,-0.7433264850605368,-0.8282323514793919,-0.9534300717730728,-0.9596413741047053,-0.9914789551091963,-0.9651820270157969,-0.9174441503071002,-0.8361985006325412,-0.7636067609536461,-0.7283444311408818,-0.7075743151547651,-0.6830863294591019,-0.7018189259039719,-0.6194606274871828,-0.5501136024336483,-0.5355371367110149,-0.42343087047996736,-0.3696084195503974,-0.35664891720171243,-0.3597744744980736,-0.3917041804794923,-0.4612604123800733,-0.4785923295391374,-0.5051370747839736,-0.5354356307705389,-0.5765131417634687,-0.5819128495139672,-0.591883559367798,-0.5537560805153443,-0.49514026180123943,-0.4615799687283088,-0.03978765265823735,0.00023100120026605932,-0.2080386750468888,-0.25598668943268327,-0.27994685970271327,-0.3700408308788033,-0.4882181574262343,-0.5060235347177856,-0.5245744890753186,-0.5781254640033892,-0.6072600519687334,-0.5626125096393043,-0.49632290508563376,-0.3955360601444481,-0.2788064431936326,-0.2756693199626958,-0.3162072577458274,-0.36657316425551495,-0.4883655863825447,-0.6219337646493821,-0.764593393388391,-0.7045197172300506,-0.5681997694201192,-0.5975774669036585,-0.7473992984908776,-0.9167207546912733,-1.0647966318705357,-1.1179177267270128,-1.0554813699860064,-0.8796214176247199,-0.6251225933776752,-0.6348734011612785,-0.8038209703056762,-0.9307436371064898,-1.026457040736412,-1.1298760340963465,-1.0769699366464769,-0.8107520411535696,-0.6614044961804436,-0.8850733100719741,-0.7376485979769035,-1.042044429991602,-1.9253035121922428,0.017921248008614582,-0.07750179358157282
stat_17,-0.6137325178345348,-0.6267791016954413,-0.7108547247454962,-0.7296773944606516,-0.6846486653532441,-0.635857797745604,-0.5983825338174351,-0.5428992665268175,-0.5365249581700695,-0.6334195674434049,-0.7895262813468092,-0.7987754509130695,-0.8691813090998126,-0.8274857556813555,-0.7691337468372338,-0.7222175993121417,-0.666497073497286,-0.6079712943953478,-0.5943539181044125,-0.5293064628099377,-0.4597905879550206,-0.3780064859034576,-0.3192322132939118,-0.3109513491910464,-0.264923151432639,-0.24340970810885754,-0.2510278250485307,-0.2514482019359097,-0.25098035366013194,-0.2606073225043216,-0.28448245853084536,-0.30893502622794966,-0.2835464569367241,-0.28558092463315055,-0.26574577923678927,-0.2363728926895932,-0.287731746712961,-0.2494561636853897,-0.21937673597768742,-0.10934976563860292,-0.06149538686330634,-0.14192743276580538,-0.11009065033610041,-0.11771198943577643,-0.08889677829282325,-0.1657627881747252,-0.21001478253507222,-0.13166056972061824,-0.15384664944542717,-0.2616541942883358,-0.24085420775877592,-0.21121143191535524,-0.20654578150351957,-0.17419675883934038,-0.21029510847371138,-0.2058390739227357,-0.19230068085557825,-0.2592304235186053,-0.3203678908090623,-0.3729816251978032,-0.4471323904350159,-0.470740712500669,-0.48193324094672113,-0.5396923831074741,-0.6891918356808482,-0.9553290752034407,-1.0594045622980617,-0.750271805403993,-0.5182135333590341,-0.4225892884910648,-0.3473282983172134,-0.4812791747744832,-0.5969461271770992,-0.6895422868465586,-0.7825246377935718,-0.8044814466071383,-0.6997114627191345,-0.5772489606701309,-0.645389834042262,-0.594619866728844,-0.6856152074275825,-1.4051720487322763,0.1835345439653933,0.14003681657406503
stat_18,-0.8752628964865846,-0.8590594216790852,-0.8652387554524082,-0.825236625563062,-0.6804856006660891,-0.5202403670848817,-0.4880597822611034,-0.4772692526772194,-0.47373755247005833,-0.5130572596888218,-0.44861377825774607,-0.4452275363576084,-0.41310802397020635,-0.4251390659279422,-0.4477823541546711,-0.4334044409610215,-0.4504691374565907,-0.4685223876120374,-0.4581650289766502,-0.43552114910409445,-0.39320874752492757,-0.3719331193397026,-0.32546522105910813,-0.32530243627136607,-0.31394481531286034,-0.2787765957465021,-0.2795505919608699,-0.27754353512188423,-0.272897976652733,-0.28803242218568675,-0.3134999655303999,-0.3559758493955763,-0.37449910289744265,-0.37766966656809065,-0.37783189989556437,-0.4132480622518576,-0.41040057319473333,-0.3153835634735018,-0.31274262976737477,,-0.17867855486209722,-0.21958317798373128,-0.21547357724930608,-0.26841333839864184,-0.2543510845267224,-0.28691440785149935,-0.35049076329221984,-0.33912167483544964,-0.3506839685909028,-0.3510993446125221,-0.34135559102864405,-0.31641491537424765,-0.2685824139571311,-0.23579105906841089,-0.2682687228725857,-0.30036436925465776,-0.3652126728498579,-0.4370085249796285,-0.45950515609467735,-0.4757523904572995,-0.542641532538799,-0.48035254528095517,-0.32164656430303995,-0.28526601579598054,-0.34828510967521037,-0.39977625658784693,-0.4101665113685417,-0.32964242908812597,-0.3413822930569184,-0.27797304806499673,-0.2513845327009189,-0.2879686351427876,-0.3321023023876334,-0.6202678243315022,-0.8728400518712378,-0.9766979136758818,-1.0367169571693073,-1.0473944691153974,-0.6656909940888521,-0.5225476758576383,-0.6660438373195899,-1.415733226401728,0.26225412081756855,0.2042674153848457
stat_19,-0.8715126356228547,-0.9490676433044687,-0.994671548724393,-0.9452829639697378,-0.8427829474849742,-0.7337056751145652,-0.6413139498987794,-0.6292572446363283,-0.5685429519958597,-0.6719170539082906,-0.8160151838177684,-0.8218890637451718,-0.8593830195288411,-0.8079585054695848,-0.7300881249675002,-0.730475663951252,-0.648759905107586,-0.6383959572234221,-0.6329020733250703,-0.5990985539791805,-0.5503560357890981,-0.4921938051621979,-0.43886955387680465,-0.4280155218039946,-0.35443104301244016,-0.30207208285487236,-0.2950626703711061,-0.2954768862480719,-0.2811365698083755,-0.27810779705715627,-0.3131770781561319,-0.3873774415840329,-0.3652042881818457,-0.41140961665604636,-0.41217901877375673,-0.4136659964878874,-0.4466744024815859,-0.37719231229967304,-0.36000965514504935,-0.009297300128857393,-0.2002937621073706,-0.200928929229275,-0.20539016533385254,-0.21169943960394283,-0.25968832753017207,-0.3702590677778847,-0.42989361559549233,-0.40626825558046475,-0.3819649867328952,-0.3493794563313416,-0.3096079946521301,-0.2713984462094551,-0.2271364348621154,-0.19596919964934018,-0.22595072443631506,-0.24872424800032256,-0.29292587735477116,-0.40647188274234913,-0.47338489717377374,-0.510258395978874,-0.5571058886796331,-0.5490341684410652,-0.49604420674638344,-0.5272140014590616,-0.6406076451864399,-0.8123831356726119,-0.9964324284698102,-0.8557779985647369,-0.5688521989616858,-0.45556494866366554,-0.42132562175644017,-0.5112053415690818,-0.6438660043240791,-0.8325549271737404,-0.9833981212261436,-1.0734245816718266,-1.103263507626494,-0.8653434957588835,-0.8177529259973632,-0.7005394069843653,-0.8817551439354161,-1.7130792695111878,0.1871514232417289,0.06985086600758617
stat_2,0.1448248730843722,0.15668222275127933,0.21995086302360023,0.23644545858636376,0.22328301056741942,0.26753218438597526,0.3272979147154107,0.4255877549108365,0.5147212041823386,0.49522664928446014,0.46739433718242734,0.4721397652927703,0.41524750821704054,0.3627806288082067,0.23337915008763893,0.19554671101690252,0.20613939951354834,0.18088946602408792,0.16523478097312114,0.05196353967637988,-0.054028058218032846,-0.07697534860686156,-0.07149547239812233,-0.07851596538440668,-0.08095722222247421,-0.1247695769017138,-0.08627543723490291,-0.08256710477971427,-0.030595144890451512,0.0755681372456762,0.12153518103138967,0.20146249430380775,0.21608461402732293,0.265997623680056,0.26629830834588436,0.28868243833923934,0.31127999213341956,0.3119209074521211,0.27482845558892877,-0.05587048546110666,0.10041466823037028,0.2704784865521834,0.1923201482544248,0.20767666545802735,0.3195738986792297,0.38516013629781304,0.5260467695379347,0.5944703766982509,0.6055797267935211,0.6096857733325498,0.47836195299150636,0.3346336435155815,0.21268589502868898,0.08107021692911082,0.08029650297696522,0.15093384070529398,0.21528137353762977,0.14313690409329113,0.14031632353123766,0.20520992228494928,0.33216858463341054,0.376471044855222,0.28261764839836,0.23688904920904794,0.4556864780607276,0.7842922234938776,0.9003974305981597,0.8843215751365382,0.8619594537334244,0.698077284876067,0.5434113529001645,0.45877928333654666,0.38545026442364017,0.29245151583172957,0.3298419930515802,0.34754247427547214,0.3130183071471158,0.2189081145911422,0.0805339875861301,0.026573478576781523,0.5126646285024943,0.47991611066772677,0.5399226437801876,0.43608778951182886
stat_20,-0.36696908228419806,-0.49037732357177083,-0.5288056499489796,-0.49500734006970903,-0.4141017058687141,-0.3629917443857351,-0.2911665369273595,-0.14244506370613552,-0.1259109717535972,-0.1310414527018471,-0.16652146281657565,-0.16672089277592528,-0.23366883367187913,-0.2660307729425365,-0.27323474279662247,-0.26550800595831553,-0.2737347787316611,-0.2698353614034524,-0.2860088334309826,-0.3299835417574309,-0.34042731360540507,-0.3123621646965585,-0.2971972712423927,-0.2945449029803831,-0.28461069505851166,-0.2604998631242338,-0.2323998994625213,-0.23071337330109248,-0.24389781142036634,-0.27732975207735455,-0.25491935907533714,-0.2677369280730202,-0.2668366327141881,-0.2953957661232679,-0.2982345940854749,-0.3032034454088613,-0.3729257344437552,-0.36047311442256785,-0.3905960349958026,,-0.04749987966822837,-0.22843136463081026,-0.2618699238462591,-0.29778172909192413,-0.3785303297978753,-0.3804399050011308,-0.40898046234892127,-0.4587484641057138,-0.3928440915814948,-0.40210305022529386,-0.408873889873627,-0.3747614883606412,-0.3109237980373394,-0.3006823765195281,-0.33144930275591644,-0.34296963192803825,-0.47863557480798413,-0.5905550128674278,-0.6225536146340316,-0.6830039873536177,-0.7184040144161223,-0.6088620823591773,-0.41424913777790595,-0.26495102520734476,-0.20393132600019298,-0.2733109543829714,-0.30063365768557454,-0.19046514238516118,-0.17702920025485774,-0.03501056919358948,0.04503236661624537,-0.16529450211034413,-0.39483952190841975,-0.40389055632251836,-0.48570918810800917,-0.6415439947059359,-0.6600109285907877,-0.3776292606820095,-0.36810152958288794,-0.2590189349615027,-0.4904088090329736,-0.8499890517891305,0.05152935835744737,-0.09522646217594657
stat_21,-1.062263609385826,-1.0257767638161175,-1.0142961782381241,-1.0698279487897675,-1.179525361851203,-1.2591023080474766,-1.281222609865784,-1.2688959473536474,-1.19485058479459,-1.1894525629059323,-1.212349924342871,-1.2130374177268508,-1.2025084711160892,-1.1633658786340562,-1.0410669281315836,-0.9485437638398477,-0.9638889980027612,-0.9484089326263024,-0.9345098020617043,-0.9338536342137891,-0.9471917513528505,-0.8768752458197584,-0.7425807415623127,-0.7218916358181593,-0.5668008202205533,-0.49177981887452954,-0.4997494385530438,-0.5031505925446671,-0.5371018657464873,-0.566437478996089,-0.578998505553331,-0.5939452746281368,-0.6235818566939965,-0.6347037627728463,-0.6324723241934895,-0.651528183618288,-0.5990640399197973,-0.4465996603933708,-0.3349958361226749,,-0.0645235645134961,-0.18207392757636354,-0.22743376583796804,-0.2118790946563832,-0.18977648078847512,-0.2527988706839155,-0.44617807858694947,-0.5525233653813114,-0.4601817793188463,-0.4942319083443865,-0.5375559920096473,-0.5439174503095519,-0.47494975254971555,-0.41684865354876166,-0.37906411874599755,-0.37042850475464406,-0.47144737031872713,-0.6961387191432276,-0.9282202001618826,-1.0547953006259092,-1.023688786509423,-0.909311778746398,-0.7789281996030122,-0.7816577860270464,-0.9526775105109042,-1.1883203771870565,-1.2510904267140126,-1.1609145368767444,-1.2659553940097437,-1.3378762761436211,-1.3503800930501015,-1.318300778355607,-1.2670938931340026,-1.178645571249688,-1.0075563800970873,-0.8190300265695987,-0.9496028304525617,-1.1663939112374495,-1.1038787218407695,-1.0342110078267994,-1.307926185769587,-2.453243995932589,-0.06728515191560862,-0.049622253212067535
stat_22,-0.42557290781748003,-0.6206527911049857,-0.7074991677565138,-0.6224548915185742,-0.4751700323477646,-0.23123872119061273,-0.05618280417200077,-0.016877652301008017,-0.012145446273432859,-0.014805582613993848,-0.033867425515562266,-0.034556714323618065,-0.09191160155435393,-0.13408776602013567,-0.14210314608733315,-0.1885425389430194,-0.2708193479665121,-0.3117146093870501,-0.330097516598111,-0.33554112397644237,-0.3102259997440114,-0.33451926797202214,-0.26601203778479815,-0.2664039181478353,-0.2337496695703005,-0.21734883501421495,-0.19884715563371963,-0.19604425999342548,-0.20699228286780902,-0.19779696820483195,-0.2063952032622691,-0.22827507494470844,-0.2727598465500706,-0.2742554366969179,-0.2705074858796979,-0.30114242324866336,-0.26047410931059584,-0.2604481862321993,-0.16253323943073894,,,,,-0.27745010780566737,-0.10822703716463697,-0.21750891660053823,-0.31351548688573394,-0.39931239580069394,-0.36642617460889093,-0.3642013125029487,-0.3499609729270797,-0.3204748147348992,-0.2750035778564596,-0.26578107831942305,-0.2735438096620457,-0.27621046229944113,-0.37431395368321924,-0.42754328794075613,-0.5273169944083506,-0.6710402577244018,-0.7113293175462136,-0.5879135682729226,-0.36280755549375804,-0.20904203554668993,-0.13539770734871873,-0.2008543175442209,-0.17533353119677025,0.03457360426519301,0.07448906719658849,0.057041164002669044,0.22686816096356252,0.1805896220744265,-0.1243620162197459,-0.3744699577069836,-0.7488700768779958,-0.9288380452592173,-0.7517001075144655,-0.5835632468916825,-0.4031802232056746,-0.23983001947326815,-0.41020202779248294,-0.7628714834900706,0.237883377770787,-0.02818396308963193
stat_23,1.6864010565752576,1.7172719394839382,1.510586972617037,1.1456013132422727,0.895741982201425,0.771758621536131,0.6888533533173146,0.6093339783750259,0.5318992033011053,0.45285469825981334,0.3327205563972333,0.32252239697751844,0.19340608906431284,0.2177166869462959,0.23966982391334837,0.23267416441418207,0.2261608287924401,0.2463589795761794,0.24562476505488667,0.2004372567976744,0.17213201881056214,0.16833324067055264,0.21517354927317256,0.2211336577934964,0.24386072177588308,0.2630847009648723,0.2424629334866946,0.24032234139800465,0.21670353915376034,0.20620170190781098,0.20038453746691043,0.157879274683338,0.13074529391858916,0.11123061154404422,0.11111031519355219,0.12187523594587706,-0.03366453192064234,0.08065402885006616,0.11630655603747676,,-0.13774302253327764,-0.27702981504420254,-0.27700525249442204,-0.23283860341626322,-0.2415289714301893,-0.2737083816080236,-0.35806402811142607,-0.27574772896996846,-0.3524809525636238,-0.35590293572462345,-0.3209865509924157,-0.2579532418615664,-0.19312662104270964,-0.07360869666060041,0.009192164958021899,-0.08693230116906735,-0.1641149174030777,-0.2244910901778748,-0.31195788873822,-0.3473695074886066,-0.2855863639581841,-0.27366509092114194,-0.2891738240247681,-0.3345243852929028,-0.42204059749222805,-0.5537847646798528,-0.6089812425617547,-0.4586684214701228,-0.1732489952359534,0.04843658041305713,0.16202207786206332,0.2196071710395227,0.3682829081572452,0.5658046147745318,0.9962439821007191,1.6799438934421882,2.057552745304097,1.9937162457726778,1.266545649356778,1.0594526506726902,1.5205715243003373,2.9144596031522054,0.2026102325575389,0.12092675792348882
stat_24,-0.5555602584289121,-0.6102068518485982,-0.6002551164772822,-0.5765970243358721,-0.5138077041866029,-0.4041686518315392,-0.4305569675972696,-0.4746291651027892,-0.5621310819173215,-0.5788790118231788,-0.5556053211648762,-0.54868772783384,-0.46386792442802127,-0.35239815808191377,-0.2652656105694898,-0.2963011935878408,-0.30752283605800307,-0.29668441288662484,-0.2875526197126075,-0.29398252659992535,-0.22940382210391896,-0.2535537684575428,-0.22740911256560037,-0.22237414913898917,-0.21278443561756452,-0.18394084715689987,-0.11031753944834927,-0.10751387296120797,-0.09954004564007761,-0.06360056598633237,-0.07380739083075315,-0.1112340612326939,-0.0985103286871786,-0.08244105844179035,-0.07794675721775186,-0.046352728999271446,-0.0351649548467906,0.02142532271999434,0.026113774228603604,,,0.16662232786185924,0.25644841510094474,0.26203164294591924,0.2073155055609545,0.10069326465419809,-0.008085195048022511,0.060380474730089756,0.062342313691643975,-0.025414878581629365,-0.06657762828579253,-0.058064786773318985,0.02294072987217901,0.10569229847041334,0.02242433215326994,-0.09766030944114752,-0.14139997914171457,-0.24161835414963878,-0.38913615316253675,-0.44844556845040334,-0.41226354200308196,-0.2798065091823728,-0.3319442653974901,-0.43237235076649294,-0.35798413552788794,-0.4329574272522698,-0.626275288057126,-0.6240134385333813,-0.6721563954060513,-0.7881702563814683,-0.6781150386072229,-0.377549300394027,-0.32473635858587446,-0.6542679365294857,-0.8531231398600644,-0.8139834313941646,-0.8258478955493657,-0.8306784342944776,-0.5099041271101074,-0.4069121341795951,-0.8859897432981604,-1.368753440847322,-0.40880934301858196,-0.2325809739734091
stat_25,-0.7888157550235838,-1.0045092207956463,-1.1031844230235757,-1.0197924622099448,-0.7905563936275215,-0.5499505531369038,-0.3673978424945999,-0.18276878117833537,-0.08058550661032393,-0.02081295302677991,-0.04508571681526141,-0.04468655621020033,-0.026391665099988058,-0.07564647396824817,-0.11317216760185124,-0.1547222604899803,-0.18053301891728954,-0.18188916349518866,-0.1826250849074334,-0.15804201164542606,-0.1465960620813057,-0.17182724836216615,-0.16628530484563803,-0.16751126849335524,-0.18041055946067416,-0.19349464087957163,-0.18317134665615462,-0.1839779053041055,-0.16469798702153177,-0.16385116843922723,-0.19604092457373667,-0.23319232495130143,-0.2586132268177572,-0.23037655134898313,-0.23259559936127566,-0.27745061684355365,-0.2431575584912281,-0.20299048199443165,-0.16896924031909813,-0.07965261944192249,0.01486398402125492,-0.11944595047256826,-0.15360789391313728,-0.2343941189620279,-0.2090714668805476,-0.17990364187898014,-0.22134471398397457,-0.2387027646969963,-0.2679673979353235,-0.3190716537060876,-0.3226628236499474,-0.2930125395860761,-0.2098302672460768,-0.19795015805062124,-0.2771885749771283,-0.3355195481899466,-0.33552244863419095,-0.37026361280027426,-0.3599746066396542,-0.273061938952946,-0.2742908784442341,-0.29705133194509387,-0.22428912803157672,-0.08575276873726385,0.08051786884895931,0.09500559696564191,0.04537459932885011,0.12581373499041137,0.21378613757331555,0.21042812974941294,0.13940644597879262,-0.19555122052991045,-0.5870905663848756,-0.942280437141186,-1.2453547079142173,-1.2971966491196483,-1.0812339293642408,-0.6948630730725825,-0.534215937533234,-0.3378738510004397,-0.5517726552441156,-1.1526822460551804,0.28526272303215705,0.07836154486983482
stat_26,0.004955602938827013,0.018645089712234133,0.02339105213821288,0.0027651311530291337,-0.07563977032057952,-0.16360014094012953,-0.21499226701226523,-0.28058939483981676,-0.3186777189485983,-0.25478818822162475,-0.20635725491217027,-0.2009972423248961,-0.137926274614463,-0.09625277561835133,-0.06575739902652426,-0.06252313716179787,-0.046543115566749185,0.00038738057879942364,0.018923115273186616,0.10268833413063765,0.09298782023913736,0.01688547830190061,-0.010766595604622597,-0.008973254589789691,-0.010643603146597864,-0.09277977163229557,-0.07719500087813973,-0.07683499813624001,-0.03102856898243321,0.020810862124831974,-0.008637234324211986,-0.06687323769360005,-0.05923129478358228,-0.01257567014300958,-0.006767521552471393,0.005641102553019787,-0.02377774016553322,0.04587852196641281,,,,,,,,0.062322567292011834,0.002389018305687981,0.08333014488336388,0.04403703349461806,-0.030450495816119482,-0.007400992242714017,-0.002184686307334514,0.11173436194029636,0.18211351801142558,0.026642159805598527,-0.04948862351241358,0.06593769276963303,0.012279969634415489,-0.04099079769367886,0.03632513736291645,0.09771398069789426,0.08559077227287219,-0.016331909876265146,-0.07167731234688494,-0.010680553987786112,0.05417580055980886,-0.12348786501432762,-0.26464963016892173,-0.349736862538671,-0.40937583248186965,-0.37679523218959093,-0.31418548074000496,-0.23068649405294947,-0.1153328799299628,0.015085774360883365,-0.04538404231386366,-0.06794532532137645,-0.08431358349577936,-0.047384413745399145,-0.1429440480353406,-0.22154055087109303,-0.29502791414670604,-0.27208104094072555,-0.09664296017185146
stat_27,0.03889014398392448,0.033929749682517864,0.05738125572354597,0.07884971383234282,0.04122206481450165,-0.038860282077114665,-0.0936496132657998,-0.16542673235636138,-0.2079617229949034,-0.21710585435869512,-0.201866341593098,-0.19777551287007952,-0.16941470072121584,-0.10742771826293375,-0.07069679662296502,-0.09853498670513977,-0.11539584033005694,-0.020714093883086822,0.013117415247159151,0.040570341477406915,0.04535781858159901,0.046685237900307826,0.023378993664847022,-0.007232801420673998,-0.05762834100920896,-0.042762251208614176,-0.008751246982689306,-0.006545091159336144,0.007035380479565892,0.0017191933098298377,-0.00902890848265538,-0.03242879205533088,-0.02457907392793916,0.013063905114943873,0.050585709068703265,0.012577149548659464,-0.014372565471264996,-0.004364138986404084,0.0003196274842829454,,-0.036875062839915713,-0.10960356536664623,-0.09611904584302239,-0.106123653682932,0.009771184852570053,0.054137613182836934,0.028668570082337645,0.025735823581539693,0.03956549811003927,-0.016140798625235705,0.012300809344453715,0.004759314037347164,0.03708251656752332,0.08374722949883832,0.03548384414410388,-0.06735886241765958,-0.011312457029430076,0.01208114790564463,-0.03400371207050913,-0.06329896284271222,0.031135539449137987,0.031220878210665232,-0.15734581463960873,-0.23168626254016858,-0.07521506271001673,-0.09042248079000982,-0.23762560434234384,-0.2800058552836779,-0.2734488160799776,-0.31751714420348065,-0.3326699112609852,-0.2100491811205896,-0.07198321615534388,-0.046599108713024646,-5.61546073997065e-05,-0.07871937062806851,-0.14668241164528126,-0.18750639818017886,0.17628381150357822,0.04696417122935041,-0.19163944934507748,-0.07020023830346847,-0.44934877364592035,-0.23241823183871033
stat_28,-0.9863658972872683,-0.9455343586603872,-0.8729156643326875,-0.6884041200762983,-0.6045641951677065,-0.6017904279097475,-0.6447259074125934,-0.6481232398645248,-0.6908521481192963,-0.7381011635910654,-0.8167923983441205,-0.8183052226208848,-0.8199575724105612,-0.7612483150568233,-0.6658273551200813,-0.6623431067293036,-0.6265389192812955,-0.5865148278329102,-0.5710844766317591,-0.5105727204495334,-0.4810557892093379,-0.4569397901291357,-0.45442914391974104,-0.4561774683187793,-0.45483951753509744,-0.40928069060569894,-0.41943344078199524,-0.41674231057723954,-0.42067952715901324,-0.47257956950580204,-0.46331036359482985,-0.4560924034352731,-0.4701491423871257,-0.4731475502074549,-0.46921836779552206,-0.46734661435096586,-0.45650218827192346,-0.4415732685248363,-0.4185438937629301,-0.05082944423089484,-0.11040017985460032,-0.2377944862935636,-0.2583060355801861,-0.2532970133492185,-0.31313433653920564,-0.3845240533242947,-0.414873247665468,-0.4259936406499788,-0.4580415056686193,-0.45295752502042425,-0.4255617751534321,-0.4279341522749244,-0.3967109537228569,-0.34703464908205967,-0.4071314244142116,-0.4659571081919815,-0.4280965765835901,-0.413336183956343,-0.3672745595216127,-0.3513894970726086,-0.4302612145939655,-0.5322245243135009,-0.6032339022746649,-0.5792936787465152,-0.5199693201414431,-0.7394298018227191,-0.9576833506126597,-0.873351923824978,-0.720683735955311,-0.6910988722735397,-0.7087606471484996,-0.5604594620084912,-0.3630925404208614,-0.3875290014242384,-0.6153493595684496,-0.9380786422134025,-1.100644944862623,-1.1178307178763591,-0.9309954368348337,-0.745159782763865,-0.9607999147071603,-1.8011206732275449,0.12606557133678972,-0.0551270591359707
stat_29,-0.577788607732366,-0.6497040544299167,-0.5725891715949676,-0.5038316961600314,-0.41333610492543355,-0.3412434187326379,-0.18153658714486406,0.027879027962902335,0.11637954215320272,0.11991405828557157,0.12601464962748996,0.12369360032257945,0.109509181501069,0.04924729549620777,0.009222945913367768,-0.014162176236965435,-0.045456339323461485,-0.013771488021486963,-0.040807620812062115,-0.013474366867009842,-0.010400762823536401,-0.03354638464562458,-0.029603049003279043,-0.026574034308705488,-0.068277536159255,-0.0961271940865041,-0.11536765169059561,-0.1167159404589176,-0.10798727816510044,-0.1056879442619088,-0.16908126783989516,-0.24820298399646812,-0.24770023201844796,-0.2459450679702714,-0.24863211118765724,-0.2434684379516294,-0.2260953104700884,-0.1986350345958273,-0.13860327517771273,,-0.09828728927230936,-0.057902142913335536,-0.08314138058979662,-0.22150932552466604,-0.14467573463813718,-0.16901453169992242,-0.2109577336722076,-0.2764409335463749,-0.2879026272683705,-0.27072184015172995,-0.2698857769630136,-0.23814416424749163,-0.22554303649677343,-0.20807912985515062,-0.2669907205994786,-0.28773660304724424,-0.25590696300081506,-0.2868899978035734,-0.2374350762234229,-0.11940907027244303,-0.12391443993029705,-0.16515055691724775,-0.0986232775229471,0.00642688504562187,0.16038929373120683,0.1631883950472328,0.12317776939198284,0.17220792843540947,0.242879229100901,0.2845387811145104,0.2591639854732165,-0.10321108475192683,-0.4723026306939615,-0.563688264360306,-0.5788769059488542,-0.6313730827191458,-0.8878996187071908,-0.7892078592274511,-0.28369021901292363,-0.09257057547152273,-0.39163630285966294,-0.7516041188578126,0.04749315047923688,-0.0057179864811088815
stat_3,1.758581987850588,1.7230917031126827,1.7332142868021319,1.6583121250093582,1.5582766722802013,1.5984446621971824,1.6291704195808312,1.631334315344015,1.7098344439664763,1.7078474950030398,1.6904994571751681,1.6894516641770225,1.647858133405166,1.6121792703296973,1.580185004082551,1.5381191941021646,1.57329996077885,1.6484191317065022,1.649640135169728,1.590545898239073,1.5557298224864637,1.5180162024656465,1.4912652416517733,1.4907521926520055,1.541025900176701,1.5487326982584286,1.5576574730967567,1.551886247756274,1.5123815471131292,1.5479971063902818,1.6114637499464342,1.668412632769876,1.5387185746974834,1.5270585852188645,1.5329579468430146,1.5155630935821485,1.4154589931265167,1.3793180328177355,1.3235060393450961,0.43176799771129504,0.44689996569900664,0.8111288109539854,0.8782143071741146,0.9573998064270693,1.18177385356002,1.3470325735593207,1.5043960375014471,1.609066902482187,1.517884707786902,1.5074415940679693,1.6920220255666616,1.686573608582983,1.474118824889195,1.3917040320082663,1.5397840987571674,1.6962053637165393,1.6685219116868906,1.540812478866282,1.4814161123681098,1.5415813588439973,1.6627939635614384,1.7695916151625217,1.6797902539644296,1.5992396346434679,1.7082367182238791,1.7376975350162662,1.746066508783399,1.8107451597059148,1.846607581895949,1.8780582156056302,1.801201276353604,1.7604571805862996,1.7993559548804932,1.7692627207193623,1.8569060533225812,1.978360754624485,1.8178531482703044,1.8636656328933556,1.6425165374737971,1.5428754301028247,1.604667746583486,3.3143422696104023,-0.17553076577529628,-0.31252988249831604
stat_30,0.12715815394744281,0.13032576113378747,0.12138993468821442,0.06203216800686039,-0.0679183496564746,-0.17753443437838973,-0.24974774717815423,-0.28833557495859796,-0.28131123637701266,-0.263125290247306,-0.23883480358791956,-0.2348823623818119,-0.16159398431782498,-0.08599437039856027,-0.005278680565952481,0.029537101970728265,0.0916510892493115,0.14053977639447326,0.15760135405673553,0.15046849539294,0.14432049335953318,0.11823579439367608,0.10453192554894063,0.09726419453531432,0.03693604066910891,0.013450137839954631,0.03302553536837908,0.032846988773388736,0.030252402455858328,0.0020082637732515072,-0.024186093598547603,-0.047866709139208305,-0.04581934771138008,-0.033568537757615216,-0.032694370358233665,-0.039589806058742155,-0.06373477669979803,-0.09562616770488415,-0.08356622131166955,-0.18667372466511328,-0.1893700624145776,-0.27674920286443516,-0.2712196992050079,-0.13293518414097547,-0.06945504218484934,-0.15074990267969038,-0.1043041367208843,0.003486584030297425,0.01591619459259461,-0.059124979287971204,-0.05902077204477496,-0.04735329330079186,-0.04593997678525175,0.04714771559870597,0.04949891623486542,-0.02688607552833656,0.026464224445112823,0.07309992209601474,0.05677373094296098,0.06786124199008481,0.1858214386387479,0.24780473476648607,0.13389542573201121,-0.000543996802919363,0.013956735013419323,-0.06319080018623892,-0.22687745005700313,-0.3151368549841958,-0.34515376315832824,-0.4103835263374164,-0.42810426408923685,-0.3862210961699822,-0.3117906428341776,-0.1444969929110501,0.05580008014790989,0.06680649124596715,0.0875797974000549,0.01779417261808869,0.04536317603707974,0.016372335920621525,-0.2737078869458947,-0.20348643159275687,-0.40462168743593113,-0.2696265833003341
stat_31,-0.37448604026932586,-0.33002914954260393,-0.2897272270339923,-0.24108867241414156,-0.2897668677494598,-0.3402281889024917,-0.37168302952541926,-0.4110350800108231,-0.3987907530413429,-0.41533010970439616,-0.46749969610365094,-0.4709364568447982,-0.5360642892206556,-0.5095006136640582,-0.44504727897203655,-0.4632257565257273,-0.5048592220148231,-0.5465583931538291,-0.5625189000548273,-0.585871427507036,-0.5419112900867998,-0.5283111405676844,-0.47553814568178077,-0.47182200530763063,-0.4946995744178427,-0.4823566245447385,-0.47998238915326924,-0.4790573118798155,-0.4168121659093066,-0.3643817109364668,-0.39578147069705627,-0.4313658324663248,-0.4069416051705442,-0.30933444220750933,-0.30301127660038296,-0.2293967962339133,-0.15651685458196266,-0.12409982758271486,-0.08233768562380273,,,-0.25784574641639796,-0.1757153915265993,-0.21313969249476866,-0.11804712070747604,-0.19129314458283053,-0.18616159700733048,-0.2643909749774881,-0.44820495968889257,-0.5329867212588753,-0.5484663199426143,-0.5758492101268067,-0.4690893988492792,-0.48036945315310486,-0.566348326503421,-0.618996680292849,-0.588831953052535,-0.6113690515400645,-0.7109779022305662,-0.8738178278470454,-0.9627653237147304,-0.9022061236357817,-0.7141531111038866,-0.665363116079153,-0.7026969102080888,-0.8140085999820545,-0.8415990335994923,-0.5234662864057619,-0.3837879328845056,-0.518451981950349,-0.4428673141809388,-0.4317746453425488,-0.40066211895669046,-0.33936360466853027,-0.34038983805035233,-0.30663306515768446,-0.2575379764813415,-0.4389683156096495,-0.37611159344074585,-0.2560091624785616,-0.3437782587168536,-0.6527307224430574,-0.04953434347522256,0.027953773759504103
stat_32,-0.24731018287612075,-0.23292406790272052,-0.2663536329089154,-0.3885016990287883,-0.42214633218427233,-0.38084780497080195,-0.4077857237901933,-0.40377898783174376,-0.398007110843017,-0.36847792214466557,-0.3874870708717139,-0.38456246504812436,-0.3927048866700204,-0.41589709841550065,-0.47379827447655287,-0.4752244506474856,-0.43131132171201464,-0.3947318163833911,-0.3902267542088782,-0.4317210967430891,-0.4546311672273711,-0.43117068992183066,-0.4024855523216337,-0.3944345481096021,-0.341996896288082,-0.3295809437139684,-0.26227202656087945,-0.26282304478653895,-0.2715580774564852,-0.3187859852574875,-0.343135325299891,-0.4249357786253191,-0.43017529863315174,,,,,,,,,,,,,,,,,-0.6276352345436383,-0.4657594505526072,-0.27823613962289884,-0.20385304945254898,-0.17951231846827492,-0.16584105338733166,-0.28075184080066407,-0.31045714141896946,-0.41920598107633816,-0.5317695204648702,-0.5791042621619643,-0.5639672059781662,-0.45818896220899447,-0.40766341478380513,-0.47337406077309596,-0.5636180354550853,-0.5547069087609371,-0.3556133278087967,-0.25816189523043814,-0.27851397563473074,-0.42848791676707776,-0.6100867097427751,-0.5488810707586991,-0.4681999104083123,-0.432552691661843,-0.381675996573255,-0.2275738877163708,-0.1972289307928683,-0.296680009459811,-0.28635591714555486,-0.3093507367196915,-0.38699063908672804,-0.6478623810826714,-0.04159540438060252,-0.011062244441947635
stat_33,-0.6335853594321346,-0.689037021568569,-0.7674810144297145,-0.8077699391732224,-0.7955157742728044,-0.8783202176151833,-0.9440761531123005,-0.9834141396550967,-1.0006247606312422,-1.0348196052666254,-1.0818690148556351,-1.084651996034825,-1.1003872214335877,-1.0469028262481892,-1.0458089906572186,-1.0040909662270379,-0.9098882796351822,-0.8946429262537542,-0.8887323789749141,-0.8448358196795968,-0.8759016123444794,-0.7916051418516021,-0.668822135417718,-0.6516296754692341,-0.5931062022407321,-0.4914920710958591,-0.4578612074163686,-0.4576338018402455,-0.4994231174153552,-0.5306717383591177,-0.5359094291644299,-0.565288302815321,-0.5758402570863171,-0.5880553901576927,-0.5894597140488682,-0.5880803166330746,-0.5875945856837077,-0.4812876981768896,-0.3988661252149859,,-0.09366690252848807,-0.18801951827718943,-0.3100762836121698,-0.26525627891267783,-0.2998351837786209,-0.32389774616193373,-0.4782284962281806,-0.43817340980039293,-0.4411587146982262,-0.47652477007064614,-0.555168780718639,-0.5208640634593227,-0.43968179822187226,-0.36600406693020515,-0.3307128857385005,-0.3924078238836293,-0.4528614678043469,-0.5932210778573249,-0.808430506571267,-0.9124349718414054,-0.8795977420113695,-0.8450714807300113,-0.8102464758830127,-0.9294916364210677,-0.998263339493854,-1.0838467192095291,-1.1557400486496185,-1.0431828065991189,-1.1095492762505337,-1.2360914007226145,-1.151691901366085,-0.9556403275188748,-0.8763665305597104,-0.8224580680298603,-0.8810409774094364,-0.844755766754443,-0.7269207609330587,-0.6949592857171631,-0.5486487089112766,-0.6694220295079548,-0.8856291737441377,-1.6501540406420618,-0.19474384072126946,0.021781873553381334
stat_34,-0.2098607201441765,-0.22195997228915357,-0.18250613785707748,-0.07345670379953967,-0.06938030259266158,-0.20114894058687857,-0.2515216309250676,-0.25315731455403245,-0.23323957514671495,-0.21075729366988374,-0.2687967206293476,-0.26602770181692925,-0.27794895055292046,-0.26062493630578215,-0.2870861038623467,-0.299065783867144,-0.37825487358468307,-0.3914772452635685,-0.3785579306212716,-0.36706553869553776,-0.4480567814979204,-0.4406907277714912,-0.33777787424987427,-0.32566759776137955,-0.27867644871556946,-0.26386252234519003,-0.07343313742405405,-0.07008872185812685,-0.15146198063927688,-0.004367583283004435,-0.05475563237285441,,,,,,,,,,,,,,,,,,,,,0.12334257231029669,0.1329291625218742,-0.024489129615080388,0.06371184116160086,-0.14050192441388235,-0.21296332261353332,-0.35270913745429566,-0.4555080688428262,-0.5090311022165724,-0.39936350228130657,-0.35426044919663296,-0.47470225347178363,-0.4180234051190456,-0.2941058996155376,-0.30026411124221447,-0.3479045837762005,-0.27194152576664166,-0.31215010926464104,-0.3584643275694918,-0.34237761019316837,-0.3207083434361844,-0.20581958854499188,0.0067300925536802935,-0.06348185836268845,-0.4007664029703034,-0.3783414084780909,-0.2301659585717993,-0.2399136926716178,-0.22377626568332523,-0.2507401632093149,-0.47011926230026974,-0.092916806304126,0.0002855203939126262
stat_35,0.19579281925072634,0.08256313935452081,-0.013879515681543253,-0.2640642639187375,-0.506077578545529,-0.5853148572040655,-0.5602906735647818,-0.5359586642068747,-0.5531468709192959,-0.6515360877459316,-0.7003481371917278,-0.7068964594681919,-0.8241675785789839,-0.8705343189356746,-0.8801902164302016,-0.7253313163078906,-0.7597830585096391,-0.7405131108846866,-0.7239426105084447,-0.638622696981868,-0.5714999781432744,-0.4992461778764194,-0.48589771107364116,-0.46744678965053416,-0.33295504703945994,-0.17654091061479163,-0.01872054967477369,-0.020459571655047283,-0.08103964488548465,-0.045585890672225515,0.07144473517628203,0.13083962009570832,0.10141736678510314,0.0766006154150105,0.08205201098305623,0.07678650035033006,0.14602648221111958,,,,,,,,,,0.20613888503970437,0.12000007557864414,0.10029410911367734,0.11188397048183056,0.0921959110573646,0.12363111817444589,0.03734269571025186,0.017136970764527398,0.0936560409374368,-0.04539181652860147,-0.1674253450826899,-0.33358343546395636,-0.42027849416742247,-0.6156450527114399,-0.7584205951538341,-0.7165889037565155,-0.7047368156160102,-0.7354334641003762,-0.8583490294301143,-0.9890919740348839,-0.8751760838073926,-0.6979180249796859,-0.825717360568952,-0.8907582561755372,-0.8401873807638373,-0.7465474176506706,-0.8240275475336722,-0.869436953512231,-0.5331837116349558,-0.13936962474535097,-0.11482207102957474,-0.027615880406590472,0.15674723739812277,-0.18432523078742918,0.030404003032189944,0.025256905125101287,-0.23928255744327134,0.07148435189539361
stat_36,0.2542350561623819,0.3442155542058926,0.43942004468897755,0.576448340639602,0.5361365824475901,0.4286491626485086,0.3015817915717348,0.2673699068680137,0.34928347785316116,0.3838975941470231,0.3040715751409325,0.29716457895283616,0.20670350382816627,0.1954466685888513,0.24958938219007482,0.30068996219119964,0.23437718600090965,0.20447445060152264,0.19233862944537083,0.12055144691233821,0.1253419155659701,0.15388147533913882,0.20103220500994926,0.20364541515550766,0.25409587624893415,0.32811911531934496,0.37036433621195186,0.3726307933802128,0.3157443797327962,0.24504717334419462,0.23515951516156638,0.12358520936427733,0.043954214768235425,0.001168020328614932,0.0020647484537432395,-0.04828506465662199,-0.10429345216892137,-0.021232342727874512,-0.04755153203649709,,,-0.2681250137239404,-0.23331711618957635,-0.1266144132941496,-0.13744153344134652,-0.07835803658244181,-0.14621349115335683,-0.09879365809327867,-0.14168331066420553,-0.17800068614612946,-0.11867540554482665,0.05930437105211911,0.314061122651064,0.48079537550759494,0.5440798293485666,0.4506652433335406,0.2951834977932034,0.12075025738066793,0.06641304578138192,-0.027441372076844914,-0.004482332115890343,0.012693407779448912,0.11558169169087093,0.16937580443712358,-0.03823070418221325,-0.17816039865674993,0.0167954513752011,0.16578313598688357,0.17534320351439284,0.12953112477111092,0.14353349215499375,0.2756507871495903,0.3537857297145961,0.4649801830943259,0.5606363810593137,0.4057430878741301,0.15429082502216276,-0.10269769360146223,0.4112095990207406,0.2686019653391382,0.012120547407911545,0.2983494042287873,-0.46648994585417836,-0.2949742141694394
stat_37,-1.126721792834396,-1.299301275339374,-1.3721179311224216,-1.4532515476058485,-1.6088848077098663,-1.6175424854148333,-1.4325586568932531,-1.2526123271138976,-1.0535096129128125,-0.8607149280461986,-0.7342674443945587,-0.726652442965873,-0.6249499327308183,-0.594677102623721,-0.6205579699016494,-0.6544431386598693,-0.705989030906707,-0.73211663891286,-0.7235278688969968,-0.6865166569924984,-0.6512469636492093,-0.5623267202092187,-0.517544618562604,-0.5137742806734783,-0.46754535971255745,-0.39044892963319305,-0.31188796499679217,-0.30708357563885036,-0.2737123975736195,-0.2753038388390817,-0.2685868672128062,-0.297603602893821,-0.33930290015310466,-0.36666608556461033,-0.37221829341773244,-0.41263281007850655,-0.40570399391517703,-0.34592615007735994,-0.29750055733866587,-0.0628268486050144,-0.06219701875395589,-0.15824692439918703,-0.1843468276476306,-0.0946208138001045,-0.21716079717176012,-0.23294815126945734,-0.2386618868541431,-0.2513568069857483,-0.2954827425292803,-0.3220457858445639,-0.2028133946602923,-0.05332534854552165,0.12242906377672112,0.22900341943423752,0.1933905914106185,0.10398193532743916,-0.026177853817219755,-0.1622406474334233,-0.2537894032983224,-0.36298460903453117,-0.3754431007655095,-0.40529269449800215,-0.41125062194954576,-0.3350459218695568,-0.27242118940575766,-0.221528543690152,-0.22771154108292496,-0.36017897270487836,-0.5803230839889437,-0.8282279288193249,-1.1869449324583805,-1.5689784862896046,-1.9620625651627266,-1.999348205858648,-1.5586337990740289,-1.4750502965312573,-1.4382024604918597,-1.0646760099852752,-1.1240125871979771,-0.8941631366930751,-1.4574575712866342,-2.776101270700397,-0.2422801191103333,-0.02190202169144634
stat_38,0.008447470606637662,0.09279595834269974,0.20224938486626218,0.23201495944646294,0.19021366430270972,0.05417344804568096,-0.13229677385276414,-0.2144313979114087,-0.19146184713068523,-0.13038213532137313,-0.15119692590608036,-0.1504393285756013,-0.1673000279722425,-0.17227868397310905,-0.1834185743072569,-0.22560433820455086,-0.256771612426402,-0.25405725820684416,-0.24476007633077942,-0.19608913499949804,-0.21173916485777802,-0.19961624738143216,-0.19129195745985064,-0.17898432818411428,-0.07761171077969502,0.05349111262862393,0.09596516355991958,0.09635240268006422,0.08160689145894247,0.04445382892923687,0.0012204767428683953,-0.0554176972988901,-0.12302347362651599,-0.08889425847616146,-0.08872336763805747,-0.1138239518921814,-0.2167683385339118,-0.19114360497364688,-0.16165898264527953,,,,-0.16604547698207028,-0.18268915712432307,-0.18203493893748202,-0.19928275838120937,-0.23071238048505813,-0.04323108999157276,-0.10083837419198892,-0.23928585853198053,-0.19672003423684198,0.002574242319029495,0.2117998017340478,0.29255145891241513,0.1627404598916214,-0.03140628056088782,-0.20700899677184492,-0.2114739543151434,-0.1989485588507394,-0.24766618315731337,-0.15608170122825163,-0.2127232335518622,-0.30882498693733607,-0.336743131050799,-0.2738224663112365,-0.3067392067772546,-0.28052610929847904,-0.2663868654400543,-0.2508534189721819,-0.40180480385848916,-0.407130432780353,-0.10529226257515148,0.11366650940395749,0.1420362104730132,0.18968215558385756,0.15177494722772603,0.03541291189404276,-0.01285818694155129,0.07825673920441334,-0.09126959383746354,-0.11063028313007056,-0.02196268753809396,-0.3109006195515873,-0.22297777323792287
stat_39,-0.5363112313422885,-0.5060530310384889,-0.49743334275815604,-0.5794733430604526,-0.6754876694201374,-0.7424340052540571,-0.7765795229425237,-0.7518228044175232,-0.798312948333422,-0.8929098388632479,-0.9560452569792367,-0.9541440511092388,-0.9489527101113329,-0.9537207863859601,-0.8805892480400233,-0.8105564106766299,-0.7639226051289275,-0.7244122349034537,-0.7009578280264406,-0.6523369962756133,-0.6768381334033221,-0.6254609080161504,-0.5629784786314147,-0.5462986853895323,-0.478124574274749,-0.45881615168933587,-0.477709173017552,-0.4803346401389212,-0.4914462563592704,-0.5097528575026988,-0.5153484359225692,-0.5205588038346571,-0.5590733374075785,-0.5746975049479547,-0.5704410006377113,-0.5864820027526783,-0.5730626004352305,-0.5179301825950933,-0.49002464279015695,-0.0878780613387138,-0.1255489076727339,-0.25702058942172434,-0.2846166817985168,-0.3373531874662736,-0.3710139157862089,-0.4397350266700162,-0.4766435906139333,-0.450138619547174,-0.44622811398972506,-0.42471140403940405,-0.4705917053147938,-0.4459551587296062,-0.37788891634628236,-0.31664266797813884,-0.31046611542103875,-0.3140755951714658,-0.33584421947675125,-0.42287840768803925,-0.552343030501743,-0.5978308536465213,-0.5141398589528401,-0.4698025018627085,-0.4360395196573493,-0.5156231413116793,-0.6998763992757265,-0.9288114371341502,-0.9800356894200531,-0.8765943648536714,-0.9327784383273271,-0.8499354981825186,-0.7235212981601941,-0.7476188799821493,-0.7511761562969967,-0.6977929933557772,-0.5412764360918391,-0.44624192545530494,-0.41173552960328397,-0.45399635304502484,-0.6436789652256644,-0.6459576775209357,-0.6586193939975578,-1.5239406380562421,-0.0015994842102823495,0.28829035120874114
stat_4,2.3579976772401667,2.4340325408500365,2.371585096817187,2.3246207939384282,2.330159914450111,2.169106431346986,1.9438080176729107,1.8573269722586907,1.7696997722934225,1.7837965617832512,1.8360116387341485,1.848479067843587,2.0371819017618167,1.9558595132212386,1.8424019535178229,1.7944430877118687,1.78404959694159,1.8228974036336913,1.8496777975441183,1.8586001342975949,1.800364450884268,1.6623201180985312,1.4793656435334688,1.48240467062401,1.6332140628856793,1.6887205960354987,1.565143202261569,1.5601895307130167,1.4861840400525397,1.5424732025240528,1.5817945476619708,1.5931120023397263,1.5689963736412393,1.6488866431936484,1.6550668776104511,1.6090927022223886,1.5590659093005308,1.3735337136929395,1.3000211210799857,,,1.0138656690425292,1.0607178450069248,1.1144415999865198,1.0421762881340364,1.1350510324593874,1.3496332247287923,1.46155984649502,1.6028552203449733,1.684639307441295,1.6739813889224613,1.6213466189851877,1.5075397496749392,1.362137241769377,1.5330119506974347,1.8091443828241067,1.7338158277021085,1.4831283762730783,1.5625898958033964,1.8578407425554326,2.00674623141258,1.9333586425615457,1.820484864531163,1.78130000140076,1.8522345710698151,2.0926337035494935,2.1804676540447163,1.9489365976566508,1.8031404863821978,1.7616648551933454,1.8355083386169382,2.0778082792990737,2.370467732151286,2.511041602850642,2.509491298094068,2.6233025604428866,2.676626655371135,2.6642330645588035,2.046888397416528,1.6657157576551322,1.873685457501292,4.05098954778933,-0.5158928443004296,-0.42739934488515785
stat_40,0.4829059568761662,0.4718135475402764,0.3989167366183413,0.2870367424338319,0.22263656349219788,0.24153919806222293,0.20014540194834982,0.1263292092858614,0.0937881306305221,0.13465838729633778,0.15899253237870764,0.1581486630591651,0.16056136089030737,0.14628192070652005,0.11456381590708317,0.13893288357090344,0.16164282589498297,0.1540289906329219,0.16662362750496734,0.18598599179851336,0.1933855222519645,0.1960258459429002,0.1825769378535994,0.17279692664800986,0.11740946230077542,0.04445993950479447,0.016934676608766387,0.014384843401901206,-0.019936410848142166,-0.05717958634931901,-0.08681567080343708,-0.10508837176326835,-0.08957563428257374,-0.1229695236036337,-0.12577215322367957,-0.13970747821999516,-0.1266627293467755,-0.13963185816818172,-0.13214803401838762,-0.1932389672250343,-0.17868745246251713,-0.13529926632521755,-0.10052959732113001,-0.10476776125333784,-0.22250445817846248,-0.2697006047347207,-0.342249234204848,-0.42043145836674317,-0.3845130432807742,-0.17657032255835492,-0.01107929829468397,-4.3289519615309214e-05,-0.08732263053837785,-0.1646462298223297,-0.14011286030912506,-0.06325533095599942,0.06335953890811682,0.2891310477389066,0.43173430998588247,0.3403394631110229,0.2249753609661528,0.09207004020440787,-0.02025459964662075,-0.02024781886949518,0.005741165245535169,0.10340227691622506,0.15648959301213267,0.12783486080826373,0.09215548021223162,0.08376111655222275,0.08520961568073712,0.11516103962113748,0.20473679136950673,0.16139767568109786,0.21320625094168114,0.3695007948815643,0.4534456798828212,0.5392801875174121,0.2754726600661664,0.1316561468949761,0.30628001822836814,0.46545907444264945,-0.38417142244514335,0.06076120312439545
stat_41,-0.007248254809930339,-0.011119111385151922,-0.0416673400007128,-0.10893702898263168,-0.07752273604613016,-0.06688944969305806,-0.12364192938062718,-0.14168836768601445,-0.14037215470139458,-0.16857825249310618,-0.20261757877809897,-0.20755180718021407,-0.2739510838533033,-0.1646494949405268,-0.18979008789772325,-0.10838846064316991,-0.16216256596453663,-0.2516992982551072,-0.2603808468306924,-0.27423226561798053,-0.31106557080001357,-0.3466704274828154,-0.3372393260286642,-0.3256948428226022,-0.32098117392553543,-0.2868185559169227,-0.2879484210246504,-0.28621560457287437,-0.2550912509381259,-0.42579676892170215,-0.4441011387286828,-0.5006749804850578,,,,,,,,,,,,,,,,,,,-0.37703707306175943,-0.40563097499743683,-0.4904981423880323,-0.21184324316804015,-0.16569315152564495,-0.1168314622630678,-0.21779552964024676,-0.32293888293057876,-0.35784712281967934,-0.24020690112179816,-0.07088167123258851,-0.10564006510774925,-0.01901878831618612,0.0080573651503515,-0.13672528158314667,-0.11737996258510651,-0.15099479580871908,-0.1754313691412349,-0.26414271139691475,-0.3261258673024092,-0.2656020213624252,-0.17884873353931488,-0.06938549663699872,-0.10781294731124988,-0.1664579612808382,-0.07745422011634494,0.10019255121893102,0.17941352116691056,-0.08499440424516451,-0.1798177565192782,-0.050258235565298556,-0.15158239932506523,0.12043964577963139,0.11836403490013823
stat_42,-0.28002851479946483,-0.2600023928865769,-0.22814273502952975,-0.17892791575395187,-0.18250606821458717,-0.21872762053638706,-0.2126534661480484,-0.2232509236555694,-0.24797007544056895,-0.22124608210034155,-0.18631128524270676,-0.18449846238195539,-0.1956731333920728,-0.18411875115366336,-0.15857395836560087,-0.19122178378761046,-0.27226698151808504,-0.315014234338478,-0.3199839464416874,-0.34668547917477127,-0.406353540922709,-0.4168419297983064,-0.4336112040508527,-0.43633907476048095,-0.450028649622255,-0.44728352109100444,-0.4670213665468108,-0.46318659917751487,-0.4296621000444003,-0.40404286706536485,-0.3889411608571634,-0.39926833447284477,-0.41765991169104816,-0.4162242208233453,-0.4140963795414624,-0.43483202884196026,-0.450483617753675,-0.4266615750794731,-0.41656548474218885,-0.15288804293524114,-0.029465817647024897,-0.10286163990499712,-0.027180581662691484,-0.19520137665713816,-0.2749247614513472,-0.36923432420874547,-0.43486867998038403,-0.4478091660398903,-0.4072162478838208,-0.37465526111447345,-0.4084795074595187,-0.423664149590983,-0.4036714121116887,-0.4518676581396243,-0.5345362138189993,-0.5226873806373111,-0.4951608283240853,-0.5022738216682032,-0.4670264116237192,-0.3877394428071563,-0.2975804849783277,-0.3464190654014488,-0.22837231640980157,-0.2104186080498782,-0.24014969667740477,-0.17253110744238406,-0.14448878411281424,-0.22851637009043774,-0.2665404665058743,-0.2964899628354009,-0.3036222435828803,-0.3137984430454771,-0.25515185376189015,-0.16002315504509582,-0.23061646903596494,-0.31437759007815275,-0.2873003578845634,-0.22721267448539834,-0.26273578267168873,-0.25916066981449115,-0.29163133227434074,-0.4827304092943761,0.14893193336306823,-0.039320276615140176
stat_43,0.003198088906060595,-0.1853243047391713,-0.22328239101291908,-0.3036558609982529,-0.389546267632492,-0.5010964309177947,-0.6190573874869648,-0.7450513326237275,-0.8097646538240068,-0.8566875082230592,-0.8884155082298172,-0.8891858084643901,-0.8732326410194725,-0.7921264440408788,-0.7360841139093639,-0.7242664677070406,-0.7053205274059974,-0.7228527800790787,-0.7221959646362844,-0.7311508540227137,-0.7417024570114149,-0.7355098499129783,-0.7536446949207029,-0.7520654248294598,-0.7521670723395905,-0.6691505261347511,-0.6075067640490628,-0.6004747944863881,-0.5208308353610963,-0.48624836012415334,-0.49803504509613555,-0.5132380806169636,-0.5388804570294335,-0.5579722225412503,-0.5595758143612402,-0.5733013833406162,-0.5226296970307459,-0.4769472816255917,-0.4814797463176268,-0.025005734246102255,-0.05311630014672289,-0.17627563935490034,-0.3402852259444827,-0.40915503524434893,-0.38974635789475587,-0.43739885540653833,-0.502145372838514,-0.5555774664636097,-0.5284407674364464,-0.4626979904460984,-0.544134784406,-0.5857477681499554,-0.48769423513160015,-0.5289285996156267,-0.6566358273048117,-0.7246142273722995,-0.8054363266363493,-0.7962548702794794,-0.705951498451202,-0.7049097711153242,-0.8267430221920514,-0.8447835383860736,-0.7923119041906298,-0.8173368253295532,-0.82276250591935,-0.9793183382928096,-1.1728509507860096,-1.289855147747369,-1.2630451105090785,-1.1988334000091976,-1.0176458861621436,-0.8162468925877246,-0.6445353744700747,-0.5144108283556255,-0.42599506674945237,-0.4348162893233611,-0.3590706202796195,0.030058562634994006,-0.09937455097745063,-0.2804467892611439,0.15794853621595817,0.22814981042128932,0.29407172742147114,0.16633221102285178
stat_44,-0.5503238118795708,-0.5117036786185466,-0.46733695331564185,-0.4610795250344498,-0.43649333031485615,-0.4742232432200289,-0.5123042277418738,-0.56652839608259,-0.5763363245198506,-0.566086245305205,-0.5764075296661689,-0.5786548073960063,-0.5634668581921579,-0.5604586226301452,-0.5359923959097391,-0.5163457958630633,-0.48923041799397315,-0.5092554290096867,-0.5099694467272549,-0.4702502345499518,-0.4536008980559248,-0.4588453813657508,-0.3950044468334873,-0.384056195255569,-0.3538747120103273,-0.3424587215779321,-0.35938097335033675,-0.360162171589325,-0.3495430404764198,-0.36486543481872136,-0.33805844455449735,-0.2968080501157338,-0.27571338911154153,-0.270575257764426,-0.2702379875733279,-0.26782329572365515,-0.2793330809102422,-0.28592373934359916,-0.2853478735391597,-0.16119666881635142,-0.20092333013597988,-0.21591462590451843,-0.22542386208220677,-0.1757770761837066,-0.20872273316925605,-0.19950340132493202,-0.2013873426951166,-0.1536670427216204,-0.11702196592321981,-0.07940556393442628,-0.0031174389761973653,-0.08180778065084006,-0.19887895374678471,-0.2148130350568683,-0.24242904842255658,-0.21481822480564225,-0.17413728302117137,-0.30156108669080256,-0.2923023515971313,-0.24805379306364675,-0.22909945917929125,-0.25032753129171376,-0.2813825477498907,-0.3435094775096497,-0.3992957013782036,-0.4090267752660593,-0.51809418438221,-0.5303204501751202,-0.5022920542866457,-0.5064243519971953,-0.521040711421324,-0.503953915982576,-0.4103983943730847,-0.3478375950172612,-0.37727265607740984,-0.5198784175889357,-0.6274949130669618,-0.5790861387199132,-0.5909314286738451,-0.6032804963826203,-0.4343141072698799,-1.1004157560401315,0.3067846516519802,0.34622585496289077
stat_45,-0.32121235299459855,-0.3491286054213552,-0.3251907246315869,-0.3156601099412217,-0.3387431423162616,-0.34836362708778024,-0.4324971604237685,-0.4977738455105478,-0.5275368657550952,-0.5208661563157635,-0.48869008708111533,-0.4884100333818532,-0.47756073488559997,-0.4632655898298573,-0.41422753950636193,-0.44465303251448285,-0.443166168578886,-0.467120775791036,-0.46467234519340594,-0.4665329441480121,-0.5117685443515696,-0.4936192806621304,-0.4725278269539507,-0.49455963696779054,-0.4179555687243697,-0.42021519075229363,-0.3647760873439792,-0.35964563283059725,-0.31265527684247524,-0.30808262507526707,-0.2673965998755066,-0.2605379035459081,-0.20163138971980724,-0.1773198933332297,-0.10309624802731761,-0.11119033858066789,-0.10315063965141469,-0.11515860279171411,0.04276739045413434,,,0.17090666908435773,0.09926317913690674,-0.051188317683047845,0.15710985285319565,0.025251107856408533,0.02043431171135613,0.05117977990219528,0.12744838639408151,0.07439310174167313,-0.055259822158608536,-0.12065063165895316,-0.21430995985877216,-0.23664764662799131,-0.2871395656492694,-0.3343083831369372,-0.3489128638672193,-0.4328167249995073,-0.429441618749262,-0.437168154597247,-0.4178009616173182,-0.37664845295780014,-0.34742389033547083,-0.3569412937728292,-0.3853674116331087,-0.38019113166762003,-0.47235075269419574,-0.5317061515867315,-0.4929072958390805,-0.5254717440359499,-0.5783418575364051,-0.5464375805430008,-0.4669380009591423,-0.37341711447610065,-0.2928431368694946,-0.37796161290307273,-0.43243554152061303,-0.33735617580319716,-0.3946911146833134,-0.4020874527997605,-0.4000025482283962,-0.8214112832053739,0.24340953649264754,0.19112788940509742
stat_46,-0.5709697003961304,-0.45339767789112695,-0.3808275308443249,-0.40173968824569706,-0.47677112058361226,-0.5915980412099027,-0.6438562263815995,-0.6880614443332622,-0.6744670993388092,-0.5758343718075387,-0.4329934643060375,-0.42393000823691473,-0.3568943802506812,-0.38120084247478103,-0.3498284504786123,-0.2706394561357997,-0.24587689810713567,-0.20595818336926272,-0.20290043175669192,-0.17309232673379543,-0.09890953176126825,-0.06953192223359875,-0.07835586660892169,-0.08935393731559041,-0.20096948849411272,-0.23418948318327024,-0.2717443529545447,-0.27432167923485035,-0.30232169601672276,-0.33485633059403586,-0.32120295414124317,-0.3202813838295492,-0.3541400131846248,-0.35188405513664744,-0.34554926083368376,-0.35024047820948334,-0.36946289914955327,-0.34869229138386154,-0.31994748523422895,-0.12866502828459636,-0.18525846746972266,-0.18831694161572252,-0.25475466973995425,-0.23500669662005083,-0.2824799139123119,-0.33358449144135716,-0.31374897382544314,-0.2167666957134755,-0.18843800528046448,-0.18564285650500822,-0.18339810486989624,-0.2570481939625478,-0.27113283868973803,-0.2539967071072199,-0.2915025863781743,-0.24308963385857774,-0.05917218691798485,0.1188621982488935,0.21142881917847736,0.11562876304640572,0.018423448337942766,0.03507854203392252,0.04510286758238935,0.04007898972373153,-0.07227783205849957,-0.22764675489597763,-0.24169185770939844,-0.17997567025710653,-0.4252266753501436,-0.7165358917769687,-0.7809830666344871,-0.6484872128470064,-0.45021030221628855,-0.2277907235286304,-0.11607235161045044,-0.18014946004653343,-0.46314442332700617,-0.6948626454036284,-0.6371693174080939,-0.5445865287050741,-0.4675099154543767,-1.145522450486971,0.2869267909867504,0.3127007139764946
stat_47,0.047687751669040816,0.122258437248431,0.13837249593644382,0.1472607384902036,0.08921744081592695,-0.041289200825075895,-0.02684964365639114,-0.03147018627232055,-0.13691153604281267,-0.15725838716732404,-0.1177597727873638,-0.11716100514920252,-0.10320649377930488,-0.09597552735281215,-0.017872138564301577,-0.016655452940437014,-0.027860031757570895,-0.06312108039881006,-0.07095280066602545,-0.12112506908153337,-0.10990963083221339,-0.08991462734346023,-0.08703399174675779,-0.09022091921821641,-0.11888040357727714,-0.17354209573560048,-0.13164288744201186,-0.12486786151025416,-0.06652881161221977,-0.11729059864385113,-0.18558020719965668,-0.1232190905945922,-0.05312397190822106,-0.1255264372978814,-0.12696658298392305,,,,,,,,,,,,,,0.02358239999278018,0.05205186881954534,-0.006901400062569344,-0.0493980801304147,-0.04330988267984387,-0.07223919394217129,-0.26030652809727733,-0.25948542667591434,-0.19882006056779164,-0.2282499526898941,-0.19198835231230682,-0.11694664569818009,-0.06365541809574134,0.012325596680513567,0.15242426036236562,0.1311491228071868,0.054585906766202695,-0.016811645841597365,-0.053267659509768646,-0.12143451008281379,-0.20305323908140008,-0.20943277717466988,-0.19365729113375083,-0.07565886083388451,-0.06751947622835153,0.022359130893999303,0.20949686764199205,0.15670087965639595,0.06804633694153106,-0.07959485518760523,0.05691712210286593,0.17356323604471355,-0.09166480150217365,-0.0792072156886267,-0.025602802644141186,0.0042716969524195045
stat_48,-1.559062882718551,-1.5999593610585927,-1.5661643229174622,-1.5288748353455222,-1.4463025675226315,-1.421038766332305,-1.3607650011563568,-1.356237071620953,-1.3884610093336132,-1.4034564557247489,-1.3489469629914042,-1.3418845561636343,-1.2302849499878876,-1.2206404439922882,-1.1784871948244948,-1.1967242663312891,-1.2401636157084808,-1.2306344961304376,-1.2207511700687999,-1.1376266522048255,-1.0378442972505832,-0.95529994938109,-0.9085091075377953,-0.8938027115277094,-0.8412732479273219,-0.7856890211039975,-0.7393286652202621,-0.7355480724474714,-0.6873686868392701,-0.6818621862399922,-0.676035180529448,-0.722142931818846,-0.7719583531737287,-0.7862713729924042,-0.7840227548091203,-0.7202859906166729,-0.6827822598462323,-0.6949079555441886,-0.6829899463436291,-0.11307866402405199,-0.08422847900947909,-0.315329017771697,-0.3023624262194787,-0.30202575156518946,-0.44349139619625016,-0.5292494668031793,-0.5391527928462635,-0.5346747645212132,-0.5859551743611301,-0.62629835684138,-0.6330320338544613,-0.6225442397151932,-0.5469716294017509,-0.5299840323712643,-0.6349290903401325,-0.7356412245440643,-0.7869719201201921,-0.8000328704802917,-0.8832988743504235,-1.0099792837900963,-1.1349747100500753,-1.1818919638781125,-1.2426271831985334,-1.2702106725493194,-1.2013233156969154,-1.0086451871692033,-1.0431652763406456,-1.3712861039923412,-1.5567080593518752,-1.4416545180022964,-1.3027703541863704,-1.2555294001226645,-1.4021603888582204,-1.6518715772027819,-1.6372720796100075,-1.606652093109385,-1.697434627680396,-1.7036405632540617,-1.3812148989643862,-1.2019867147473735,-1.5424439438594078,-2.91129021725061,-0.07482584535291473,0.006653404147708622
stat_49,0.4141492536844171,0.42677681114994626,0.4587443768474319,0.4477460467665773,0.3444759399918295,0.23018475002061198,0.14212229107618082,0.05948617445879232,-0.03229662755612459,-0.0318631417571685,-0.04992390626693275,-0.05145349664338643,-0.03467047579886433,0.007644291693207042,0.0239992851392354,0.00459644313270029,-0.002641328357908107,-0.06689822646956473,-0.0734756971770281,-0.10241068795768578,-0.14562239962509016,-0.21055327272031138,-0.2662224545735266,-0.27266998348343185,-0.3009633815380417,-0.2982043423006742,-0.2972790743437937,-0.296261731159369,-0.26475844857520897,-0.23573369565673194,-0.2472915999041551,-0.2695364870287249,-0.2680726240826622,-0.27211690596840077,-0.2698716734189426,-0.25547788052605624,-0.19280803730663912,-0.16655734291129112,-0.15895798636571243,-0.0724071816795143,-0.09828810826480142,-0.16648501819899325,-0.19402800704172465,-0.22447537590687733,-0.3057294836417352,-0.29003262472194385,-0.24759489038942584,-0.2816823759120547,-0.3096695034212334,-0.27481354396299146,-0.3316087120616441,-0.4050311728301657,-0.34613808558162007,-0.3817525352337028,-0.4379412526080072,-0.43309097490545323,-0.4284767656414302,-0.4023629550902023,-0.33213651568477187,-0.25016338682964456,-0.1568362109952923,-0.145562370777606,0.0020033849010506343,-0.03603272883385789,-0.1529704236839394,-0.10716926372434697,-0.19480262059524592,-0.32746165294731533,-0.3354518504649088,-0.29093010569984157,-0.24656260472554525,-0.15657988235756423,0.05804184645477496,0.3144777918446821,0.4009730331150075,0.4417007744042153,0.5014065896974329,0.5384755976249126,0.26420630942851836,0.19008740173210242,0.4237674365330195,0.7521264863997944,0.19490774112147546,0.12005914495332824
stat_5,0.44603219990671994,0.41487262419775106,0.3021400425086017,0.30713338815991814,0.4294258568180022,0.5393853144887798,0.5891279530503412,0.5745831971818146,0.6061992335301195,0.64377398626354,0.5971373363253343,0.5942601200202507,0.5038786744484975,0.3296721943870678,0.14892941208268015,0.03265714667484693,0.04778972887205663,0.10558378187108075,0.1268915770889405,0.22195076526797058,0.29424933269790304,0.41112081214896534,0.46523963281068104,0.4700272243449785,0.48018497425182277,0.3957376800600611,0.36017258512232464,0.35503981941680396,0.3172814235326739,0.2302473511434943,0.14465828531893957,0.08182921545952748,0.06650300352023353,0.07610784787101664,0.08367169968465862,0.12666887973224975,0.1679185947179844,0.22567636870588642,-0.048369824832871694,,,,0.08284048542483873,0.14703738215143075,-0.09452495972091336,0.14305354305286427,0.08565864358738133,-0.03715947866666512,-0.18978971023529137,-0.12613365000214913,-0.07611904818293053,-0.027476119206733478,0.06318436988586758,0.23376830184543354,0.398298124158524,0.4543208857431434,0.5416883621637465,0.6557595762750728,0.5924188201264636,0.47622295303879403,0.3390878281380108,0.13927587911875752,-0.03341818102159341,-0.07127767630350142,0.1588687441665217,0.4420961942156269,0.6428001087358609,0.7250003458874957,0.7852354875978679,0.733606076285271,0.7235275386991414,0.7342823241605384,0.5870762844769929,0.3796981018396672,0.26575038219388364,0.3332622712382814,0.5348131029900859,0.5714818367172639,0.32996017055149385,0.2875824928400099,0.18733792804807564,0.6409578163796938,-0.08829943359842944,-0.30029286198039323
stat_50,-0.28960273548444687,-0.3362132297518992,-0.29359096008113394,-0.2907363284822838,-0.3366827132960743,-0.3699307375223301,-0.3357703812655456,-0.31775624186674306,-0.2996654292267931,-0.2211848533898603,-0.14267319375568918,-0.13943738233957914,-0.13211580926631974,-0.08314863142757146,-0.06324149133074608,-0.09676334515078898,-0.15752968013541946,-0.213247861325211,-0.22600227906518108,-0.2620218042220321,-0.2754410011511866,-0.27780854103881064,-0.28202883161379566,-0.2901397544800073,-0.29356587867609457,-0.30358075434180315,-0.32309512685134967,-0.3227168164597806,-0.2793502298845503,-0.2676809562615026,-0.3197186241017519,-0.3146203308561608,-0.302042570320711,-0.3111838052716207,-0.31556089017943895,-0.3410100427775955,-0.35432273113627305,-0.3184961510865614,-0.3118669384085259,-0.1462351413611108,0.009234597161008449,-0.14967063362506908,-0.15423177842549615,-0.2401088644525988,-0.30158448385595116,-0.3555331221302049,-0.36545286528442966,-0.2807246785270518,-0.30904178114043795,-0.30643385071072937,-0.35502582961871704,-0.366261110055655,-0.2857496166647905,-0.35700593866840424,-0.4734748712685462,-0.4658457943526104,-0.4211267774059264,-0.38098239981021065,-0.28023917894513867,-0.17349136120289618,-0.10110861097519067,-0.07145962589762792,0.13108546946212543,0.19368095399879526,0.13380685805948964,0.11443223686004426,0.09680500555050166,-0.06820309499381452,-0.19702721285722585,-0.30962181373386033,-0.38967463809527886,-0.4076693650770941,-0.3659138545799613,-0.31334520978334346,-0.29124131804475173,-0.34096750312225294,-0.2855835377381446,-0.18361246200710446,-0.28121620796463126,-0.18235739077210703,-0.40774847220723365,-0.6945994639008791,0.0926046509974661,-0.11482557124401996
stat_51,-0.439766821911961,-0.3504682301334706,-0.30526897065377134,-0.2541345417540664,-0.2627231974954582,-0.320225628934637,-0.3429564478819702,-0.3833455377257639,-0.4150889324580554,-0.4142182419835264,-0.4061879235805075,-0.40517321074116974,-0.3789741252255739,-0.35224905026308145,-0.36507963841495006,-0.40900180058913194,-0.4148536270005156,-0.4334390548257428,-0.4365537270363021,-0.47684594044849543,-0.5312153960010678,-0.5471182390489576,-0.5936247620963029,-0.597907025812602,-0.6175055715951605,-0.5825637941988604,-0.5533207516285098,-0.5489055153431689,-0.5026876328469417,-0.4709930986925686,-0.4651970349746347,-0.5082849143989981,-0.5124354216574752,-0.5197614975586112,-0.5173320412538932,-0.4900297595379195,-0.43338959406631355,-0.3561243564302388,-0.3626245314614018,,-0.02405518146856047,-0.15705830356426548,-0.21968160592320815,-0.1839994667363657,-0.1578652359162385,-0.24676285192991806,-0.3289414823485624,-0.33551435205128727,-0.3808962859489978,-0.34331633791749283,-0.4082509735965513,-0.4147818513650528,-0.3472993504591963,-0.40428093253636743,-0.5066912855613371,-0.5357682625911588,-0.56427202217163,-0.575271181614343,-0.5212236081317627,-0.37507921390266097,-0.2657538813742252,-0.3044575371398687,-0.3233607802239343,-0.3136367983513056,-0.2061984690091884,-0.17997442278063883,-0.2513371749161754,-0.4086201623277759,-0.6217357089337711,-0.6692019104223343,-0.5321801720133285,-0.39345697935184154,-0.3396849970436114,-0.2242665026162476,-0.26424206201182393,-0.3138531260601988,-0.31560649036562893,-0.4063984855505033,-0.5149175641557902,-0.4734361708401038,-0.42815470978709796,-0.8512086730478526,0.19370643675440338,0.05521493024091652
stat_52,-0.17862820085113348,-0.19256167009613567,-0.21482379424080963,-0.1988655742104448,-0.16351090665839402,-0.09149748997797479,-0.06721846846169593,-0.050610559073754224,-0.03743562869803682,-0.045061067486774964,-0.057693314597838906,-0.05658253075788642,-0.06649308222128798,-0.0547707857940851,-0.04772021315917844,-0.0843349121582445,-0.1184573740021461,-0.16465980440886682,-0.1657643055129495,-0.20420023466689455,-0.26308693301002484,-0.28735566486265646,-0.3566453527554331,-0.3646775944101046,-0.39648097437959384,-0.4178309172341772,-0.42346192913184855,-0.4213083843478392,-0.36240529402750904,-0.3422085853388899,-0.3443136646157789,-0.33628290207906586,-0.33355561558909586,-0.372917010180911,-0.3692779894478501,-0.3251816219135984,-0.2500054321722349,-0.24893206426897002,-0.2589743173729195,-0.11113303353820678,0.03813675372519113,-0.06864234967984512,-0.12860611027464142,-0.14059925971002418,-0.18222723486936113,-0.1761187391787639,-0.18315062419551822,-0.2671115940104513,-0.3703774375669459,-0.3371121693955799,-0.36217066483029586,-0.3297556952628153,-0.34537419903415156,-0.42109845830432474,-0.5461792017402524,-0.5234805416469395,-0.4586061135010041,-0.46669654231735225,-0.36890980366371856,-0.24854684687628772,-0.20691476072427206,-0.22508624130953006,-0.09920744335972026,-0.04228400884480646,-0.08770025547954637,-0.07746113181848946,-0.07985432128963832,-0.13636360575167922,-0.13319557756850667,-0.08192087441726903,-0.04673750314302818,-0.04450337176824473,-0.06670288969309104,-0.15118718288437777,-0.31662548971586724,-0.29679344549337083,-0.16973411018371454,-0.08264326922340942,-0.1303014192844279,-0.0949995313633665,-0.15768124398898725,-0.2468557219242671,0.17908538180202396,0.027297621872357878
stat_53,-0.26970336294079555,-0.24452533990693376,-0.25341571551303316,-0.22271643950736783,-0.19160732094476055,-0.1384593663544844,-0.0989342757075801,-0.08805134603601554,-0.06591788776936897,-0.04424728108604513,-0.0559369728053439,-0.056573267486766485,-0.07783997333458856,-0.06536109277055971,-0.05372688799215148,-0.0985738263524673,-0.17917929881810912,-0.21980559299360095,-0.22983225393082832,-0.2800506097238683,-0.3350584618341341,-0.3463442212202614,-0.3524209377955767,-0.3592872428430104,-0.3706684845227554,-0.40235819217129004,-0.4144709662189423,-0.4127869422444029,-0.3257793093054841,-0.29310071948463245,-0.30790477588020837,-0.34893479324784504,-0.3667385419596128,-0.3731925279216234,-0.3755581032521485,-0.38778721505108377,-0.3198703900238751,-0.3159082711624427,-0.3347264402375096,-0.13693037927278692,-0.14430040532753416,-0.25882490144541737,-0.2323802506066196,-0.3024923095050826,-0.35409125774468064,-0.2816123406364431,-0.23144098691424708,-0.2843065240226711,-0.3095534015593388,-0.2746243563894795,-0.2822169035947327,-0.2638981276113311,-0.1968473544726368,-0.28732235077227847,-0.4137794906247488,-0.3999633280975741,-0.3729174592417711,-0.4099105658299538,-0.3906058013209178,-0.2698780307165712,-0.19020383055681767,-0.23376341340381473,-0.13390711777019138,-0.04867633179012301,-0.0060909405516062646,-0.011512521016216864,-0.004888317276060962,0.04785291158341771,0.039104036696714604,-0.04875403893821759,-0.0865752376967185,-0.08558355445731966,-0.15489137284122467,-0.20930752521963375,-0.22019490915768494,-0.18127802371455756,-0.16782618023614307,-0.27508937659670096,-0.24486609249844896,-0.2691847876075189,-0.20776563188960293,-0.4619920473430695,0.3354715341324752,0.13661923027074116
stat_54,-0.13440637594491125,-0.06419865436807409,-0.044077226017927046,-0.050581206307961896,-0.018480664239620172,-0.011659088763570089,-0.054201207143771996,-0.09937697335232247,-0.0921482618080232,-0.09392247647622848,-0.0905060063980669,-0.09267586074727234,-0.11441467930908544,-0.10843264530747763,-0.08888461700380787,-0.10902993503816162,-0.1677216602419976,-0.2136471400572025,-0.22408632981033544,-0.24831237037474044,-0.2989675869131698,-0.31708177187244757,-0.3232610072478193,-0.32902397391877664,-0.3392252702692261,-0.3604512982951895,-0.3730854779133282,-0.3736251326419107,-0.30918019779192984,-0.3106029608885473,-0.31053901934625366,-0.31351582970643727,-0.3382445843276268,-0.3544946712424999,-0.35529212988228576,-0.31491134935710446,-0.26096428349926554,-0.2471546764667708,-0.2492565715360533,-0.08155818152116508,-0.19755100866850794,-0.15372056608746967,-0.25995378000033587,-0.28754028188855574,-0.25833465112704146,-0.2651283759081941,-0.2515603402840566,-0.25765727636605534,-0.38022225291515427,-0.3521687465372436,-0.35088108129802476,-0.3457126253104354,-0.2775788884070698,-0.3351429957577369,-0.4714662241914645,-0.4757145805966223,-0.4251730274827895,-0.4020290115527607,-0.3415125128975786,-0.25865398826016944,-0.20381694770645356,-0.21154232769785325,-0.08982700495992765,-0.023949276790033554,-0.11265144514253829,-0.1801771170081498,-0.21234198252911604,-0.2474063791864676,-0.16911297060352892,-0.14627105625039036,-0.2019765160868224,-0.15149497782690988,0.09898447918128425,0.1413362558428096,0.01859440133859488,0.021827600228326586,0.0013813891036021284,-0.16838162098120182,-0.17912959767613373,-0.09198810967970021,-0.1416853042907353,-0.2823349779564359,0.21832127596650713,0.04994129452798176
stat_55,-0.074471386963221,0.0024266461796236117,-0.0583086309524334,-0.2146603325934034,-0.34445173411158325,-0.43540055706510117,-0.5787229522926911,-0.7189607208731903,-0.7920250118935852,-0.8028533683319682,-0.8147854959347101,-0.8148544633050101,-0.7787572054544697,-0.6652911285081199,-0.6096783906204994,-0.6088751459047906,-0.6141685008091554,-0.644968158569919,-0.6383512049863868,-0.6561694843446922,-0.6788455891321884,-0.6879855944891348,-0.70217197093645,-0.7013770254591566,-0.6937553292711248,-0.6512135128812346,-0.579278566904575,-0.5724058976747172,-0.5210702430209527,-0.5073657984862806,-0.5219571168455803,-0.5282540572503904,-0.5112617487916239,-0.5431314138804221,-0.5409151313931153,-0.5466576761953675,-0.4966828437187596,-0.4319118697913796,-0.47092384200040244,-0.09892975254402168,-0.00013536743392624236,-0.18495848335785306,-0.29582223666551055,-0.3574239297874853,-0.3537589746153934,-0.3777478084715054,-0.4341746642596074,-0.4693998556986567,-0.4324076434084909,-0.3927561359008267,-0.5213251146018658,-0.5542178307863322,-0.45503863546769113,-0.4877039316875845,-0.6094036466415965,-0.6965384393387121,-0.7549997842500554,-0.7222133443159358,-0.6640360933932783,-0.6071683569941577,-0.7227732609909745,-0.7032101464829161,-0.5637916718333644,-0.5061344677924786,-0.5622762969505791,-0.8016992013892996,-1.0229233571535354,-1.073699426889271,-1.094087142875053,-1.1171456553750068,-0.9769101988391171,-0.7030742192261512,-0.5877337572145224,-0.5516557702446406,-0.3326454352539225,-0.012858050665659022,0.008331933695301254,-0.02438097853008827,-0.17347266215031368,-0.32435396179118603,0.03265108652632798,-0.022461898507135043,0.28756550313848556,0.15190757241369363
stat_56,-0.4611063988179505,-0.3729562496411553,-0.3258907008942804,-0.2451208162858239,-0.2268453567558156,-0.26458368810263855,-0.32408796488352737,-0.4248555741497669,-0.49267317324961213,-0.474163432553132,-0.4396093648590416,-0.4362538873542484,-0.45797153410268704,-0.47482608118474373,-0.42869190678939356,-0.46975476405033095,-0.4966751108231725,-0.5312899833683171,-0.5376033259504589,-0.5496604440768866,-0.5766094323011701,-0.533138902879623,-0.6002148210705134,-0.6140715592312052,-0.615123651170897,-0.5669048960213983,-0.5422506919569495,-0.537349145920689,-0.46814300894941197,-0.36855197014174274,-0.4060425788055554,-0.46133634953730324,-0.4997055980262409,-0.4941539906062738,-0.48173840126058565,-0.4662779175475244,-0.41837579096713884,-0.35183591818056487,-0.321534462387155,-0.062079052157031606,-0.047480209353306,-0.14540826944985794,-0.19053390049690946,-0.14294776914741897,-0.20896878147346212,-0.35637652329731057,-0.41594644560292304,-0.41987733272537897,-0.35969542239677643,-0.3465085009615823,-0.40199847728964233,-0.372203084313847,-0.2884548477177693,-0.34742159276822193,-0.43420021248688845,-0.4741693512671348,-0.5563024490207069,-0.5402468244162801,-0.423425764231673,-0.3281588687454106,-0.3517716542039187,-0.45926691264799224,-0.43356996581328483,-0.4428757792512817,-0.38325952978452393,-0.309180908005255,-0.36046425330596044,-0.4956597101789938,-0.692747069933796,-0.7816375579080951,-0.6358040803869155,-0.4907754448761558,-0.3467801424137978,-0.151391084049085,-0.21456679692952146,-0.340145407244593,-0.39293546498270776,-0.47039956152712475,-0.5276450698296791,-0.46565061776303907,-0.4712707684865615,-0.9163737481730647,0.1279233735976112,0.12181075965829033
stat_57,-1.074346700666961,-1.065892213074919,-1.0399364040482948,-0.9646490592901645,-0.8965408249401814,-0.815452287310934,-0.7314778128393759,-0.6448668406373108,-0.6174597173289137,-0.6056495412676438,-0.6263688632447575,-0.627535002792072,-0.6446640943946208,-0.6281030447031954,-0.615915928274048,-0.625203405731906,-0.6358918513655749,-0.6627676556239694,-0.6555337994112856,-0.6303785973034619,-0.5704213052619911,-0.5224261854228884,-0.5146737829173792,-0.5176577150743155,-0.5494624563603053,-0.4975843624483832,-0.4805444073742261,-0.4765087928212813,-0.41272659441969867,-0.41891778488446996,-0.444329280519325,-0.44350220905964777,-0.468344613021455,-0.45801889094210463,-0.4583045873129019,-0.43416005803253677,-0.4129669483674581,-0.41290979563895774,-0.4007583215568861,-0.11160000275476614,-0.11393042020151592,-0.09883280856680307,-0.1619323692863315,-0.14368558798738276,-0.18977991220313573,-0.250375406613653,-0.24529912162540557,-0.23910986005597015,-0.27461539402178664,-0.25683357185211275,-0.25343540190984926,-0.2759678235249243,-0.25615799057516747,-0.276969598640121,-0.3563462942097179,-0.39368306044668755,-0.4147371947240894,-0.40172884170963874,-0.3351450727336746,-0.30208705916633116,-0.3659324697706118,-0.46111198025213024,-0.4830273384165634,-0.48760150111368766,-0.5348604163809951,-0.5656447311586547,-0.5098541321843916,-0.45384179566724653,-0.4475130895912534,-0.5066767840001976,-0.6115874459880203,-0.7259453882289044,-0.8885976838927364,-0.8928810285703539,-0.8975546599264029,-1.1447292233646162,-1.2147449979319105,-1.0360686166129074,-0.8864259585923058,-0.8554164501491792,-0.759838694089341,-1.7519033376207196,0.5036406980748149,0.4154538412458779
stat_58,0.04201964592183765,-0.06113620940409113,-0.09450926044239001,-0.04286435223050683,-0.058645098493126574,0.03971601277021961,0.0984578531381549,0.10619326340238867,0.10572093449074521,0.08553027383173989,0.10819785107678562,0.10880243852455371,0.11161595159187246,0.1419291475612344,0.13181564964150208,0.09524995774223431,0.0654698405493852,0.03108079604770511,0.023010714169882908,-0.002613083000813106,-0.04519443821332998,-0.15642186022601637,-0.18098500567751802,-0.1787286375316306,-0.11804440586721889,-0.17658198038172698,-0.18206279856148966,-0.18188673996462268,-0.16686636273898744,-0.09608506397009536,-0.16784332202665603,-0.18792078877767315,-0.19583171619856934,-0.18052818348163027,-0.18029042548637836,,,,,,,,,,,,,,-0.06296724052891302,-0.07405541113522439,-0.10465887679571988,-0.035712131801354324,-0.0019154036554254919,-0.19432939701995355,-0.4259562068146098,-0.44375143185916305,-0.3878074759567756,-0.32542826980396633,-0.22110790699660343,-0.11107169648458,-0.009341317073223599,0.0855104652621256,0.21715941609722125,0.22953130640982808,0.19658615767955978,0.22460390026781246,0.19950900112129538,0.07295243588794896,0.040325800185355434,0.059018424413439394,0.08614192446526982,0.1626702885139249,0.05104358841518566,-0.12932932461736493,-0.11848723261831516,-0.16906386841409524,-0.0832637594612176,0.12597173876933782,-0.013425429649069691,0.13718314551222852,0.026745714710893567,0.01642549878410125,0.24092334233753598,0.03413248268932285
stat_59,-1.3451113262252858,-1.4452515766118206,-1.3460567952558202,-1.274460937471959,-1.3016030732460329,-1.4507922837102276,-1.4122629676935259,-1.3957677562080149,-1.4356607589357255,-1.5090380371221728,-1.4878526754994057,-1.4902258295535016,-1.4997449099050693,-1.4009713524635752,-1.3375394391294886,-1.3158721388742762,-1.3780323901589027,-1.4181488837780116,-1.417733958518705,-1.3820698784595982,-1.3624859883061693,-1.2477417687644385,-1.1859557902957785,-1.16907273657924,-1.063302705512284,-0.9916894580652333,-0.9101017399247685,-0.904793964570733,-0.8720067744318579,-0.8616727437593171,-0.8588675941678001,-0.9015341967987708,-0.9355311970665656,-0.9205787724360984,-0.9097398246984202,-0.8482105850701176,-0.8320872408545534,-0.8014650180553706,-0.7984475201108547,-0.06345199407652567,-0.05002939078386961,-0.11482736748752406,-0.24494458949794598,-0.4152261382824272,-0.7492612907899497,-0.7949470958650336,-0.7486536471123654,-0.6421902845879472,-0.6751078630619671,-0.8627175607817509,-0.992199436593406,-0.9015563346669617,-0.751865602745712,-0.7372385837968699,-0.8211081770532355,-0.9556411386136672,-1.1004868899283666,-1.2922776169619359,-1.436275219428871,-1.5849882453493227,-1.7246402711622755,-1.742520095033378,-1.6085501403296971,-1.4251449087735377,-1.2905315336406478,-1.3062426316178148,-1.4690991689257438,-1.6045266761952184,-1.6934582300872592,-1.5287688866913196,-1.3009670924011416,-1.5845933058372075,-1.7037027842868944,-1.4544673440499813,-1.309580744294481,-1.4306237820737464,-1.4862540212309703,-1.4256763648563342,-1.3563067872002275,-1.1539619341516794,-1.7170681582420815,-2.934782966700226,-0.3333859005194877,-0.3627326968359024
stat_6,-0.7662025414374655,-0.7220374785955623,-0.7396333686144675,-0.7468499349459877,-0.685868211183127,-0.605246118312965,-0.5786188824668056,-0.44844549410087525,-0.38832801479054824,-0.3097495740999996,-0.27783387346310473,-0.2711601690741891,-0.25330951116656203,-0.22720870465186188,-0.18016294697995755,-0.1493958575874609,-0.16259811362905657,-0.18818195069383709,-0.19740975076680198,-0.14127454487132593,-0.06812304249667396,-0.048372328373185156,-0.04227551754004477,-0.03072254951414464,-0.031380279946669636,-0.03692218383143715,-0.029372429002967784,-0.03163602730211528,-0.04345513031212422,-0.04895899016060654,0.06571385562846559,0.10830337096230663,0.1311223156245939,0.16356661457367674,0.16327043128566734,0.2031618568663244,0.20262781959211063,0.19674805859516023,0.2505493339308821,0.39259769724512394,0.4330840628700418,0.35920205238740355,0.24636471699947948,0.2872031757608797,0.33892598772089105,0.34168235820517107,0.32792873463464234,0.2812331652345368,0.2962854543082405,0.2887852176099652,0.2291604447606523,0.1376603106233758,-0.01411037148062609,-0.026844885500487744,0.0899661866547306,0.13052060836672094,0.16691655395799374,0.24796209420924942,0.3363572277347196,0.27572020129877667,0.10815900016759587,0.030374718114139197,-0.0053786442229380345,-0.025337904936245277,-0.06581575091661038,-0.08969051649705859,-0.09957140244726752,-0.14061071285398413,-0.14467293873173728,-0.14764737918898851,-0.21970537592677944,-0.3777826690700265,-0.4787895801818157,-0.5058686259465651,-0.5450329142421783,-0.5651299827570235,-0.5123011972616015,-0.49839073177014,-0.6492460489441269,-0.39765398859573675,-0.24026030241732504,-0.9855201458303384,0.5221156099969576,0.5009298758580224
stat_60,-1.691045649617743,-1.6666411820041642,-1.7176362817566568,-1.629924872643512,-1.495604893018658,-1.4050882196939607,-1.3848903713858403,-1.3866824943810292,-1.445690168649476,-1.5327013550370028,-1.612040393059578,-1.6142300559264684,-1.5427559742828225,-1.466656218852215,-1.3942523828363411,-1.302936340121305,-1.242234851306525,-1.2281522528918278,-1.237667072004178,-1.212027475777454,-1.161507870543465,-1.1580818926208236,-1.1098320617780748,-1.1039640429269524,-1.0652250840980844,-1.0226254379518012,-0.9470554543652158,-0.9434784280442338,-0.8911294954546034,-0.8164220583937954,-0.817644182833357,-0.8737988664080285,-0.8531678789911668,-0.8343656336421986,-0.8288245611590273,-0.8084029176674601,-0.8143992306474174,-0.7712132095191567,-0.6135028308450864,,-0.01849490134119654,-0.19549857931551512,-0.28268155265277817,-0.29519344472783104,-0.4136334213196968,-0.5074521475771051,-0.5661221837435444,-0.5801334878527349,-0.5971741357781473,-0.6359639848974659,-0.7442515999354989,-0.7165174575985358,-0.6313683557392603,-0.7187526672555916,-0.8653958705791626,-0.9530534599154354,-0.9822513028590073,-0.9739970352281825,-0.9603993799013378,-1.0291650295885915,-1.1217917418297305,-1.098281389134459,-1.1260417754946648,-1.2428531819796944,-1.324146656254144,-1.4468579262200594,-1.617964003014987,-1.7080657043646492,-1.6107979879257628,-1.4357961825750318,-1.3129552180234902,-1.2584813338734175,-1.268418967635128,-1.4899245668149805,-1.6854394905833447,-1.8181839022882331,-1.758500693949676,-1.8220279929834478,-1.5442604706082232,-1.3577783560299834,-1.5925604529267006,-3.2362361580706533,0.15632968146812148,0.27999380621200004
stat_61,-0.5032711612279043,-0.4729047658434498,-0.5095249465060772,-0.5008843662143128,-0.46711519718604344,-0.43278059163506977,-0.3838583023494965,-0.3626017471565989,-0.3119524432834537,-0.2973911965347587,-0.22755562098871726,-0.22178292309811845,-0.19865100692250387,-0.18311595398634997,-0.14325914739501705,-0.07875790924421036,-0.12337156467810048,-0.15330194087264037,-0.15959831013974513,-0.15762315398778284,-0.15746946611631518,-0.12476593784110235,-0.11440011398077382,-0.10446633753335927,-0.030113942065796484,-0.009110228690382634,0.0469396557255643,0.05174418610677059,0.04957246977192804,-0.03683638492651702,-0.08070955643375419,-0.08436504517007751,-0.07781944452648462,-0.07063154231553481,-0.07155180879616722,-0.09630273800636663,-0.0818478111781545,-0.06145910467240376,-0.09420603422883302,0.4327362430160104,0.5537414283513198,0.4907293497485169,0.2286810947840159,-0.08079022853724442,-0.2356435257101244,-0.17867313235629675,-0.29675401456362305,-0.43364195842728487,-0.45576580091109675,-0.5198672527129582,-0.5207414106351843,-0.36761187763361175,-0.07423845900753988,0.12792075986422877,0.1369347242374348,0.057288913241280846,0.003026337644179433,-0.037017209072256585,-0.07268105400292817,-0.1568587924028475,-0.26016568072990953,-0.36126197819474176,-0.3385600823427768,-0.20724022713311635,-0.4528481273939563,-0.42613953243457375,-0.2666890901175818,-0.3633952954082642,-0.5412913178985693,-0.5054472208275658,-0.4119240773781182,-0.40912452282041173,-0.37402655916724353,-0.5869672923784027,-0.6116446131865259,-0.5617487680115273,-0.5675638480329692,-0.6501408551989648,-0.46659362665054316,-0.2920421211484671,-0.9689048101058708,-1.3167216587488635,-0.40011141157341856,-0.5339557938449324
stat_62,-0.19247057840079956,-0.1233595795237935,-0.156796386292228,-0.14256187665706285,-0.1596609258804117,-0.14822705359532784,-0.16045629699964878,-0.2196634165570941,-0.2924760579040027,-0.3267961337036495,-0.3294696541168284,-0.3273133739647221,-0.28438232258430807,-0.2155236768528321,-0.12180662698034433,-0.035708772238758194,-0.0038181120376746002,-0.03088274779642644,-0.038875333199028,-0.025973962382106287,-0.036661778776210165,-0.09112033740987244,-0.0970973353185868,-0.09663011523681658,-0.1351698164618535,-0.1941007934662586,-0.2820474287631305,-0.28339282212398836,-0.3239287772805748,-0.392008132124267,-0.40779305968733076,-0.42612255595971477,-0.41226050598182257,-0.36082234167909816,-0.3536600266791354,-0.3188708286543398,-0.3142990312142314,-0.2310530724764971,-0.18397556637416623,,0.07830495313430934,-0.001984097340813228,0.1437498913939125,0.11572557389952876,-0.06923705605026326,-0.1996585490491855,-0.31335971036646604,-0.37307487105913373,-0.4533077951197878,-0.47632638283432244,-0.3911815380219614,-0.3172979685830776,-0.2774073001002893,-0.23473949639528144,-0.2771548651700972,-0.2318224899122816,-0.12029847281513174,-0.056877538309325494,-0.05667553936197391,-0.07218138715896714,-0.09241107892419567,-0.09598155759505231,-0.059674772932542364,-0.06982554280386957,-0.17774101647603563,-0.24846513777763815,-0.4263254926910738,-0.5442015794787596,-0.518752170834753,-0.3656347977265562,-0.2769086288964008,-0.2185663841613119,-0.23695661695102033,-0.3146820883864423,-0.33769144048003547,-0.2864226292383733,-0.2107861055750243,-0.2503192555813304,-0.24510381698319708,-0.3003981128250158,-0.5323650047492771,-0.7749573159243167,-0.3867028156821681,-0.287229757425926
stat_63,-0.16847137875829318,-0.17886128621951208,-0.22726920268651202,-0.24224394721447526,-0.2944128042690149,-0.2640048056111727,-0.2540846551123539,-0.29227763139137286,-0.3381425991011942,-0.34373022139113535,-0.25999258174398693,-0.2529535681611095,-0.19562716325086774,-0.14300000051930398,-0.09770706353218038,-0.03245826944555221,0.03348275940412756,0.1139734031452093,0.12549118968536604,0.08351506691832727,0.07845439784049169,0.19544517714392073,0.23397126751198977,0.23612264860464557,0.23428790703877625,0.16882438562618557,0.09268849813890713,0.0885847130148195,0.02295040934512985,-0.027744575069494033,-0.04831448484050741,-0.0723818562674642,-0.05331137968357099,-0.04250838307122005,-0.043986254993586466,-0.0415883914459134,-0.0018756434095524056,0.03439287471844448,0.04802220249455467,-0.13143971062563453,-0.051235494959088045,0.011125752374630902,0.010039257772819997,0.07171115619549484,0.0906717795153415,0.08146692701933156,0.060347684424201395,0.04538063129609409,0.006601676638493625,-0.037581466187011865,-0.012667268116193271,-0.05601055199629058,-0.08403233050881333,-0.06496797837673102,0.04952797789027433,0.20924971454853133,0.2916955756318558,0.306320145207698,0.17646995511635977,0.00342748492449769,0.04212780381407693,0.11083752622541974,-0.007879305887541387,-0.08257341472464996,-0.09136532399418505,-0.18195513897021776,-0.24913818756738768,-0.30281460253011316,-0.3522163310587827,-0.35747599194254465,-0.2881429215158854,-0.23714010502289204,-0.27932413177906223,-0.26466384731887305,-0.28132175353316363,-0.3182174058090022,-0.22319539289157006,-0.17458463597949833,-0.1681957946912224,-0.2570163425443032,-0.17261602527731512,-0.3533470685081482,0.034683530136101405,-0.014762050005950579
stat_64,-0.574970986259081,-0.4761671101389918,-0.4670075731505881,-0.46729145117241605,-0.44129108890406427,-0.48120520164229363,-0.5298279869726185,-0.6362591228684563,-0.7129213272465769,-0.6931470040903673,-0.6645364749867421,-0.6630739431112874,-0.5972767917389495,-0.5320898688917791,-0.4623063511686181,-0.34864152024444567,-0.2595825967069301,-0.21640001727015765,-0.19082384973404487,-0.12458246093597582,-0.10318461944816733,-0.09854161728672158,-0.13599754091186153,-0.13745819293467393,-0.15570170386343185,-0.2066953135256567,-0.1916322374419098,-0.19170538247817862,-0.18613648692295798,-0.22019773573032977,-0.1926816679320306,-0.20671140302356636,-0.2142125775250439,-0.2142607029478277,-0.21742240229406254,-0.20130320950030195,-0.18236143992923412,-0.1470945709007933,-0.1358615729517966,-0.16656108747130488,-0.18498493444084443,-0.17532021657810448,-0.08032742126144929,-0.07276011113438739,-0.0903493003611353,-0.109696925097067,-0.20554480041079648,-0.2615191962000381,-0.2470084894015611,-0.22134512665703912,-0.16967301729593123,-0.16853727686727638,-0.2284589192463104,-0.23935035311020791,-0.18020743785854965,-0.09353096257596459,-0.02723936586984283,0.025504576873647666,0.1257272810610694,0.09450220451674947,0.07364316891492487,0.1037360225363228,0.017784993450535587,-0.16332859401009653,-0.39190392638752725,-0.45733215334826316,-0.5213643066676832,-0.7236070285672089,-0.7432464457000255,-0.6906499991228686,-0.6199707667955702,-0.567774002505801,-0.5578416286406118,-0.459026887528594,-0.42734166461140444,-0.3985581521596066,-0.5062442378348704,-0.7248524895071358,-0.6547442102273743,-0.5559758011272288,-0.7351600039938447,-1.4253132128754367,-0.17407415461109546,0.08780705059564957
stat_65,-0.20124867116247933,-0.21054325258101608,-0.2291906311971447,-0.21982479207184355,-0.21271972558261476,-0.18782958532277397,-0.12251039875924179,-0.07004954959637998,0.016589658367989524,0.08542764489076644,0.10283272717313706,0.10004729676252413,0.06409137220029085,0.07142382467421705,0.049163876419301145,0.03863327584582451,0.04367103921531607,0.01544065056071615,0.02160331844561816,-0.023650769400941494,-0.07240314711644973,-0.06452921519334577,-0.04380064399443741,-0.04324091994685828,-0.09098386844776792,-0.1219131638814119,-0.14536059564466847,-0.14568595099292667,-0.1720717268054008,-0.2240340829504616,-0.23436019814004316,-0.23477424258407054,-0.19837467673666448,-0.1658189015837959,-0.16543591302100216,-0.14759636535826245,-0.09025762502435332,-0.057222936430011286,-0.04699223259579767,-0.11518649136005152,-0.028090703510647165,0.017530926769702478,0.028463932912145714,0.026889407529722794,0.0013814803240100868,-0.01565214534246127,-0.10225585742738368,-0.2030826123092509,-0.29755610744299515,-0.30478345293988707,-0.28838640622034006,-0.2765284471576088,-0.23765375079234455,-0.17414492385247649,-0.14091304666905297,-0.14245439001530777,-0.08437951427533902,0.03677843497517828,0.00026716913163267887,-0.1174874612780842,-0.04072656128038632,0.08272762352059317,-0.04064148272906225,-0.11556222033959143,-0.1525101421238996,-0.1134217844520116,-0.034473035337396415,-0.018746933808942955,-0.017937656751757222,-0.02867735460134636,-0.08316208769305196,-0.18056116881389056,-0.3057066165197156,-0.36220840361220896,-0.3851798724482635,-0.3355435928545897,-0.2493023089191766,-0.17043449084089124,-0.06153216240310643,-0.131503733917012,-0.37695637533320553,-0.4208982533461074,-0.18531395098244652,-0.3380468736690062
stat_66,-0.15696786490080356,-0.032669203884050924,0.007224000755155859,0.009093419734011295,-0.0030537784261359916,-0.0658536049592846,-0.1349047582875336,-0.10114149462800065,-0.07584198639282905,-0.0978064131477237,-0.11707716905746916,-0.11560447670682006,-0.09181870627536518,-0.14094336223924736,-0.24838701465207927,-0.33028264041010624,-0.33696183062180246,-0.31681356541247085,-0.31711184681575744,-0.4098558405155489,-0.5550060784228893,-0.6652315058783962,-0.6967568036366423,-0.7010829639871283,-0.753510581759439,-0.7103148199935941,-0.633238124971619,-0.6304777594948322,-0.5974531107653038,-0.5815310522763382,-0.49636457887982594,-0.4451423940612865,-0.39160768203635266,-0.3493591954202542,-0.3421018681424923,-0.28291530792274366,-0.21204708584526663,-0.15773572906420422,-0.12337328468055585,0.058836990275164,0.2702078747238662,0.3016947757856668,0.33601983632926263,0.3207041571057693,0.2896290564488245,0.25482162059334834,0.14407359071163933,0.034734871382381925,-0.06569541030615647,-0.11408810382834075,-0.17488713706218867,-0.316131998653069,-0.4745232356197666,-0.5476092493638963,-0.6719815893384316,-0.8558902979171321,-0.9406003434704721,-0.8887156018128342,-0.8027770137183393,-0.7478716171974125,-0.4962705739009782,-0.38635077049207944,-0.5097670162426785,-0.5584914591993554,-0.4440505744131025,-0.3527896400800461,-0.3125162377960143,-0.338651052617279,-0.3168256977300581,-0.18778417796172758,-0.2973375467751194,-0.5120495201917113,-0.347881531992923,-0.07086551839084057,-0.08664728539064336,-0.06796697408377596,-0.1644768475944066,-0.48830184795059667,-0.04379137138718706,-0.11991836583594834,-0.7985670327742924,-0.7923980211146874,-0.8090214246274328,-0.6430924533387948
stat_67,-0.5045997802410123,-0.5161293719942821,-0.4844374868162978,-0.38249029110034327,-0.4029424903067955,-0.37756892624759486,-0.3706620351955778,-0.36521596792509775,-0.3044211434591719,-0.35628579123704984,-0.40035309213497056,-0.4030275194318722,-0.4475991780392135,-0.41567682427590624,-0.3799462621027118,-0.3579090387782373,-0.3005769180134769,-0.2621161920591904,-0.24955807414297143,-0.23900049875086338,-0.2376776876704293,-0.3099303670767463,-0.28595775053336975,-0.278677691112224,-0.31310743403002134,-0.3312703323259279,-0.31333642807202616,-0.3126703390307052,-0.2986710522775613,-0.2820664870045132,-0.22097601731664018,-0.17903033489790773,-0.18327480014695693,-0.22537503840263856,-0.22231993057696592,-0.21412327965121405,-0.15733954102811193,-0.12294789709517555,-0.13418057438947334,-0.15891089662397165,-0.15938315016426624,-0.15384272654561398,-0.18009245408986507,-0.11295346720475324,-0.0876227009664718,-0.11369784650824921,-0.1900283695657486,-0.23404499942997362,-0.22475459109292173,-0.14381872611023067,-0.05971971242551011,-0.10570237163840324,-0.21271273476287902,-0.24585354880990526,-0.26664021519429987,-0.32897891402813767,-0.2563332973284425,-0.16957281519300324,-0.20989086868966844,-0.2382438484486351,-0.15422908528633986,-0.18372839102405286,-0.3513853475549302,-0.39182358789306865,-0.34397510727603003,-0.3865903169441464,-0.4539921205718164,-0.5515886138413758,-0.42610071098074054,-0.27087226394450753,-0.3701081135078604,-0.4697859983839881,-0.4983516719123203,-0.5016731013900617,-0.5233084818247353,-0.6369870244455761,-0.6329157242057436,-0.601203769364694,-0.3923687943314648,-0.39643343204298337,-0.7840069718756163,-1.1969498075922032,-0.3490364687162834,-0.1892246630410137
stat_68,0.49008011681811786,0.5155401871288133,0.5737661144400064,0.5790015823665552,0.43160752555553006,0.32363692334674454,0.15797306543143602,0.0745791114109168,0.023811768778510455,-0.10466680648309223,-0.18137466123986223,-0.1850264588661066,-0.2033934419454404,-0.20130956343475126,-0.15348616615183952,-0.11784024169796015,-0.09242621854027316,-0.05936471590710228,-0.04999316032337379,-0.009288092300465928,-0.016192732894427183,-0.06993085170102804,-0.08023174544648747,-0.08885855439139823,-0.16381942557695994,-0.18541207277124874,-0.15989884123345227,-0.15920035529123566,-0.16906074442456967,-0.10326296294433238,-0.04766677278478315,0.03287185453087343,0.07056401882765112,0.06914055101773299,0.06673961727361699,0.07245716972054961,0.07546530502436222,0.030477424954677968,0.03529389764994767,-0.10345414721126805,-0.1440234155176519,-0.16183098683261393,-0.12071422873910628,0.041033268911833704,0.010393856789535057,-0.00408063672646292,-0.020605966806649192,0.01285667029361322,0.02542177187403454,0.004066166251104788,-0.00989862055356493,-0.0682820085243122,-0.14611068569455532,-0.1806523954470791,-0.2055230307972506,-0.23788820652402987,-0.12431482404724907,-0.04305981990023641,-0.0451141040660837,-0.016791924093450806,0.04889013641673255,-0.019925412782995026,-0.17883356598568442,-0.2408733372080915,-0.25538114352175095,-0.27778946578801506,-0.2713427664811349,-0.3432262679100304,-0.22900499413115294,0.01261802460773477,0.051705618482119346,0.08841485149467421,0.24233494589944743,0.44094923446694817,0.5980912611094696,0.6045421651721026,0.5093036941009661,0.5816037099961697,0.2909172265506812,0.109393648569494,0.02612535350517428,0.4123522480399438,-0.2978937981154737,-0.24380942710929396
stat_69,-0.8242000417223169,-0.7867664679310848,-0.7483338611404249,-0.6703739549274886,-0.6410438043425674,-0.6530725649786496,-0.6275192013175075,-0.6613495182896962,-0.6290725066146099,-0.6980265292917386,-0.7358282603444813,-0.7397856465944719,-0.769820492423083,-0.6896240823969125,-0.6060641879155029,-0.5801599024596772,-0.5467264150781398,-0.49686526826737665,-0.48427735555965296,-0.45139800097083044,-0.4260379890002168,-0.5345473608320401,-0.5392526956523765,-0.5350670180882056,-0.5740205016352349,-0.5785581896353726,-0.5458035113049892,-0.5447741240118747,-0.5587952703839428,-0.5412067682278536,-0.4888605809601911,-0.48073120241212947,-0.4805633896501427,-0.4056207664770417,-0.3953916361797699,-0.3704382374867274,-0.3508327636381267,-0.3586840567246382,-0.3752505977997547,-0.12479690850937523,-0.26941342164810433,-0.2646488818814774,-0.18163665751184455,-0.1423108229678103,-0.3032931405528075,-0.2668106873330573,-0.2569845631181913,-0.2934849912204626,-0.3758075067210949,-0.4387449630691544,-0.41120617800088566,-0.42379324802566243,-0.503407232014276,-0.4978725871976037,-0.4849139034615954,-0.5482562070533521,-0.5388297128795532,-0.414150727649631,-0.39383768393503327,-0.4211224654153561,-0.40046431610398836,-0.4047946408996204,-0.496276075986876,-0.4948903815438207,-0.48815511032218284,-0.6079607822086169,-0.7924783072963791,-0.8318029855475435,-0.7792028845959247,-0.6931367063539398,-0.7042517375057319,-0.7279381202374532,-0.8027209965794706,-0.8040811010165906,-0.8258846581378332,-0.845247016053559,-0.8499520381429284,-1.015629572150694,-0.741052037879134,-0.724123350257761,-1.1859930211655387,-1.9864401495765018,-0.251438401002798,-0.13656578333055835
stat_7,1.0731500598492645,1.1119200360504229,1.1462378290953805,1.1364458353095814,1.0953366374318017,1.128280087827558,1.1414249801768879,1.1244332931933452,1.0422618869347282,0.9377663973429865,0.9703092874303625,0.9788321820563878,1.0960842913592268,1.1152559524901036,1.1098270949615112,0.9277277784956588,0.7941045503106601,0.7471001967956985,0.7353635568468868,0.6864864295881172,0.5651835886012738,0.5251680352087403,0.4503509856516269,0.45705058864145015,0.49673119447708297,0.5394227093206672,0.5630582314345514,0.5681995255185135,0.6833275440895762,0.745234761210948,0.8220681493164298,0.81580918598829,0.6717897651485765,0.6027149623067715,0.5952291932729573,0.4825005154334531,0.31325833541266557,0.1740886127814459,0.08721978873633275,,-0.6862753999624748,-0.8305748233523159,-0.7065331643764436,-0.569937021454716,-0.4001735811553447,-0.22931155253119292,-0.008228702854840767,0.16868148746314177,0.3767220321337841,0.5430496687707022,0.8182719142896703,0.9173967386778372,0.816214151957395,0.6182114624697578,0.5004704048222731,0.5195442039329236,0.3562375869596627,0.22348265573107862,0.24347953389452384,0.38649215711630075,0.538273498228071,0.5525009774285607,0.5954127636611702,0.8198245255890563,1.0340580378767728,1.0366146672472376,0.9678504988144314,0.7270966760719342,0.705307436127491,1.0442820682840601,1.1318939405286983,1.1205350910221885,1.1681751236702023,1.1017634273061374,1.1168862127494132,1.2065861759963739,1.1668394052649573,1.0880180992930628,1.029653801882623,0.8316816530700822,0.600864388022661,1.764068266326479,-0.5623414025101234,-0.6985879724359312
stat_70,-0.3090287704000854,-0.35386050461965596,-0.43094195650580736,-0.5420778916284891,-0.6404481848377388,-0.7442003585608447,-0.8246641501234675,-0.7930660345705746,-0.6992001921102722,-0.5819692504021224,-0.49020317021677495,-0.48713450019562343,-0.4197649914937619,-0.3058246031089703,-0.2509645816255881,-0.1983328533360054,-0.1208916255493704,-0.08920386613787203,-0.07264643027323071,-0.02072152597674532,0.021900225001365736,0.057986792916627,0.0811131572666943,0.08466682719272405,0.09522515285848027,0.0961260067090259,0.09516673350877161,0.09314269304632673,0.0462446727634533,0.013819192770692582,0.003300491104243469,-0.012869878169617882,0.006817069651265138,0.01767238737204545,0.022698459736763023,0.05346038290537024,0.09492176634479767,0.11579008061334463,0.1294876412401794,0.27832848309994473,0.29805895635317464,0.3491018022273523,0.36787064746728115,0.30204546868259313,0.3061830582588917,0.2953101956477789,0.20682502628231914,0.10882563440542009,0.0490750236004694,0.028620201497316165,0.021311408888725618,0.04237994742909771,0.12468274362154444,0.18797871302945843,0.2510774666858685,0.2978439130036253,0.3718649191859756,0.42030695082910513,0.3800413122781757,0.3109741512647772,0.23849388303714913,0.148120082540681,0.10607278038902311,0.039191866113971074,-0.0605082044657348,-0.22147641498046075,-0.4099443806469999,-0.5771916425826733,-0.7547175285710314,-0.9344648804726292,-1.0347604178754646,-1.1202076646951589,-1.1132353286598897,-0.9320047686009252,-0.7851455163427029,-0.693808587653924,-0.6138779103187711,-0.5871558411684396,-0.23509947994611294,-0.1996603622654758,-0.8997630953932466,-1.2688131828456692,-0.6565429566918897,-0.4458439251463322
stat_71,0.8461157062845005,0.9103193744642749,0.9512038982607497,0.973786794852488,0.982359539409331,1.0643846826485506,1.150757021298497,1.2238929694435337,1.299596516890353,1.2656338610086229,1.1944314666841351,1.1916464780847646,1.1567447763757113,1.0658759671413995,0.9670875155039478,0.9054491872273541,0.8582873129650476,0.8054641090814117,0.8093308518765452,0.8477992356306191,0.8412340796242566,0.7816248406807687,0.681599207604029,0.6660654714989928,0.5470821803709817,0.4524484327739275,0.4059912082635236,0.4052597917666173,0.31293336060382576,0.27259229381889033,0.22434525587667425,0.2628797339619143,0.28450530252169376,0.26474944181648646,0.2698834971159112,0.26075721138325825,0.23238611612933394,0.22139472293781662,0.2049568461606626,-0.09944486942344564,-0.04969322771916102,-0.08486748074306467,-0.12618022655481695,-0.10282635729469182,-0.039729934874239425,-0.03269835368840927,0.0006491999474776022,0.032517487438918656,0.07383587998101684,0.118921094137612,0.13428333366954084,0.15899755328429152,0.1117237742626035,0.05675870778277535,0.14001595958689278,0.26618737920554886,0.3570979174522943,0.49171879274749497,0.7538248947911178,0.841330919711389,0.7680498254764286,0.7660184522981445,0.814316638201852,0.9230709344586132,1.023329262656598,1.1507298569750888,1.2429546105052842,1.2830921453976638,1.3399754725257886,1.3474964284865572,1.1686112802666369,1.0561106066459012,0.9787945831422807,0.8684674827094285,0.7879032513139007,0.7407852188017159,0.7198726902951937,0.7277395232883802,0.889138204945615,0.7799418402479905,0.8368867510149937,1.8113321562633176,-0.3517542683237512,-0.26338521469412457
stat_72,0.018875909228946882,0.07333917564928871,0.12319363423489975,0.15989282012908754,0.18514570429429003,0.22029856698710645,0.2619988650777007,0.2988453481406088,0.27787459929896485,0.23548615070740878,0.19625520850213257,0.19146250762649386,0.15161963040986493,0.16587804897925837,0.20899730686803508,0.2439430940591351,0.27883754521623055,0.30529102069562736,0.3159758672512197,0.33228922831569085,0.34044652062978775,0.3774443724095535,0.4109544530610555,0.4182138671685038,0.4563600668081839,0.4597719095513454,0.47093299512858383,0.4714846011154492,0.4762085178455684,0.46396563214295344,0.47816125053719083,0.4849993566514795,0.49018301877051096,0.5086235179142862,0.5111805542355745,0.5196813334451527,0.5555244676001226,0.5785142476219991,0.5916149852343793,0.06842567039973926,0.19361140647311167,0.31618834163437454,0.454017477838683,0.5514771429622317,0.5814967079288496,0.586530901613977,0.5439074157076503,0.47032878592976457,0.4341238825829941,0.4379116354179028,0.49273935227494353,0.5242432110369215,0.4996289708730286,0.4981796536899035,0.5154699077707189,0.5327258892299572,0.5571412976932795,0.503267540534891,0.37757872986936203,0.25664106580910706,0.21938007625038158,0.20899898251090776,0.23598575965283172,0.18079966667878344,0.09248369381417675,0.10488858862569898,0.17681353042800008,0.2054896439383516,0.24208343977991,0.29120341508182956,0.24660226764310314,0.1901217706735603,0.18649943328622853,0.15605231233217082,0.12357461103482391,0.1026535693058105,-0.02383636773556212,-0.15799022949259311,0.09958090239234725,0.12143057176697888,0.3800762472515236,0.4050193701124856,0.2846420147813343,0.46065370205578354
stat_73,0.1426886834554813,0.09189234712178454,0.10913444253900642,0.1701644203492398,0.2316659080663675,0.2741195184513618,0.2675376537550279,0.17837542331377282,0.15482885575794725,0.22008824514754166,0.2677866267593224,0.26728737731643754,0.22369209872132273,0.2843343678093457,0.36300894553424684,0.3714359171072472,0.32626734707092486,0.2918476673103517,0.28893001660634676,0.25351866130831285,0.19606412881979923,0.15788638147099793,0.11061942173321186,0.09978912547776504,0.007831737519175184,-0.057017617312093274,-0.10562372617691435,-0.1078105146740779,-0.1258690020783544,-0.08086287020369637,-0.006233389921914429,0.020454820027956185,0.024322236181179253,0.011060891346711389,0.011131864513180852,0.004562447274253504,0.015460046086947891,0.03644495435667258,0.09753393118407531,-0.05757833492902802,-0.0007157856398575102,0.07159935426701039,0.06461699475508015,0.036593368150033334,-0.007401579367474588,0.04053747022122464,0.062362564343386766,0.04873653524117815,0.0322548731317453,-0.0006401218200482751,-0.05825002489066668,-0.0870608436877095,-0.11520276371690003,-0.18601306530956552,-0.3029940190678223,-0.348035903062524,-0.24445744178466597,-0.08409122199270333,0.06829006454260414,0.1808767442690292,0.22879901677524758,0.17108417182182503,0.2515537239632287,0.386077863943475,0.3755700986776509,0.27262473707272605,0.18763959573924416,0.2948848527803799,0.2777635435599953,0.1738848007094496,0.23918716292069622,0.29767796038487354,0.2727547596631421,0.15043681034992537,0.0444896260676983,-0.04602421789628373,-0.16722577623152418,-0.09666141354052017,0.195849308292421,0.1664958550417781,0.16739809584800874,0.10638203452687471,-0.09098812604106676,0.2742933733817117
stat_74,-0.09510136124564147,0.001856057307888642,0.005836281552361384,0.046047509808900496,0.08652790942311496,0.07308194230616692,0.13475525148308753,0.17995833048601292,0.2734086547715028,0.3175060385387192,0.42171995487107666,0.4271616167500117,0.4195951356030425,0.43115391524937946,0.4858988433592761,0.4646369543934991,0.44838222400818745,0.485884016126137,0.5037846897343081,0.5734618254517864,0.5861794013467827,0.5156063726566507,0.4582424506376648,0.4557444068862497,0.3755144741988088,0.2991314800500657,0.27614209094788555,0.27606691289955304,0.2723630778424582,0.2628040575497244,0.2912571455867065,0.31127197176528615,0.29498942507692577,0.3031607363717128,0.3069704617643349,0.3193038374151387,0.3309785544601863,0.3422521985363231,0.32615996996632424,0.035675471098288516,0.19278893145682705,0.21289283169643522,0.27001771975885686,0.3863695781763493,0.40425314520959366,0.3933991068946166,0.3584499485041474,0.2968976682768665,0.24399574044582678,0.16274448973838537,0.19374908072222302,0.2724013602826171,0.25807674867924124,0.24801812444905857,0.24951667273699338,0.23267460444039767,0.334690143275483,0.5872813351098151,0.7296059878604567,0.6949049499810331,0.6578606339561485,0.5742986363709257,0.47054129640209447,0.40802969867412087,0.37329626887496997,0.36098916610465526,0.4406363867326895,0.45948707039412895,0.3963461964928655,0.2941675558680046,0.10675694573993158,0.001325996213280986,-0.024872396333503903,-0.04488324747824939,-0.06963521129694691,-0.06195307212764635,-0.11152729364087659,-0.2985492931184343,-0.022706025043146994,0.1606835476980127,-0.07462930114232595,-0.03266706040756426,0.008351970420080339,0.08801093597362687
stat_75,-0.04981917558529424,-0.07795149533435951,-0.14190875585009982,-0.1043072534886387,-0.023672007492779257,0.05044807918577006,0.023152284609285378,0.03499677504804839,0.006609337430987757,-0.03303759731552214,-0.08016604161942666,-0.08402120642095856,-0.14196790952323934,-0.13226076431255152,-0.1426000225216483,-0.2165862138433717,-0.24185868503622557,-0.29682085635079275,-0.3010773866704839,-0.28629640778001575,-0.289674389692515,-0.302387980393279,-0.3073930491448785,-0.3086614955261029,-0.3140882312736191,-0.2541591108697202,-0.22642809337710737,-0.22650715467664764,-0.20246871493865545,-0.190165027747464,-0.21177117028394413,-0.27159008669037266,-0.2873200933767843,-0.27962912389202044,-0.2750282453264075,-0.244058919313408,-0.2699844428790157,-0.24557790909379934,-0.18444471781033622,,,,,,-0.22752354501057312,-0.3312673602002152,-0.32139004581575675,-0.2543639689575704,-0.3287477510388008,-0.35927415489425096,-0.32606769094240995,-0.22874612529402846,-0.1813256199259142,-0.18016082116260437,-0.23146513388087842,-0.33351450589215526,-0.4807911640634867,-0.4421939192854045,-0.37645837765975904,-0.4259683769784619,-0.48939188757212576,-0.39310643746825497,-0.2310243865484889,-0.23561581314440164,-0.28303430513226147,-0.2530682636183142,-0.18762805556287995,-0.0558999563918468,0.03573034699569275,0.10387478743048645,0.15546149603032391,0.17900503065004164,0.16142210646351704,0.0847219498010622,-0.07973499351659614,-0.16115860583177047,-0.009280622700402917,-0.045453700614536297,-0.12523135265096547,-0.08996491713066837,-0.02317289089054285,-0.06330715178961015,0.22945951942210382,0.0840730002152614
stat_76,-0.2674135814326379,-0.27398194992106767,-0.32184805994370325,-0.26986705825231955,-0.16448807738188861,-0.05089761665313078,-0.0402967140112684,-0.020997083002743916,-0.06386538038108762,-0.08725854627559515,0.0071665249395370155,0.015462270440734631,0.10457118036001019,0.17798823225006147,0.2835802416707966,0.28387673096154037,0.29695759198693067,0.3097208483315338,0.312780055995448,0.31596314866904734,0.33005086757259566,0.361212510496655,0.37803641739667987,0.3745990081641499,0.31787753967082916,0.24088086821531607,0.18239919936004265,0.17908279549653663,0.1416032789327529,0.10736716978767523,0.11339401214630825,0.10680547952033301,0.10897840499543084,0.10779646503309194,0.10763770073930418,0.13601820857154734,0.18594983179087607,0.2465472318375139,0.2763840155242779,0.2406034750331278,0.2789819066400564,0.3415580953899161,0.3914335496991464,0.39570602486938533,0.3103415187588623,0.20164882302978823,0.07797354063009583,0.0331215474662681,0.12375520989246587,0.1392431993606578,0.12050674727673709,0.08433653843280992,0.045096712977595786,0.08439712629688458,0.16937710508372725,0.2635324590380163,0.45754987059438595,0.580489958881201,0.575639197035161,0.5328032110802052,0.48016395336298623,0.4083860217546801,0.35827509652140177,0.3105939612592585,0.2562601247176428,0.20451984618203034,0.12232025094298044,0.05059890030574792,-0.07989266022640426,-0.20685627969479878,-0.09247490801451229,-0.006952416089078894,-0.05940709672293658,-0.18635507959582456,-0.40315289794882075,-0.4293430865981706,-0.26287530625586786,-0.23910320846496944,-0.14363320680150105,0.015867623645852497,-0.27577857194890165,-0.4926772385326338,0.011070369144592787,0.1386966970928668
stat_77,1.2572301326330857,1.2074932415197166,1.0952172728815803,1.0494871328437605,1.1092012346182598,1.185385242108697,1.1757044807284986,1.176249884343514,1.1562979191776297,1.132840728082728,1.115229404208347,1.1151751111578245,1.1064876980053888,1.083633212972965,1.014848054749891,0.9068648984662387,0.7822761669944318,0.7222777663922508,0.7084237583461526,0.6696191096149898,0.6358583052752571,0.6533505909892622,0.6813989118216147,0.6904128062594224,0.6915809223770534,0.6931498808491757,0.6859477957147739,0.6844278609972648,0.6326224127052733,0.5565821098627637,0.5531306443697099,0.5469734943203901,0.5376520630184399,0.5172806580037482,0.5166297900143465,0.4717042264939004,0.4829531001904468,0.44301210895144194,0.4436191586224406,0.008080443848473227,0.0019395759330449974,-0.09873991463233303,-0.05524372857941958,-0.0004562117844047836,-0.0019525107107453044,0.017301461770673727,0.17098849370384897,0.2941544552503931,0.31892089794054085,0.29731883579783336,0.26184358336401686,0.3135807397177613,0.4085874671372731,0.45891642458260784,0.5415982328211023,0.5588398673318542,0.5601668556138713,0.5347593552710056,0.3973615045254262,0.22675447920286726,0.21361092577559734,0.1962177159537369,0.23790825221464384,0.4491586438334804,0.6477946183665629,0.8057215503510046,0.9559258377200496,0.9746711098736152,0.9732256950133895,1.0415670446164698,1.0824696425929314,1.129120889307068,1.070942080906007,0.9491535650139841,0.91547539724741,1.074520060630688,1.2045782324161058,1.16953116773686,1.1801169514674679,1.0704083832716964,0.9637074569393799,2.144083976742763,-0.4615558964490778,-0.36233685434519675
stat_78,0.20333196213791316,0.2490716038133911,0.18494940542942043,0.2437955552822043,0.23317065391029004,0.26944345370143336,0.1916984112819482,0.14532533186245442,0.06290411277937467,0.09903909203006278,0.1578729304432274,0.15701294147383396,0.12635510024042934,0.09405537129346744,0.024388691452364334,0.06446966893247477,0.095620419978761,0.14228094196500193,0.16225020401169232,0.20271752221738695,0.17073198236884923,0.09063805163579473,0.0702812123609658,0.07049491283923301,0.034090136770917275,0.06919017920293025,0.0663160413662484,0.0652319539954019,0.03178649619858814,-0.017289357218309497,-0.017264601501881943,0.02869841386545981,0.0479355179798903,0.06209841216578925,0.06515130221210635,0.05020071463415755,0.03886074087404031,0.054906025925174615,0.05962010019101775,-0.18736214053658232,-0.024687777752411023,0.03128440238874135,0.05941272397037603,0.0842665630977814,0.03578232407199439,-0.024977478206316173,-0.015441973242677449,0.05442663188116258,0.07786933705062116,0.04666079622489843,0.012651176833853622,-0.018285824996797755,0.021094156072651127,0.12384234380703145,0.12738589333999703,-0.01496817145309351,0.00945753963843604,0.1799065356023846,0.3308357999044033,0.3497957099355546,0.30516260120206795,0.2629999746922866,0.30895982558299917,0.19934293572379372,0.07739066616996429,0.08142836412319948,0.1026340245606564,0.09012697818219086,0.051640516346858616,0.06425879058728654,0.27219621626935075,0.3468246771026275,0.1749802262742372,0.08654411601120708,0.08709959398370208,0.22580896573184045,0.3960853763769195,0.23520516880362968,0.0041987402210848885,-0.021815516893685452,0.14666099299209684,0.1515842684960221,0.16427425369144089,0.18379432116402442
stat_79,0.5857212104441369,0.547713086589811,0.5460150497625953,0.6105216416723962,0.6315947614180375,0.5266729414604472,0.4450436633189017,0.4109417364720361,0.4670845401741915,0.6151977382593582,0.6155366602010242,0.6088620970321217,0.5935061538317736,0.5670052809304076,0.5403377597556844,0.44682700130001946,0.3274425716969727,0.308546699389717,0.30136004087628665,0.24663105058352258,0.2478364252998435,0.31794111532338076,0.36405898244036417,0.36431506853633605,0.3574825783862774,0.36485717396092326,0.3177022622787693,0.3158200499720586,0.3483736404611374,0.32683448074752325,0.25103801585287394,0.17896976437442114,0.10623993916207591,0.0035611211269470327,-0.008956618630779326,-0.014737781305998201,0.012127965883440507,-0.015022443534353768,0.003922967133448085,,,,0.154353599709422,-0.025520480267353852,-0.017440876803658314,-0.12274880183171678,-0.20525246367154504,-0.2829501410760084,-0.30621843395601483,-0.09772159550598002,0.11332428808988665,0.1927703340337065,0.34297956629641235,0.48632833933768793,0.26072138185243654,0.25390268284376927,0.4642011790488199,0.41855634148923737,0.2265085278949793,0.12961948064759232,0.0818335858151662,0.04133764549574122,0.15897861144175993,0.4577579842724148,0.5633818789069653,0.5737611004801427,0.7122586014669857,0.8194407251077298,0.6930570839998026,0.4189672471072414,0.34624822532045896,0.42664513598749926,0.6331316433695553,0.8170277686516522,0.7190955418985148,0.6072997984831375,0.6226326317003116,0.7288284520109158,0.5004532267624208,0.4408368887736105,0.3544706605260711,0.9704362070693814,-0.11916624784416671,-0.31508860872189964
stat_8,0.12722537129334896,0.12941914707188815,0.20023923867387666,0.26276126101951097,0.27850236847656434,0.20938251204933833,0.19547187918260645,0.2801298316562379,0.3647500880986501,0.3588502243067162,0.3501383497583493,0.3493571157662246,0.3130903490906179,0.24368486621843163,0.1572365734341071,0.05292640100404557,-0.03828330153748051,-0.04068233627469884,-0.03430842819995654,-0.0542178224153757,-0.049813212162739796,-0.03999556680130794,-0.0022088937796622852,0.012080501381678174,0.08481397801897932,0.12816304223825578,0.1601829310987565,0.16395620706624772,0.21216941269836515,0.2091930605756263,0.26167133703781104,0.27115955176815126,0.25860362257352565,0.27771276329484007,0.28248336778590766,0.3005169677394506,0.3273599494522209,0.34152699692051325,0.33400089122465476,-0.08855115314903271,0.10148548539761514,0.16626194551854567,0.17254406294269797,0.21924775424106513,0.33133316765233195,0.32363717030694555,0.23442162293216276,0.2521730139171088,0.34998749198321566,0.4685471945717464,0.5543370591741533,0.45109235422645516,0.31826239770459985,0.28287627929174103,0.27448120724256153,0.2597803495042157,0.3278446216451011,0.28235820042519294,0.13198178301585914,0.08661010496767416,0.004523297820599361,-0.0401638523854261,-0.07513282240309263,0.08267917500258777,0.2389131579851168,0.32036455661796137,0.4420057926080604,0.4203397815221854,0.3697681443448334,0.33025101789602596,0.2702567867875943,0.19557210906286726,0.19380260366042326,0.33868847274062314,0.38401907494060133,0.2536755154822477,0.12978570607668483,0.16975390705440424,0.10709445352535137,0.1282766806676596,0.1781774115803171,0.16417929990722555,-0.22276580369892837,0.10773586570969225
stat_80,-0.7124409012363784,-0.7435963118081531,-0.7618341164948702,-0.7254560219348866,-0.6423207086205278,-0.6085540918483303,-0.6612750213291038,-0.6691690634907869,-0.6167588107845227,-0.5412911497265319,-0.5258464715789748,-0.5269684896585554,-0.5492799740823293,-0.5470793630353975,-0.5216408657675278,-0.5401593668125867,-0.6033763508352055,-0.6254807146527721,-0.633627347048085,-0.6598082009917434,-0.6217288142577572,-0.578456605407021,-0.576430130584818,-0.5756412327535209,-0.5526349306828926,-0.5010177212555822,-0.5329745729241311,-0.5337212042342687,-0.4812127446127499,-0.4361329648601521,-0.45739096968842824,-0.4568427330306982,-0.47199210045818524,-0.4987079258635214,-0.49153825346092184,-0.46305005957860507,-0.4166195555918502,-0.37574126574116123,-0.41643562883864627,-0.11806230389052813,-0.08388179032801062,-0.19814171269766825,-0.2059476711322556,-0.23263897662599228,-0.2379216345748199,-0.28314261856939005,-0.34761429813135986,-0.37756121706897744,-0.36865341194152895,-0.3476285433443944,-0.37376438057945377,-0.3825326559264888,-0.34093328077610424,-0.3869986307361762,-0.5027490110272885,-0.512868842655174,-0.5115258375348576,-0.5337708031870303,-0.5022729760643382,-0.46393528427715575,-0.5773171469401871,-0.6393519757395678,-0.5338679156275524,-0.4446154362267031,-0.5190530707012663,-0.5858093532968097,-0.5742981501122951,-0.5633238418267662,-0.5907082454936059,-0.6859619473766959,-0.7995255465941045,-0.7185891314757801,-0.5651450398214195,-0.5158378427497723,-0.6789017742287674,-0.798223393430356,-0.7641917564106645,-0.6859522979460688,-0.7237631939084802,-0.715058009571354,-0.8132982044132075,-1.4912626847525978,0.22905550104583997,-0.06655787643438994
stat_81,-0.1068112788303391,-0.17450282409809667,-0.22177388105368265,-0.3869690554474142,-0.3539905845898532,-0.28954322041219205,-0.19088288391832953,-0.1494415502986267,-0.23892484383781043,-0.3425248142651927,-0.3788943859873372,-0.380739615505894,-0.3768585301573848,-0.38113038507712155,-0.4087756241551578,-0.3922131988307511,-0.35910544203396877,-0.3483153435716254,-0.3335702228301635,-0.29925003349815116,-0.313348030011834,-0.254219579805125,-0.22860315443082746,-0.23069527943910592,-0.19071422919712958,-0.20552516947236849,-0.1954031139933804,-0.19333449201932493,-0.17238377843920982,-0.22773865547033015,-0.2553630151840047,-0.2987122883065285,-0.2884283173192711,-0.29351213022460837,-0.29913207629947147,-0.26384563567185465,-0.26668700701497383,-0.18938170468236223,-0.19158737749834656,,,,,,-0.25678862104200073,-0.23707094733258602,-0.258782938334623,-0.2652272667245751,-0.41932628450824033,-0.4150028854275701,-0.362756244272565,-0.3233068857636511,-0.229728512383003,-0.12140696498331859,-0.14007362360013886,-0.2716909021439443,-0.3319840673601903,-0.33624712796163514,-0.3506717545378691,-0.4057950047067435,-0.4464135651454168,-0.4137732817305999,-0.34127727664505364,-0.38550261554343385,-0.4975087740142137,-0.5436809818546848,-0.4639268661801984,-0.45571181570464603,-0.3109145374576154,0.0033429720799293735,-0.02977219531292242,-0.20470605051457597,-0.3054819417213043,-0.43941078958885726,-0.4369506829137726,-0.29812857909457247,-0.19497686407267806,-0.12724267805953027,-0.2934083873541504,-0.21258050859779273,-0.31456137498006753,-0.6120479410594648,0.13705151650639638,0.08108957747692357
stat_82,-0.2161830684914165,-0.3080870362499455,-0.2975707373056379,-0.2615871336900614,-0.20417308470660542,-0.055497594562812655,-0.03756476876318676,-0.0975606705893503,-0.2656721271839015,-0.304832961133455,-0.2580086048603262,-0.24442137237424863,-0.11392367045633282,-0.032774912362791335,-0.07994862909858717,-0.07151355520222684,-0.039999923818984984,0.0360095070005233,0.05178080952492753,0.09629698710190288,0.25716899916874136,0.22103224688288492,0.11985586412895437,0.10655266230965586,0.06833888215062849,0.18663320277374992,0.20490705629711922,0.2016517013776022,0.23245339610177224,0.29558591648490395,0.41531267342913625,0.4726064255862787,0.41777439650114084,0.3288153354705551,0.31950062827150577,0.1649520731266758,0.08593575732466335,0.016985913072401777,0.05471355950145552,,0.025516812289996214,-0.016107654102716064,-0.052335698443999636,0.1659395583964642,0.12275947289540312,0.03829882715135332,0.08047433755126897,0.20239116474271082,0.3557664129512908,0.5373208164313535,0.5670013793522505,0.4817135862037828,0.3696151180552523,0.27565620679532293,0.2557410233338684,0.2943778783959316,0.20192098397872962,0.16082790328449284,0.2771792272560114,0.2782959741605638,0.1364504637157466,0.11360555872062808,0.11060518252135416,0.09201129309954724,0.1185830306164209,0.11427282863811447,0.005446142473524652,-0.09522804204571197,-0.11295411497187362,-0.06785835867571341,0.004550161018467428,0.06764599407456894,0.018801829647112696,-0.12045104199904844,-0.0735924963488869,-0.06101193516114115,-0.140978486030037,-0.004530230261327592,-0.31097557081250427,-0.056665184828618306,0.24740635871627273,-0.01000044643424373,0.21184215259647418,0.24584923694082247
stat_83,,,,,,,,,,,,,,,,,,,,,,,,,,,,,,,,,,,,,,,,,,,,,,,,,,,,,,,,,,,,,,,,,,,,,,,,,,,,,,,,,,,,
stat_84,0.26171930072193555,0.23536607806993604,0.21276472095778612,0.18614654217853172,0.15611264218538878,0.15794601721123827,0.1619624568152187,0.1766311958805022,0.08172292497229894,0.02398537824672653,0.0593175715022062,0.06760183658197254,0.14550765453220013,0.10212641428492558,0.022301614436413972,0.05900706755687781,0.05247592796506755,-0.0018986474969231667,-0.009755288722499379,0.049810734925473714,0.23200440253236962,0.2783739528022624,0.2282591396750328,0.21082709711102537,0.11519912834085609,0.10795342820237852,0.1965346825792839,0.19575431272929336,0.2241177160264567,0.18079799014166512,0.10940504868410439,0.12568453317477027,0.10439563472854088,0.09552363218481191,0.08562317537791359,0.06447674194169248,0.1329868033014326,0.1542857216753214,0.13268627556137746,,-0.19009591782736424,-0.030383246745413147,-0.106193571848932,0.018310461385215172,0.15316574334553654,0.15437642597607706,0.15331967040644592,0.1177787652705721,0.10478817490703067,0.09788370764114512,0.07842937319981207,0.17688752356053095,0.20893843806701454,0.2317167464093149,0.39952026402817076,0.28824680488423293,0.16446880223970836,0.29875392673962514,0.4033940746465275,0.3681333562027159,0.16956863903788505,0.06692304751364049,0.08868836611011562,0.1535795002797711,0.07226787177306151,0.1201521940411905,0.2136922764981549,0.17335640901101645,0.10171060424029425,0.23052551333619645,0.33513541661347523,0.350783493272584,0.29121138240728567,0.182139382812791,0.2818887566964786,0.5198794189116982,0.627904540602701,0.5290985571490526,0.09659022138911855,0.009129302315802985,0.6836727897905405,0.7802063882188975,0.13732898120213768,0.2980051325768233
stat_85,-0.14930078326942436,-0.05600896576340732,0.020880403150535003,0.018278116302233978,-0.04865188166058449,-0.034152642508797314,-0.12063522611161547,-0.24558385575662775,-0.30971713405849444,-0.32073802429306325,-0.3044852766062824,-0.3038415702658566,-0.30177458905088117,-0.29115368584548657,-0.18621963225974422,-0.14509851990991782,-0.1247211696174916,-0.11906927694898,-0.13305437006436427,-0.21042025413318677,-0.20940526292788048,-0.21212302725877222,-0.14736800832617392,-0.13442962240617892,-0.0903497403108239,-0.03343680599702586,-0.008686109648852032,-0.00594466131847217,0.04305488642682697,0.10060524951728005,0.22749837150037838,0.3162362991098403,0.3373547641254015,0.32522203738512057,0.3232568692545091,0.3063366804522096,0.22913633208328035,0.1496702544322176,0.13580235361025766,-0.12464761605707785,-0.05961397835267503,-0.05410691076371355,0.04925041139280163,0.1135002683958671,0.14451776748870263,0.18253935641924632,0.2981590698062006,0.3712869041126953,0.40161923215303597,0.3903998717903586,0.3931962960943858,0.33672705860970453,0.13406783842550896,0.07934760380492838,0.1889472005939234,0.23513266756156256,0.06179465665166753,-0.003978419890500748,-0.09099109076471583,-0.2406180857492743,-0.21177233313203322,-0.15241755506118476,-0.12194317640991284,-0.12841512023741933,-0.2092713570644704,-0.2279900912409659,-0.20201505498674707,-0.26625944524579964,-0.31282761671117737,-0.31901088530616517,-0.23588254933675368,-0.07783458629686446,0.044293250618259616,0.052028976521206124,0.19690860236956992,0.2863457739426583,0.0958592655617828,-0.045240165869456006,-0.1516597603166483,-0.09005960328721317,0.23787714326121306,-0.03600549820218292,0.06716596353949207,0.31093549571402124
stat_86,0.038316120931471145,0.04091545660684685,0.13091546000387527,0.2092431024699692,0.21953677182914239,0.22035171844804105,0.2113759532503474,0.23220216239769023,0.2275850273918634,0.1901242413804635,0.16769912042057783,0.16216031756750726,0.023677790958453612,0.020294177822369752,-0.009526255616737575,0.04077608637894445,0.09675589882522091,0.17426208609042707,0.1722608763735514,0.19474683249280295,0.18074029036142733,0.1357485980905712,0.09476863688134803,0.08719441400860696,0.06957244411200887,0.10427824371564473,0.13725251687132875,0.1393323903764926,0.13727920141323963,0.182396099891247,0.22357586998381695,0.2842319177638761,0.2536567110152222,0.24019704193866134,0.24244418519609456,0.30171944773936177,0.38670218835646386,0.4153234477823054,0.39097545125504135,-0.20498984089069958,-0.1672037390827818,0.009306295291742579,0.07168911038041223,0.24388736879649942,0.3829070424726499,0.44658625470748337,0.4043362005781528,0.30786732058818683,0.23383824375634304,0.22463107677690308,0.2656046081649401,0.2604277552912565,0.14920598045012445,0.15125069268815805,0.29970829212180256,0.37044449344376545,0.24971400634731583,0.2309308103142456,0.2981320997128311,0.3302976400362974,0.34483450602730353,0.27752841638283643,0.08118628624997326,-0.030690374983648454,-0.06341946189603836,-0.0325925168504466,0.0923135742966485,0.2160097659613013,0.25620230251145687,0.25968292863197695,0.30340630975170335,0.24096339645372122,0.25091580985498313,0.49537076296781896,0.49770755554854407,0.13995321979361822,0.013874504898659218,-0.10590706382131232,0.13201699436375874,0.15044604876580372,0.31597890112189647,0.19390181324785744,-0.015773743821379596,0.16714068249834543
stat_87,0.5613865598003196,0.37587448072521945,0.26037267009682424,0.19823067760896346,0.1350077723828805,0.04579934066897493,-0.11314288009043941,-0.28917680478356517,-0.3639092795483106,-0.35031689308440206,-0.34916506994435703,-0.34960286496397436,-0.2978434765732418,-0.27495145553344125,-0.20429851221826972,-0.2114779047593775,-0.2162891747584318,-0.16387055018189445,-0.16419334845844533,-0.10246171267115131,-0.037677080281015525,0.042850036950644835,0.09120235062508361,0.08890372327958465,0.09437242767192067,0.13247088085882944,0.20832729210166767,0.21575272330625556,0.3392632835014578,0.4182923325498938,0.42457522708755613,0.48694698387677493,0.5248833938994439,0.5215548823252849,0.5221279348976188,0.4886709159213628,0.4401149472929089,0.4168109193064907,0.4387689997505683,0.37376883706683073,0.3055171623362,0.4379077748611572,0.4653794435209794,0.3725720945300223,0.4231959918628163,0.4823858570022013,0.5117346560112576,0.4764625465458398,0.45996349368932726,0.531211229978432,0.5627212975449581,0.4910676963645101,0.4246430122768262,0.4176535928397651,0.33714267756396,0.233972996047048,0.23409227249735268,0.20399786008519974,0.12851214437706204,0.11203386740614182,-0.037114654788485385,-0.1921768214686906,-0.20004323987095943,-0.18540584366175378,-0.17847893123289804,-0.30768325821827064,-0.3874733060753826,-0.4570063408505411,-0.48178331116650114,-0.437893814313197,-0.41189889163573007,-0.2323772839407741,-0.006493052051913593,0.10095573347837804,0.11168058484277073,0.2608169994056591,0.5041880178034773,0.7090816833149728,0.32141792559236787,0.24014287714353205,0.26770928322115606,0.6444445370019113,-0.02111209516912396,-0.18600282966769086
stat_88,-0.7922881401128713,-0.6949035293308987,-0.645613873517729,-0.6812415087906668,-0.6681394607084321,-0.6515237321382293,-0.5595446771952142,-0.6810593896907663,-0.5768874269156843,-0.4869231893482146,-0.364306707547997,-0.3645928332893086,-0.2564933103673258,-0.29542778399407077,-0.4488143240477337,-0.5020020482145289,-0.3874391216903477,-0.3444121060374155,-0.35439279337601215,-0.37143929777439155,-0.4557830063823211,-0.5262467965318907,-0.49178183662821195,-0.4805196267821211,-0.3991640969331543,-0.3747961020261586,-0.37472208462255746,-0.372956111047618,-0.38621423919518405,-0.3993007636221576,-0.3560392598844044,-0.24011601798401258,-0.11056212408174754,-0.022681393484076346,-0.014189304958753389,-0.008018007971352697,-0.02953911333060521,-0.02210187670126388,0.015886931265780665,-0.02642736326768113,-0.05203762062816845,0.11425626804843185,0.02495289627955138,0.05364675797654464,0.06107926973083268,0.006705773236742195,0.004286579192224137,0.13699003320558564,0.2102882285805911,0.07614579161738992,-0.2361763033115554,-0.3910541028525479,-0.32268561179632277,-0.17937312823024143,-0.08205410604615579,-0.16494551447786365,-0.22092405946999977,-0.14549318663573604,-0.22227702262920476,-0.20921565072044462,-0.048438934036837064,-0.16182428930461934,-0.3744809176796418,-0.6290416155915975,-0.5306557362382893,-0.2243413289553333,-0.1768209562961077,-0.364573229023558,-0.5054419049017324,-0.6935746389092309,-0.7621414942837096,-0.6507124725414736,-0.6870564534729,-0.7316815354022662,-0.6300756516655385,-0.476978130850982,-0.5565984191554172,-0.6905944694586956,-0.6811419501346565,-0.5304231879929426,-0.6128650450004076,-1.3541576875296184,-0.2251370555419816,0.04178107221207412
stat_89,0.1725853657337243,0.2669381539062104,0.37306131872008025,0.35296658454254487,0.41662517316410164,0.42429758293426606,0.4169258787733516,0.37672998384593787,0.3040960493836928,0.13258284730535586,0.025688512668449827,0.02211075133810351,-0.06097366621644861,-0.05281623486432906,-0.10535138828822754,-0.05110267470362029,-0.09091541606284537,-0.10911400096265561,-0.1039079433230978,-0.054244274007878686,-0.06663226105688026,-0.010694857126464556,0.004332242125284394,0.008686512622258313,0.047478096252748785,-0.05292250732180079,-0.1104449747536594,-0.11135409871217306,-0.12557744127717893,-0.06765424571529983,-0.0033273068838212735,0.12622345719140132,0.14941688722726845,0.15269233819042322,0.15243824265734177,0.09245750011493986,0.030438811988894355,-0.004145755754444025,0.0613974379482366,,,0.34107900744717007,0.2951671603181191,0.1535750540185001,0.11304576562974919,0.04323269176257506,0.12165083023938118,0.35736832855958145,0.47273060878102635,0.47844304716349245,0.37318766674968806,0.1657379044173657,-0.04773507381423202,-0.2297146762716559,-0.16787400817152814,-0.0011136342261049512,-0.006536092584898927,-0.0356354179660772,-0.03984743620595271,-0.020094350003620167,0.04273137526209078,0.014150707525260714,-0.08899222459820144,-0.10161391976664755,-0.13719900256388406,-0.11492854040359904,-0.14708148139551963,-0.03546461483658694,0.09874542180665988,0.30534980443760457,0.4948750494356449,0.6391659305357296,0.8231075491925052,0.8270720986744657,0.5195635360230113,0.34599210916425716,0.290083592056504,0.11992762913865493,0.30264188309661416,0.07977784275190129,0.4218859507203671,0.5747091879493321,0.12726247632293286,0.16683589815617791
stat_9,-0.3725551305019418,-0.3696468095086091,-0.32545177120179747,-0.23868833763928154,-0.08611460454797214,0.13838037438891754,0.3044973549982848,0.39969252571472785,0.5529670260783542,0.7579511973557492,0.8421571520785887,0.8465636659410942,0.8425009926695124,0.7413626744026575,0.7326032039762399,0.6509094476336786,0.5703071004211251,0.49472288477590026,0.4958808360313351,0.5133575686952107,0.5176278856606783,0.512262365856051,0.5111910865619872,0.5134958612757561,0.47884588575656334,0.4678494637333295,0.5146698544560829,0.5192638563653527,0.5607305926629461,0.5956036241782633,0.6193447920662885,0.5105798362644368,0.4383185520076819,0.4237569106354671,0.42466529100314554,0.49744117569087287,0.5632514088749907,0.5699882117012265,0.4387008415673598,,,,,,0.23480935850920645,0.3673632181445701,0.6070949695193923,0.44908622274075294,0.4323869005957434,0.554174868537332,0.6602569865983975,0.7443204828220441,0.6951234758767145,0.5951094984274262,0.4154283151335442,0.30452344112618535,0.327653017440955,0.2833995175106095,0.36040051846579857,0.24815778825917992,0.1278057502830882,0.22441933358201016,0.3401607698620283,0.5119083372568793,0.7605457965302757,0.8929610114397755,1.0846012253967565,1.1906601469800209,1.0790761242389857,0.9045332360466826,0.60742698026188,0.3923165756050358,0.19501268954895865,-0.10725573246212208,-0.41505681044830517,-0.6155202954280768,-0.6976011067141029,-0.6936673423691395,-0.017987860486232632,0.2328414379901403,0.10893877632700247,0.12615702512549073,-0.05860140949380221,-0.03985819135583568
stat_90,0.6883212091642325,0.8270302336958983,0.7892644352062688,0.7444330042415829,0.71915859824954,0.7932002994732303,0.900952664399066,0.9658397924347211,0.9343041062748185,0.9684542141959515,0.9465792404891246,0.937331985474774,0.8867470245259611,0.6400435605872901,0.6132118185175849,0.6695601040050604,0.664491689040121,0.6420122050207372,0.6343130777237815,0.5519493852775872,0.5045766295230957,0.3687685400111651,0.2421159665742722,0.2336977958678255,0.17776931249892416,0.24546226427411744,0.22804213945583682,0.2272497576014476,0.23799756049720044,0.24623839384320023,0.31107658602611543,0.34933182113152605,0.34075096293731244,0.037790969421893555,0.03624678751320774,0.03810711501364632,0.04517344411868738,0.052142798390705146,0.068353032437186,,,,,,0.022336484017942092,0.03175841407631971,0.06138313802921735,0.11593742244726087,0.18842309061601575,0.5529561828270103,0.5323420133695986,0.23970770656328408,0.0966353846428488,0.1646201213507159,0.2796315140379491,0.2848403884949335,0.22976710189621333,0.22650988206030215,0.3294901873119534,0.38752894919122594,0.451433010103962,0.621076802124272,0.6794527814700129,0.7011955755087064,0.6634399054613074,0.6515809329331353,0.9847372874329332,1.2130834239331363,1.101913861689997,1.0090578452199892,1.1275552443002956,1.0632665309714184,0.9305121885521837,0.8776248504330971,0.8526609930054685,0.8113558552137703,0.8364853964504958,0.7750960192016988,0.759105477404397,0.5602088297086831,0.8668550203985403,1.630171296618246,-0.08102367775526755,-0.12132573275570381
stat_91,0.11007573966816465,0.05025763031227312,0.05244481029716506,0.030227764167842563,0.1835185848301653,0.4051963590989026,0.5464802572592545,0.5917321639545167,0.6119847230548165,0.6118822493852907,0.5813226427176452,0.5774629091177833,0.5144929163869371,0.514503045225099,0.43168186466870473,0.3529686290138491,0.30665617139555335,0.21510389865122603,0.18256782334553848,0.19807290928435692,0.2743695214327306,0.28446938362405505,0.21236987685675207,0.20042245223791974,0.09320703163833699,-0.04951994242586064,-0.18281524680858313,-0.18668332077230582,-0.21924060983049243,-0.19738418070000363,-0.18755948205054174,-0.12214645579134589,-0.1051721802591832,-0.07658831713636531,-0.0724483942553182,-0.04827481326067668,-0.004681359621334738,0.006294270088397932,0.02406138775120962,0.028033132565860656,0.0051937713476578684,0.05623893396105959,0.08521748173086915,-0.005254042074065377,0.03059856785364657,0.01611831481020737,0.053919101393421785,0.07028295535499364,0.07107050442315725,0.04351692868224316,-0.04111328511004018,-0.16453811226889178,-0.21741359726248027,-0.2486409795475434,-0.2040170242490193,-0.02462280872645616,0.10766662150042336,0.16103305724419084,0.2735839747249224,0.2796164730507067,0.18386450891947081,0.15399382995692837,0.2256386882257547,0.3756607261164092,0.5464830317825988,0.6430970823795662,0.5827857204519631,0.6627876940957464,0.9363530972804681,0.980788852385139,0.8550194619008229,0.8024315055265918,0.6172392523830424,0.24056255421248238,0.027967484259281156,0.015400144919482453,0.04191643905163995,0.12932429673212187,0.31643453543460554,0.20403671085978878,0.577436486157168,0.7650962299324964,0.2558776105458689,0.28758890466692205
stat_92,0.31749993659428455,0.40094988800489767,0.446053698088697,0.4619304838496576,0.4952684541627802,0.5853967454629252,0.5596077395122236,0.47505236182524174,0.43698070968943,0.4463074130975945,0.4442136839948753,0.44755603076099243,0.4511618001693108,0.4314252187489356,0.40167445744394115,0.5103699975294371,0.5933885906942963,0.5867549019163034,0.5775767782676317,0.5382947806287635,0.482739484263469,0.4918816192071355,0.4927424238172619,0.4922627116298679,0.46234269598874045,0.47199730607007784,0.38675467858019685,0.3819359596266737,0.3372062916812974,0.3099426772012767,0.3421376865898995,0.39579519599078417,0.405154493484667,0.3443765734492404,0.3315148083994557,0.2856708673527059,0.2889806400019774,0.34560141946756956,0.40411238321991244,0.42913078814448746,0.17355293968430374,0.21294295335978516,0.14391015573380733,0.2690471287165953,0.33145205241554737,0.2902643806888366,0.20035844770243535,0.22208396541046982,0.3431937195451663,0.47307454484696154,0.463213302778738,0.3677363832447353,0.3559775870785705,0.3459572798072452,0.3910720512705623,0.5917481714927396,0.6818952499130266,0.6537039870208455,0.5930577119129362,0.5339698148354679,0.6245767714472422,0.687911225861931,0.6654512899324783,0.563931122618017,0.5090878292645595,0.5976151891661562,0.606925691444461,0.632623735503518,0.7139658643598721,0.6350808213283506,0.47361752368839166,0.6200059867250951,0.7174673898431575,0.6881491309919249,0.6169083812153813,0.43143289062533535,0.34683463316670604,0.3793884008970122,0.3165133618565701,0.24190410220573869,0.5779374588476482,0.7796578744673993,0.4468179361983037,0.308794812723341
stat_93,-0.23109109558441113,-0.1474469124837889,-0.006305410734001821,-0.06674146397111685,-0.1056078680576846,-0.1155007082080845,-0.05163115745602279,-0.0006701926104949413,0.07568447514443304,0.2301586408538716,0.2045772963239425,0.21013087140001258,0.3083682362837847,0.36820220756005007,0.34363456228423106,0.5172326345000241,0.6461392466986392,0.7324885991847102,0.7636744340307309,0.7688445440784907,0.7340043469302128,0.70815599603216,0.5744636332028388,0.5572202093079281,0.5173898142900537,0.4503006490624751,0.3442775488961857,0.33464321248929146,0.2664366666492162,0.29088622914420886,0.22708972389944246,0.09976261281325315,0.07307808896641553,0.06485408744144314,0.06188120869399045,-0.014142860546302247,0.007175520605431981,0.039545703274043456,0.05531201172044751,-0.0704089318093502,0.09130071588355401,0.17074496475448647,0.12460651740779709,0.04859363741680166,0.06640352997329899,-0.018174301924279233,-0.13080913751715584,-0.04961853650495956,-0.03129630176103712,-0.12690141697354396,-0.14295565054418033,0.017709213038309548,0.08064724007405936,0.04821749180977094,0.14105007044939982,0.347009340456879,0.43445551319306813,0.5544508371547163,0.7708140390066529,0.7779487269086066,0.7365796137392037,0.7482863588837403,0.6518056529404745,0.4743579788204663,0.32640010018279797,0.3339803257170103,0.2531413666734617,0.14986042921849432,0.2291803606872354,0.14792616541735043,-0.03825988607072831,-0.16821478070466617,-0.10577245415312769,-0.003809121721606308,0.03318521162709833,-0.061072791257894984,-0.12660535232404205,-0.18046974277209452,-0.08689704555054947,0.2351971777463631,0.026023817764651225,0.13679970983019182,-0.1287020464664538,-0.14260981287102933
stat_94,0.8656454009617717,0.8658078339468398,0.8812693536235519,0.8716842252576703,0.8564072651453293,0.8357889467256922,0.9060588988167283,0.8084900447252955,0.7882961192098045,0.8070357899613974,0.791965467469278,0.7857673326360736,0.685580212550367,0.5878383815684567,0.6091184816089383,0.5808292037694085,0.582487674325241,0.5771648423930879,0.5638435031873394,0.44011855998028027,0.3655782617080255,0.35676271756637046,0.36641251159813654,0.37428979189982126,0.37603602209256887,0.4098963560986066,0.37689218620926157,0.3777109130189504,0.4056691753235606,0.4474301283440745,0.48282506054300367,0.47727113548900446,0.5550462413440995,0.5853420719908691,0.5931061633877619,0.5813094893058384,0.5387911622250169,0.5263980073652207,0.42971506959123745,,,0.11786227559575597,0.10637407944894946,0.22749241147077687,0.27492505001489453,0.4592409153718623,0.5793130860609832,0.6590394079445683,0.6551046877902277,0.579034942610936,0.5327107240275183,0.4998638141509088,0.47967834401294707,0.42974390111150573,0.4691653926845474,0.44830871819168044,0.4490545211421824,0.39825116432566354,0.30006334032883325,0.3085410272602412,0.41220242780673483,0.7036441738403645,0.8266449313288614,0.7330064909566169,0.6105103890277036,0.6300915222610258,0.7783156260482651,1.027796374298408,1.0260719841524566,0.8579481884876736,0.8481538511193346,0.9257971543079042,0.9761915709485843,1.06752351449923,1.0926652765548532,1.0509470268431105,1.0469418207649464,1.001459581223065,0.721682372630448,0.6310705495096214,0.9538368579355202,1.728578975665598,0.10826859614573266,0.10431194213794868
stat_95,0.1906042533558815,0.19244583543624588,0.2630409045713718,0.3320977925543843,0.46314589507751414,0.5054648698514438,0.5336753612201984,0.5274651955046116,0.5974866995199752,0.5330761318537319,0.48365540890324515,0.48152024517316105,0.4576456340602419,0.43159111106731984,0.3448488842545989,0.44796957722422703,0.5593183087826835,0.6052536606160616,0.571144773245933,0.47467473733928195,0.4375044965480271,0.4367883327699917,0.31124896357329424,0.28812811251584364,0.18504148352975372,0.18671417603135407,0.250882202378418,0.2567320672766584,0.290811975742355,0.3501819423791621,0.3883909953957227,0.372928035203233,0.2356872219610998,0.14186950764493392,0.13716205076485358,0.08857949460837569,0.09988783859263825,0.0822834069098519,0.08110822595847511,0.39582462204488855,0.31328347280889485,0.41806860738629276,0.28646884593449967,0.18147994021158897,0.0647713109363206,0.12390912402080809,0.13556514669814634,0.10425165233689196,0.12457417715011648,0.34857433994955117,0.5478775943549665,0.5311412675519219,0.46013556618159074,0.3566965345757786,0.21988215839415934,0.24064044985928623,0.215188086284683,0.2816044962434618,0.5198288494592657,0.5874706849531506,0.5479577499001511,0.6469423561946394,0.5837498791431667,0.4562818949473247,0.3949763322159731,0.4935830014746741,0.46549538399463625,0.36000109756037435,0.49927300490773996,0.7251068616422098,0.7570629421732449,0.62885295029037,0.6121270263595118,0.5701684114929463,0.3395803277185385,0.277979230332453,0.3753784175121316,0.383498187368495,0.42859459027551233,0.35534797265576046,0.6692778623865822,1.055518756073968,0.29599711850417015,0.137110562186624
stat_96,1.1324216044125384,1.1942441600842366,1.3357077654440894,1.449511830640595,1.458717246877677,1.476866057511341,1.4195883122271191,1.4191985918659817,1.408344855678463,1.3714901721341415,1.241476516908206,1.2335146146386824,1.2142637926894784,1.1463909718690848,1.1511226282755105,1.16518501964651,1.1798884520287578,1.1455150724837058,1.122762600824825,1.0760236637715905,1.05032098810324,0.9530228368058022,0.8921917179133156,0.8794635190264213,0.8596100965711858,0.8615950323186196,0.852392752996756,0.855811803639751,0.922175017490724,0.8091571577503712,0.8229296804992571,0.8663671785296337,0.8482191508355406,0.6970575646519473,0.6951420538457977,0.5984917090061118,0.5272030774390717,0.5288351753549435,,,,,,,,0.24063078623412892,0.1857960957967864,0.19169063243799153,0.3297445173224126,0.5747552666405311,0.5519653683350887,0.586148585820758,0.7030867899939361,1.0083540786941494,0.9276182799657509,0.9210796934237562,1.0335788343462624,1.079750431277848,1.1300414948967812,1.2360826691632287,1.2687399048116546,1.3875598266140134,1.4035993904696504,1.3565478236970718,1.3652812208041125,1.3171933016524167,1.3658271518099556,1.4586699556710554,1.5730115535585594,1.7439960843679203,1.8217109309178634,1.7248164393135847,1.7218167803516249,1.770486679652619,1.7925503997150587,1.643866508898415,1.4342310173904878,1.3492835783126877,1.0539661270558853,0.9242246902663697,1.6505010776313744,2.8433287162494354,0.44678656870014755,0.43229616788894776
stat_97,0.09625813895744653,0.07906077537687363,0.1651058998858411,0.11636420994986309,0.020643464036979118,-0.04859948171935134,0.08956031542617869,0.3962029012627585,0.6090425877610356,0.6050205771922654,0.39239647664529737,0.3802172014216542,0.2686788028692581,0.27682054490104147,0.2929106721088808,0.37230290104090136,0.3094344766173331,0.2064872699792383,0.19010855187992418,0.17110350215803588,0.1593201906028014,0.11969597535018188,0.047919092453813796,0.04154354384927353,-0.14196242887162874,-0.2477655276248961,-0.23110517741460188,-0.21895351507468586,-0.06140695974728783,0.08833223674623998,0.24711537569065958,0.35933261303959246,0.5250688481354839,0.6186726685560515,0.6278199606343458,0.6157668855911469,0.5325423412580141,0.4998655880113126,0.4125573552434022,,,,,,0.3416885330857572,0.43388883491741714,0.5966561682739099,0.9169784249462926,0.9921362655276886,0.822935715825245,0.5604831249108042,0.32015325369159126,0.13096207417370623,-0.08913355501907533,-0.33639925298102286,-0.4361842225800273,-0.22816039295152984,-0.061035310012162995,0.12583784115959915,0.22557368153196916,0.07754904838904655,0.07704483918733394,0.19570779894998153,0.3177912364944233,0.33427100876637855,0.26236831769684593,0.1997303058649978,0.39555234851898974,0.7146764353310467,0.8158787258648053,0.41957297010168665,0.0801940351727108,-0.05341263694496484,-0.024058674861421263,0.19661778611674954,0.3318069972596175,0.35255675945528786,0.33828798013454947,0.07593221314759183,0.10106820009911334,-0.04687184006231929,0.21632419795292285,-0.07153061276453138,-0.3692556226432118
stat_98,1.0144168126093072,1.0984505020772666,1.1228882688895072,1.190139488794112,1.1335349807422916,1.1157236642068804,1.0998991562179663,1.0395675163414664,0.9775475825321758,0.8826228197224647,0.9437039879810972,0.9559786266853563,1.0224119285930442,0.9824799966250087,0.9207243423380791,0.87245168530374,0.9091661381988044,0.9109449532546233,0.8987634683122805,0.8996763570534787,0.9060837334296784,0.9339485960849101,0.9324816053853073,0.9351287502737959,0.9375356131232364,0.8737153214386735,0.8667415309245919,0.8613242831406368,0.8315782662886835,0.8778829807322184,0.977227151451203,1.0395848767725335,1.0028707164335344,0.9727908515913988,0.9718185245132689,0.8789821593981944,0.7766003056423382,0.744169449036552,0.7374181769298948,0.23021818905576935,0.13393756260641823,0.3278710141098031,0.3233142993173253,0.43957725043666945,0.45146045841904947,0.4362541259510881,0.47624533853904,0.6889728118392215,0.9685956839981245,1.1210564259411628,1.1557678015767046,0.994232023423424,0.8058676207472508,0.8112572344472218,0.9016391037278378,0.9519463106346393,1.0984993448826375,1.1557106838329743,0.9883168645532303,0.9718479373826986,0.9909065615690972,0.9347949680071372,0.7806384672496853,0.8458561658676201,1.0614420518907235,1.1594138688712348,1.198827546114959,1.0836058779752762,0.9919174560986032,1.1219473423067274,1.1747117931148594,1.1915696791865968,1.2177148694838484,1.2461757693121058,1.3151283308562454,1.3541997578593692,1.3436273666470828,1.2528874166783621,0.9839541765348341,0.8885358139656457,1.2995836475768505,2.350525064652688,0.42616282834321867,0.2205147631990067
stat_99,0.05009929738577997,0.13904570300543645,0.2549153465611512,0.18311708583155492,0.07605469176939986,0.03218192532177251,-0.009453447005584748,-0.010231255632037738,0.03537942200510841,0.19811222491819439,0.3048062846926467,0.3068294441751144,0.35885696178131793,0.22776624049810001,0.13337313719319552,-0.019579864786154075,-0.14896279893806805,-0.21968083712417721,-0.23075574783728417,-0.22673071315947785,-0.18101876017300828,-0.20163058382346005,-0.12784983766598396,-0.11639502290479396,-0.0273231407437184,-0.001014247048500529,-0.09590407455650947,-0.10248385846228626,-0.11661411044589554,-0.15200246842004317,-0.2116043135337022,-0.33588922996369036,-0.3053333728412386,-0.409991947935079,-0.41238168485927984,-0.31936844586912666,-0.28040995665818,-0.10418813940758581,,,,,,,,0.166266191047231,-0.14386774891668147,-0.4561450272061885,-0.7315288144067413,-0.7188082308373928,-0.6377222042883384,-0.4893663016477715,-0.31260443202772553,-0.21641760460998613,-0.11369388826654793,0.07003004820870516,-0.014304832044303058,-0.14229344268133085,-0.18910581945472324,-0.2795645113617044,-0.3730614381192232,-0.40883873038542873,-0.30725421816480425,-0.15225448693796223,0.009768079834919697,0.3238665111400853,0.44968829768639834,0.42314742263014515,0.3809738941210855,0.11001614405116908,-0.062431988856967824,-0.17797091761791373,-0.13729416789707202,0.07564714759128684,0.41011477691171466,0.3644461775888079,0.16001023603871908,0.01852764112781371,0.0908124839278862,0.026872207059670875,-0.38956171734175404,-0.20317692236027518,-0.3078983332182051,-0.42484050431875736
