,pSA_1.000000000000,pSA_1.072267222000,pSA_1.149756995000,pSA_1.232846739000,pSA_1.321941148000,pSA_1.417474163000,pSA_1.519911083000,pSA_1.629750835000,pSA_1.747528400000,pSA_1.873817423000,pSA_2.000000000000,pSA_2.009233003000,pSA_2.154434690000,pSA_2.310129700000,pSA_2.477076356000,pSA_2.656087783000,pSA_2.848035868000,pSA_3.000000000000,pSA_3.053855509000,pSA_3.274549163000,pSA_3.511191734000,pSA_3.764935807000,pSA_4.000000000000,pSA_4.037017259000,pSA_4.328761281000,pSA_4.641588834000,pSA_4.977023564000,pSA_5.000000000000,pSA_5.336699231000,pSA_5.722367659000,pSA_6.135907273000,pSA_6.579332247000,pSA_7.054802311000,pSA_7.500000000000,pSA_7.564633276000,pSA_8.111308308000,pSA_8.697490026000,pSA_9.326033469000,pSA_10.000000000000,EAS_0.050000000000,EAS_0.060000000000,EAS_0.070000000000,EAS_0.080000000000,EAS_0.090000000000,EAS_0.100000000000,EAS_0.107226722000,EAS_0.114975700000,EAS_0.123284674000,EAS_0.132194115000,EAS_0.141747416000,EAS_0.151991108000,EAS_0.162975084000,EAS_0.174752840000,EAS_0.187381742000,EAS_0.200923300000,EAS_0.215443469000,EAS_0.231012970000,EAS_0.247707636000,EAS_0.265608778000,EAS_0.284803587000,EAS_0.305385551000,EAS_0.327454916000,EAS_0.351119173000,EAS_0.376493581000,EAS_0.403701726000,EAS_0.432876128000,EAS_0.464158883000,EAS_0.497702356000,EAS_0.533669923000,EAS_0.572236766000,EAS_0.613590727000,EAS_0.657933225000,EAS_0.705480231000,EAS_0.756463328000,EAS_0.811130831000,EAS_0.869749003000,EAS_0.932603347000,EAS_1.000000000000,PGA,PGV,CAV,AI,Ds575,Ds595
stat_1,0.24212337835249878,0.24155287356462812,0.24096740364136673,0.2389723318755871,0.23654790594796674,0.23508931539379735,0.23254031853957444,0.2292840032707345,0.2296245652376826,0.22791827425817598,0.22561909878889666,0.2254766800431813,0.22299359370363772,0.21934631275356525,0.21341181224138647,0.20821776180429072,0.20188701556446398,0.19930350683621798,0.1977642216935388,0.19160224963288472,0.1853483432025324,0.177889654769269,0.17209934293499432,0.17152095636990433,0.16588582072891328,0.1612013541918085,0.15797851044885236,0.1578953147204025,0.15566993751716107,0.15339036967986458,0.15407708438288684,0.15597080476361644,0.15690743972326326,0.15618410926263193,0.15601179332661774,0.15368006284637573,0.1507642765778887,0.14473318910619629,0.14056221587246742,0.13497177628893778,0.1167165524869385,0.12094961988206271,0.1296121398040282,0.1321789717706268,0.1433824760477435,0.15648441159125004,0.16516409308773122,0.1716940236371717,0.17791971821781233,0.17883967586739288,0.17317654531498886,0.1693507493913341,0.1715618280845366,0.1737820652953276,0.17345951798435083,0.18001129108472533,0.18496381756362246,0.19317002247799916,0.21136956313720776,0.22151262480904316,0.22087084289335948,0.21595020115398725,0.2151443784751786,0.2173615061657444,0.22534229308698972,0.23157491922816117,0.2367102635486338,0.24274906577657662,0.2423948609487193,0.23627241965829204,0.23465602367877064,0.2358862015323935,0.23899450026728136,0.23940895181896144,0.24236952680763396,0.24179426140891705,0.24204017004988582,0.24624277259030172,0.22525860724482769,0.19992206037236612,0.16124154120975717,0.36794011650466707,0.1935196384429309,0.15976973982876297
stat_2,0.16594594236849236,0.16557233695327853,0.1650812376828739,0.16372603751942486,0.16223837732616922,0.16136393183079015,0.15973687453358765,0.15754231564499452,0.15780010240578737,0.15665260962070068,0.15505466092384548,0.15495299062839335,0.15322288417176988,0.15078109250451943,0.1467713248443044,0.14322313574574974,0.13890846675315502,0.13712792070044003,0.13606522423208037,0.13184210521340722,0.12758441870209483,0.12244266213969829,0.11836931954329967,0.11795755156583129,0.11403165879419816,0.11471882617042303,0.11227850747965967,0.11221055476428907,0.11047553180498677,0.10864632424775869,0.10905435401943303,0.11038749511436223,0.11128441805995175,0.11099705518223288,0.1108777014266638,0.10925323224822908,0.10723780506696055,0.10319348645031491,0.1003670729647123,0.0960573215106272,0.08969299113796636,0.09116123600470323,0.09773501740756908,0.09960235395250501,0.10365722766571911,0.11291667977779522,0.11866825802911969,0.12319885642682338,0.1274304257661119,0.12759404838807487,0.12274986199699009,0.11979902646728117,0.12214282202825089,0.12380447088647178,0.12310106249780291,0.1277185929097396,0.12663781498050955,0.13248457465855412,0.14533066011612167,0.15244507233681803,0.15192364551960813,0.1485106748335365,0.14808596669634427,0.14969304040379594,0.15505232707364505,0.15915320534881666,0.16257934038848038,0.1667940601865477,0.16654397939238857,0.16230488315276567,0.16118093584853233,0.16200407681242032,0.16394329246228764,0.16395201110311294,0.16579813183967385,0.16570489317594214,0.16604779617045048,0.1686527125160764,0.15471002195445008,0.137424329087574,0.11361641224975509,0.2551418953926222,0.14115265357818704,0.11357987118935056
stat_3,0.17215468805026818,0.17175313507125822,0.17125093946450495,0.16984651094690992,0.1682861883178183,0.16737523294740914,0.1656803202407853,0.16339213407592457,0.16366070901325808,0.16246032897956214,0.1607972184852315,0.1606917041254815,0.15889362875563623,0.15636083975407555,0.15219747341708836,0.14851626893998715,0.14401926285498504,0.14216796623239278,0.14106515706115755,0.13668138891957857,0.13225384095692114,0.12691835662783277,0.1227025560257322,0.12227829874717129,0.11821541475596722,0.11470444013164047,0.1122596382314556,0.11219165588922037,0.11046184077760307,0.1086332034220381,0.10904475367957274,0.11038111841513411,0.11127878936315623,0.11099953608498711,0.11087520263009355,0.1092517449507119,0.10724560079339603,0.10319226207555991,0.10454782362609748,0.11370940099569964,0.09358317340558471,0.09529740931740985,0.10216873888247101,0.10411229929926201,0.10787598364867043,0.11290728154376016,0.11866833980790718,0.1231865301803062,0.1274177166986423,0.12758063621308238,0.12273970787146875,0.11978861610699414,0.12212459193194398,0.1237851692135558,0.12307922480458836,0.12770136010972002,0.13141073589715857,0.13744804215526182,0.1507762882046661,0.15813790740209463,0.15757965958645478,0.1540247708964836,0.153579122437047,0.1552303582739593,0.16079310398246544,0.16504647327093255,0.1686011991720808,0.17297359270986254,0.17270563203523828,0.16829926153824112,0.16714268707210483,0.16800516600359278,0.1700308419931976,0.17006229606051657,0.17199565359673816,0.17184514515042998,0.17218028211576464,0.17494280544601382,0.1604525448922686,0.14251825151721717,0.11732818079890854,0.26408326286319905,0.14594184482215095,0.11765478192638859
stat_4,0.18796431722930643,0.1875012498694965,0.18696517614797964,0.18543432800422244,0.18370162920610858,0.18269997727807924,0.18083748546883224,0.17832483633500013,0.17862129391160167,0.17729402375572192,0.17546898236571704,0.17535367702192567,0.173384995394172,0.17063875449331914,0.16608101243741263,0.16205843581120113,0.15712331227531087,0.15509359846600293,0.1538888064460295,0.14909725649508312,0.14423162913049142,0.13841197224127247,0.14065899167995866,0.1401792858794059,0.13553546748086467,0.13161114157322415,0.12893003932789684,0.12885984943422424,0.12697659670124314,0.12497725654113959,0.12549748731764038,0.127023905727508,0.12794846619859865,0.12747898760238707,0.12732702774954768,0.12542249249166118,0.12308985936663677,0.1183489568248835,0.1218069896798109,,,0.12068424524697706,0.12932162589708612,0.11539794027191538,0.12508034614858343,0.1290648142375999,0.13586185556374733,0.1411160120464701,0.14605713201416806,0.14649301492337083,0.14130445932450333,0.1380731269743655,0.140484893247717,0.14234078843451936,0.14161223445988158,0.14685297881696333,0.15100139377129215,0.15785267488395874,0.1646413787383369,0.17263879704806473,0.172022417226175,0.16812160696005693,0.16762343096663057,0.16938998185342044,0.17547375863532058,0.180123713643936,0.18398569369062748,0.1887600148135042,0.18845161759149714,0.18362242581089647,0.18237584826740652,0.18332805767655685,0.1855610170533284,0.18563140270414896,0.1877725610262659,0.1875065439945108,0.18783733605027525,0.1909694168200334,0.17510813893747734,0.15552400480155013,0.1269119998399967,0.28707972988328717,0.15775143787363619,0.1278021570834219
stat_5,0.1658593280099462,0.16548541369621642,0.1649960883528007,0.1636414475782562,0.16215163086936527,0.16127743063167072,0.15964930975947783,0.15745341126894094,0.15771226504696548,0.15656467596367427,0.15496713234182843,0.15486557183737615,0.15313687127016032,0.1506902620242825,0.14668388037316055,0.14313870561458097,0.13882121227834612,0.13704201683312744,0.13598003150764182,0.13175960246449786,0.1275050170835425,0.1223632622759179,0.11829836649548474,0.11788750673165017,0.1139667215944856,0.11055259929791533,0.10816088622721283,0.10809272191694146,0.10639466619064679,0.10460029008113604,0.10498462146356449,0.10627604931383466,0.11131452197750609,0.11103522144714814,0.1109197142060726,0.11923614535754325,0.12310852408204068,0.14467572335439796,0.15389800414443172,,,,0.15709519673208563,0.1600593937916245,0.15606370109465673,0.15642316149820867,0.1358990523883712,0.13431993689287547,0.1274876288063876,0.12763286864718332,0.11812973733765601,0.11523086460579593,0.11753243750861568,0.11915567965594541,0.11848618562662112,0.12296878125345594,0.12657636950574144,0.13241445248456513,0.14524613988062426,0.15235726487412177,0.1518333401347981,0.14842074342506098,0.1479947988615948,0.14960329035542894,0.15495951694546709,0.15905792499725846,0.16248921978211,0.16670042594978285,0.16645111185294356,0.162215143809579,0.16109052147056466,0.16191510932609135,0.16385696117000526,0.16386922797914605,0.16571769151875845,0.1656208132009945,0.16596044775848723,0.16856680316090777,0.15461998158115203,0.1373424150658848,0.11355606830490117,0.25499314492930414,0.14109516256478946,0.11352976191124829
stat_6,0.17215243431405194,0.1717483216687879,0.17124524679976086,0.16984134307991622,0.16828214512771317,0.16737469548193534,0.1656881710200895,0.16339877824380758,0.16367137410201124,0.16246945956517264,0.1608035008856626,0.16069784981565513,0.1588992804725568,0.1563716500496423,0.15220713656496376,0.14852771009757795,0.14402676718845311,0.14217418980043403,0.14107095670277772,0.13668762395914802,0.13225639604957132,0.12692025205868862,0.12272776064663216,0.12230427361953602,0.11824077258261745,0.11473387541429429,0.1123022038513709,0.11223439595524957,0.11051195288176306,0.1086820843571081,0.10910594288188294,0.11044591225900131,0.11136194035517287,0.1110852551559131,0.11097227942475466,0.10935303316571444,0.10737344005322237,0.10336575694451806,0.10477298241345719,0.09239157374073989,0.09404178878153253,0.09168048494703337,0.09815878314449844,0.09994730571981379,0.10815111333620031,0.1131413943365635,0.11884213419684041,0.12333190897711223,0.12755703383644998,0.1276926087197827,0.1228136647778907,0.1198491775852471,0.12218453443359352,0.12384878016906421,0.12313339333919172,0.12774258073368475,0.13144833255947483,0.13748772239571233,0.15080151496389982,0.1581636037327049,0.15760178861176657,0.15404127414550614,0.15359811809488574,0.15524874864907523,0.16080738547075413,0.16505764328095127,0.16860617499037747,0.17297983458553967,0.1727106935499483,0.1683007457440144,0.16714272858367668,0.16800632147893343,0.17002303313117673,0.1700509096640385,0.17198323082413824,0.1718291134588714,0.17216454303989942,0.17493288800077028,0.16044488624617315,0.1425131104432936,0.11729012573129599,0.2640198174014528,0.14601526649300636,0.11770089051268175
stat_7,0.16037608906993303,0.16003066550879455,0.15955316237874934,0.158240997524506,0.15681242051811556,0.15596346487807544,0.15439143967114125,0.1522782674750707,0.15252343922835535,0.151424681151078,0.1498866939377137,0.14978875431193736,0.14812198920426184,0.14575052321254686,0.14187967170959484,0.1384513615755766,0.13429722149079423,0.13258273624574266,0.13155676411062678,0.12747899088814374,0.1233797172462512,0.11840858402675891,0.11445813135918616,0.11405830154021752,0.11025919694909167,0.10692478200738618,0.10456087257243751,0.10449195824478266,0.10280865402294205,0.10104331102199443,0.1013931209517392,0.10263919066146633,0.10352544205578405,0.10334115839999844,0.10323827007329474,0.10173699155330275,0.09985283841449018,0.09610693246112736,0.10459034436744848,,0.12609232636259107,0.11247957113409435,0.10712526960545278,0.1041222721146265,0.10790191208958119,0.10524843074740622,0.11054321890851132,0.11475450872084555,0.11868356382447251,0.11871588428820175,0.11402686516956304,0.11117721695179972,0.11344261421457977,0.11503439185031543,0.11442410770912723,0.11880768453721226,0.12233237592238333,0.12799913508395103,0.14040051271965118,0.14729387444048955,0.14680813170527518,0.14352766324210492,0.1431157541584914,0.14468934246528442,0.1498703526414022,0.15384114850400532,0.15716577909415846,0.16123435582852752,0.16100515273208804,0.1569225305767535,0.15582686571458562,0.15661661872493293,0.15848756553655935,0.15848829965167063,0.16026276261988787,0.16022059199449257,0.1605652802932691,0.16302455001570124,0.14955159346664743,0.13284313583274865,0.11033510770872122,0.24718122591857897,0.13672060337486575,0.10984434458110304
stat_8,0.13690436785265206,0.1366983778491364,0.1362803437053892,0.1351457921541431,0.13396679738774456,0.13321326915018725,0.13186840889931312,0.13011704391938078,0.13030492121799223,0.12942499964395518,0.12815465249386693,0.12807314186227872,0.1266840879176541,0.12459305864889998,0.12130047194195208,0.118374153291044,0.11493804808623019,0.11351004694076237,0.11264057478271686,0.1091793219559912,0.10575809267836035,0.10151777245341893,0.09806566504309583,0.09771442604458712,0.09444802431556236,0.09144860009395954,0.08920668517544425,0.08913255444903996,0.08749859659402269,0.08585359115743396,0.08605821952261977,0.08712758464043793,0.08799452882218241,0.08801771798302944,0.08794982954763307,0.08672280498436893,0.08700089621651248,0.08377180218958717,0.08152653737964065,0.09185105228535413,0.08098600978807283,0.07952289612153955,0.07677127193800447,0.07810841471289542,0.08439145748924592,0.09178691280995613,0.09627453776125934,0.09771737558893198,0.10103798806684254,0.10083091673227587,0.09644267788265878,0.09375505753552796,0.09581113765514643,0.09727921088856513,0.09700328709149646,0.10098039689111066,0.10415644603559017,0.1090712644639387,0.1195522590999595,0.1255140855433975,0.12522465508959776,0.12253367360623633,0.12216256133306015,0.12359746299643883,0.12804245312710585,0.13149901150827523,0.13441639522492974,0.13785654558326535,0.13772811710537577,0.13432517020927237,0.13333386391570265,0.13396672957399025,0.13555358608902487,0.13552431046559676,0.1369952116586353,0.1372070790373967,0.13756610412254913,0.13935828221267202,0.12783689402003767,0.11355132235523506,0.09682366153840219,0.21410449700684187,0.11714767952339748,0.09358988532004726
stat_9,0.17942527170837236,0.17899390376193,0.17847682282925256,0.17701438597659364,0.1753731615186233,0.1744198892412434,0.17264751217396418,0.17025392065523487,0.170535479584646,0.16927554612895848,0.16753682651874996,0.16742680076506722,0.16554937731323743,0.16291523830289176,0.15856874211182648,0.15473224182432355,0.15002936749195603,0.14809593184289113,0.1469461133902402,0.14237458265655528,0.1377482928894354,0.13218880163319918,0.12781019923843906,0.12737010829771486,0.12314184625588458,0.11951602059897617,0.11700884842386965,0.11694062079420516,0.1151723766656779,0.11330004669930566,0.1137460485806357,0.12057749366685412,0.12789494194891174,0.13503957582161705,0.13487431867097854,0.1420763450517285,0.15076013714129763,0.15889606435407705,0.15420844816157314,,,,,,0.15636032216143775,0.17075520264562155,0.16514251860768306,0.15924478611102252,0.154515694464351,0.14642851456890726,0.13413703542484934,0.12503136704784762,0.12739703632017657,0.12910807682872805,0.12837759624243564,0.13316740445097172,0.13699878876017052,0.1432686363572485,0.15715166080543905,0.1648049720754707,0.16421267297580014,0.16049660978897917,0.16002674766792394,0.1617311008997755,0.16753154112749288,0.17196820659903847,0.17566767219499269,0.18022544204599866,0.17993847670130306,0.17533698298308073,0.17413996782059776,0.17504540625003848,0.17716785023575365,0.17722010448315303,0.17925091854697595,0.1790429361649158,0.1793739580113667,0.18231123011093686,0.16718776309375655,0.1484946626420934,0.12171438510967972,0.27462303550238676,0.1514384304243038,0.12235965227872912
stat_10,0.14348998465572962,0.1432435196702175,0.14280664131024753,0.14162323663741586,0.14037793909952348,0.1396019890193297,0.13819762262653681,0.13634517343744706,0.1365506089386513,0.13560880472159328,0.13426187627821953,0.13417560108483578,0.13270691285162853,0.13053919965055705,0.1270850779651333,0.12401779728230558,0.12037914871596093,0.11886956726012303,0.11795592325307656,0.11432086126928884,0.11070805084454007,0.10626117043080106,0.10265700835851399,0.10229215349174098,0.09887700857281542,0.09825009970985828,0.09595720702790128,0.0958852123682166,0.0942235884768197,0.09512268271356984,0.0954066554008053,0.10640381022346476,0.12805919244889663,0.13527824157403684,0.13511467005296876,0.1331270650575024,0.15086142424970686,0.15889606435407705,0.15420844816157314,,,,0.15716817225881988,0.14417611067450825,0.15636032216143775,0.17075520264562155,0.1652527834796026,0.14957055955409615,0.15480544718059286,0.14662395651196533,0.118241901306418,0.10435115400991428,0.10655499335162855,0.10506743413592518,0.10465108234697551,0.10880677310778696,0.10924797530460262,0.11437590172096393,0.12541562254934868,0.13164263421618677,0.13129579905924052,0.12843771308718435,0.12805817891109728,0.12953241263194606,0.13418142379512524,0.13777740155224447,0.14080583097971275,0.14442539177934363,0.14426699010603986,0.1406698683914053,0.13964981442738314,0.1403267805200629,0.14198705855556934,0.14195855082753403,0.14351057367846853,0.1436517966193536,0.14400999447525467,0.14599087088058213,0.1339338233735975,0.11897099979003559,0.10058266924821789,0.22335088171802842,0.12272792537432854,0.09819502566286627
stat_11,0.18762406763313505,0.18716145922818767,0.1866313932029376,0.1851024678935541,0.1833634568564671,0.18235681105925397,0.18049147665655568,0.17797901421039727,0.17827328970450962,0.1769470098643783,0.17512654942612185,0.1750116957696289,0.17304820846312,0.17029654537664202,0.165746747795519,0.16173452564245375,0.1568047199252793,0.1547833726598172,0.15358403681789976,0.14880434623962752,0.1439629075474736,0.13816039776431951,0.13360685599313465,0.1331493229246755,0.12873814290259206,0.12498796813406915,0.12241325281219428,0.12234466648504215,0.1268201049478277,0.12484244882394706,0.12537579130805188,0.1269107547381378,0.12783011932355662,0.1273791281752666,0.1272270690559549,0.13277994810479302,0.13030598689629821,0.13373162297938881,0.12995368896963444,,0.13834286107495633,0.14683077143399487,0.12927479267111913,0.12273414132643164,0.13307624441583088,0.14515141681520208,0.14358496549919855,0.14916066163692032,0.14593216482273533,0.14635233164084283,0.1411927899738672,0.13797406104708582,0.14036776766619655,0.14220110966382865,0.1344043164274189,0.13938234592373794,0.14334453096450653,0.14986968912757273,0.16435862406920973,0.17232721673115783,0.17169174568862694,0.16779312811488978,0.16728427092941883,0.16904402635195542,0.17511748599197832,0.17976436398864307,0.18363236513297748,0.18839351451288544,0.188086900011432,0.1832710738120851,0.182026946129834,0.18297998243523192,0.18522070884161784,0.18530787705557222,0.18745569361051076,0.18718076352585553,0.187501413420076,0.190633653970358,0.17477423820161456,0.15522102128188703,0.1267019270205605,0.2865542448779739,0.15749482426226433,0.12758679608311876
stat_12,0.14343628341452289,0.14318956974599428,0.14275327788321157,0.14157012591576212,0.14032443117264826,0.13954691115989537,0.13813959837553177,0.13628725994050628,0.13649160253718123,0.13554985088016225,0.13420328427397973,0.1341170644123501,0.1326499999494577,0.13048511186466605,0.1270334453504553,0.1239678496717469,0.1203296930110588,0.11882298251750088,0.11790944608073317,0.11427816089088418,0.11067085459661859,0.1062284730855879,0.10262953709200001,0.10226696642342994,0.09885733408560689,0.09814707533194467,0.09585843065784443,0.09578682639436707,0.0941365195022492,0.0950092642155496,0.09530159957529938,0.09647612540316629,0.1035618931621481,0.10337320153230775,0.10326804069160153,0.10533246980087524,0.10338188528753221,0.09949252961037054,0.10042531583174841,0.13521029217232633,0.1262045729347737,0.10575188356159528,0.11338721073315286,0.10418912926445728,0.10370379389097205,0.10891383532718711,0.11442990647800272,0.11880107407991977,0.11871706722508596,0.11875742597092678,0.10705590548565369,0.10427717489171683,0.10646945599783768,0.10499645211632223,0.10456178656138397,0.10870703375075563,0.10922756576696563,0.11434936650559853,0.1253800791734016,0.13160105698620267,0.13124865998304758,0.12838841451203864,0.12800648389564384,0.1294798021180952,0.1341268699301465,0.13772051972063587,0.14074588870578147,0.14436256350359497,0.14420439574899097,0.14060905652224712,0.13959046242748174,0.14026754264680677,0.14193117238967337,0.1419055048851724,0.1434579062927327,0.14359790061771874,0.1439550531170428,0.14593638130105802,0.13388335157953213,0.11892575216106797,0.10054643468416172,0.22326502827428588,0.12269829688599601,0.09816880304706263
stat_13,0.17224879892632555,0.17184804171036683,0.17134499026221287,0.16993960832899738,0.168379741200582,0.1674716148010117,0.16577621595996508,0.16348940435728604,0.1637606711220358,0.16256041464289958,0.16089713032766276,0.16079154801199916,0.15899304660145328,0.1564582517793343,0.15229305691369813,0.14860977992531352,0.144115283380749,0.14226298562719994,0.14115952583933816,0.13677349790497997,0.13234406151901304,0.12700640873644536,0.12278547650905211,0.12236097612352313,0.11829648962261469,0.11478169544504681,0.11233771156669116,0.11226935355335681,0.11053479745040375,0.1087037859467904,0.10911342857733844,0.11045379341423328,0.11135867939526,0.11108567606233477,0.11096210569244992,0.10934704572194004,0.10733935650012949,0.10330420602593404,0.10051402834606182,0.12321204893924315,0.09781062342092707,0.09516606554297377,0.09415342339450442,0.09591608836260748,0.10380909441350261,0.1130246832203117,0.11876451145746937,0.12328700378832577,0.1275115988848792,0.12766660684679837,0.12280537774473335,0.1198381139590871,0.12217543585493446,0.12384045882964906,0.12314699710422909,0.12777382217452804,0.13148899252402352,0.1375307491788175,0.15086692432001378,0.1582339995416452,0.15767825397172508,0.154122927710368,0.15367716637468326,0.15532728431538598,0.16089326751649072,0.1651489721725731,0.16870619017665706,0.17308084962941708,0.17281275692263354,0.1684039854924812,0.16724358109362192,0.16810428018679555,0.17012979465701542,0.1701562236819879,0.1720891357725856,0.1719416536316025,0.1722785264949601,0.17503946136572004,0.16053959966333273,0.1425960137279206,0.11739625641097148,0.26423955929880893,0.1459792334274574,0.1176920221745837
stat_14,0.1877665935865127,0.18730458309196574,0.18677274863721402,0.18524274560999293,0.18350515955499822,0.1824991136162009,0.1806336828029446,0.17812036825748534,0.17841495253245182,0.1770886082107635,0.1752668065723111,0.17515182614039398,0.17318715164319992,0.1704417207527335,0.16588992242673087,0.16187352606506333,0.1569418413641544,0.15491879590008611,0.15371812190039497,0.148935068978318,0.14409029990005295,0.14536438339831595,0.14058016154715175,0.14010104903861662,0.13546449102444222,0.1315463065545651,0.1288673065616648,0.12879726228716637,0.13450880834770684,0.13244770440265416,0.14228055343411755,0.144020409804821,0.1449573182487281,0.144342952489368,0.14416147056021436,0.1535616714068636,0.15062757660123055,0.15876218729150535,0.17302516902561352,,,0.14712229202728885,0.157058360164248,0.16006489302470125,0.17384457023085179,0.17062282284105526,0.16500164645452145,0.1715477404116284,0.16484501508189475,0.16556455997880212,0.16008601284059998,0.15652710977659995,0.1487697347735338,0.15070447769690487,0.1415503214950339,0.14678645848390304,0.15092726660676276,0.15776730923270696,0.1729855534219843,0.1724686191378771,0.17183521247702088,0.16793484151190735,0.1674268705665778,0.16918996347984502,0.17526859273413917,0.1799170198628263,0.1837787696845213,0.1885439312023512,0.18823746420333032,0.1834175040540462,0.1821720229665802,0.18312536703387125,0.18536483798480666,0.18544746557204467,0.18759381247454526,0.18732289969922014,0.18764678428502501,0.19077766894584913,0.17491294076773695,0.1553457662823675,0.12680126324731367,0.28678965728431693,0.1575785018779472,0.12766129806104162
stat_15,0.13428936485276372,0.13410470699424137,0.13369346089283604,0.1325773668008617,0.13142715607219724,0.1306804951789149,0.1293585955487149,0.12765043395697032,0.12782962259262437,0.12697788467521315,0.12574030399838,0.12566080706787489,0.12430514875743649,0.12224339756953387,0.11901641248370258,0.11614542969377396,0.11279599890167358,0.11140471224085993,0.11055253577703693,0.10716191765928697,0.10382741519273885,0.09966965348896169,0.09625549164376049,0.09590917559610997,0.09270472203304865,0.08973660589719298,0.08749299257999849,0.08741723681698871,0.08577355584236497,0.08413574485382895,0.08431559132019714,0.08537136130351017,0.08624805307582903,0.0881612604222774,0.08808798055105675,0.08880230418942513,0.08714135142576664,0.08391171821998424,0.08166820785300609,0.08478456018929209,0.0809407398295017,0.0736259208354482,0.0769254138674624,0.07824410828670862,0.08454038791594566,0.09193900079901712,0.0964256887934422,0.10008163870334828,0.1011942131492127,0.09880174063503823,0.09440923704489107,0.09170511102949856,0.09373604055168573,0.09520202333696734,0.09500570293765544,0.09896341453066979,0.10211123886432742,0.10694282090675893,0.11721060573771969,0.12307277963183035,0.12280918178346312,0.12019213076129188,0.11982026153249647,0.12124605517745426,0.12561260765744106,0.12901742504121685,0.13189242337289067,0.1352596722042617,0.13514710085822226,0.13182532186027632,0.13084292348228418,0.13145631105421046,0.1330132428035405,0.13298136344250486,0.13441716152326416,0.13466921326886036,0.13503234282895463,0.13673504117280896,0.12542651534662638,0.11140849993398237,0.09539516567399804,0.21054366807226746,0.1147604933049456,0.09165245954872028
stat_16,0.1402853582888553,0.14006067452653595,0.13963046927870287,0.13847068545658345,0.13726277070656975,0.13649977902153673,0.13512707087148942,0.13332556402748233,0.1335248835268007,0.13261511229760756,0.1313096989112436,0.13122565976134773,0.1297955800486494,0.127668870003792,0.12429611703019493,0.1212973049523089,0.11776742480455783,0.11630062005555274,0.11540780547038598,0.11185910615064965,0.11093364410710248,0.10648193148360904,0.10287049735486163,0.10250795590430359,0.09909961691586092,0.0960020082514415,0.093716206745743,0.09364252361151122,0.09431548748758901,0.09261735500757318,0.09288863573861063,0.09405314281350503,0.09495791722262739,0.09492608550535157,0.09484121363669955,0.09350985698775977,0.09180263499435788,0.09348750667108836,0.09099212084293962,0.09214423939249494,0.08673839245559468,0.08242003770972897,0.08820030840573063,0.08977262588218778,0.09416062912516777,0.10244047149546157,0.10164442634552477,0.1054593656539166,0.1090326813260149,0.10887049427190222,0.10426177484457248,0.1014450122096979,0.10361110700111477,0.10514169020393936,0.1020598817721712,0.10617588918990543,0.10946364631984044,0.1145960805068516,0.12565436300937022,0.1318954896278432,0.12837276968820233,0.1255967938355822,0.1252205064595496,0.12667286179720783,0.13122121935716088,0.1347454971591728,0.13771518810952932,0.14124911835565113,0.14110183582698416,0.13759852214990898,0.13658929641153444,0.13724424559917242,0.1388631954144445,0.1388263748569983,0.1403332883368698,0.1405178298492377,0.14088196428814417,0.14276286595157825,0.13097854467363865,0.11634685698536858,0.09877382190313921,0.21889857684437758,0.11996712055047241,0.09592054561099256
stat_17,0.14025766042047355,0.14003322880073096,0.13960426705817477,0.13844465046828697,0.13723485711368705,0.1364703987093903,0.1350966018304818,0.133295381859136,0.13349169565561003,0.1325819742301431,0.13127307360653487,0.13118913301441432,0.12976128316980273,0.12763399449294902,0.12426326135809558,0.12126570973274943,0.11772900533741673,0.11898565632139438,0.11807102306004254,0.11443536615287828,0.11354253964893271,0.10898074547474157,0.10529481561397032,0.104924997256614,0.10142768087635338,0.0982748048049977,0.09858415668475104,0.09851304302802061,0.0968420137402224,0.09511868219389571,0.09540341160849812,0.09657832166616882,0.09747028246766677,0.0973729628973062,0.10018822252240749,0.09875106378521632,0.10003735589073694,0.10345616931702085,0.10482352941249941,0.12347850388638529,0.12629329290920147,0.11253504247457173,0.11352316112229634,0.10442661305935934,0.1081635567716999,0.11319341294376074,0.11074874857209785,0.1113815881605635,0.11517890968588354,0.11175565647016508,0.10715114623037883,0.10435179964060597,0.10655404398378673,0.10810446098081747,0.10763121139984279,0.10882972263767268,0.1121691535532373,0.11741734395824317,0.1287658730330809,0.13514235385203557,0.1314218738133555,0.1285596835255997,0.1251778846342417,0.12663689597028094,0.1311851141010902,0.13470919145696866,0.13767995979218436,0.14121026445757578,0.14106809818251523,0.13756693110724155,0.1365601552167508,0.1372146703973941,0.1388358571383177,0.13880271415037326,0.14031159656511571,0.14049432524200478,0.14085638306558182,0.14273757966396797,0.13094881549370058,0.11631884641028624,0.0987599690657728,0.21885791504785704,0.1199300713265343,0.09589436336884764
stat_18,0.13718344368528254,0.1369796323260055,0.13655981447980983,0.13542262165691624,0.13424351385408018,0.13348830926513094,0.13214133959811397,0.1303881623260547,0.13057565584649697,0.12969587341866684,0.12842387320172444,0.12834222518635857,0.1269524302514061,0.12485896096181084,0.1215631958539362,0.11863096671504493,0.11519129754905232,0.11376390220847098,0.11537035648312395,0.11182335187333559,0.10831058385761666,0.10396480045269556,0.10042644914151591,0.10006980018367308,0.09673036345834368,0.09586182777644982,0.09358441230271618,0.09351144893564162,0.09185521504181932,0.09017054180230621,0.09040753782804524,0.09153066266567196,0.09241502175102047,0.09239441949504155,0.09230995029233138,0.0910163568104629,0.09707036650051565,0.0997377947158218,0.10499114053672409,,0.12607429046080812,0.13186481077113504,0.11332735719981862,0.10944633599447956,0.10836765553250943,0.10919958778931702,0.1074778390565741,0.10259921132931614,0.10607952309170543,0.10592757513277834,0.10142091013941601,0.09866587879024619,0.100796385047992,0.10230789701249389,0.10195068239301014,0.10604860828167154,0.10675626219308143,0.11178055003060235,0.12254894517013319,0.1286505099338398,0.12833132701919472,0.12555571731119938,0.12242108974778189,0.1238626277448215,0.12831727682548627,0.1317791137882485,0.13470052042281047,0.13814590870460824,0.1380189615843829,0.13461029490238408,0.1336159727941058,0.13424921185169886,0.13583721680413013,0.13580461756736223,0.1372758648569506,0.13749447550875635,0.1378570867935559,0.1396460630502448,0.12810448790872986,0.11378966305477406,0.09702712821314255,0.2145767993222944,0.11726524070805597,0.09370713928182353
stat_19,0.14716550276356058,0.14689709438573978,0.14645117269245164,0.14523994590536224,0.14395504317250246,0.1431626319248103,0.14171978008931704,0.13981051892613675,0.14002411348628457,0.139047905913165,0.13765897420594803,0.1375701452869527,0.13605939571516587,0.13385047218546164,0.13030850405635538,0.12716300094037383,0.12341204682316098,0.12186099854051241,0.12092277133512182,0.11719493579858443,0.1134850390128796,0.10892854984156744,0.10524658184802993,0.10487745859099314,0.107052156880509,0.10378277586254321,0.10144609673913452,0.10137590342663409,0.09970377048146135,0.09796352541932979,0.09828236424054135,0.09950034491217656,0.10371571870984606,0.10355656356764657,0.10344527349246882,0.1019558099683909,0.10347921945877836,0.10338112645080577,0.10473805617311009,0.13501952755212204,0.12607429046080812,0.12094582520042807,0.12058488204808619,0.12297241971065975,0.10806359540758918,0.11309977780883367,0.11452306932712102,0.11500050223575697,0.1189244936009145,0.11893065641593058,0.11045591495545307,0.10761462300711604,0.10984837361799873,0.1114172801494065,0.11087703469431062,0.11517841071599466,0.11863771575329943,0.11736760024811772,0.1287063496221265,0.13507433442387023,0.13468581810812552,0.13173078684581482,0.1313409832555041,0.13283616532491646,0.13760031685160426,0.14127420736996665,0.14436372037074557,0.14807989408491076,0.14790595440006613,0.14420277654346214,0.14316716176095173,0.1438687422735083,0.14557673084597428,0.14555499068545003,0.1471551319822474,0.14725582208518181,0.14761119544020943,0.14969717244866948,0.13733448168479745,0.12199194339734497,0.10269591600818409,0.2285277233058032,0.12580483369007786,0.10074610100256177
stat_20,0.17237420650573265,0.1719739668464447,0.17146931642731933,0.1700644436745001,0.1685059454145139,0.16759577864486744,0.1659004627821098,0.16361100493157232,0.16388024928779374,0.16267995951289646,0.16101570014810435,0.16091001074807032,0.1591105058206399,0.15658173855644475,0.15241413149902644,0.14872796632493915,0.14422864640062713,0.14238016443810533,0.14127576277079454,0.13688984728978698,0.13246343096068341,0.12711994133418128,0.12289545595725422,0.12247255428189062,0.11840928487346455,0.11489633172829426,0.1124425426795213,0.1123737465958764,0.11524932229429274,0.1133700718706237,0.11381203821954232,0.12067540029311423,0.12160176175081067,0.12122236156970631,0.1210759805377164,0.12549058595880638,0.13048238479288182,0.1446564433391909,0.1540126981342113,,0.13834286107495633,0.14683077143399487,0.156793994119184,0.14387803701967608,0.15617053863749442,0.1563874004051862,0.14377838819797406,0.14118392353425346,0.1390015624108985,0.13931190724759293,0.13422914890243567,0.12507812452871395,0.12744953695880087,0.12916864363759858,0.12324119132397694,0.1278840281036634,0.1316003143321253,0.13764538850714994,0.15098931412938993,0.15836691548412002,0.15780600427707855,0.15424575924748263,0.15379490713561883,0.1554513931461898,0.16102106088456597,0.16527880644442616,0.16882994803587437,0.17320800390326335,0.17293989583101732,0.16852764592535432,0.16736837492687645,0.16823126931164753,0.1702554722532955,0.17028030905129415,0.17221181434578844,0.1720665385368633,0.17240632531339523,0.17516606691044237,0.16066584878115686,0.14270966850136613,0.11748538509280435,0.26445234312559956,0.14605617229108483,0.11776030244453017
stat_21,0.14031025683628656,0.14008541594423599,0.13965409701467146,0.13849439594087473,0.13728817484860645,0.13652673469423351,0.135152299686394,0.13335090360020013,0.14008268184550454,0.1391062878936254,0.13771627103055317,0.13762731034658499,0.13611383104842167,0.13750971800075873,0.13386532587586725,0.1306326683355938,0.12675807652293905,0.12515358708463484,0.12418804792027185,0.1238921743203749,0.11992749585365343,0.11510171029597706,0.11123765209030395,0.11085111458872658,0.1071601930286991,0.10388876596784977,0.10154550279556222,0.10147490640431898,0.10298159254596817,0.10120700160461213,0.10154384383142447,0.10640379300765739,0.10730646008453543,0.10708833846462552,0.10696952440940212,0.1255293976524786,0.13047704253462508,0.13388383257814768,0.1728975584662297,,0.138729952836493,0.1472143503242505,0.15712330657102266,0.16004594359383334,0.1737202870665209,0.14531496384014145,0.143774804471584,0.14123265938336416,0.12294898114985679,0.12303570558881793,0.11824190294605627,0.11128687801574462,0.11356532669988745,0.11517026544569543,0.11096653039430417,0.11528052425618546,0.11874492499415765,0.12426690121409012,0.13630059553018242,0.14301508761706386,0.1425697506652879,0.13535510760404185,0.13496420949899307,0.13648457746365528,0.141374562775621,0.14513772784957307,0.14442002759510844,0.14814085214832198,0.14796592416322546,0.1442593882773762,0.1366139614758618,0.1372689263660178,0.13888849617376556,0.13884804599608083,0.1403531338836557,0.14053921543216674,0.14090527681411774,0.142785744163155,0.13100505368326726,0.11637178569521338,0.09878675712270184,0.21893609329081265,0.11999504559701406,0.09594131816358119
stat_22,0.17230369292982634,0.17190179443077758,0.17139689067139036,0.169991577793215,0.1684341434056879,0.16752635525503512,0.16583310635082524,0.16354376603890947,0.16381538683190686,0.1626144785445455,0.1609481562020232,0.16084243200846457,0.1590414215268097,0.1565107191933686,0.1523448684798821,0.1486626420675373,0.14416155365055222,0.14231510826705127,0.14121227095799085,0.1368273400117055,0.13240298292392788,0.12706534648763065,0.12789761301115196,0.12745677313927728,0.12323172558935402,0.12508587862555418,0.12250706280759804,0.12243827137322229,0.12062191291084709,0.11869587516796246,0.11917797398789973,0.12063140566063486,0.12155414617035797,0.12116810619809626,0.12102779131554157,0.12542709055430828,0.13044341578327287,0.1446854647994648,0.14049602421083296,,,,,0.14412173630794234,0.14330118988722385,0.15642143070422418,0.1437467047151922,0.14112343497470872,0.13895973056535163,0.13926743856198176,0.134194531561125,0.13107171098390208,0.1334708368119247,0.13524407024710516,0.13449762704336324,0.1394833065729906,0.13709099525298044,0.14336257312672077,0.15094231382553863,0.15831179999764294,0.1577451989026253,0.15418391208926635,0.15373116317644356,0.15538709819732235,0.16095050334846284,0.16520382218139454,0.16875615913888015,0.17313508944058165,0.17286729457091918,0.16845474639945046,0.16729520356235758,0.16815840693717352,0.17018022264872193,0.1702033532688728,0.17213371555491636,0.17198705057309427,0.17232665802092267,0.17508938269209404,0.160593542105377,0.14264635089835653,0.11741524857978634,0.264302446682873,0.14605991787434203,0.11775091936623204
stat_23,0.13705670611175488,0.13685151287323893,0.13643086649668307,0.13529502255757747,0.1341189358010602,0.1333669401643961,0.13202045691439313,0.1302682103024326,0.13045856181473303,0.12957884626607832,0.13108746471856875,0.13100365366498606,0.12957617855075534,0.13043479788930087,0.12698407057753958,0.12391912126286492,0.12028213319031979,0.11877436941029176,0.1178610422297696,0.1170870345008858,0.11336736649321842,0.10880986291883861,0.10513689893668772,0.10476507409000671,0.10402043311295697,0.10082153893210664,0.09851144380791871,0.09844060873575851,0.09677455668673936,0.09505218107413108,0.09534256710254303,0.09944891269166847,0.10033876859220517,0.10349485700012548,0.10338642217674908,0.10935109449406905,0.12313776145342421,0.12548149933321437,0.12194533815273965,,0.13907081129136145,0.13215526470353312,0.14118276427153806,0.13216695726880412,0.12521790006410533,0.1365660025799949,0.13591339262833962,0.1232927415074905,0.11885594368706982,0.11506219920787014,0.11041011369013216,0.10430335259958917,0.10650216926971474,0.10804938954408506,0.10756476595086928,0.11178147606871844,0.11516706371992214,0.11725442028800803,0.12858608114224326,0.1349523375703605,0.1345732784124816,0.12833845081164813,0.12795871787369903,0.1294301817972659,0.13407556541521265,0.13766746377022746,0.13748439468824164,0.14101097421684403,0.1378911578292972,0.13448320976726572,0.13348857346616375,0.13412202156949543,0.13570824289429262,0.13567181694511155,0.13713969070549326,0.13735761928671217,0.1377214474172929,0.13951105702462227,0.12798800959532539,0.11368816043351969,0.09692860414761412,0.21435914514006474,0.11723766417924561,0.09366851398935438
stat_24,0.17937706788209845,0.1789458678797142,0.17842928547998546,0.17696716709215135,0.17532572374797056,0.17437347597787303,0.17260100402152687,0.17020789943091422,0.17048943269634684,0.16922978932624752,0.1674930022279819,0.16738302196633884,0.16550688164207453,0.16287477743496168,0.15853231082694227,0.15469662718465943,0.14999568427827042,0.14806840010041306,0.14691879259838753,0.14235094671913762,0.14396693432761612,0.13815500540790146,0.13359446025144067,0.13313691979416895,0.12872541039577257,0.12497152392690916,0.1223931538110619,0.12232459230045287,0.12051682910810381,0.11859631913814256,0.11908444006225344,0.1205436935253827,0.12145547453172614,0.12106926905681234,0.12092707314231053,0.12536880714618656,0.13030598689629821,0.13383744910853626,0.1300665347283481,,,0.14694376763803632,0.1294745352878014,0.13203160102467662,0.1331880805071755,0.1452602139975236,0.14358496549919855,0.14104952663541206,0.1388261664854774,0.13914431154418144,0.13410227300781236,0.1309884576254582,0.13337428679505425,0.13513994082783,0.13438347225025735,0.13936429480112847,0.14333009478733463,0.14985548488230668,0.16435192726548004,0.17233178508292776,0.1641850488762101,0.16046654926869258,0.1599904833907161,0.1616933623667727,0.1674927924027765,0.17192559172255348,0.17562282862055262,0.18017841689862538,0.17989025194526906,0.17529036045171584,0.17409341821419305,0.17499864495753797,0.17712144784904446,0.1771735967585936,0.1792045702187455,0.1789961901885778,0.17932651170975691,0.18226314021384976,0.1671417911404322,0.14845334120406617,0.121685488598436,0.2745518464596058,0.15139954062448807,0.12232767457451461
stat_25,0.13704386121879697,0.13683940057008648,0.13642112140422422,0.13528496850892097,0.13410480537300118,0.13334911606814373,0.13200253278119645,0.1302501510068994,0.13043743218478251,0.12955773096592865,0.12828689442080973,0.12820536149681627,0.12681668111942307,0.12472503639444193,0.12143173400593954,0.11850264190528484,0.1150651463087785,0.11363890328253834,0.11276816473020597,0.10930559702667297,0.10588969071115575,0.10384758518844335,0.10031808273968448,0.09996151202769415,0.09662564567814512,0.09357975529335442,0.09348503855633167,0.09341248516425651,0.09176262508158872,0.09008574985116045,0.090329166978077,0.09389934651791111,0.0947858651696305,0.09736071854290498,0.0972674293671918,0.09588164285466162,0.09686452336185306,0.09961652875719121,0.10055429427204343,0.13554355472926458,0.1098998710238755,0.11286833434547393,0.10746912944658452,0.10437256011119977,0.10383320316165678,0.10904033813316545,0.1072376474617943,0.10813545272663869,0.11181657936073099,0.10866559484875454,0.10412026767947839,0.09860827431283055,0.10073175511129744,0.10223358106010112,0.10186164772679847,0.1034257298877938,0.10665234279677258,0.11166913307978243,0.1224234172374142,0.1256529715213657,0.12535840137758222,0.12266525197505346,0.12229025033784761,0.12372832094778892,0.12817874983844155,0.13163822513160103,0.1345573370977847,0.13799894317870132,0.13787188454128685,0.13446709315607716,0.13347408109989106,0.13410709912913152,0.1356958213446538,0.13566717082318097,0.13713942913546315,0.1373544797862134,0.13771432610736617,0.1395044699230149,0.12796902865207369,0.11366806236269258,0.09693127569027762,0.2143478089675661,0.1171873756022165,0.09363713334632834
stat_26,0.14348148428811697,0.14323511601173122,0.14279815033682106,0.14518377220652007,0.14390030913783594,0.14698681669872793,0.14550738190700618,0.14771463200255855,0.1526416804565811,0.15154316204028676,0.15001041384517827,0.1499123330587994,0.14824306552454017,0.15085830098260972,0.1523685836965754,0.1549014520752377,0.15021728284230468,0.1482876808595414,0.14713594249950557,0.1425606432885737,0.13793468478961235,0.13236599048497422,0.13387642639010594,0.1334171753855487,0.12903223909534434,0.1392533873423942,0.14586129528293099,0.14578539075716426,0.15547798973867044,0.15321698364241454,0.15390186957930774,0.1557984188139997,0.15671400001033714,0.15600816506186635,0.1558182591416264,0.15345753025967296,0.15053978465266554,0.15869818618035475,,,,,,,,0.17055425927492457,0.1649114822742697,0.17143671809626398,0.1776896029526196,0.1786164255806939,0.17299736519835,0.1691895969851039,0.1713952733054675,0.17359317378936304,0.16026971851942556,0.15548580189124117,0.14363900809213365,0.15015054379085313,0.15734935916878454,0.16502051877172863,0.1644223669125808,0.1607009836974184,0.16022701605539916,0.16191275521871107,0.1609761976227547,0.15923443057708989,0.15729279699079657,0.16136677492156232,0.16113080764383636,0.1570443998433847,0.15118939422971486,0.14767462043558108,0.14942822053021793,0.14549635869718008,0.14709492520497774,0.14364339250878222,0.14400180455411155,0.1459821867847984,0.13085996702075292,0.11623944699494555,0.09869665023928016,0.21870756448924392,0.11988146281179567,0.09584886191058765
stat_27,0.13709050785402271,0.13688586154068244,0.13646572081708302,0.13532930321005107,0.13415191991208408,0.13339725410998876,0.13204945352608105,0.1302967728623257,0.13048655752379604,0.129606886227473,0.12833827005975537,0.1282566127326398,0.12686682845647945,0.12477457845594182,0.12148083407804514,0.11855153444439155,0.11511942606090467,0.11369220857870621,0.11282110787943916,0.10935752387640127,0.10823992644165531,0.10389823360969377,0.10036766869267695,0.10230611715914494,0.1013398001654987,0.09819599978292383,0.09590073610918913,0.09582884319403766,0.0941711909512362,0.0950092642155496,0.09530159957529938,0.09647612540316629,0.10360095186954571,0.10703116058450775,0.11102215641738862,0.10939163674157214,0.10736983102447369,0.10332418061057519,0.10468218590170986,,0.13907081129136145,0.1128545942433211,0.11353639978817504,0.10421051158829558,0.10800836565575142,0.1130480692718606,0.11880538273018532,0.1233495592880516,0.12759535684293644,0.1188001322795754,0.10705590548565369,0.10427717489171683,0.10646945599783768,0.10501874006132036,0.1045939220615559,0.1087485195189806,0.11207828987424254,0.11438787899092057,0.12247872480415702,0.1285753382749608,0.1254169854017991,0.12272234430671362,0.1223490937293915,0.1237826216468273,0.12823208329509897,0.13168986508193348,0.13460905895983002,0.13805351132014435,0.13792242539789717,0.13451481054028425,0.13351979922531992,0.13415331446242384,0.1357415064317697,0.13570832891263845,0.13717765344146543,0.1373957225117171,0.13775877668846462,0.13954806764042024,0.12801950667674256,0.11371528216262065,0.0969578989350552,0.2144216613358524,0.11723935855020265,0.0936754134088111
stat_28,0.14717595547098816,0.14690756974567912,0.14646189677264035,0.14525061006284362,0.1439651012112941,0.14317372252309957,0.1417342434058796,0.1398248688270206,0.1400394352888617,0.13906310537931327,0.13767439060270553,0.13758555785242196,0.13607500132336448,0.13386733803398473,0.13032535411623994,0.12717926409529495,0.12342938690334941,0.12187866907913412,0.12094010649289846,0.11721146088861126,0.1135011483332842,0.10894236730898693,0.10526121941472852,0.10489098102620437,0.1013962338607627,0.0982533675130769,0.09596190540596791,0.09588990109622672,0.09423159749948418,0.09253662643075262,0.09280749499484774,0.09396341676326621,0.0948566181782684,0.09480867275754035,0.09472468442133457,0.09602843185697048,0.09427735791270447,0.09080406668631247,0.08840044687518904,0.0885967653208029,0.0841248672430253,0.07988437431231662,0.08322313744996632,0.08463898190527654,0.09150195952845516,0.09950676784284936,0.10438319789319972,0.10830706764310287,0.10888393242352684,0.10874872516331532,0.10417896428750902,0.10138945768700662,0.10354967149556688,0.10507413080283967,0.10465576404695066,0.10881077477576276,0.11213978348894899,0.11738306318739603,0.12872261466590845,0.13509332979857047,0.13470473166307462,0.13174962809395893,0.131359329013099,0.13285299573322085,0.13761803161485853,0.14129203445145094,0.14438037160485315,0.1480965225199072,0.1479222540061255,0.14421877371971176,0.143182063670768,0.14388358747884122,0.14558851418180202,0.1455662386162592,0.14716704926961854,0.14726721589050076,0.14762210566007003,0.14970847906087664,0.13734148745966332,0.12199771139794748,0.10270206645701899,0.22854046976702566,0.12580569569354721,0.10074853283048175
stat_29,0.13708036935602086,0.13687620645330692,0.13645772502149903,0.13532113802161647,0.13414090336203424,0.13338474672980402,0.132037404358104,0.13028468830566783,0.13047181232290903,0.12959213405352274,0.1283210191611989,0.12823947180947312,0.12684936139730932,0.12475665803466736,0.121460868274226,0.11853045415892055,0.1150920493576471,0.11618028717053022,0.11798893741274222,0.11435415888354936,0.11074190034587536,0.10629433020736095,0.10268620153572244,0.10232133097690554,0.10138560501646424,0.0982375982880751,0.09855051508580276,0.09847954121700364,0.09680875576957843,0.09508252510189254,0.10151419931830832,0.10646685147260074,0.10738287596799045,0.10715811733535699,0.10704356247075145,0.10548818531426912,0.13055571727554396,0.12548149933321437,0.1301649808063511,,0.138729952836493,0.1472143503242505,0.14144507724373673,0.13216695726880412,0.1332818928610313,0.1365660025799949,0.14385783367645508,0.11897859098825372,0.1230525243308246,0.1231352190270381,0.11830503202253276,0.11126485986927732,0.10652770011245302,0.10807935910371932,0.10760087655283732,0.10879321290584214,0.11212755893669736,0.11440607138567487,0.12545266530811935,0.13168186696470396,0.1313333630130777,0.12847327963759442,0.12231758409547468,0.12375695593131458,0.12820914738032285,0.13167155210057152,0.13459196997252892,0.1380356394564386,0.1379088990512551,0.13450343955703795,0.1335101116177166,0.13414327026768055,0.13573266100477985,0.1357038747757789,0.13717623876006857,0.1373922168640044,0.13775248138650167,0.1395422099771032,0.12800418715504716,0.11369933753440228,0.0969581808330619,0.21441009943851086,0.11720248677490615,0.09365228068241142
stat_30,0.13430695089019612,0.1341222423056643,0.13371051475012974,0.13259446951256718,0.13144490139733506,0.13069872615972422,0.12937704205928027,0.12766893709400645,0.12784834170936862,0.12699656921432328,0.12575872332620294,0.12567919294251115,0.12432329312155911,0.12226185470654548,0.11903477530689478,0.11616350499334512,0.1128138052133727,0.11142191005756015,0.11056962441164503,0.10717886697015133,0.10384384670415919,0.099686527755528,0.09627189344535605,0.09592659196483153,0.09272293610666467,0.08975406755802827,0.08751040757723383,0.08743455607525362,0.085794826834448,0.08415694372757439,0.08433997576313086,0.08539942436557321,0.08628152271554128,0.08636061196515679,0.08629553913750375,0.08511236553100184,0.08539598432157489,0.08227036370780254,0.08185339236930093,0.08191220372236611,0.07855131059840054,0.07745454969878082,0.08076948195182343,0.07844110043276264,0.08476289772992203,0.09017018519424509,0.09449149904961475,0.09587982087149509,0.09912445590848667,0.09884584701206248,0.0944338358794641,0.09171806208172571,0.09375050786170945,0.0952180015494362,0.09502004284422097,0.09897927171275811,0.10212856111975678,0.10696055862572294,0.11722944636305041,0.1230919497403272,0.12282840021764922,0.12021061894994697,0.11983942700620191,0.12126571439710396,0.12563235194660016,0.12903674730994036,0.1319113215001949,0.1352793210729807,0.13516653907117762,0.13184387847183876,0.130861336814013,0.13147467030950175,0.13303096054645966,0.13299768620516308,0.1344328091318719,0.13468546066513995,0.13504940455925205,0.1367519802741179,0.1254441895181233,0.11142476582941935,0.09540527254422397,0.21057033533445715,0.11477646426193348,0.09166491502797139
stat_31,0.17227507232210768,0.17187416797999527,0.1713707557131252,0.16996520203923263,0.1684056157610019,0.16749527656935623,0.16580717778350812,0.163518121397493,0.16378965751605035,0.16258920837946556,0.16092384939176146,0.16081823023453612,0.15901904184300597,0.15648795511325578,0.15232254798210704,0.148640436610341,0.14414107776572108,0.14229010445152726,0.14118767671885177,0.13680238169273468,0.1377930153310077,0.13223117555414063,0.12785231988619103,0.12741187086749514,0.12318390206331924,0.11955764063380529,0.11705283407315617,0.11698442841111639,0.11521409096863842,0.11864783235407762,0.1191336234842499,0.12700383235923535,0.12793378121218646,0.1351030227912098,0.1349367895876566,0.14216753480148397,0.1395122163329475,0.15872016921621432,0.15404710220657486,,,0.14721967227472818,0.1571186755062082,0.1600378299318155,0.1562077267246611,0.1705788241852089,0.15336896005818182,0.15935463449169612,0.1545934899587586,0.14647588629708033,0.14128610209563033,0.13103048978361334,0.1334210385237068,0.12914339094674604,0.12841711360860725,0.1332070508024434,0.13704032342422404,0.14331207344684713,0.15719956990112444,0.1648574458133686,0.1577119551023799,0.1541539719911174,0.15370528398640404,0.1553602675316786,0.1609248784199995,0.16518018866216977,0.16873350401171083,0.17310946251370932,0.17284287989894426,0.16843293603510112,0.16727234215519396,0.1681351569081983,0.17015315425667235,0.1701811992017328,0.17211388341602016,0.17196670421378685,0.17230407014707097,0.17506537854341975,0.16056377328301583,0.14261789537035874,0.11741084208943169,0.2642758870334999,0.14600589533515054,0.1177119294242767
stat_32,0.1555198180984681,0.15520166436335264,0.1547348776742767,0.15345986054475624,0.15208552349581939,0.15602256593704292,0.15973873894230492,0.1575427561763146,0.15779939959134795,0.15665238515155133,0.15505367004740483,0.15495209455905432,0.15322227835484115,0.1507750477468742,0.15227163532065013,0.14858959032630495,0.15003508729656317,0.1548634220476974,0.15366009796136715,0.14887488383714267,0.1440229670709131,0.13821794274413163,0.13365729166332757,0.13320393226578736,0.13537662862176264,0.1392874289914421,0.1458849464784705,0.14580897762103207,0.15551651554347004,0.15326234941630856,0.19097828633781913,0.1933734648612724,0.1941987947685767,,,,,,,,,,,,,,,,,0.21940945602364362,0.21346484632886398,0.20870204013132074,0.1714359646321125,0.1736286268508551,0.16029268465458582,0.15552819844579252,0.15084991608589757,0.14993352099986126,0.16443500374716227,0.1724082319619846,0.17177871651299592,0.1678799750217947,0.16003757418415251,0.1553091909229335,0.16087244758910726,0.1591472093246744,0.162579756956727,0.16679350085974062,0.16654647160609615,0.16230946404493612,0.16118522510316471,0.16200953535761436,0.15854897286581304,0.15372859993064605,0.1554374655082231,0.15544756403927404,0.1557972859161252,0.15812112993972616,0.14505838434445298,0.12885357507437653,0.10750781134448177,0.24029705421638517,0.13276010109792624,0.10652783426200953
stat_33,0.134286676410072,0.1341016168756998,0.13368913888044442,0.1325732675194525,0.13142530809822175,0.13068060220028513,0.12936106021330113,0.1276530104229113,0.1278352728680961,0.12698356953344672,0.12574855028363183,0.1256689624187335,0.12431419159737403,0.12478446028991874,0.12149124992936762,0.11856198711135109,0.12034358291860099,0.12178278341784549,0.12084486243554658,0.11711596595495874,0.11339920336756432,0.1088422934595987,0.10516794483565471,0.10479821331072596,0.10130502948007485,0.09816064606716275,0.09587311041205088,0.09580143650280344,0.09415160716383741,0.09245694295533728,0.09532036535854355,0.09649673322961033,0.10359613289405027,0.10340554092508773,0.10330092942127204,0.10939781498451603,0.10738701157940697,0.11266383683201171,0.10955472629057865,,0.13860797239570755,0.12102062467010849,0.11341958674659894,0.10940172485639503,0.11292251203831163,0.12305884679543448,0.11883867247236843,0.12336724535698125,0.11876075245859498,0.11880022216286944,0.10707513927851556,0.10428960959169001,0.10348782953628789,0.10500850496293987,0.10457435560286514,0.10871963181814233,0.11204773986889739,0.11728700604579013,0.12861711013851454,0.1349834333817003,0.13460229130418006,0.1316506547949639,0.12802143137194977,0.12379406830153822,0.1282433248396125,0.13170019448222384,0.13190077454249258,0.13526795317087714,0.13515127703876734,0.13182783353936717,0.13084328567770323,0.13145693762428826,0.1330102503223321,0.13297433403454165,0.1344077206259091,0.13466127805470368,0.13502648569509523,0.13672880334308402,0.12542722208581628,0.11141086664298035,0.09538735734522684,0.21053431559826363,0.11478170979010544,0.09166397027635291
stat_34,0.15549125295496102,0.15517320160838588,0.1547070113944938,0.15343223088744096,0.1520571922605433,0.15123004125270006,0.14970654016255075,0.14766874352231857,0.14790253307245846,0.14684843033209807,0.1499267993674979,0.1498288582251882,0.15323583342509278,0.15646222677017146,0.15229554529789424,0.14861042889148668,0.1569259316696771,0.15490634473762685,0.1537028462414214,0.1565664513061538,0.15144995161210834,0.14533833115095413,0.14055872311780584,0.14008175774326387,0.13544651599565327,0.13937138504632574,0.15797521859886893,0.15789174324606278,0.17118755248496245,0.19010533155051368,0.19089280373490808,,,,,,,,,,,,,,,,,,,,,0.20863400852068703,0.20995354219316723,0.19029820088168636,0.17344422173673216,0.1556135847092622,0.1509215916208963,0.1577593485063013,0.1729763515760337,0.18134789639127977,0.18069186173286123,0.16792619279634133,0.16741866844519285,0.15533174028858354,0.1608980858033338,0.16515283253849844,0.1625937200323165,0.16127749857084583,0.15615994291731394,0.1522162987477887,0.15114362358716527,0.1519007387574023,0.15371045256895485,0.15370191970784017,0.15541148253047216,0.15542068317643948,0.1557694541012358,0.15809325795811746,0.145033518830726,0.128830876402371,0.10749289489112468,0.24025917959462437,0.1327352121510318,0.10650904113316946
stat_35,0.18830008418237099,0.18783673529598938,0.18729682650067933,0.18576646142875644,0.18403616738503883,0.18303912938179376,0.19051678160232755,0.1878638630004548,0.18817584626180403,0.18677177750227505,0.18485226035784555,0.18473107178730247,0.1826584157482221,0.17976575600443684,0.18524711922477866,0.19314647554692407,0.18725601739370779,0.18484466783685663,0.18341235042882748,0.17769648378540032,0.1718841305919954,0.1649679509993031,0.17266214175390532,0.17208991200442203,0.16644071953004846,0.1777331134887466,0.19625351159115761,0.19613136626047598,0.19317029104175926,0.19051676863648334,0.1912909347446284,0.19369029867653106,0.19454617443828823,0.19354493547058352,0.19331518395824346,0.1904337375067194,0.1866014506810746,,,,,,,,,,0.20153840726385072,0.2098516609692022,0.21798165151171356,0.21978616295481349,0.21377522992777775,0.20897266841902856,0.21029734604577896,0.21308252179088524,0.2143586431961318,0.19824989142190044,0.185516663760349,0.19375405867956783,0.1962134755159985,0.20565288833706716,0.20498490925467727,0.2003695426232992,0.19968758052396515,0.20175158561416767,0.19570188288360926,0.18976229618138812,0.1938335154220753,0.1988576289256138,0.1985255357901008,0.1934356448821721,0.1921262433923287,0.19313278436547124,0.1859013097863302,0.18595935560773166,0.1880982122554563,0.18783476851816652,0.1881717000571545,0.19130555439066255,0.16772886612829135,0.14898372565236884,0.12205999735522893,0.27547903840353766,0.1518454335014478,0.12270442693462794
stat_36,0.17998471831279605,0.1795526908377141,0.1790272898369808,0.17756396398913538,0.17593027993025312,0.17498967236390495,0.17322697991086905,0.17083198933991336,0.17111978108468529,0.1698578354662994,0.16811457210227587,0.1680038552437876,0.16611877457914875,0.1634924996829441,0.15913590775750858,0.15528703562839463,0.15057860996886602,0.14863839995460448,0.14748453354053362,0.1428973883883576,0.13824651935231208,0.1326713926652537,0.12827761876479926,0.12783802186768084,0.12359198311436068,0.1199466944181845,0.12286179324272473,0.12279187974694304,0.12095261811806218,0.1189948647294475,0.12576428224641445,0.12729731390711402,0.12824650967538442,0.12779881224572986,0.1276439781513962,0.1258012646037441,0.1512833940495873,0.15891987313323036,0.1542404822630931,,,0.14712229202728885,0.14134650067911395,0.14410784470948274,0.15640041096573207,0.1707869429660455,0.16571770965265248,0.1415670512740687,0.14644258083196712,0.14684374784603843,0.14158140573482558,0.13830400613708174,0.1337294864520688,0.13553870340333196,0.13483366702053234,0.13359879632468277,0.13745968518778717,0.1437658625175055,0.15769913097971347,0.16538529608339625,0.16480470468353361,0.16107797554302047,0.1606113247053382,0.16232152313241077,0.16813510283781702,0.1725749012119487,0.1762662361595747,0.1808443486730278,0.18055187752759783,0.17592920177233676,0.17472489586975581,0.1756295040875375,0.17773576097640442,0.17775893971154103,0.17978201491581966,0.17958349937553597,0.17992825456662043,0.18286681088650103,0.16772886612829135,0.14898372565236884,0.12205999735522893,0.27547903840353766,0.1518454335014478,0.12270442693462794
stat_37,0.15103720457932376,0.15074395860247014,0.15028898363429166,0.14904804015485612,0.1477201246770453,0.14691203542902467,0.1454318305901082,0.14346075203779,0.14368398278760955,0.1426703152821243,0.14123633306158861,0.14114477939778564,0.13958699026338817,0.13732916975586795,0.1336911833059587,0.13046429999630832,0.12659108283681705,0.12499273545028154,0.12402910652298128,0.12019839736411872,0.11637457545469192,0.1116977092341396,0.10794172774566015,0.10756277309833043,0.10398130725013843,0.10078592293794147,0.09847972012256873,0.09840899397103851,0.09675475916217952,0.09504859950722147,0.09535128773371811,0.09653789880181021,0.09742181616977286,0.09734576920444733,0.09725958220898331,0.0958642350056046,0.09409518580380034,0.09322529644609763,0.09071101804506113,0.09551719778372453,0.09326590082693252,0.08474873368771069,0.08785747843832686,0.08946182600312083,0.09384231530100857,0.10213705865156311,0.10419017684817108,0.10813280661279345,0.11182350132677743,0.11171173288650303,0.10711096946148582,0.10430377202987244,0.10649647049517445,0.10803141823134155,0.1075353697449659,0.11174691618527659,0.11512835597947188,0.12049237903622467,0.13214609093189644,0.13866455137610997,0.13824061147965708,0.13518649926763268,0.13478917524884895,0.13630608872109318,0.1411899068958844,0.14494812372912144,0.14810762361231045,0.15192837617515997,0.1517368699685896,0.14792070315743028,0.1468689885650869,0.147598018290422,0.14935381939024606,0.14933950357018821,0.15099181752871096,0.15104604712939845,0.15139680250291376,0.15359841298431828,0.1409107899822786,0.1251686019542879,0.10490439014708543,0.23394501173230375,0.1290860849219941,0.10346261715219272
stat_38,0.19744355025833998,0.19694779650847682,0.19640086074600727,0.1947917322207439,0.19293900562861774,0.19187103905013422,0.18989484711968835,0.18724293400536465,0.18755558629825636,0.18615304167819074,0.18423675022443922,0.1841161698475814,0.1820517419033524,0.17915358202639403,0.17435676072176126,0.17013303682240116,0.16493067679154286,0.16279851781559312,0.16153370217418506,0.1565005964802824,0.15138584729488744,0.15383061995130284,0.14878050378712868,0.14827574743097707,0.1433818114760309,0.1392720641447269,0.1364811531118259,0.13640911540808837,0.13446056810948576,0.13240843702992552,0.13298457445893347,0.13461348180698213,0.1355523476624299,0.1350267459718921,0.1348631838003992,0.15342847495576897,0.1859804079076584,0.17804008201828392,0.17262660836286783,,,,0.1567473826061758,0.15975031376854068,0.17346943138464574,0.18957445986312005,0.2009126686627452,0.17140797718737535,0.15450426396860978,0.15504853094294135,0.1497237698244211,0.14635350980305353,0.14874294572291166,0.15066826917551354,0.14996822596061124,0.1555017396017143,0.15984400910853366,0.16704000435305344,0.18308591067067637,0.18127247269387198,0.1806167342321583,0.176513076357343,0.17597084496960447,0.17780971126096184,0.18421234085046698,0.18911838991006272,0.19319431076632626,0.19819757151734632,0.19787005756075993,0.1927998828553279,0.19149282138653048,0.19250112689121904,0.19488080022425805,0.19500196141156387,0.1972859315584921,0.19694184843967322,0.197254793453648,0.20060795095443604,0.18386411115106494,0.16328108333045754,0.13272880008442536,0.30092925601364695,0.16455277270680843,0.13373073318038503
stat_39,0.15119696693249202,0.15090383117865555,0.15044640350612865,0.14920552016846783,0.14787999240389144,0.14707585048641458,0.14560000426077663,0.1436292797251909,0.1438548903608745,0.1428408466777579,0.14140564989703586,0.1413138951168253,0.1397533403291353,0.1374984161312176,0.13385407101117228,0.13062188331910995,0.12674858965463573,0.1251443447538476,0.1241791425205505,0.12034122193746953,0.1165020881296523,0.11181584014544613,0.10804945736026762,0.10766925123531818,0.10407868262506526,0.10087529339471338,0.09856293870269173,0.09849196019665782,0.09682535064303387,0.0950999332253551,0.095386872169949,0.09656200521538333,0.09745762676216665,0.09735964352295531,0.09726425716559968,0.09589482736897328,0.09686861850144529,0.0932623413699464,0.09076218298679374,0.096006284534136,0.08658320275273736,0.08492258795618424,0.08795744608818563,0.08683974873545415,0.09390037245114385,0.10217635022652263,0.10725389694472817,0.10816220152379605,0.1118191554020922,0.11175035585494077,0.10713829607596777,0.10433945824040948,0.10654353430829458,0.10809508218594509,0.1076141424008248,0.11183600799604351,0.11522746210309817,0.12060449718021324,0.13227764003499642,0.13881078336260752,0.13840081678367336,0.13534745729297107,0.13495597167572196,0.13647373423292627,0.14136308872195974,0.14512591657231955,0.14828238912354275,0.15210971542196774,0.15191672929968245,0.14809447388190375,0.1470399168236719,0.14776805878496316,0.14951753039866217,0.14949428222817068,0.15114411220639204,0.1512014885321951,0.15155642916882642,0.1537575807424095,0.14106526309688477,0.1253082097663406,0.1050051086698868,0.2341936278805398,0.1291928937851413,0.10355448560492883
stat_40,0.12694544306669434,0.12681370969773828,0.12642249584993293,0.12535960324001447,0.12428690362368756,0.12356245169622601,0.12230621627334809,0.12071551580226386,0.12087442137835425,0.12009709637634045,0.11895059599334638,0.1188765808503733,0.11761255508171085,0.11563004723294713,0.11258415025537419,0.10987028642237677,0.10676028498820689,0.10546201702301418,0.10465954583069642,0.10146386973181394,0.09834821805977235,0.09442057902259136,0.09115910542943868,0.09082758310352151,0.08927178670756099,0.0863704185896589,0.08414285056120563,0.08406523677284389,0.0824273881834926,0.08081333133419763,0.08096122901327388,0.08198214377941425,0.08619692685514067,0.08626734218259144,0.08620526742126403,0.08500982743393512,0.08341663928043705,0.08033767435671828,0.07984499448939797,0.09144219225411672,0.08391377861195584,0.07746646789124825,0.07527182057288617,0.07653683559382592,0.08267107581620835,0.0880235187891899,0.09227002706911695,0.09575835324033313,0.09901735295140772,0.09874891749635994,0.09053793535339485,0.08785578568622206,0.08982542346592186,0.09126869934804882,0.09117121838491132,0.09505677411262747,0.0981352554375872,0.10099940312359242,0.11063885631713744,0.11621394245174832,0.11603105046793884,0.11361297782221122,0.11324851894351232,0.11463572076719693,0.11877759235096577,0.12203356205348216,0.12479192602796595,0.1279566180250798,0.12788105664399727,0.12478182484429734,0.12382592369482212,0.12438697666813361,0.1258605984472429,0.12582432153393447,0.12716550656447664,0.12751441007257008,0.12788412152802842,0.12935433528433887,0.1186428886095192,0.10537814162527168,0.09131331121037585,0.20040944136556302,0.10826203804595011,0.08635121143741568
stat_41,0.26675217478980434,0.2661940207030425,0.26561046005224503,0.26338844433341524,0.26061769556713665,0.25889413454877647,0.2560115356039089,0.2524442014374984,0.2527921671659846,0.25094958701726094,0.24847524277865715,0.24832350107498985,0.24565067301398816,0.2415421106585036,0.23497667993004692,0.22925455613254375,0.22235903066191684,0.2195546281396764,0.21787054406831266,0.21110768671302402,0.20427986570805293,0.19609670778111982,0.18969598305089524,0.18906976942639042,0.18290916343615923,0.17778254336365154,0.17422919793270716,0.17413178022031303,0.17160114151210445,0.19071840338853985,0.19149754226860433,0.19391310231197506,,,,,,,,,,,,,,,,,,,0.213994869812534,0.20915234902354288,0.21047138167395604,0.19068057101777605,0.19093270648241278,0.1983164946722404,0.20374236731706966,0.2126620698064998,0.232346530373936,0.24345955411655265,0.24291884428220806,0.23761975775338073,0.23661143566943038,0.23907668473317073,0.247968216905232,0.25502515916077995,0.26081266178690293,0.2673661334168677,0.26704394430556344,0.26040955147830697,0.25857533067732097,0.2599070770474002,0.26344959736899803,0.26408683711862,0.2674527850812155,0.266815395780745,0.2670090364851778,0.27156638880314893,0.24806308123120338,0.22006722346340696,0.1776695344642671,0.40592634374125297,0.20745588425022654,0.17282615680422347
stat_42,0.14012847197114742,0.1399033952370971,0.1394762390632002,0.13831764253967893,0.13710615488683206,0.13634129281247948,0.13496734273686442,0.1331668704052756,0.1333630812684498,0.1324533063589557,0.13114606738280432,0.13106224925493407,0.12963600451969262,0.1275106262401894,0.12414176131953016,0.12114604489511306,0.11761307185670004,0.1161484513542682,0.11525693409100095,0.11432274412206193,0.11071392905949333,0.10886749602296779,0.10519506112274614,0.10482464332175194,0.10133026806892029,0.09819406269285526,0.09590526198079216,0.09583347951563667,0.09417824407870815,0.09505702003355698,0.09824872071727916,0.0994599247859282,0.10035481785054796,0.10021606989176102,0.10011750446544448,0.10191742674583837,0.10743326073666318,0.10344011509484141,0.10489072669617686,0.13501952755212204,0.13834286107495633,0.14683077143399487,0.1410524196144909,0.10472231662928656,0.10828660276513488,0.1132109062122262,0.1188906858150389,0.11496868064243228,0.11510326499979304,0.11508005980152249,0.11042136777265307,0.1075925141151851,0.10650741893550343,0.10503164925538216,0.10460418760208122,0.1087526169401798,0.1120739432606695,0.11731543901897526,0.1286459852336828,0.1316516720071686,0.13129949286001702,0.12543643824303516,0.12505780889595114,0.1265111361572281,0.13105688683633757,0.13457954538254094,0.1375481180271978,0.14107413511426176,0.140931370922911,0.13743406349118406,0.1364283140682767,0.13708247584644664,0.1387052555776689,0.1386765080467333,0.14018713425538265,0.14036565600587247,0.14072440006394593,0.14260723725557434,0.13082249771884533,0.11620498852991802,0.09867108612393483,0.21864420771777396,0.11985698531860269,0.09582918674971094
stat_43,0.1400930470189586,0.13986800718323664,0.13944117250135987,0.13828271007004703,0.1370711273227596,0.13630579951031915,0.1349287701909828,0.13312850959892586,0.13332434375372845,0.13241475290271273,0.1311076786178656,0.13102389982557736,0.1295977335925521,0.12747070114734674,0.12410242588709594,0.12110813918682128,0.11757473293779278,0.11610807066649921,0.11521699591452436,0.11167280027418204,0.10816428514968451,0.10382740207351018,0.10029871960888792,0.09994314383826935,0.09660812863061312,0.09355945645284595,0.09130178773524288,0.0912282208772614,0.08958783899779733,0.08793095926246422,0.0881565106127838,0.08925925227821936,0.09013415542707362,0.0901465619366691,0.09007360527608183,0.08880845793691175,0.087150979299312,0.08392687843621603,0.0880736716771688,0.09131234234730183,0.09332165915316099,0.08758460339102886,0.08764392214534397,0.08668052905980549,0.0911225011502281,0.09195745081348798,0.09643797852033802,0.10009101863643866,0.10349906573359109,0.10329906957241063,0.09884689560501343,0.09611547288499657,0.0982056472655929,0.0996895550508102,0.0993714485743904,0.10340545095370328,0.10663405518506207,0.11164928631439809,0.12240018164682454,0.12848711333317142,0.1281653581420362,0.12539313843714486,0.1250169529521055,0.12647096320524934,0.13101509032310432,0.1345375399253306,0.13750776073202411,0.14103295516302974,0.14089064401532322,0.1373946320894205,0.13638936998648155,0.1370435236044998,0.13866952635172716,0.13864187412157086,0.14015256219736336,0.14033082221529916,0.14068909494064002,0.1425716128688362,0.1307883900222774,0.11617441569448689,0.09864905149838628,0.21859018989797319,0.11983266861975986,0.09580808966225157
stat_44,0.1371307979917873,0.13692651407645148,0.13650696690978995,0.13537030187053967,0.13419132444144166,0.13343643151723497,0.13208960049865862,0.13033676465064045,0.13052432613497608,0.12964449355681804,0.12837285218552413,0.12829122547415417,0.12690046768988544,0.12480815058753249,0.12151159043959636,0.11857987767741329,0.11514122221541909,0.11371398143776462,0.11284265190595148,0.10937733015022777,0.10595883404570793,0.1017134729073205,0.09824132324606037,0.09789052044391705,0.09462350194211411,0.09161826102753401,0.08936664588536684,0.08929179034978267,0.08765254559206342,0.08600155293556959,0.0862074732651748,0.08729081358036449,0.08817739716485394,0.08822862644379402,0.08815923982776618,0.08694637629169569,0.08534310988600885,0.08222065628886426,0.080062396788835,0.07959385529648556,0.07665853590538273,0.0722818671887226,0.0771825565880383,0.07685996657780107,0.0829514129757016,0.09012884310010681,0.0944436234511859,0.09798359482687345,0.10129417220658767,0.10104341323233797,0.0965904908710834,0.0938560462997923,0.09591836092670684,0.0973985659879875,0.09714350005278148,0.10114187410013016,0.1043287071442638,0.10925064649781323,0.11975804883200875,0.12573154223867203,0.1254382858269506,0.12274474751724569,0.12237032497150768,0.12381020138122036,0.12826344875742862,0.13172556212267386,0.13464544016780275,0.13809104464611713,0.13796366326575396,0.1345559825546779,0.13356230270544592,0.13419548537026071,0.13578347228619012,0.13575141072188973,0.13722247420690242,0.13743979936926032,0.1378018270025674,0.13959149742798557,0.12805425552796915,0.11374502215654483,0.09698797299465904,0.21448676018205057,0.11724500841942072,0.09368636043848824
stat_45,0.1371307979917873,0.13692651407645148,0.13650696690978995,0.13537030187053967,0.13419132444144166,0.13343643151723497,0.13208960049865862,0.13033676465064045,0.13052432613497608,0.12964449355681804,0.12837285218552413,0.12829122547415417,0.12690046768988544,0.12753854872479092,0.12416703456834595,0.12117044015360108,0.11763610525504448,0.11617104613494847,0.11527943478774136,0.11173399276641423,0.10822626284556253,0.10388681161030808,0.10035208352912793,0.10238343932754121,0.09897182412891076,0.09828670970378758,0.09860352014588819,0.09853227467254085,0.09687075625369655,0.09798467653313832,0.09830274562946907,0.10276321680858928,0.1073008136351882,0.10709131940730557,0.1156256903829157,0.11394393194713955,0.11188491430472897,0.11267438374099599,0.12225300239332135,,,0.14701330795286066,0.15697739706866695,0.13199440015738567,0.12559483823883913,0.12307715304468624,0.12374004359911212,0.12842212272560366,0.13282616493031887,0.12303855425406279,0.1141386685229756,0.10763091475948731,0.10986570444848977,0.10812464482488147,0.10764597928785946,0.10884127487350895,0.10934165941542784,0.11446952609285191,0.12246520164851141,0.12855704125528278,0.128233085016501,0.12545945252195068,0.12508098480835148,0.12653639923396653,0.13108328443442596,0.13460891603733852,0.13464544016780275,0.13809104464611713,0.13796366326575396,0.1345559825546779,0.13356230270544592,0.13419548537026071,0.13578347228619012,0.13575141072188973,0.13722247420690242,0.13743979936926032,0.1378018270025674,0.13959149742798557,0.12805425552796915,0.11374502215654483,0.09698797299465904,0.21448676018205057,0.11724500841942072,0.09368636043848824
stat_46,0.14017014658643798,0.13994537479282948,0.1395179968672292,0.13835890474743245,0.1371473111129951,0.13638190977278591,0.13500713763376332,0.13320625439153927,0.1334022973754403,0.13249252347019544,0.13118493128154338,0.13110109597659086,0.12967315981305094,0.12754659031106585,0.12417489701334719,0.12117808675435539,0.1176439621868484,0.11617906431800601,0.11528727472283688,0.11174148433939186,0.10823322652749659,0.1038925258024081,0.1003586572189476,0.10000076060450727,0.09666332604284696,0.09361875645218233,0.09360541029504836,0.09353235498644007,0.09187867147780365,0.0901974923871752,0.09044280858322087,0.09157356487190364,0.0924650802113797,0.09245415944226244,0.09237490717713834,0.09108843160196084,0.0894252772012703,0.08615217423162143,0.08595613185063343,0.08777839625721025,0.08637890969226407,0.08199817258828618,0.08297663446485598,0.08231745725220234,0.08898359322402687,0.09443194227377043,0.09899028587818563,0.10269680070950565,0.1061694406583909,0.10599128081114112,0.10146016543601147,0.09868706416122909,0.10081554738688282,0.10232639629670073,0.10196909777345593,0.10346341015186138,0.10669028193787952,0.1117102012179246,0.12247240773034895,0.12856551647731715,0.12824183968521558,0.12546808857426442,0.1250893261992894,0.12654416857279116,0.13109149257804467,0.13461745350112575,0.13758749718733135,0.14111592874023804,0.14097352342404418,0.1374754283529319,0.13646933494285923,0.13712367817986995,0.13874719111525233,0.13871833412874474,0.1402291100083769,0.14040860873384892,0.1407677959823269,0.14265025915751875,0.13086250842731167,0.1162405756725853,0.09870142192814133,0.2187145522672264,0.11987516780510456,0.09584710435488092
stat_47,0.15586331070707857,0.1555458570359918,0.15507411326548184,0.1537981837486182,0.1524284518196084,0.1516078621693468,0.15009047012818694,0.14805118377472629,0.14828824282486575,0.1472334868887549,0.1457462090508255,0.14565115802674627,0.14403714203772167,0.14172587265891695,0.13796985074512164,0.1346377622917868,0.1306268266894684,0.12896720497481629,0.12797097762066673,0.12401219776479581,0.12004115885052609,0.11520850371015462,0.11133872936082902,0.11095008480777317,0.11437921223292409,0.11988163437388046,0.11735384348094206,0.11728436582590421,0.12726524810489123,0.13275619349057144,0.14256674924677223,0.15613966341877747,0.15706818245146908,0.17177894880463276,0.17157134203495755,,,,,,,,,,,,,,0.1948193704064126,0.17901218538817448,0.17333323477362989,0.15677660667768126,0.14904395148139002,0.14259737370889652,0.12869646208892982,0.13352585934311578,0.12698099222897663,0.124371741226613,0.13642208084924123,0.14314825953346183,0.14270620753843455,0.13953969628124965,0.13913973617540168,0.14069081225052965,0.14572619936846365,0.1495889136459787,0.1528264008367017,0.1567781660206144,0.15656682515459752,0.15261001682155262,0.15153261413008,0.15228995297711503,0.15408914858607906,0.1540626030639029,0.15576671874003337,0.15578476616333536,0.1561431344849441,0.15846506644242572,0.14539503748846186,0.12915741872988196,0.1077342295509705,0.240848799753398,0.13298290706864888,0.10672116181458245
stat_48,0.1401972539215032,0.13997234007042608,0.13954339788441386,0.1383842262888436,0.137175142699815,0.13641148544025647,0.13503851202129113,0.13323757037905848,0.13343686364813492,0.1325271913142217,0.13122250539358532,0.13113855840859326,0.12970964602967727,0.1275832868537102,0.12421201408316022,0.12121502464179591,0.11768700452029261,0.1162190448692008,0.11532694605892407,0.1117786041642903,0.10826516042066979,0.10392386150818789,0.10038778871606896,0.10003042220490475,0.09888029121833417,0.09578384525555683,0.09351043443538341,0.09343773926702677,0.09179457468775123,0.09011987636797351,0.09036879131662068,0.09149789976604318,0.09238696600989116,0.09237083393717278,0.09229036012337145,0.09099663611875963,0.08931695380294574,0.08602249792243928,0.08375144626595987,0.0778187292662733,0.07676726005353912,0.07562874758687253,0.08082491726525198,0.08222723444235949,0.08672665648501611,0.09428303545358016,0.09887318197362778,0.10259766511714496,0.10607707709757822,0.10590679076280045,0.10138892364966436,0.09862942259569493,0.10075536799587416,0.10225758284462563,0.10188245864568779,0.10597221876269658,0.10925128586685884,0.11173745124753276,0.12250579174749333,0.12860235137668316,0.12828359053305669,0.1255108045170623,0.12513627157854726,0.12658592726036494,0.13113214691640984,0.1346555600847821,0.13762479016606372,0.14115568163314896,0.14100873177058396,0.1375082777829157,0.13649951838178828,0.13715419757301475,0.1387743979216421,0.13874089668683956,0.14024900268795046,0.1404310840002184,0.1407930073785909,0.14267451204641216,0.13089246410863567,0.11626917778301543,0.0987156803333205,0.2187568963256247,0.11991060691932955,0.0958717574877948
stat_49,0.1401029223371313,0.13987786321731008,0.13945084514125689,0.13829247980757742,0.13708109827978507,0.13631583781840056,0.1349420554925553,0.13314188733674256,0.13333802622418217,0.13242839238446552,0.1311210466209255,0.13103724697603905,0.1296110052064551,0.12748306170248064,0.12411506018434439,0.12112080425265946,0.117587090215832,0.11612205090954843,0.11523084256936919,0.11168783609209919,0.10818167427099566,0.1038439303440851,0.10031571746173831,0.09996043058148714,0.09662714039561984,0.09358196265846258,0.09132462439899583,0.091250934571028,0.08961075014062289,0.08795418271535523,0.08818403560987773,0.08928781170844298,0.09017157690417724,0.09019046884204492,0.09011959243251046,0.08885717046730006,0.08929693208430307,0.08599647595821885,0.08370803978962067,0.08764963781959954,0.08326772698239951,0.07962380877475744,0.08294676619178976,0.08220507447523795,0.08667106408258982,0.09424935357217472,0.09884999293029982,0.10015931816234368,0.10356459253250073,0.10334814090466261,0.09887244499220778,0.09613068816516886,0.09822138976815774,0.09970683951894871,0.09939035747224047,0.10342587395187959,0.10665239757087021,0.11166714905161738,0.12241886873568131,0.12850754732676406,0.12818248967723694,0.1254081606521892,0.12503022184772575,0.12648461534656497,0.13102862363087597,0.13455050259184992,0.13752164311906975,0.14104724212753667,0.14090490488767865,0.13740831131226733,0.13640276915375313,0.1370568043976185,0.13867944965189877,0.1386513756988172,0.1401618568453789,0.14034023203333457,0.14069880544114574,0.14258132778829247,0.13079791452941464,0.11618307382310564,0.09865485932792532,0.21860492784886687,0.11984046483881078,0.09581444569993204
stat_50,0.14717595547098816,0.14690756974567912,0.14646189677264035,0.14525061006284362,0.1439651012112941,0.14317372252309957,0.1417342434058796,0.1398248688270206,0.1400394352888617,0.13906310537931327,0.13767439060270553,0.13758555785242196,0.13607500132336448,0.13386733803398473,0.13032535411623994,0.12717926409529495,0.12342938690334941,0.12187866907913412,0.12094010649289846,0.11721146088861126,0.1135011483332842,0.10894236730898693,0.10526121941472852,0.10489098102620437,0.1013962338607627,0.0982533675130769,0.09596190540596791,0.09588990109622672,0.09423159749948418,0.09511304798159471,0.09828956377980426,0.09950319458471936,0.10040079213079929,0.10348772908920949,0.10337905409648263,0.1055104659729203,0.107544142029092,0.10785666683954072,0.10493316010535887,0.13554355472926458,0.12639066943792499,0.13215909518023947,0.13003037413979612,0.10448674152509242,0.10829065608414577,0.11792833589432244,0.11899875454224221,0.11899325780415577,0.11884085889659585,0.11512383858529962,0.11046170771537416,0.1076268968223534,0.10654941573987135,0.10507413080283967,0.10465576404695066,0.10881077477576276,0.11213978348894899,0.11738306318739603,0.12872261466590845,0.13509332979857047,0.13470473166307462,0.13174962809395893,0.131359329013099,0.13285299573322085,0.13761803161485853,0.14129203445145094,0.14438037160485315,0.1480965225199072,0.1479222540061255,0.14421877371971176,0.143182063670768,0.14388358747884122,0.14558851418180202,0.1455662386162592,0.14716704926961854,0.14726721589050076,0.14762210566007003,0.14970847906087664,0.13734148745966332,0.12199771139794748,0.10270206645701899,0.22854046976702566,0.12580569569354721,0.10074853283048175
stat_51,0.14364926171925949,0.14340313450693334,0.14296366582680395,0.1417791103653403,0.14053648692768936,0.139762528305195,0.13835967278838027,0.13650612359882147,0.13671506473930373,0.1357730984514904,0.134428647674056,0.13434216774389074,0.13287320105532718,0.13070781650023303,0.12725282591934423,0.12418287592565125,0.12348633260778061,0.12193350375588953,0.12099464917021341,0.11726426455969996,0.1165885374844276,0.11189920522847964,0.1081305746150387,0.10775201408874188,0.10416295042409879,0.10096278406310612,0.09864725380029787,0.09857590133796006,0.09690423633826434,0.09802678761975399,0.09833900318163818,0.1027840237513803,0.10368907151209826,0.10351512206807012,0.10340654359384692,0.10960152925164525,0.11208799151258761,0.11268233125441264,0.12192847424402306,,0.13834286107495633,0.12079292835439295,0.11326688241797886,0.11550494803674796,0.12520442380463848,0.12305816301821179,0.12396626994980744,0.12358907770952966,0.1188781491281631,0.11890131888252771,0.11416094383587469,0.1076632371709957,0.10990414978682655,0.1081565948237944,0.10768861903844344,0.11191957918794748,0.11531014865723425,0.12068871720050217,0.13236533453383204,0.138904815213324,0.13476486605854252,0.13180878439062538,0.13142057083105452,0.12970784692414228,0.1343596362394197,0.13795442019610027,0.14098036867301159,0.14460390898587197,0.14444042143007982,0.14083752227273175,0.13981346943997178,0.14049109893734088,0.14214777342764365,0.14211198701853067,0.14366129294792981,0.14380744277229457,0.14417013922181174,0.14614979180695775,0.13409047050419368,0.11911280349788765,0.1006867042975925,0.2236063318090237,0.12283521968633937,0.0982859614160632
stat_52,0.13435369417300114,0.13416883045006636,0.13375554065683995,0.13263922232259512,0.13149188082624436,0.13074750566219417,0.12942742914083713,0.12771899150758262,0.127900805059132,0.1270490057450164,0.12581332776210094,0.12573367890133205,0.1270321080639756,0.1249393885600288,0.12164326936654075,0.11870988523955053,0.1152751704304035,0.1138464860424146,0.11297404872421557,0.10950700915284389,0.10608678115286843,0.10183634374591893,0.10281920680893185,0.10245669218814138,0.09904533082307414,0.0959487176772273,0.0936639126119225,0.09359045733214517,0.09193475164233549,0.09256505258892465,0.09283135200883942,0.09660831765927798,0.09750410151872865,0.10031489859793041,0.10021290138706264,0.10545615883434302,0.11199457840058812,0.11276657750114896,0.10966958534562855,0.13554355472926458,0.11675519731819957,0.12094582520042807,0.12956049481704834,0.13212217094198364,0.11303277323135931,0.12315827029085448,0.12385294401316468,0.11893550571946512,0.11520786489273942,0.11179541144524767,0.10718044300310876,0.10140706003125878,0.10357291301299648,0.102363911178803,0.10201358360236663,0.10612484856331454,0.10941000689890532,0.11454344981940455,0.11989064827926264,0.1258754345688564,0.1255818641050248,0.1228845628128436,0.12251154489466003,0.12394896265466822,0.1284036149917129,0.13186320965832113,0.13478329027628388,0.1353374239467203,0.13522073008617003,0.13189529389861346,0.13091079751558135,0.13152456914709823,0.13307782816037514,0.13303984944800404,0.13447263660731115,0.13472777720748202,0.13509438560304893,0.1367963724969391,0.12549254772913424,0.11146963236119635,0.09543190276821903,0.2106422330294249,0.11482322000392747,0.09170016542575933
stat_53,0.14354166055211484,0.1432939827559381,0.1428541118341831,0.14167089086314302,0.14043018218007272,0.13965877022105083,0.1382580411294493,0.13640518417009634,0.13661460645038995,0.13567237429053708,0.13432709839001078,0.134240597652216,0.13276980575595115,0.1306076543012326,0.12715376743090873,0.12408548660882593,0.1204522775946442,0.11894359944836037,0.11802891956082592,0.11439361508494099,0.11077657997603367,0.10632687874456198,0.102726310455858,0.10236151893126023,0.09895008084115905,0.09585983249330987,0.0935803987908656,0.09350729822053508,0.0918524025092177,0.09015978958037649,0.09040589724366183,0.09152340160217856,0.0924281168179704,0.09242831740029775,0.09234945644159327,0.0933100525994757,0.09407279391606152,0.09058673477397736,0.08815288282698726,0.07997904425924697,0.07884418228313997,0.07755349956288295,0.08291767005550008,0.08439842814009707,0.09124187989390174,0.09927872068229099,0.10417059872513336,0.10524360690582811,0.1061826406444129,0.10597347157255242,0.10141026107020189,0.0986428103158017,0.100781186996725,0.10230136308868298,0.10193905731201228,0.1060385594275233,0.10931594040207737,0.11444761232457588,0.12549550922347205,0.13173052651668288,0.13138335577719373,0.12852013454766906,0.12814167088038342,0.12961044402466315,0.13425775172073523,0.13784855961419315,0.140869982015614,0.1444943327680001,0.14433027896929174,0.14072795008459882,0.1397057047104643,0.14038344821052787,0.1420372808073348,0.14199915535650043,0.14354627378892468,0.14369034570814218,0.14405336465550608,0.1460349261478023,0.13398995734144184,0.11902483184120213,0.10059797409028225,0.22341228760827003,0.12281572555120944,0.09825719473918423
stat_54,0.14012847197114742,0.1399033952370971,0.1394762390632002,0.13831764253967893,0.13710615488683206,0.13634129281247948,0.13496734273686442,0.1331668704052756,0.1333630812684498,0.1324533063589557,0.13114606738280432,0.13106224925493407,0.12963600451969262,0.1275106262401894,0.12414176131953016,0.12114604489511306,0.11761307185670004,0.1161484513542682,0.11525693409100095,0.11171332820056329,0.10820664451929797,0.10386713703968904,0.10034045177779584,0.09998441889976284,0.09664773981437345,0.09360551113706153,0.09134587812010732,0.09127215637615059,0.08962714694040819,0.08796567119549104,0.08819291045831486,0.08929628172777884,0.09017888594406254,0.09019107861393792,0.09011943654131227,0.09097126635660227,0.08929193660414049,0.08600324175861687,0.08582838719908735,0.08468875443068846,0.08629562773266711,0.07743128530233752,0.08077647478633376,0.08217751305099287,0.08884053963451213,0.09424845709422928,0.09883507903175107,0.10256114653299284,0.10355799662129014,0.1033534882584309,0.09888314795053088,0.09614313327508647,0.09823392525903606,0.0997233122170467,0.0994120010182032,0.10345062609412393,0.10667479356580509,0.11169343152487124,0.12244561179335049,0.12853680043279495,0.1282115048342315,0.12543643824303516,0.12505780889595114,0.1265111361572281,0.13105688683633757,0.13457954538254094,0.1375481180271978,0.14107413511426176,0.140931370922911,0.13743406349118406,0.1364283140682767,0.13708247584644664,0.1387052555776689,0.1386765080467333,0.14018713425538265,0.14036565600587247,0.14072440006394593,0.14260723725557434,0.13082249771884533,0.11620498852991802,0.09867108612393483,0.21864420771777396,0.11985698531860269,0.09582918674971094
stat_55,0.14009485536860633,0.13986983011607132,0.13944305772406634,0.1382844551864976,0.13707273240193574,0.13630610119040878,0.1349289504419114,0.13312850407001064,0.13332355649113367,0.13241395606267212,0.13110673042010246,0.1310229594312692,0.12959675478954766,0.12746992607956667,0.124101372408588,0.12110723866593262,0.11757324955024359,0.11610875927360917,0.11521772321297172,0.11167506550533618,0.10816966853385696,0.1062284730855879,0.10262953709200001,0.10226696642342994,0.09885733408560689,0.0957653849351175,0.09349327441327658,0.09342062477235817,0.09177543548937356,0.09244235861535387,0.09530159957529938,0.09647612540316629,0.10027932378990786,0.10013240502788455,0.1000336120818822,0.09858843556525476,0.09675595860898349,0.09313660133188717,0.0906060390194455,0.1140831718385419,0.11671939116694541,0.11247936191391038,0.12056911778307833,0.09583063207868756,0.09369577797043802,0.10200719194580844,0.10710881078035517,0.11119065798269907,0.11499349170148548,0.11498663864587778,0.10705590548565369,0.10427717489171683,0.1034768474209939,0.1022404122655461,0.10186606045967048,0.10595341615082758,0.10922756576696563,0.11434936650559853,0.1253800791734016,0.1284932992558307,0.1281678497049736,0.12539386672885527,0.12501520802897878,0.1264697620185685,0.13101385192661172,0.13453676254834257,0.13750683165788083,0.14103198611914117,0.14088995976901073,0.13739410248479014,0.13638953386684993,0.13704383865251235,0.13867006214214145,0.13864377285298832,0.1401546147058841,0.140332884863776,0.1406910482615203,0.14257363096719822,0.13079165719143018,0.11617729552151192,0.0986513406848636,0.21859560873959666,0.11983412792785532,0.09580971321687615
stat_56,0.18818766929046551,0.18772474370330175,0.18718653344662972,0.18565692092331595,0.1839251318404261,0.18293154823534966,0.18107758706300245,0.17856415744673995,0.17886558933486,0.17753745739562402,0.1757130072868042,0.17559747808019446,0.1736271568182553,0.17088335487541617,0.1663224913725443,0.1622947324366405,0.15735885336457506,0.15532753887485518,0.15412121484501629,0.14932330601601276,0.14445158076430467,0.13862490038160113,0.1340472678166645,0.13359224501469494,0.12916346560467298,0.12538622155812942,0.12278883181467043,0.12271905826253804,0.12088134643594486,0.11893139888389029,0.1194039788090544,0.12085615083698016,0.12180096576280862,0.12140657424303414,0.12126610196853012,0.11949048197618882,0.11730612798038426,0.11886823955927753,0.12236652299141075,0.1353804707432844,0.12629329290920147,0.13208858083155126,0.11381671437777639,0.11600430873985002,0.12568967544021664,0.1296534410869472,0.12964149812338316,0.13459220403393263,0.13923786717624467,0.13954999154024963,0.13441171864645737,0.1312528094526629,0.1336669128646359,0.1354680229518725,0.1347602326236611,0.13978046436766867,0.1437784075524513,0.1503381129913857,0.16488085753642717,0.17289173501116403,0.17227646552228176,0.16837125849634585,0.16787186889257563,0.16963872042810949,0.1757293186467011,0.1803811855059774,0.18424124090096905,0.18902187933549408,0.18870969591304299,0.18387296957420252,0.18262015586667876,0.18357185428354597,0.18579479805436155,0.18585252739640495,0.18799288702403144,0.1877274863873735,0.188061760738138,0.19119462277514485,0.17531792807495009,0.15571201247628633,0.12705461269560153,0.28742227792916825,0.15788853680831563,0.1279245568610825
stat_57,0.1372546211433174,0.13705060388530538,0.13662865689746198,0.1354911837528246,0.13431500869099944,0.13356212858117364,0.13221700276740414,0.13046347814110695,0.13065406203746793,0.12977419344703062,0.12850461719466394,0.1284228089816128,0.1270321080639756,0.1249393885600288,0.12164326936654075,0.11870988523955053,0.1152751704304035,0.1138464860424146,0.11297404872421557,0.10950700915284389,0.10608678115286843,0.10183634374591893,0.10044297045294515,0.10008804858312456,0.09675080451205108,0.09370345956550727,0.0936275688197739,0.09355439965218965,0.09190398995706833,0.09021700636496958,0.09046224067504839,0.09159529966214713,0.09249008731020608,0.0974129393910826,0.09731724134716038,0.09594601803502562,0.09419359759930133,0.09629520546528085,0.10054522471174997,0.13554355472926458,0.13864317195837184,0.12114586737148553,0.11343025050842828,0.10440749147777732,0.10383539811660172,0.10545871905090486,0.10428457856409948,0.10820676862756824,0.11186934717350534,0.1060237844010459,0.10147953933398217,0.09869857645460038,0.10082968536185906,0.10234631553955804,0.10198786152316702,0.10354471756327015,0.10677647642698597,0.11179957845217647,0.11989064827926264,0.1258754345688564,0.1255818641050248,0.1228845628128436,0.12251154489466003,0.12394896265466822,0.1284036149917129,0.13186320965832113,0.13478329027628388,0.1382319371885171,0.1381001960491756,0.13468762887417957,0.1336907149498564,0.13432437971287572,0.13590863162006755,0.1358697259889696,0.13733790289923442,0.1375597429016407,0.13792597095075926,0.13971424921532277,0.12817714869938257,0.11385676674291954,0.09706822790917517,0.2146860103904985,0.11733283192240593,0.09375895257379925
stat_58,0.1402656906865345,0.14004109744292026,0.13961198130357275,0.13845240236132766,0.1372427503526012,0.13647866956757962,0.13510457450273328,0.13330329528921572,0.13349972830191448,0.13258987982487247,0.13128112058870017,0.1311971640282853,0.1297678907390448,0.12764083333533394,0.1272750894917013,0.12734491656673766,0.12359156823413432,0.12894313564315868,0.12794679663635136,0.12398897836232456,0.12002102363119896,0.12278262152254178,0.123058079257409,0.12263545565973669,0.13575941994700239,0.13183342621607444,0.12913735770109305,0.12906647604366386,0.13485784316881558,0.1419628949137404,0.15437332483681768,0.17172562282285372,0.17264081323726144,0.1717854130796621,0.17157115916181714,,,,,,,,,,,,,,0.19481713289124888,0.19610748485486135,0.19024868039115372,0.1695861696849668,0.15913523319282752,0.1510190987494498,0.14180705128603202,0.14707444624044916,0.15122921272864231,0.1378185912941042,0.14569322998007755,0.14312440198770665,0.1426796975492504,0.13951343808667788,0.13153115181744418,0.13302994057671338,0.13438166191065304,0.13471637227020208,0.13768685422587496,0.14121886720783794,0.14107617845764026,0.13757455641920716,0.1365677836872486,0.13722231369984633,0.1388436995265108,0.1388099847565931,0.14031873833999234,0.14050133877248813,0.14086356930869362,0.14274514458206614,0.13095687193494424,0.11632621610898916,0.09876326668335018,0.2188676521056328,0.11994226425473296,0.09590314349852033
stat_59,0.20991377919956666,0.2093895050518915,0.20881996249621512,0.20711130999604618,0.2051194029892426,0.20397195922525008,0.2018661102375938,0.1990508060747924,0.19938112499390673,0.1978909898671369,0.19586386630548916,0.19573633443055236,0.19354757605018938,0.19046055130411169,0.18535416439282743,0.18085748803076002,0.17534400659821553,0.17308091521269306,0.17173767717039265,0.166385300189404,0.16094094913878643,0.15445095275486737,0.14938080631700265,0.1488792945695311,0.1439643291049765,0.13982738679488343,0.13700264702691714,0.13692899516690596,0.13494016716630405,0.13285502710426095,0.1334103800777853,0.13503396258029082,0.13599706336277853,0.13546508501404825,0.13529958227701377,0.13331231407108404,0.13087323419466013,0.12584541997548856,0.12237915648399034,0.12346513816169281,0.11729419749517515,0.12147975164740482,0.1299765818344032,0.12346984572598374,0.12570720790351428,0.13698985269071526,0.14422137407151497,0.14976794636513646,0.15501200056122258,0.155555032856784,0.1501382588316588,0.14671116129427433,0.14912988835061866,0.15109673112332772,0.15046534789708516,0.15606017691200927,0.16044002951885292,0.16767645737828987,0.1837720386006975,0.19265148378162877,0.19199014778837556,0.18764614548341862,0.18704503065813455,0.18898140863045068,0.1958129360920912,0.2010583169015311,0.20540276358699158,0.21071026076435684,0.21036160758245598,0.20497875866608123,0.20358597617579782,0.20465318739687796,0.2071946572273802,0.2073499467785193,0.20980046191517834,0.2093938996283177,0.20970608434307214,0.213302801647295,0.19544224748758893,0.17354642543884286,0.140567322977973,0.3194940746708451,0.17305085426280647,0.14124095803025263
stat_60,0.14026515487196237,0.14004079606086753,0.13961217103334086,0.13845251085034807,0.13724200373868253,0.1364772280449955,0.13510281086545126,0.13330154696920749,0.13349785441813608,0.13258805108931168,0.13127961060130616,0.13119568458562963,0.1297684827498762,0.12764121712555723,0.12427022587184078,0.12127186629897435,0.11773641516201558,0.11627040491429437,0.1153779754960294,0.11183169199586449,0.10832317180052264,0.10635490363105386,0.10275030395382691,0.1023874959618746,0.098973278558944,0.09829208604509317,0.09599793068254908,0.09592579704850177,0.09686190498370338,0.09513854321290298,0.09542594801155348,0.09660831765927798,0.1072951653725869,0.11109422678743638,0.1109702809000576,0.11394271386377558,0.11184089060241058,0.107603014146646,0.14044978919164608,,0.13864317195837184,0.13186481077113504,0.14110477435506416,0.13204250626456954,0.14325157515774786,0.11763333526976476,0.1236792606547631,0.12841431642519585,0.12751981063326862,0.12302750629252417,0.10718044300310876,0.10437024273935185,0.10657112028128776,0.10812227409077522,0.10468890189516007,0.10884857438818471,0.1093447025465734,0.1144748402382119,0.12551614761634378,0.1286648621314315,0.12834059015139151,0.12556382582778997,0.12518535517561263,0.12664261851438627,0.13119211890181795,0.13471693266904639,0.1376878825858955,0.14121743016166957,0.14107498980155908,0.1375740164911863,0.13656701168175164,0.13722140447217185,0.13884359993323164,0.1388113906817676,0.14032107870084698,0.1405032142993426,0.14086464371009783,0.14274615325616427,0.1309549253639944,0.11632379835471944,0.09876608079144561,0.21886997209005413,0.11993045511034446,0.0958959933879918
stat_61,0.24169979702557423,0.2411302503154791,0.24054763147009367,0.2385557226997092,0.23613213530988475,0.23467360527011558,0.2321269125901288,0.22887558535985056,0.22921488754203165,0.22751114171181686,0.22521654314016015,0.22507446816857082,0.22259661119470228,0.2189542723273232,0.21302936571147302,0.20784583602786827,0.2015214847548154,0.19894635100776778,0.1974098725581035,0.19125903466977331,0.18502324378535345,0.17757880157588118,0.17177139199395958,0.17119466048731447,0.1655769663847074,0.16090668725174576,0.15769666020427225,0.1576138839479207,0.1553875922725393,0.1531283204644373,0.15380925161551903,0.15569755572996535,0.15661796648559387,0.15589781705820216,0.1557084189575479,0.15337022202960893,0.15045683947200814,0.14443195914185422,0.14029243788987378,0.11383493198728264,0.11648736623642572,0.1207455729494226,0.12938822213806137,0.1319276555328224,0.1431002041103155,0.15615060158373725,0.16482394831665909,0.1713410402904464,0.17756444994244977,0.17850852917164506,0.17289468232081934,0.16910448846944698,0.1713132310080102,0.17350727969640597,0.17317023320560865,0.17969627347480674,0.18463052058254315,0.19281109988911962,0.21100522644333303,0.22112643451873898,0.22047702920209283,0.21556413625647,0.21475452815978283,0.21697025504646575,0.22493713983825003,0.23116169106418913,0.23629036278638343,0.24231664195570854,0.24196368526175321,0.23585391219312848,0.23424025548570848,0.23546825236942248,0.23857531526089873,0.23899510570993945,0.24195421354540012,0.2413773175924102,0.2416195504716927,0.2458159241087183,0.22485846163358156,0.19956451692151114,0.1609808065735805,0.36730894503411154,0.1932373519704028,0.1595197453911473
stat_62,0.13181041599997773,0.13164462935736848,0.1312380657252622,0.13014012521381862,0.12902018422208814,0.1282834604776974,0.1269864114449204,0.1253192031902637,0.12549327909193003,0.1246677711972443,0.12346287278073699,0.12338513781481122,0.12206182067834483,0.12002785819391493,0.11686537432999565,0.11404867674775829,0.11078537927353252,0.1094253766899664,0.10858972353295783,0.10526656605206887,0.10200804305335469,0.0998098122429698,0.096390142391889,0.09604550062778391,0.09284368336316713,0.0898718857744664,0.08945877144221573,0.08938342110462848,0.0897890903430913,0.09029167390885103,0.09052333662536184,0.09164974872709299,0.09255961378853561,0.10384261079479248,0.10373299441737026,0.10585435978551415,0.10791734269558954,0.10828702556633267,0.10537934369797815,,0.12688629428735035,0.11275381381118456,0.10376639593264328,0.10529883984292643,0.10886458719039557,0.11849321151736492,0.11947169406340055,0.11944285803911217,0.11930186250793806,0.10611104099762932,0.10152487693598226,0.09872944420234638,0.10087762663238217,0.09984586457286242,0.09722040649149764,0.09908693999823522,0.10224346758907434,0.10708076893601051,0.11736282322520288,0.12078099010826,0.12054522488853171,0.11799480567481181,0.11762717413193828,0.11903926599678365,0.12332727729763984,0.1266768591069431,0.1295106078039989,0.1328092409739201,0.1327070106191289,0.12945911306256472,0.12848392878358095,0.129079223266359,0.13060302763310522,0.13056274194098047,0.13196212161409301,0.13225261053623688,0.13262221097746893,0.13424159001513494,0.12314494599601992,0.10938281931423098,0.09402465487025506,0.20714602076430683,0.1125515264334418,0.08984928203849774
stat_63,0.14358290983704514,0.1433362866188696,0.14289754525114615,0.14171385132370096,0.14047069073979102,0.13969676199137646,0.13829378513520366,0.13644092613726505,0.1366469727678954,0.13570491242456686,0.13435683575390928,0.1342704222349572,0.13280188232196485,0.1306384357144494,0.1271863766948057,0.12411688515168327,0.12047757602540009,0.11896988165462981,0.11805499956206617,0.11442073266836394,0.11081220210549275,0.10636502642176827,0.10276479729189865,0.10240298288648414,0.09898979200609812,0.095895102449471,0.09361664761179032,0.0935434826068789,0.09189412558465851,0.09021095397425541,0.09045959632741195,0.09159216962412972,0.09248996702004483,0.09248358416476343,0.09240760111921213,0.09112328005550278,0.08946729707433429,0.08619381144024957,0.08393162158833134,0.08830175817406825,0.07690188653849651,0.07581031587465821,0.08104006430898562,0.08240257173142534,0.0869564690749499,0.09450378711494355,0.09906000417622897,0.10275931332381402,0.10622916539215446,0.10603209555650027,0.1014758706505322,0.098690688364874,0.10082407535039382,0.10233757444860495,0.1019758818902312,0.10607749080903688,0.10935876114957986,0.11449055157163122,0.1255315950925804,0.13176325346667397,0.1314085443874966,0.1285445812650152,0.1281631940347473,0.12963871045673933,0.13428964528112552,0.13788151455362457,0.14090530008672433,0.14452693489794707,0.14436771131858214,0.14076665993217086,0.13974606081727753,0.14042323181906785,0.14208056556169604,0.14204645487288672,0.1435962489251707,0.14374003263184815,0.1441013511377805,0.14608204391383817,0.13402559206987405,0.11905457653742973,0.10063861974789753,0.22349329799586395,0.12280286229437026,0.09825606365590324
stat_64,0.13188535874633533,0.13171952195784026,0.13130893683627182,0.13021123574066917,0.12909779035262392,0.1283662813297401,0.12707345966855246,0.12540701453389466,0.12558026966607733,0.12475519644028585,0.12354543849993234,0.12346746814454758,0.12214161735212474,0.1201097887488544,0.11694826792205666,0.11413034864141271,0.11086007713818415,0.10949846715874831,0.10866194300882875,0.10533677376203268,0.10207470292676497,0.09799026737715327,0.0946179680867036,0.09427828477639932,0.09112650287187095,0.0881781630469375,0.08593059165388418,0.08585285164904982,0.08419575558854127,0.08254945956895247,0.08270110310156363,0.08374259860397314,0.08463394745932545,0.0847569734329112,0.08469620694863554,0.08353667094288098,0.0819768984631751,0.07897660718288833,0.07839583049925053,0.08205774648783529,0.07654770153319984,0.0755514201600624,0.0808083942704704,0.0802909066958981,0.08120858404642699,0.08655548420450496,0.09067140691003955,0.09408532329607894,0.09727789407635248,0.09694077955202826,0.09251417368475197,0.0897828902327743,0.09179989504638066,0.09327528943744108,0.09315930940857349,0.09710390761095464,0.10023736365111878,0.10500399197843802,0.11507526990992392,0.12085582585227807,0.12062268552132058,0.11807155395979468,0.11770769538516371,0.11913130898241245,0.12341775078906334,0.12676192664032926,0.12959221624442316,0.13289661823653104,0.13279637120821733,0.1295429631818491,0.12856947952428108,0.12916478122805167,0.13068041606797237,0.13062742142761744,0.13202011431717298,0.1323171317550928,0.13269380957838814,0.13431007308206455,0.12322765153690099,0.10946153452481096,0.09406772394785493,0.2072685019891109,0.11263539132469504,0.0899079433894503
stat_65,0.1344266469101186,0.13424219858962616,0.1338281954743475,0.13271127428281115,0.13156433144814714,0.13082009390749086,0.12950016298814299,0.12779127083958744,0.12797349159007898,0.12712167730023152,0.125885537617382,0.12580583402802098,0.12444998379597157,0.12238797963359456,0.1191612868855802,0.116288603784961,0.11294257130101111,0.11154960569674983,0.11069623972708655,0.10730377212314147,0.10396751957240218,0.0998051023953911,0.09638627329251247,0.09604198201137812,0.09284098028259681,0.08987031683090245,0.08762050158598636,0.0875440793602299,0.0858954430993843,0.08424845017825432,0.08442897842646403,0.08549325234360317,0.08639167889967539,0.0883405646878395,0.0882718632654073,0.08705403637721193,0.0854373506760287,0.08231248646308038,0.08013914309110635,0.07573426827233386,0.07303911350300311,0.07384396590474704,0.07732698617453751,0.07689331328196558,0.08304157251920243,0.09024439401332406,0.09455952114861238,0.09812234899580913,0.10144112613698851,0.09897882493247041,0.09451592672259604,0.09177115204135365,0.09381177842643973,0.09529201214936657,0.0951127540477719,0.0990856184767855,0.10224111978080436,0.10707732743886797,0.11735745719817144,0.12323106211066433,0.12296670137479786,0.12034534836503463,0.11997515554055987,0.12139917435966324,0.12576699320888948,0.12916904174638255,0.1320440119786433,0.1354149310702076,0.13529827314065254,0.131970927993208,0.13098535886987436,0.13159926654761572,0.1331518882566123,0.13311209361068135,0.1345445186077997,0.13480153390780744,0.1351694550441067,0.13687073759446458,0.1255629373964222,0.1115326862628716,0.09548279687563972,0.21076283328346224,0.11486060244896225,0.0917347046225796
stat_66,0.14041873977713978,0.1401943921444247,0.13976213818486233,0.13860156933463577,0.13739568167806288,0.13663439939446217,0.13526265641320542,0.1334604975706766,0.13366052619877553,0.13275061442733152,0.13144378103429463,0.1313595921136901,0.1299298102402471,0.1278022332082321,0.12442955196533391,0.12142875328192816,0.1178968962361178,0.11642906896398664,0.11553514721051941,0.1119845824541393,0.10847196413251017,0.10412199916014964,0.10057907266928015,0.10022293159054677,0.09688732792503187,0.09383528637753442,0.09155949544460994,0.09148470685305211,0.0898249854544324,0.09032108398080776,0.09055715853965705,0.09168939754461704,0.09260610597747336,0.09499471086161887,0.09490484041680558,0.09358948400015615,0.09188056311714198,0.0885323235158702,0.09113822491398911,0.13544765486397314,0.094454650771244,0.08857323841161385,0.09124352149716144,0.09009928353472406,0.09437259106450442,0.09708875047492678,0.10175786358806169,0.10557698622544046,0.10912653632083803,0.10617020414645453,0.10156086943239562,0.09875054043338169,0.10089949476547248,0.09987309019601978,0.09959404312605191,0.10366342940533242,0.10690531448565878,0.11193579948933392,0.12272124729539162,0.12883491434556524,0.12851153061927806,0.12573216617487934,0.12535617681106923,0.1268118291098326,0.1313626180625822,0.13488561175687958,0.13785629779694197,0.14139274521506967,0.14124513931380098,0.13773727293473786,0.13672674227670925,0.13738193829944395,0.13899829066327934,0.13895552243611797,0.1404603768112579,0.1406487461127021,0.1410164517944331,0.14289632117212306,0.13110929470133068,0.11646504049928175,0.09886157024943949,0.2191130476808191,0.12005529210541717,0.09599554442175082
stat_67,0.1515134478529479,0.15122085784800426,0.15075497548292557,0.14951170561865548,0.14819768076308623,0.14739941161571335,0.14592658694321894,0.1439539990204918,0.14418584183718589,0.14317214772489248,0.14173766365694832,0.14164534342249993,0.14007946732035714,0.13782121207198395,0.13417582771685202,0.13094117389766627,0.12707224166486372,0.12546774651996462,0.12450003192027481,0.12065676718031644,0.11681866404592486,0.1121227890129915,0.1083436133011167,0.10796222567718514,0.10437745343814682,0.10115956001220044,0.09882594902529808,0.09875338648714065,0.09707188151926707,0.09534011708568181,0.09853527507909027,0.10299298237064529,0.10392500742969035,0.11145991040388141,0.11133723053568466,0.10970409680706548,0.12359242289492915,0.11883564657234938,0.1155268101406226,0.1257280305936479,0.1281403747544953,0.12235207099911861,0.12130808472342754,0.11605087574289835,0.11892749998409206,0.1296358828399599,0.1364396907831849,0.12372939115552092,0.1279871311838979,0.11919739330720301,0.11434181000781131,0.1077649023849471,0.10669793433367661,0.108266481511374,0.10782478823010157,0.11208742091784607,0.11550486445860791,0.12089530489892622,0.1326067520575885,0.13916736726082563,0.13875008016282903,0.13568886042117434,0.13529887806855054,0.1368192811975824,0.1417077052983998,0.14546367977703994,0.14862213678643138,0.15246391594592834,0.15226311419303834,0.14842646816490138,0.1473659587388065,0.14809626656319694,0.14983521580630105,0.14978980105046552,0.1514280198220185,0.15150127950318076,0.15187092845799405,0.15406627954703667,0.14138883759258988,0.12560579559474308,0.10520865825857376,0.23470906293717197,0.12945422654048802,0.1037568924903857
stat_68,0.1474731822658894,0.14720438880340772,0.14674902036361223,0.14553620325746713,0.14426456459400194,0.14348221876150233,0.14204759595083363,0.14013690856284913,0.14035788203914704,0.1393816724884571,0.1379923889037484,0.13790291004554103,0.1363851498155714,0.13417771107386506,0.13063198229047535,0.12748307549865914,0.12373574497348591,0.12218004861197464,0.12123898048388217,0.11750182871334584,0.11378029139628443,0.1092100287632966,0.10551538486345208,0.10514229795451571,0.10164677403006919,0.09848545275852696,0.09617226443975999,0.09609890320323933,0.0944249243971662,0.09818471430271261,0.10542251277771612,0.11092269211111722,0.11187912096840581,0.11170779144435455,0.11158897719657537,0.10997810568935273,0.10793774993770373,0.11286389845879728,0.10973499626605981,0.1257280305936479,0.11019474093468047,0.10640373228555453,0.10771264630969644,0.10445749148675239,0.11313699201271628,0.12330313930269649,0.11951303526771959,0.12408963302426325,0.12832219181285268,0.12829826668109195,0.12323606279794054,0.11551240704744374,0.10999574911611393,0.1052053240885394,0.1048195490759866,0.10901142807319279,0.11236927183242673,0.11763208091957524,0.12901435041326775,0.1354142233699803,0.13503048638676815,0.13207060720363237,0.1316883638909165,0.13318623580282613,0.13794884338654378,0.1416162768300676,0.14470207653570497,0.14843513185297577,0.14825258967928728,0.14453311959421616,0.14349164895490996,0.14419519993328106,0.14588645526478608,0.14583698097737693,0.14742354499461177,0.1475396906703395,0.14791122203639487,0.1499926257823509,0.1376500496278357,0.12228383873496734,0.10287974564882582,0.22901017257821787,0.12608969784383287,0.10096220023165274
stat_69,0.15617816803695211,0.15586066751706168,0.1553796422799976,0.15410126521424197,0.1527444782745427,0.15193058514279878,0.15041644531398252,0.14837492396682245,0.14861880396393867,0.14756420809298812,0.14607724057699928,0.1459815652892951,0.14436075128891157,0.14204984287954725,0.13829205938697264,0.1349565869149349,0.13095038413264876,0.12929005154867443,0.12829098216591592,0.12432610666026725,0.12035427113751011,0.11551265598799881,0.11163114051311253,0.11124002638763561,0.10754749411332623,0.10426307930035705,0.10189345064759181,0.1018209998669078,0.10012032724283305,0.09835272435623182,0.09865562154525881,0.10313169340786373,0.10408204075672498,0.10770847217432834,0.10760063673740364,0.10608114037284408,0.10417066165434381,0.10417427611028249,0.10136877673114694,0.13900843312353586,0.11810806401435907,0.12234325627012904,0.11390620871751919,0.10998961690529044,0.10487204575678599,0.11413640924594703,0.11540478566253491,0.11973898093504855,0.12377865483060078,0.11938675526591605,0.11447293734176442,0.10785064428042011,0.11012795217080446,0.11173621099886667,0.11125669668697584,0.11562048005505762,0.11911224464284016,0.12466057434821654,0.13675290468353274,0.14350640165258494,0.14305712769106302,0.13988246900240758,0.13948565388290213,0.14103872351584026,0.14607283235242383,0.14992761558678008,0.15316275012325956,0.15713096417307665,0.1569109653289197,0.1529385391047645,0.1518554220552618,0.15261552052233915,0.15440318186765437,0.15435247609651215,0.15604346896213211,0.15607800937357005,0.1564523013014606,0.15876904183145255,0.14571950705690936,0.1294570599364346,0.10792919572661011,0.24135248564323966,0.13326763974009265,0.10693755620478507
stat_70,0.15119898907490822,0.1509066174341778,0.15044968597524208,0.1492074136624045,0.14788107511370457,0.1470752232664358,0.14559879322766947,0.14362677689321435,0.14385178672902443,0.14283812853839387,0.14140343518618428,0.14131172984632717,0.13975334729535177,0.13749810320124142,0.13385775387898213,0.1306257095526303,0.1267514303289266,0.12514883907905616,0.12418374803395335,0.1203476161389283,0.11651686302604294,0.11183363465412936,0.10806955622545582,0.1076910757729861,0.10410345767692711,0.10090256481941533,0.09858875943476952,0.09851756963283276,0.09685775820502736,0.09514287797089228,0.09543981889297079,0.09663411446073294,0.09753675033098931,0.09746344699929438,0.09737159621784713,0.0959986271163421,0.09426533971586766,0.09080540163396932,0.08842029779898097,0.1006152212419935,0.09105562157163508,0.08290443974421895,0.08854497349339079,0.08478009974594812,0.09156367050504502,0.0995390218386493,0.10438891384175315,0.10828745889775858,0.11195198789666175,0.11184183646649574,0.10720077470411642,0.10436985477029684,0.1065685634108212,0.10811366412142326,0.10763232877156696,0.11185861303293504,0.11524856613951807,0.12062343950475311,0.13229047200524888,0.13882087303441873,0.13840350873806212,0.13534942812662606,0.1349555923974981,0.13647558769669807,0.14136567054438282,0.14512571787931072,0.14828287222682515,0.1521075604178542,0.15191537013213618,0.14809433801528232,0.1470395662433582,0.1477689470235294,0.14951948608284024,0.14949855440821616,0.15114928533805444,0.15120839985239454,0.1515627564354815,0.15376244579213194,0.14106596609338173,0.12530803312216118,0.10501644604138764,0.2342106280954281,0.12917299444921918,0.10354103450235479
stat_71,0.15611755767411487,0.1558002093594199,0.1553205949347378,0.15404320480596834,0.15268470501460749,0.15186938807765576,0.15035434073215473,0.14831314869115236,0.14855682655047367,0.14750238156156273,0.14601686134859634,0.14592128415767544,0.14430125012903036,0.14198687293526882,0.13822957826451052,0.13489586681864368,0.13089155468341498,0.12923203898315255,0.12823357387595996,0.12427012618949666,0.12029928483797775,0.11545944590136524,0.11158051429989577,0.11119073132021481,0.10750418129396315,0.10421534776558102,0.10512155404452504,0.10504984071977778,0.1111204487495057,0.10925840626930317,0.11432233778209869,0.12128396746658676,0.1284557469860458,0.13578838929751108,0.13561962263025845,0.13358751749720274,0.13109534392205394,0.1260093576034011,0.13082220710630704,0.13636441052642254,0.13907081129136145,0.147539711545604,0.1425141022560048,0.12366272233382287,0.13401475693845707,0.13719190183961394,0.14448187712590682,0.15009798461103369,0.15540555829375652,0.14708067843231482,0.1347931312976699,0.1254295120038632,0.12259077022850305,0.1243046537373028,0.11490233683295191,0.11557504107862782,0.1190697192657186,0.1246094024954894,0.13669296669756803,0.14344213295439662,0.14299361660941623,0.13982036520814287,0.13942249729024558,0.140973062986438,0.14600583743222656,0.14986161820841012,0.1531005947301245,0.15706646937587906,0.15684640137106182,0.15287668744950653,0.1517936246728498,0.1525534687889208,0.1543432252043923,0.1542965666431007,0.15598935092590255,0.1560212038784496,0.15639312311929365,0.1587100896267217,0.14565891883467127,0.1294016174399988,0.10789309069957738,0.2412595423311065,0.1332140500135581,0.10689524120511532
stat_72,0.1319317899626292,0.13176582264797504,0.1313536940597969,0.13025572524439785,0.1291444824134131,0.12841475472696673,0.12712351594730978,0.1254567669868618,0.1256330322955142,0.12480794047951387,0.1236007425943948,0.12352265461980681,0.12219600411213662,0.12016463935264536,0.11700282640530152,0.11418439031003072,0.11091946341952193,0.10955726042031803,0.10872018972861758,0.10539360743338175,0.1021300970716135,0.09804326192617271,0.09466964304123027,0.09432950454139441,0.09118163786262229,0.08823340735521097,0.08598060449509637,0.08590252072059398,0.0842415285067273,0.0825899192396428,0.08273982071242376,0.08378180969099408,0.08468592284706743,0.08483009690012278,0.0847696938859126,0.08361872735311686,0.08206398936619336,0.07908162071105891,0.07699980867121299,0.0822974064133273,0.07205462335521758,0.07111263481529054,0.07578186266436082,0.07551919363182868,0.07984012268005271,0.08672130003025527,0.09080146684039682,0.09421100655335744,0.09739048523239553,0.09701207398516216,0.09254510354585173,0.08979629215315611,0.09182133692715087,0.09330451728898961,0.0931970202643471,0.09715062714933162,0.1002871625637872,0.1050547382060656,0.11513353708760436,0.12092007533128471,0.12068682654183227,0.11813436730412274,0.1177718071723949,0.11919072570563494,0.1234767173709606,0.12681921697606313,0.12964857903911958,0.1329554798173208,0.13285092936041148,0.12959476907753137,0.1286186888849601,0.1292144010279613,0.1307270489585916,0.13066940118253142,0.13205979202102058,0.13235930018533934,0.13273861155287028,0.13435424226798173,0.12327568436494432,0.10950608955491713,0.09409439589347203,0.20734023883091648,0.11268120454894333,0.08994245863633162
stat_73,0.18800542964115438,0.18754321810557728,0.18700800447742633,0.18547646120424274,0.18374178219577128,0.18273816434041015,0.18087384697209055,0.17835854585764307,0.17865433156320687,0.17732717125910727,0.1755024083369578,0.17538715584512246,0.17341860865289152,0.17066322485384777,0.16610724644172048,0.1620876010692651,0.15714901343487842,0.155122968866891,0.15392073753696897,0.14913225360805107,0.14428102999585454,0.13847129627479285,0.1339035526326743,0.13344843348140425,0.12903073716234442,0.1252631723944874,0.12267913700719364,0.12260962899272096,0.12079656768315558,0.11888165040638146,0.11937931784321683,0.12086149625177264,0.12178926349259948,0.12145355599125271,0.12131510347256519,0.11951864221445653,0.11734104455255522,0.11288478388418913,0.11534612952477215,0.11478847334697646,0.09841919973720285,0.10041693961054902,0.10761067978805892,0.10960633913792124,0.11871637851530331,0.1233151066200912,0.12968403350443106,0.134627752081692,0.13930014660234238,0.13953514427752614,0.1344110459674945,0.13122371538799105,0.13361603662899607,0.13538625495538706,0.1346525877387653,0.13965425995128955,0.14363993760420143,0.1501831778868663,0.1647034489910195,0.17268994254298065,0.17205802805181378,0.16815331400183955,0.16764694011806153,0.16941732059599401,0.17549963843579097,0.18014987054574635,0.18402221817331652,0.18879638023982961,0.18848902550109448,0.18366060249179264,0.18241337957422915,0.18336775054362656,0.18560357707500844,0.18567711028747802,0.18782053330730275,0.18755460716436603,0.18788405195271898,0.19101542086220274,0.17514481279937277,0.15555513567503151,0.12695168478268232,0.287159054445836,0.1577543893306401,0.12780935977508132
stat_74,0.16115921326664137,0.1608156482579059,0.1603230782952972,0.15900716335556372,0.1575962435284232,0.15675892918655795,0.15519492075773547,0.15307841601027705,0.15333448994609797,0.15223556352058348,0.15069550401478202,0.15059649310296455,0.148918363937822,0.14654073164342168,0.14265960065132485,0.1392180082382445,0.13506696400905766,0.13334847132763203,0.13231699891430246,0.12822271862612242,0.12411219366260177,0.11911601307652708,0.11512926224205287,0.11472921538851283,0.1109316318221519,0.10756927854555293,0.10516952064950973,0.10509765077582787,0.1033771895770373,0.10158840211028052,0.10192014167275158,0.1031814679049453,0.1041282113570556,0.10406359086381053,0.1039624539463044,0.10248381836113128,0.10061261306807323,0.09689932446244083,0.09429235165551586,0.0932461558603486,0.084557050978853,0.08547336294757193,0.08896227543922311,0.09032742350382025,0.09766269365117788,0.10626484432920781,0.11148158969874263,0.11569167532944255,0.1196100996084117,0.11944080536211368,0.11451964373757596,0.11152574340650889,0.11383928875518858,0.11547315346728472,0.11494733121042314,0.11940714046932036,0.1229808218793035,0.12868082581018295,0.14116637120928366,0.14811862160451983,0.1476316257326493,0.1443363098980475,0.14392624282257724,0.1455077512453696,0.15070026062577674,0.15467009904680937,0.15800015592294558,0.16209947384293996,0.16185936223157268,0.15774674721212326,0.15663801325054783,0.15742982804610497,0.1592800457027315,0.1592388604570349,0.16099546451210486,0.16098060452120053,0.1613516278018916,0.16380161630708587,0.15032933836299067,0.13355043967685493,0.11085072071458263,0.2484495540769516,0.13727567608906197,0.11030202617298596
stat_75,0.16595640461641573,0.16558337546994334,0.16509258467378507,0.1637370890118787,0.1622488448678138,0.16137250351626603,0.1597502703163295,0.1575541059394007,0.15781043555373706,0.15666317997141652,0.1550637434274726,0.15496209873055747,0.1532313632074363,0.15078765430557578,0.1467790612134947,0.14322989942038322,0.13891110116232444,0.13713682426859708,0.1360753104425325,0.13185515844557355,0.12760850347158878,0.12246701654969903,0.11839896119567692,0.11798713408564472,0.11828728368739666,0.11478540563827076,0.11233751181743568,0.11226927103498316,0.11518870884639791,0.11331448712488791,0.11376602990138866,0.11516206583751698,0.11608073238517372,0.12118669906858043,0.12104924096148793,0.1254047594537067,0.13042896705244908,0.13400442409566093,0.1407158663689182,,,,,,0.14354964069856915,0.14546770003658718,0.14374110486650832,0.14110735710206032,0.13899528828238536,0.13305850568685573,0.1280877556857474,0.12504751401738334,0.12741679203839462,0.12913033057899437,0.12315205094453577,0.12778137014070526,0.13148399054151833,0.13251270242058516,0.14535278402909774,0.15246779248076867,0.15193503081330953,0.14851931249974662,0.14808610776000042,0.14969849413829045,0.15505952945301965,0.15916020836393924,0.16258863582477764,0.16680396365656158,0.16655626287290193,0.1623176516821858,0.1611945313933672,0.1620191738595543,0.16395393482144544,0.16396480727606325,0.16581160276089532,0.16571901859089108,0.16606157010021955,0.1686654317246047,0.15471979985012815,0.13743245570316268,0.11363159638461535,0.2551700049447858,0.14114591865084802,0.11357622760564283
stat_76,0.17976964784122715,0.1793387960686621,0.17881678513501925,0.1773542517895967,0.1757175376347365,0.17476927452908111,0.17300510528195875,0.1706118608286521,0.1708938563639791,0.16963324091625082,0.16789260009541168,0.16778218287034516,0.16590004340437,0.16326857762290295,0.15892262222245632,0.15507586420974373,0.15036819733028708,0.14843920474739997,0.14728802204536023,0.14271323825684423,0.13809206589969827,0.1325279726221436,0.12814957290589793,0.1277115792592515,0.12348099249417552,0.11986257096490589,0.11734650606985943,0.1172770460165101,0.11549637035820176,0.11361978160676128,0.11407290693611759,0.11548477851998687,0.11642665254690442,0.11614497480114011,0.1160218781267455,0.11435168690375276,0.1123517587067121,0.1082164792724551,0.1053788056578891,0.09733142749524511,0.09501055869719276,0.09630102930409476,0.09927991066231576,0.10079152186403494,0.10884394399794392,0.11838763325279766,0.12429278301469776,0.12891316049069265,0.13331456906589018,0.1334557418472865,0.12839419112063236,0.12528237412980622,0.12766128636452168,0.12938664027853095,0.12868897348888417,0.13350668071516317,0.13733916892845086,0.14362524004370458,0.15752711199624644,0.16519682054565596,0.16459066814927553,0.16086214787050981,0.1603836091984202,0.1620949886332491,0.16790690602978112,0.17233954670153728,0.1760364949431559,0.18060665227276237,0.1803166558873821,0.17570313215117161,0.17450424058549513,0.1754080378252704,0.1775183941681498,0.17755542080853357,0.17958161983289256,0.17938045466343175,0.17971998653266505,0.18265574742220664,0.16752356725142037,0.14879776281675924,0.121941127097886,0.27517267300996046,0.1516722056303045,0.12255941524208094
stat_77,0.14705861021967057,0.14678920391166317,0.14634367377751745,0.14513354786895494,0.1438491967199063,0.14305790716531885,0.1416163331009773,0.13970780223658877,0.13992091127717182,0.138944610430885,0.13755612372164944,0.13746732832310377,0.1359563045655179,0.13374643136729716,0.13020650654015664,0.12706242635552278,0.12331178015167134,0.12176179326134531,0.12082420756799622,0.11709766072342068,0.11338862767609825,0.10883232814810859,0.10516182855623642,0.10479102800393521,0.10129738317702851,0.09816066192203524,0.0958719064891676,0.09580020813315081,0.09414681024516502,0.09245479418477254,0.09272679486051899,0.09387937588117219,0.09475704542985962,0.09470633710845378,0.09462485937066117,0.09585022134916078,0.0968326692810671,0.09322556857759155,0.09072835547101823,0.11468254970386131,0.09798794265287436,0.09139758589193255,0.09072776503789726,0.0895001005941756,0.09386609923650989,0.10213622188399467,0.10721548634834685,0.10811567575482232,0.10877565649759682,0.10863990424200307,0.1040988368279873,0.10132415017018666,0.10348395610493051,0.10500289185086911,0.10457177684192519,0.10871822934076548,0.11203949091943546,0.11727925171494734,0.12860598849358307,0.13497133134275424,0.1345816526523421,0.1316283970283839,0.13123916429746627,0.13273291363442624,0.13749398978794905,0.14116453363496562,0.1442543397728387,0.14796923361270445,0.14779453272325832,0.1440931377590873,0.14305956600819567,0.14376104247905283,0.14546783906073354,0.14544644589307656,0.14704591112159057,0.14714419803552234,0.14749864643063204,0.14958596701401605,0.13723270256262587,0.12190170730007403,0.10261526591049415,0.22834379006878563,0.12576723426301553,0.10070556742206065
stat_78,0.22448587872481449,0.22393535698229192,0.22335145448495475,0.22151829269603188,0.21934283460907694,0.21806666897694435,0.21576480431037465,0.21275292111298708,0.2130856690460162,0.21149568102153118,0.20934382251216613,0.2092090504968008,0.2068795382962469,0.20356440829954345,0.19808771019284974,0.19327480446292108,0.18738674792866686,0.1849754168559943,0.18354230423097212,0.17782321791077552,0.17200758858992835,0.16508284297767034,0.15968335196768443,0.15915096486954106,0.15390851514881165,0.1495292651671233,0.14652112203512602,0.1464431529874139,0.14434131722091587,0.14214978540752282,0.14275216879729807,0.14450178488856136,0.14546179318692887,0.1448621281553094,0.14468297846705475,0.142597149400159,0.1400345466305185,0.14502111968959183,0.14086862285334664,0.13587787522590228,0.1266163239063403,0.1323554654791055,0.14158086193749936,0.14431287251302402,0.1436890199164548,0.1567809655793445,0.1539453595123793,0.15983665546486953,0.16545097560982316,0.16613872546352357,0.16056572631968202,0.15693344703132156,0.1593024260602206,0.16140084853807643,0.16089807278922602,0.16692761983539503,0.17156562561894453,0.17925178869754013,0.1963265332955707,0.20577933257813566,0.20511729011877922,0.2005024993850054,0.19981833974662636,0.20188263811758037,0.20922639657033487,0.21489981401115735,0.21957168007204683,0.22522192006609693,0.22486126777520896,0.21913274836833058,0.21764815145735789,0.21878745344929965,0.22157430145875132,0.22182425249212692,0.22449222468185218,0.22400922715940425,0.22430197020378626,0.22817843794026796,0.2089493618007451,0.18550518976221425,0.1498441989652107,0.34132188044221323,0.18258467589559368,0.14978846849865424
stat_79,0.15540193517242526,0.15508251328881606,0.1546167592680393,0.15334361925341636,0.1519687599525608,0.15114280342430444,0.1496204216689886,0.14758302861451067,0.14781672021902198,0.14676214950466931,0.14527884185840462,0.14518423546514306,0.14357391542654585,0.1412656264210778,0.1375169675813399,0.13419383221730527,0.1301879179846873,0.12853243386942387,0.12753931521502213,0.12359119687358829,0.11963225981495024,0.11481667594422443,0.11097273037768725,0.11058392912401889,0.10689840255218207,0.1036372676504797,0.10130795744714245,0.10123844795231099,0.09957236164910407,0.09783525129548547,0.09815864203355645,0.09936714948308582,0.10024646564121048,0.10010015878533042,0.10000468095422865,0.10174022942124684,0.10336898074835044,0.11257506834812299,0.11513237423633968,,,,0.12043823680842229,0.11552746825017232,0.11849625496085256,0.1229703541134375,0.1144397481973419,0.11477483584926554,0.11497595487772067,0.11495931334213562,0.11033701922099995,0.10752813876645868,0.10975758304935411,0.11131893270304752,0.11075795747849018,0.1150420595481979,0.11848956410590537,0.12399634524340618,0.13600205841874233,0.14269542738568447,0.1422446045360639,0.13908365151712526,0.13868329124310422,0.14022422066756077,0.1452479948605013,0.14910507599964593,0.15233860754551296,0.15627709303131462,0.15606618127534042,0.1521235752567102,0.15105273104687245,0.15180984831073663,0.15361868576482232,0.15361069289586074,0.1553200437514061,0.15532534752126576,0.15567285291867936,0.1579993559204285,0.14494725340053033,0.12875437973738266,0.10741832821186828,0.24009312210086997,0.13271721571763037,0.10648413970813927
stat_80,0.15107664837545945,0.15078330695916983,0.15032714770231134,0.14908685947848724,0.1477606094428972,0.1469538250233723,0.1454743832421796,0.1435042463521327,0.1437274458480686,0.14271374693636102,0.14127946703916164,0.14118783259677017,0.13962893567304616,0.137373919077119,0.1337339339173673,0.1305037124029763,0.12663076738804033,0.12503069855169963,0.12406606134361454,0.12023389912896869,0.11640505744431474,0.11172475329346453,0.10796569432265427,0.10758774483688643,0.10400585060871621,0.10080761085611188,0.09849926792884856,0.09842843839237177,0.09677120460648399,0.09505534676775126,0.0953547775721415,0.09654129680438818,0.09742489591379269,0.09733741499076976,0.09724715977212758,0.0958525007512884,0.09408203945145853,0.09058649915381296,0.0881538368898574,0.0914471845792708,0.08958110621739375,0.08463112924283762,0.0851590233050437,0.08672507620138634,0.0912297064702829,0.09926569687716157,0.10417192622819556,0.10811718116332719,0.11180679297501096,0.11171511718110376,0.10711409625688387,0.10430579600715911,0.1065009763820425,0.10804392394529376,0.10755174625133422,0.11176666659008265,0.11515151234579939,0.120517413405971,0.13217561670599282,0.13869954556569464,0.13828046502750352,0.13522620956834666,0.1348316907679642,0.13634901420896323,0.14123587567530532,0.14499493935801677,0.14815124888423165,0.15197436200608747,0.151782018312215,0.14796374777902793,0.146912235995795,0.14764037934963387,0.14939430133662662,0.14937635114941494,0.1510268548528386,0.151082217707124,0.15143504027336788,0.153636210768722,0.14095106774324398,0.12520576108668702,0.10492731922397733,0.23400606990227119,0.1291195815849447,0.10348971898833098
stat_81,0.17945899114289304,0.17902726515420497,0.1785089764475693,0.1770479987891259,0.17540850695925164,0.17445671969757678,0.17268533635254582,0.1702931883798794,0.17057447657951436,0.1693143710841659,0.16757478396417808,0.16746467113610758,0.16558601387363275,0.16295255631662478,0.15860600709368125,0.15476615150850803,0.15006304813139706,0.14812852084111908,0.14697840417093172,0.1424058128926775,0.13777738507260795,0.13823041776247605,0.13366785222674718,0.14006530314271085,0.13543142909093955,0.13151627146670103,0.1365316675809621,0.1364594203253795,0.1345040101918559,0.13244733126904176,0.1330236660518688,0.13465675228454554,0.1355863272137076,0.13507572828115347,0.13490787633088286,0.15359430570892188,0.1506805118874731,0.17825276083789127,0.17289043652145636,,,,,,0.17371851595015955,0.189780027500622,0.16505763402623969,0.1715812833433427,0.15454780111495295,0.15508102772935894,0.1497641566910268,0.14638537867963847,0.14877238146613456,0.15070294821417823,0.15001415255405984,0.14676491108056336,0.1509014309179995,0.1577373983600307,0.16444235506356591,0.16484211401602378,0.16424997895862975,0.16053269741507242,0.16006436199954438,0.16176896473049357,0.16757211949483733,0.17200721101801353,0.17570561885010366,0.180265837145232,0.17997832651101262,0.1753745823527849,0.1741782758480189,0.17508231867660626,0.1772026361672064,0.177251169744993,0.17928009835047043,0.1790720998326181,0.1794051274570593,0.18234251023307768,0.16722236167092644,0.14852688560635494,0.1217306800680888,0.2746703096499728,0.15147784817949242,0.12238956787256013
stat_82,0.26827055823345597,0.26772828390113934,0.26713872987509524,0.26490111591148785,0.2621239809414394,0.26037516377569564,0.25744994479463834,0.2538743863527435,0.25420197263192307,0.2523619143976888,0.24988272339900897,0.2497305246891383,0.24705275022931825,0.24289701322074664,0.23630926780901385,0.2305559406809057,0.22363858118426963,0.22082435151869562,0.21913141148363605,0.21234305900071943,0.205492379381804,0.19727109659669798,0.19095549486637559,0.1903322384033754,0.1841234068062937,0.17892910210719906,0.1753129419013346,0.17521040719873626,0.17260571325768523,0.17011629193141822,0.1708108878846227,0.1729578467862643,0.1739158208531563,0.17315194845190474,0.17295499852881893,0.17036224260115104,0.16721373731829492,0.1604707770781284,0.155755904985338,,0.14071230487088673,0.15003831087456812,0.15936671272195574,0.16184391270999948,0.15790261684045567,0.1723748930876416,0.18207293752828477,0.18922441219087976,0.1963098376364294,0.19746977788496722,0.1913991452527099,0.18695458299729964,0.18890345842242656,0.1914358875036144,0.19187880257169102,0.19940657490561423,0.2049242304711832,0.21392689230593198,0.23354349539332883,0.244732603004891,0.2442261295733297,0.23891934581003085,0.23790093912833404,0.24040928183611043,0.24935505927206186,0.2564533451867746,0.26230001336798053,0.2688802004429623,0.26856862729321523,0.26191123629769186,0.2600755112468164,0.2614072339558431,0.2649918619952845,0.2656340083656168,0.2690096694717523,0.26841114425390683,0.2686185364020445,0.27314992403214267,0.24953190256324828,0.22137103322251858,0.1788997200293274,0.40864256495309054,0.208097549210572,0.17344555215049756
stat_83,,,,,,,,,,,,,,,,,,,,,,,,,,,,,,,,,,,,,,,,,,,,,,,,,,,,,,,,,,,,,,,,,,,,,,,,,,,,,,,,,,,,
stat_84,0.2718577007155819,0.27136610674872036,0.27075914815752855,0.268482710071049,0.26569939771835416,0.2639112758512155,0.26094554780098794,0.25735830898153983,0.25767563055427495,0.25585068257935534,0.25336466393899537,0.2532115678529178,0.2505217787060043,0.24627295230463545,0.23961114135687847,0.23378646768769104,0.22684392470931392,0.22401097377573725,0.22229793521514013,0.21543227768734866,0.20852194364469623,0.20019234034881095,0.19380748672811016,0.19317400755949707,0.1868660444078029,0.1815050883756002,0.17769682798131453,0.1775811218824814,0.1747640716467104,0.1721156438444524,0.17271484484558255,0.17489124562437655,0.1759304428513573,0.17530063367963103,0.17511190941719898,0.17260098091705217,0.1694305667092782,0.1625727787915837,0.15775844868766087,,0.14385527981054982,0.1543848604053689,0.14599553839346768,0.14781647770832668,0.1598289390680304,0.17444943105106667,0.1842324350858558,0.19145204538560268,0.19856470569600976,0.19955906436519225,0.1930856923150476,0.18826728887612196,0.19024207249771385,0.19297062948557098,0.19388050310644794,0.20177609385945416,0.20751647189391823,0.21669992640213354,0.23641052705442514,0.2478131903981798,0.24742661126352875,0.24213573726066565,0.24108699799044864,0.24370302882927422,0.2527793833386128,0.26000990948587527,0.26597810399927796,0.2726251737532887,0.2723491812353811,0.26564419340598583,0.26375380429238415,0.2650800677437368,0.2686972785864151,0.26931572396309744,0.2727031275344806,0.2722321403030924,0.2724853962245052,0.276914216489229,0.2529904092756562,0.2244417109376801,0.18197921474883083,0.41531992960774144,0.20938646955152168,0.174733739431418
stat_85,0.21412579731930742,0.2136513091830821,0.21305265370507376,0.21129730074597336,0.20931234040642654,0.20812614004985971,0.20597410114684,0.20313750167361838,0.20345259451180478,0.20197561884841062,0.19992809804580702,0.19979876239443195,0.19759085467090953,0.19440491468219268,0.1892226277181422,0.1846488859841406,0.17907802119994648,0.17678457518909355,0.1754154364141324,0.16997754243514476,0.16445094252785547,0.15782914086039646,0.15274235585293067,0.15222923368490635,0.14719006951458571,0.14285524867207886,0.13984371013099467,0.13975493662972352,0.13754251608185883,0.13525400656968306,0.13571147283007196,0.13739855750112603,0.13848272365164935,0.13815275575879257,0.13801839389469714,0.13605555783905898,0.1336558762073968,0.1285653724118441,0.1249773543494458,0.11236253988098514,0.11345076076521099,0.11784416985558292,0.12512615825948456,0.11876936020068302,0.12830697552214246,0.13979592269276006,0.14704197500421426,0.15260317572634433,0.15795592479446233,0.1581949016054318,0.15222054566612117,0.14829442735861395,0.15075909910672333,0.15297557200673706,0.15286601134496047,0.15885857466520806,0.16350846556358895,0.17097725830832466,0.18715954113504346,0.1963004293526528,0.19576551426227526,0.19141881156716303,0.19080160274243854,0.1928818893945921,0.19984507321872577,0.20521106178845272,0.2096818765552221,0.2150776380041766,0.2147648572756341,0.20930920009512563,0.20786819432484033,0.20893854001285117,0.2115097802109344,0.21162085653901178,0.21407167758487072,0.21381312431202365,0.21418883328667002,0.21768293277500098,0.19952445885885517,0.1771855355327253,0.1440116995774969,0.32711896148227754,0.17488963512929467,0.14295509470012296
stat_86,0.26860053886246305,0.26806077520560384,0.26746741101451427,0.26522704886987697,0.2624529838766864,0.26070485665552856,0.25777929707442654,0.2542022998093923,0.25453021607639137,0.25269062285642835,0.250208922081799,0.25005646168142776,0.24737584720410996,0.24321499922656162,0.23662186803853488,0.23086241675504454,0.22394020341246434,0.22112275559773484,0.21942751166172644,0.21263149823693528,0.20577335406502806,0.19754081874935528,0.19109523591220565,0.19047173130280498,0.18425765596608742,0.1790562885061274,0.17543439938456143,0.17533140266907687,0.17271798507092426,0.1702212608828479,0.17091231839065424,0.17306158724015494,0.17402528769968606,0.173269372796209,0.1730734167476555,0.17059512298039536,0.16734334851447313,0.16060062939609757,0.1558821287973829,0.12751837730281484,0.12921542305875974,0.13545124236954129,0.14394928959369144,0.1460127722149599,0.1580393007668961,0.17251950475597505,0.18221474263667667,0.18947822935510222,0.1964454724603007,0.19759153519130265,0.19149438874562186,0.18702748836151398,0.1889798526688207,0.19152332404103428,0.1919878130111361,0.1995305234781933,0.20505869794671222,0.21407155964594188,0.2338235647197466,0.24503536952520005,0.24453674666373487,0.239228366331108,0.23821068182883995,0.24072946163424763,0.2496837656775637,0.2567876915346591,0.2626406447987827,0.2692301071987203,0.2689195164616573,0.2622535507539621,0.26041424472270286,0.2617462963942235,0.26532843480854573,0.26596110153061747,0.2693339718350374,0.2687462844100356,0.26896083101812246,0.2734865966402348,0.24985396253290523,0.22166035063455808,0.17914441729758473,0.4092072843565863,0.20825386012749733,0.17359149597228185
stat_87,0.22736913411249854,0.2268492990603602,0.22624631619534682,0.2243795408312177,0.222206510195808,0.22090685036729948,0.21858098713042626,0.21554964091748507,0.21587834881008855,0.21429490971217618,0.21212467677581134,0.21198859522005625,0.20965092340954466,0.20625515409852546,0.20073050024718117,0.19586899780432057,0.18993486395534734,0.1875012760876302,0.18605015635342007,0.1802752166884701,0.17440401405155095,0.16738626655626457,0.16191499436564918,0.1613768512514281,0.15605659727089,0.15154724501330738,0.1484517009590246,0.1483643177880128,0.14612458472096915,0.14382055283570602,0.1443709160493671,0.14617014371671277,0.14721684380357627,0.1467451808943,0.1465963016089314,0.14450925138730394,0.14186414650151538,0.13639582473824124,0.13255995434179688,0.12753397702346264,0.11262568003770297,0.11637409637733818,0.12393609232768008,0.1255545188641703,0.13573185998325116,0.14796044045852896,0.15579843866669044,0.1618206898503416,0.16753176267278602,0.16801363646205095,0.1620657514986605,0.15809556823127316,0.16048655875374337,0.1627366197053237,0.16256890465443724,0.16882526355307234,0.1736389329521638,0.18147185760443524,0.19866874490274783,0.208300541429725,0.20771449522658902,0.20308875125016257,0.2023948932032666,0.20455609628875074,0.21198455133488217,0.21773317507487974,0.222505037758243,0.22821029294238013,0.2278746500090163,0.2220934718602539,0.22057207974361204,0.22171768836184746,0.22451856611360796,0.22473885502117869,0.22740982030391446,0.22702134818535047,0.22735427558275054,0.2311708154322627,0.21173195433089947,0.18798537131249185,0.15215629333430866,0.3464578286481826,0.1838899529467451,0.1509990704476935
stat_88,0.30173015862945535,0.3012562675495633,0.3007188540174508,0.29815413960127013,0.29482582787869877,0.29260636145711866,0.2891177116826326,0.28513181430486634,0.2854207132865648,0.283419980190421,0.2807468340558177,0.2805859957176887,0.27768642091147966,0.2728105593843755,0.26533829158713607,0.25885343695323826,0.2512334270401755,0.24815171140594777,0.2462719014194922,0.2386787979833129,0.23110139630934176,0.22192335021802906,0.21471081085576532,0.2140211109182235,0.2071142662526474,0.20132863353558883,0.19718319991591643,0.19705909113006542,0.1941041712157086,0.19147399983475882,0.19226837800107863,0.19476037287002887,0.19564868057658433,0.19475590683947203,0.19458321936741016,0.1917148785263096,0.18797637115374494,0.18013008885401857,0.17475170209599764,0.13972378615321587,0.14102580111265225,0.14958128828879586,0.15926623888739475,0.16183283380284244,0.17548584613037205,0.19164166527595347,0.20289438322311576,0.21114406956090595,0.2193176123128377,0.22095094474356883,0.21483023034241652,0.2098436625289818,0.21112629176339648,0.2139275086887042,0.21528551715908348,0.22406058276315188,0.23018962363101975,0.24008327948463712,0.26153605592218204,0.27398562657195885,0.2737084499505467,0.2679756868182077,0.2666030763820365,0.2694444512315552,0.27970956646882456,0.28807179419368456,0.294930207215922,0.3021427347198353,0.3019264703169987,0.2946669062543638,0.2925237027259002,0.2939743752905329,0.2983033848973714,0.29942289963322644,0.30343725212377193,0.3027651927880137,0.3028361331793835,0.30777259516232774,0.2804575119414574,0.24861669477454762,0.201933196751345,0.46123844864739466,0.22506509290187876,0.18990032744270538
stat_89,0.26860053886246305,0.26806077520560384,0.26746741101451427,0.26522704886987697,0.2624529838766864,0.26070485665552856,0.25777929707442654,0.2542022998093923,0.25453021607639137,0.25269062285642835,0.250208922081799,0.25005646168142776,0.24737584720410996,0.24321499922656162,0.23662186803853488,0.23086241675504454,0.22394020341246434,0.22112275559773484,0.21942751166172644,0.21263149823693528,0.20577335406502806,0.19754081874935528,0.19109523591220565,0.19047173130280498,0.18425765596608742,0.1790562885061274,0.17543439938456143,0.17533140266907687,0.17271798507092426,0.1702212608828479,0.17091231839065424,0.17306158724015494,0.17402528769968606,0.173269372796209,0.1730734167476555,0.17059512298039536,0.16734334851447313,0.16060062939609757,0.1558821287973829,,,0.14848456074985933,0.1581866586624104,0.16085915244635782,0.1580393007668961,0.17251950475597505,0.18221474263667667,0.18947822935510222,0.1964454724603007,0.19759153519130265,0.19149438874562186,0.18702748836151398,0.1889798526688207,0.19152332404103428,0.1919878130111361,0.1995305234781933,0.20505869794671222,0.21407155964594188,0.2338235647197466,0.24503536952520005,0.24453674666373487,0.239228366331108,0.23821068182883995,0.24072946163424763,0.2496837656775637,0.2567876915346591,0.2626406447987827,0.2692301071987203,0.2689195164616573,0.2622535507539621,0.26041424472270286,0.2617462963942235,0.26532843480854573,0.26596110153061747,0.2693339718350374,0.2687462844100356,0.26896083101812246,0.2734865966402348,0.24985396253290523,0.22166035063455808,0.17914441729758473,0.4092072843565863,0.20825386012749733,0.17359149597228185
stat_90,0.24192705832599126,0.2413558388288749,0.24077262315079073,0.23877908311801077,0.2363530565118741,0.2348938970459884,0.23234518005862073,0.2290902066757497,0.22942715780129186,0.2277210886855998,0.22542391825008617,0.2252816719077691,0.22280580672280453,0.21916138179948264,0.21323915648018718,0.20805225105702557,0.20171763872617463,0.1991380398460029,0.19759994732974467,0.1914512317065038,0.18521460365081827,0.17776861266380636,0.18928107904974711,0.188661605415524,0.18250972268367383,0.17740270641613115,0.17386881993296407,0.17377274404091783,0.17127835438566053,0.16887601054717735,0.1696143104011716,0.17173726788229712,0.17263864293745412,0.19378296212456889,0.19357180153689765,0.19068399660900753,0.18693260692490268,0.17911322798045887,0.1737037669290515,,,,,,0.1744949771590327,0.19063940309144234,0.20186238989769723,0.2101009745617494,0.21824786745558264,0.19610736212405863,0.1902800605945072,0.18605490360501473,0.1879845639337061,0.19040169998345155,0.19059796883766753,0.19794467287747908,0.20334408291987455,0.21224212476684962,0.21124014786202253,0.22136438406645162,0.22070504777739067,0.21577640268075096,0.21496803162605543,0.2171876783879422,0.22516003740831875,0.231380414047075,0.2365123206092732,0.2425396888954456,0.24218520933915005,0.2360685016752974,0.23445718976245022,0.23568685148326382,0.2387965055160448,0.23921652048590536,0.24217871929826942,0.241598427275943,0.24184028813745181,0.2460442621809037,0.22506836924828152,0.19975118308468487,0.16110507599428062,0.3676184652273738,0.19340556945321707,0.15966738629742644
stat_91,0.2460570401524245,0.24553254262382032,0.24492275913413797,0.24288791094628612,0.24046434937558478,0.23897536683536336,0.23639128192823866,0.23311883459140303,0.23344922340195462,0.2317544165283451,0.2294412122954838,0.22929725150569513,0.2268007801441323,0.22306349098864664,0.21706130232009993,0.21179398021631388,0.20541685191913142,0.20280787016156251,0.2012449968588896,0.19500649244263565,0.18868474002901484,0.18111083131475614,0.17532233034166747,0.17474235967693605,0.16900142498003448,0.1641420040864443,0.1607646109143438,0.16066731743701118,0.1582006833127113,0.15575528056369262,0.15633450736647775,0.15827977201922966,0.15931612394292863,0.15874650146406075,0.15856754126180916,0.15619649206404193,0.1533814273265902,0.14733646204342737,0.14307975102840004,0.13739562276883718,0.14068969416437135,0.14998608124414525,0.1330527772236854,0.1347495137807714,0.1458740161906997,0.15913607487082088,0.16779494430269426,0.17426819105628247,0.18066096686564612,0.18139285997828655,0.1752423220984339,0.17096632355039765,0.17322783442216913,0.17566200832942402,0.1758549230550916,0.18275853909649392,0.18795008224186233,0.19635958007096263,0.2146123442096854,0.2249861925502337,0.22445196514365556,0.21952268663854588,0.21869383268309997,0.22103359787619997,0.22914326238004856,0.23548970861188484,0.24074200716106206,0.24685748428701262,0.24653323496283214,0.24034467744586696,0.23867764136302858,0.2399055655393968,0.24303584214217433,0.24340712915912335,0.24637280746893184,0.24592582279376143,0.24622677613351912,0.2503378575288962,0.2290537241449202,0.20330061995113874,0.16446284315444937,0.37504750416720795,0.1951529137109238,0.16133546187590028
stat_92,0.22397001503150638,0.2234152810227414,0.22283938723137295,0.22100496461179966,0.21882091935771067,0.2175363499312073,0.21523184514271845,0.21221488336384958,0.21254639762997873,0.21095488070405372,0.20880152721656045,0.20866723910406146,0.20634981498205507,0.20302352462642256,0.19756108542065484,0.19276450825993513,0.18686947358204556,0.18446302285580155,0.1830332639758968,0.1773331046922215,0.171537157480324,0.16462727078723674,0.15927519945050478,0.15874541971761338,0.15352090638201732,0.1491648388533986,0.14622005428781804,0.1461438812361644,0.144088578737811,0.14194537962561146,0.14257417375162537,0.14433529343627047,0.14527237431223472,0.14467437781841225,0.14452013084256243,0.14235819603534186,0.139734435587317,0.13430234090019844,0.13053112657753105,0.13551483857838198,0.12678869009185745,0.12195163120988345,0.12116234842698811,0.12338630257048978,0.13368128799795728,0.1457781747599272,0.15360950153188388,0.15956734877302642,0.16526250932816577,0.16592435373759473,0.16042312727090902,0.156821585191676,0.15916285558196702,0.16121713389887773,0.16064960600962064,0.16659693911789528,0.1712021303913825,0.17885288603750366,0.19586129096502455,0.2052798425155482,0.204594528212094,0.19997464911427604,0.19928968317628865,0.20134913952067307,0.20867260523828043,0.2143316394929563,0.21901450289495109,0.22464073427034495,0.22428442555361816,0.21857079483486833,0.2170927886756303,0.2182385479477777,0.22103524935004132,0.2213127930793569,0.22399032710394265,0.22349051652068158,0.2237671333590492,0.22765603736169635,0.2084400527740424,0.18504577094749078,0.14945576004458877,0.34041650409174007,0.18233331630995786,0.14955143060584078
stat_93,0.26709421063495625,0.2665370458663223,0.265957068125886,0.2637311233097854,0.2609491854281873,0.2592068224544043,0.2562895244414713,0.2527172817928795,0.2530466679921822,0.2512018982708238,0.24872709467303783,0.24857543735006488,0.24590437033301202,0.24177489495568022,0.23520934272664978,0.22947938020064187,0.2225718562272139,0.21976540258649507,0.21807966162127648,0.2113174730310496,0.20449044209171924,0.19630729931072097,0.18994131752454332,0.18932270285711617,0.1831550100518795,0.1780261124350188,0.17448386892459608,0.174386239578168,0.17188594402459662,0.16946671069942626,0.1702115026544136,0.17236937612157543,0.17331210514355752,0.17252478000765234,0.17234812299886798,0.19109264545428092,0.18731409973666213,0.17940805797873896,0.17404007880204939,0.13737360696089848,0.1397014805151049,0.148436067496755,0.15830976856172535,0.1611191283658371,0.17480760276212612,0.19092712815989182,0.20223370066797686,0.21051259532862038,0.19565959579385464,0.196832345115399,0.19090110073394848,0.1865749136896935,0.18849208134879933,0.19094473951211893,0.19119987066195407,0.19859013011571636,0.20401961190703474,0.21294571358445777,0.23258979131949098,0.24370182794819029,0.2431556204240386,0.2378453111381944,0.23683177447664777,0.2393019004591752,0.24820908161520114,0.2552724641712943,0.26108566598188054,0.267638806886237,0.2673178841197791,0.2606813402408636,0.25886226833320963,0.26019525324021103,0.2637785112933726,0.2644413492980681,0.2678205966455502,0.2671769912402216,0.26736298513756557,0.2719275642830719,0.24838772659435976,0.22034973447822495,0.17791934266286163,0.4064819410572224,0.20761592560293726,0.17298535120495548
stat_94,0.20937445807804772,0.2088460258599885,0.20828423214337868,0.20657525564604748,0.20457557114968017,0.20341444332525546,0.20129463790088875,0.19847567742592653,0.19879643542919362,0.1973051237313544,0.19527834946837938,0.1951513292542116,0.19297007437816735,0.18988586881194852,0.18479159284811644,0.18030960626460993,0.17478765568528173,0.1725308181327905,0.17119107377517023,0.16585750657152779,0.16043153470183424,0.15396065526155175,0.14894250619424493,0.14844294499932598,0.14354382926021722,0.1394373223580646,0.13665897411564068,0.13658717616656305,0.13464997558915479,0.13259909045454346,0.13318211715320344,0.13482029266622286,0.14505069987857594,0.14444640259476915,0.1442903433259573,0.1421396723373977,0.13950344364331652,0.13404516764869623,0.14081086260506734,,,0.13269511568791145,0.1418988816232807,0.13247580830775407,0.14363161460448956,0.14550420986354892,0.15336298156762085,0.15932932602398417,0.16500474386017616,0.16567805295504104,0.14994904741204435,0.14655583911361497,0.1489452396584951,0.15087786325573227,0.1501735045561006,0.15570076094260332,0.16004022436417586,0.16724268712640306,0.18326563246268313,0.19210540686064,0.19142372818866457,0.18707703119998054,0.18647446751974783,0.18840850126063416,0.19522113851023373,0.20045443860556175,0.20479486455413565,0.21008256650337437,0.20973686402962766,0.20437012998431903,0.20299264061789918,0.2040652046684826,0.2066275511378914,0.20681513938858034,0.20927421588825992,0.2088508700933995,0.209147596035281,0.21275586631731958,0.19491813727324928,0.17307435944641078,0.1401693166996511,0.31856611229862414,0.17279059576540887,0.1409955074921757
stat_95,0.2670250893614204,0.26646731605092355,0.2658868100448418,0.2636617006769436,0.26088157160039654,0.25914097795358176,0.25622544047424245,0.2526539410547995,0.25298370440637086,0.2511390714813956,0.24866427955619863,0.24851260820871904,0.24584109081600572,0.24171372198359853,0.23514886790304715,0.22941998689892157,0.22251341282971676,0.21970714356956397,0.21802172396512332,0.21125962538978613,0.2044326667473778,0.19625092469094818,0.1898860614637414,0.1892670069269226,0.18309946676711442,0.17797121379444675,0.17442195706716238,0.17432447442580065,0.17182822054766178,0.16940902709800318,0.17015091499868362,0.17229883201249638,0.17322700869021201,0.17243383150712152,0.17226090463665858,0.16967824288120498,0.18714718159999538,0.17920984482404137,0.17381067641732673,0.1372692347902631,0.13957269816529083,0.14819423535537304,0.15809001753197138,0.1609113469201405,0.17459945977769684,0.19073984591015153,0.20207732861233102,0.18853358998902675,0.1955715460947444,0.19674438170100633,0.19083179955842328,0.18652007871451173,0.18844264617758055,0.1908932396581494,0.1911386281633607,0.1985322068457148,0.20396063947680176,0.21288630757631807,0.23252970758613842,0.24363965274124744,0.24309333481316178,0.23778490286636594,0.23677286206897674,0.23924229426068583,0.24814664944796144,0.25520769425372736,0.26101791515996586,0.267570946047507,0.26724945392533705,0.2606133921729322,0.2587951508206337,0.2601280506745234,0.2637087498512803,0.26436916306982555,0.2677462843164875,0.2671026817753984,0.2672895929223229,0.27185407351669033,0.24832445479144905,0.22029458496048177,0.17786566314151417,0.406365256653858,0.2075935406234893,0.17296062971894127
stat_96,0.19753096548294272,0.19703315200059818,0.19648682066908776,0.1948771841129608,0.19302166872196802,0.19195006140328458,0.18997257707268972,0.1873181773777345,0.18762617775969143,0.18622160022871503,0.1843038495407393,0.1841832052733259,0.1821182183377139,0.17922001881664254,0.17442295475773104,0.17019581731182262,0.16498780736918456,0.16285541522525743,0.16158989995419507,0.1565564099010505,0.1514388147368677,0.1453285266500016,0.1405772936020065,0.1401022046808784,0.135467453497799,0.1315593254777622,0.1366767499227745,0.13660490016176896,0.13466817300656153,0.14194537962561146,0.14257417375162537,0.15596683797084268,0.1568863405960558,0.1718026023123996,0.1716030010954197,0.16900938625145567,0.16577965210782064,0.1786488094957926,,,,,,,,0.190189106909319,0.18062169198709846,0.1878304407772766,0.19485341309717952,0.1788129034966484,0.1731793907361388,0.156821585191676,0.15916285558196702,0.15089475671885896,0.15019065671385137,0.14683201323860248,0.15096063150558423,0.1577961429530959,0.17298673226567177,0.1813538354734168,0.18069330054804783,0.17658284879670097,0.17603933292276375,0.1778771761461468,0.18428400955874033,0.18918897316357822,0.19326547282045284,0.1982699986314536,0.19794100038968415,0.19286780930047406,0.1915664709935764,0.19257602396035856,0.19495841607709014,0.19508566270082986,0.197373083028816,0.19702310594317501,0.1973334915765797,0.2006943756912534,0.18394724031976112,0.1633544123543506,0.132762754287163,0.3010250497928334,0.1646576473062489,0.13381483321864301
stat_97,0.24218678268989402,0.24161637212302753,0.2410317102762453,0.23903594261630248,0.2366091525087559,0.2351488882163041,0.23259813832762577,0.22934078819107453,0.22967799802841737,0.22797118072268985,0.22567186310126944,0.225529461461075,0.22305110107202109,0.2194022983917703,0.2134738375160888,0.20828134633924958,0.20194139940783626,0.1993615095022254,0.19782174006490322,0.19166577422431946,0.1854219280046636,0.17796743412825272,0.17218479718507623,0.17161502457753058,0.16599042883418444,0.16131389861288886,0.15812175807623946,0.15803836860793424,0.15581669336463466,0.15355215597658503,0.1542420125207385,0.15616195124977839,0.15710093536082334,0.1564199150475779,0.15625507210882564,0.153923854187333,0.1662064366789723,0.1795732542091631,0.17419587374871245,,,,,,0.17497857984167858,0.19110941329741027,0.1810756026094162,0.17195896752494258,0.1781906073002843,0.17905292833608177,0.17336980272407254,0.16950166999693364,0.1717094584846617,0.17392255575356216,0.17360717138982262,0.1801349189262049,0.1850799019976441,0.19327548452956836,0.21146031927715422,0.22159861053671748,0.22094341554537725,0.2160127339023738,0.21520129757734718,0.2174259706769263,0.2254068271093486,0.23163437013328086,0.23677211802601905,0.24280620388461277,0.24245223046080688,0.23632930569361157,0.23471553835750933,0.2359459530967151,0.2390571955015367,0.2394748797485586,0.2424382426409578,0.2418613780403442,0.2421055468545475,0.24630984088570912,0.22531483474084818,0.1999707321024768,0.1612851012111427,0.36803573997225647,0.19355115987091567,0.15979998218450497
stat_98,0.2095354467780732,0.20900681357269277,0.20844265244638316,0.20673266411137736,0.2047350811366052,0.20357569794316063,0.20145667653678478,0.19863637892630578,0.1989578558235165,0.1974659963882103,0.19543738509976424,0.19531017866376724,0.1931266982609859,0.19004150832129524,0.18494466354537567,0.1804597106142323,0.17493413494137058,0.1726727724778496,0.1713319420308198,0.16599386942663905,0.1605600286379898,0.15408614318057767,0.1490626818401468,0.14856257329831535,0.14365602187417742,0.1395440273476384,0.13676305379605289,0.13669096692383254,0.13474695790246108,0.1326922590796443,0.13327331916900326,0.1349122681475929,0.1358497584681999,0.1353254798403506,0.13517716884392295,0.1331537610717404,0.1307176492964168,0.12569773017583286,0.12220537467267152,0.13559764759161577,0.11721219997009015,0.11285253625257496,0.12090833289952777,0.1158912442502546,0.1255193357134769,0.13683199321232098,0.1440567968645855,0.1496013589008901,0.1548797834131384,0.15539432676691867,0.15004302450623203,0.14663577992126722,0.14903095575104583,0.15096851566889313,0.15027459893520656,0.1558088349766379,0.1601555726668127,0.167369949604785,0.18340776574275028,0.19225467396132523,0.19157778807582326,0.18722889517596228,0.18663002886446917,0.1885679090128758,0.19538387564655169,0.20061803883055923,0.2049595587829088,0.2102529561446522,0.20990642898023432,0.20453390178999015,0.20315536708056717,0.2042286370775758,0.20678835288975853,0.20696945585515028,0.20942632075895287,0.20900638314033626,0.20930707873028337,0.21291575044960845,0.1950746222596145,0.17321573438116897,0.14026990681341442,0.3188145527358089,0.172906073720287,0.14109464662888024
stat_99,0.24219256366446498,0.24162201810933184,0.2410377396068185,0.23904187965831075,0.23661426954047377,0.23515350315616623,0.23260225579436689,0.22934461811102771,0.2296817015406747,0.22797467062636662,0.2256753667089056,0.2255329760982767,0.22305502996593451,0.2194059713578565,0.21347800411895107,0.20828563888417015,0.201945374841856,0.19936576248907126,0.19782598086759545,0.19167080267630926,0.1854273710261327,0.17797294031351638,0.17219111466703932,0.1716217000640537,0.16599812857726415,0.1613226875618044,0.15813622909239217,0.15805286170377605,0.155829723579936,0.15356426331928946,0.15425753896612124,0.15618377061967179,0.17242783525846458,0.17160994936352017,0.17140800211418444,0.1688664289968551,0.1656691111136235,0.17825199669137096,,,,,,,,0.18978792606149558,0.18051657175336247,0.18768515635002037,0.19464347362792042,0.195879297921826,0.17339274959653914,0.1695179921683253,0.1717223310936247,0.17393681303943642,0.17362402105598018,0.18014678459965985,0.18509054058253194,0.19328467172708116,0.2114685849135651,0.22160640389394004,0.22095015771859283,0.21601805048780975,0.21520592275606668,0.21743006070171733,0.2254111119614352,0.23163839171646436,0.2367765858630303,0.2428101076064516,0.24245608670709892,0.23633323780583282,0.23471956854993348,0.23595008247939722,0.23906228484706588,0.23948132490716448,0.2424456519352272,0.24186772492521016,0.24211105943585903,0.24631628278457235,0.22531875531425066,0.19997375373060058,0.1612869689538485,0.36803983415903097,0.19355416129058828,0.15980319503067858
stat_100,0.17215872610852245,0.17175460710327994,0.17125222529549242,0.1698482167505046,0.16828763478815825,0.16737749598836865,0.1656837395585267,0.16339413164582522,0.16366293111256197,0.16246085339632244,0.1607954176464739,0.16068981550468087,0.15889118825933915,0.1563608059570424,0.15219677578370744,0.14851459741233441,0.1440129849964644,0.14216157159847365,0.14105845828800048,0.13667541472374167,0.13224610845058563,0.1269122068980857,0.12271895504124229,0.1222962694326896,0.11823148419917258,0.11472397218640845,0.1122857378874372,0.11221809171360027,0.11049854446023225,0.11334069079878556,0.1137989787684804,0.12719222570080257,0.12812028293018032,0.14441040290175755,0.14423755460802784,0.15362281936109867,0.1506847801017313,0.14465641471764565,0.140484101468071,,,,0.15710417061798126,0.1600211091711573,0.14329291458607452,0.15639418979879272,0.1650738398126375,0.17162695596495428,0.16494725743724611,0.14670067342382498,0.14149507803920455,0.12509878876089273,0.12746436757529173,0.1238424094411517,0.12312325052133634,0.12773795196731325,0.1314431905005935,0.13748217302510596,0.15079421264316972,0.1581522796074935,0.15758847201964324,0.15402809521181585,0.15358305545748968,0.1552333306447661,0.16079568666603009,0.16504655627196696,0.16859834645429397,0.17297148266360124,0.17270239139303803,0.16829342421509882,0.167138921869427,0.16800245530121602,0.17002721744863344,0.170059085598,0.1719929677285911,0.1718374249106046,0.17217152426526303,0.17494079276953814,0.16045296239516965,0.14251946103314123,0.11729732960652901,0.26403392921167784,0.1460168775629456,0.11770427927687774
stat_101,0.1795124069462444,0.17908060208643992,0.17856184817550386,0.17709907087240662,0.17545964477023007,0.17450828618123082,0.17273713239226393,0.17034285460202037,0.17062428314767802,0.1693639041833206,0.16762364351500317,0.16751348658981122,0.16563411563190425,0.16300287403471628,0.15865673829970342,0.1548168523533781,0.15011074618903295,0.14818403517119913,0.14703580701909594,0.14246674722040914,0.13785116851951723,0.13230282668614338,0.12792767367361887,0.12749032776262043,0.1232705237589925,0.11965122726424426,0.11715355420867095,0.11708490394849724,0.11533318245522667,0.11348175671488296,0.11395339617617303,0.11537334541044351,0.11630289346647835,0.11603934677239207,0.11591716089865146,0.11420588025938096,0.11729273909717759,0.11283837483815823,0.10977882999527094,0.1143699155426352,0.11690602292672417,0.10632668633750628,0.10786617389358538,0.10460657371942633,0.11320416354546321,0.12328915778138338,0.12965080709653382,0.12875617390225536,0.1332023023477542,0.1333207138481448,0.12829176177238807,0.12519407490152415,0.12755648865509636,0.12925536675378632,0.12851604467129213,0.13330309978355517,0.13713118615287415,0.14339803486825106,0.1572849864485543,0.16492882787745808,0.16431954899435003,0.1605950392771522,0.16011519597255636,0.16182256681273333,0.1676259534345825,0.17206020746384554,0.1757564483462259,0.18031829672319277,0.18003077609159593,0.17542548938007474,0.17422885586139114,0.17513470568765357,0.1772545927664692,0.17730187190565833,0.17933083514458592,0.17912464752531382,0.17945832988585958,0.18239623262161406,0.16727316610844778,0.14857242582534022,0.12176428930610096,0.27475130275886045,0.15151824464386446,0.1224231312038575
stat_102,0.18761931953410588,0.18715565068248657,0.18662510463299892,0.18509657784575614,0.18335829114873212,0.18235317033869436,0.1804890031605415,0.1779762550807866,0.17827017872766843,0.1769433304057318,0.17512225063047257,0.17500734461566012,0.1730429303025705,0.170294704550563,0.16574505145504148,0.16173088795660198,0.1567971590278624,0.15478239328259463,0.15358287577901786,0.14880624469563516,0.1439718402105809,0.13817099828906457,0.13362182254376048,0.13316467150306366,0.12876252742317867,0.12502501299030325,0.12246113502270892,0.12239256741747943,0.12059547028344023,0.1249326605003356,0.1331114080839623,0.15580705362642636,0.15674331560545915,0.15606081737510522,0.15586739768442118,0.16867873976825132,0.18613680276829322,0.17822327484596567,0.1728830075333489,,,,,0.16006618271460735,0.173712324675894,0.18975129878874375,0.20106192378600177,0.18746794123744218,0.17773795790407687,0.1786439782394243,0.17300087756618612,0.14646655356953303,0.14045946601075027,0.13522428597548666,0.13445757763112057,0.1394254996554465,0.14337534070065455,0.14989217606105348,0.1643815214889528,0.17234818682598743,0.17170068519725235,0.1677963460553197,0.16728104543513364,0.16904303533666445,0.1751174413520204,0.17976232171847914,0.1836263339173953,0.18838867063246953,0.18808108075526084,0.18326397848295556,0.18202129891317204,0.1829746423404487,0.18521381482810995,0.18529915057525279,0.18744621947556825,0.18716988597040102,0.18749091303709542,0.19062537239470945,0.1747697045469191,0.15521787039622967,0.12668455440152787,0.28652536173320864,0.15752348231085125,0.12760491812299174
stat_103,0.2422193635689549,0.24165157059864079,0.24106519466574378,0.23906894232281278,0.23664544558643244,0.23518574144343407,0.23263600814833477,0.229380352898335,0.22971703636081345,0.22801220856519477,0.22571365918431818,0.2255712461587665,0.2230853800310209,0.21943494074150532,0.21349936698915237,0.2083002576616391,0.2019635485475093,0.19938260204531544,0.19784293233940556,0.19168003897393737,0.18543574975362714,0.1779746802311688,0.17214866833543713,0.17157027664735797,0.16593654557076593,0.16125027705776548,0.15802349976568214,0.15793977703112427,0.1556900840140216,0.15341625928763344,0.15409671566253655,0.1716806231616306,0.17257914285878564,0.1717636033597773,0.17154875675830125,0.19036559020371877,0.1865030544681854,,,,,,,,,,0.20143040905464984,0.20977543065386745,0.19479137790090792,0.19603896493933134,0.19020866092595087,0.1693557779282667,0.17156613443047508,0.1737805087803918,0.17348583518751304,0.18004521604081986,0.18500055969197687,0.1932072623821777,0.21143886754173094,0.22158821772739676,0.22094174895718302,0.21602351270441555,0.21521378463655078,0.21744322380236975,0.22543140213816584,0.23166808706676922,0.23680740514613463,0.24285070966233924,0.2424983837235314,0.23637573082732805,0.23476041070576475,0.2359897936053993,0.2390978555502681,0.23950981459146375,0.24246921951848938,0.2419011105995835,0.2421499649402236,0.24634557864641712,0.22535439047195285,0.20000724784974386,0.16134228390695535,0.36815178027900847,0.19352275386921577,0.1597833022902369
stat_104,0.179377690105783,0.17894345674340004,0.17842657676321982,0.17696504162726037,0.17532349046384935,0.17437202663298593,0.1726010875099588,0.17020639801663126,0.17048790144952183,0.1692262991472609,0.1674864813963709,0.16737639572572263,0.16549708985233333,0.16286619390690635,0.15852043345643602,0.1546820404055013,0.1499753597558295,0.14804214792190634,0.14689236938668476,0.14232106843869116,0.13769218540729722,0.13213445775563826,0.12777930110487515,0.12733899454461137,0.12310997599113152,0.11948846979155957,0.1169849108273186,0.11691717844820568,0.11516262236699942,0.11329285037712594,0.11375151110898614,0.11514181486705179,0.11604505284261828,0.1157160675842033,0.11559467584162868,0.11388159932512903,0.11178881252746602,0.10755517106628808,0.10462070442198555,0.11426123233885538,0.09802855031109227,0.09541622115960588,0.10229465159051192,0.10422484668572858,0.10796049704049454,0.11760156619247267,0.1236394067232086,0.12836422270620032,0.13280408425171475,0.1330164051832158,0.12807791847127536,0.12505449646133016,0.12741602257911025,0.1291254033144661,0.12837422028621015,0.1331565348211428,0.13698226443891987,0.14325147452122153,0.15711796738220787,0.16476636299334738,0.1641697843527122,0.16045054758459706,0.15998167374545935,0.16168391848744054,0.1674842752444162,0.1719166507021958,0.17561204941268296,0.18017116377241085,0.17988195879353125,0.17527902886568347,0.17408490885431574,0.17499134798322497,0.17711279673679173,0.1771654770331266,0.1791968317459118,0.17898263174338333,0.1793118900675034,0.1822563325067626,0.16713858102485563,0.1484515903606644,0.12164612635188957,0.2744872723219318,0.15148580959624428,0.12238413529385896
stat_105,0.19765475579955194,0.19715843286925475,0.19660972660250833,0.19499912550609655,0.19314661800581526,0.19207621945867484,0.1900996825528884,0.18744540207891508,0.18775355256673734,0.18634976044334495,0.18443107148566718,0.18431030692742273,0.1822400172400275,0.1793398844629502,0.17453715031988662,0.17030485084086633,0.16509608008336182,0.16296221925324203,0.16169592693190393,0.15665570768637915,0.15153748261114455,0.14542009301995384,0.14065157201056164,0.14017161216302432,0.1355305941225492,0.13161099999588352,0.12893083906611555,0.12886101556634555,0.12699431953392487,0.1250072479689118,0.12554570708780882,0.12708501205265316,0.12801330750442386,0.13521422635339775,0.13506330416400436,0.153717472208355,0.15079655582386756,0.15890753529965107,0.1542727797937889,,,,,,0.15643239415348503,0.170771076017025,0.16518399121576388,0.17171762740034005,0.15474559897087847,0.14657138049599872,0.14137596730473356,0.13813163891779004,0.14052989808352673,0.1423768328028441,0.14163009042829405,0.14686824265277426,0.15101079622000108,0.1578570059755012,0.17307236419085983,0.18145238152506715,0.18079493336372468,0.17669005065472526,0.1761477369691054,0.17799105566460577,0.18440380571062853,0.18931466750408615,0.19339323475087705,0.1984061937193883,0.1980779449466905,0.19300132778319815,0.19169833335968176,0.19270770063295875,0.1950869269801628,0.19520727647786612,0.19749134170255347,0.1971485578926613,0.19746387791972805,0.20081989764859545,0.18407170512371435,0.1634671270932452,0.13286269936450065,0.30125487693379893,0.16471625184568034,0.13386882800271924
stat_106,0.19766531346708047,0.19717128512523846,0.1966232187749664,0.19501200124331758,0.19315865555142284,0.19208606727372765,0.19010801870526983,0.18745468619584077,0.1877619121912221,0.18635944315734765,0.1844421483233867,0.18432148236324564,0.18225279601841798,0.17935140085137394,0.1745517078447527,0.1703215240280632,0.16511687633386876,0.1629869292534428,0.16172433228239233,0.1566890046208304,0.1515814859484154,0.15398940705617153,0.1489336656182959,0.14842827465677091,0.14352730513412157,0.13941137875252327,0.13660448782206616,0.13653209499933538,0.1345730937483214,0.1325165185122313,0.14235513059130128,0.14410293919284198,0.14503125177061077,0.15622055809319238,0.15602183213611362,0.1536761845385565,0.16566136229355055,0.17853476893141085,0.1731215335002478,,,,0.15749423357876793,0.1603488096881805,0.17393042332653616,0.19005696680460277,0.18049131528706006,0.17167104027408212,0.17791626037593006,0.1656465297664694,0.16017227129579722,0.1566003130051404,0.14883692893143985,0.15076940442845618,0.15008738184074205,0.15564359351216472,0.1599940151568118,0.1672009024960648,0.18325937497804162,0.18148297040067993,0.18081901465101996,0.17671149360890964,0.17615998331249677,0.1780033092348126,0.18441577885519123,0.1893269125734009,0.19340749136310925,0.1984184685623611,0.19809213341964205,0.1930180104366041,0.19171362273374246,0.19272209014934175,0.19510321772598282,0.1952255761144451,0.19751043311284766,0.19717124908880468,0.1974865425251043,0.2008372660820505,0.18408285834099006,0.16347564837079523,0.1329006395730624,0.3013196178852913,0.16465964595922122,0.1338326508728728
stat_107,0.17944666565290854,0.1790136933418592,0.1784952841536809,0.1770331610193529,0.17539376421508726,0.17444310837106936,0.17267287609885212,0.17027856598234872,0.17056004368916647,0.1692992228637235,0.1675590285339969,0.1674488790652364,0.16556928554170033,0.16293792411516905,0.15859371935291325,0.1547555799635239,0.15004961831124675,0.14811707852664968,0.14696928600626227,0.14239914379365,0.13777290572630835,0.13222620877954364,0.1278572829099716,0.12741962241413554,0.12319222110848695,0.11956674555282705,0.1170660739168339,0.11699780750947504,0.12058133486248669,0.11867246865779518,0.11917028309156322,0.12062595187206235,0.1215372614404839,0.12116405583005127,0.12103314921969026,0.11922865403463659,0.12305915716176809,0.11832777191160461,0.11506140124259828,,0.1170866974058885,0.11270953008129019,0.11331854168547541,0.10932152779508794,0.11840558317654674,0.12904781615969088,0.13583259510400228,0.13429731514371732,0.13897033481282606,0.13925009017607895,0.13419256469863416,0.13107105042770217,0.13345740823246457,0.13521529467258897,0.12843829212268243,0.13322317743043452,0.1370553705841206,0.14332752515845756,0.15720766749019038,0.1648472771858264,0.16424948862033895,0.1605277181611526,0.16005512198243305,0.1617604118037686,0.16756084657396061,0.1719917920418755,0.17568768956192393,0.18024877916278523,0.17996030761358595,0.1753556696728768,0.1741604254893504,0.17506658937762382,0.17718578627798437,0.17723379749846171,0.1792627221218913,0.17905377961856578,0.17938640798396221,0.18232679555398354,0.1672093414609182,0.14851582023141374,0.12170645354707599,0.27462478129001017,0.15150532129900887,0.12240583244542767
stat_108,0.16101783207040835,0.16067372925264278,0.16018344155270148,0.15886766610353983,0.1574543178052957,0.15661573529500863,0.15505138909807356,0.15293564481583627,0.15319141607237263,0.15209247018070415,0.1505541904430928,0.15045533692204077,0.14877813740712417,0.1464020446943182,0.14252266297994592,0.13908292203838338,0.13493344852024533,0.1332162812593063,0.13218619030717957,0.12809462128527788,0.12398638008098116,0.11899757462555105,0.11501644374204975,0.1146152759100599,0.11081974284036201,0.10746280738369778,0.10507067197793431,0.10499926647836377,0.10329121816446053,0.10512362734990867,0.10548938898335969,0.10678808479006198,0.10773964160968855,0.11183357997248171,0.1117147007110438,0.11010833257771643,0.10808617908169652,0.10852017768761071,0.11038595418032854,0.10741810445545631,0.11000856407576706,0.1008209404959154,0.10363247896256898,0.1052981391407016,0.11393426481186975,0.11880469431287033,0.11969753492974339,0.12425202761153539,0.12848198073177278,0.1235744357186114,0.11859267940857982,0.11556559403679921,0.11790944926174525,0.1154059360198876,0.11486118798648305,0.11930720276684331,0.12287256192770128,0.12856536378853278,0.1410397991142869,0.1479789339983725,0.14749107248918092,0.14419805545960432,0.14378689701941264,0.14536485047966294,0.15055524734423006,0.15452446711733028,0.1578528699398935,0.1619481401694468,0.16170785647854233,0.15759995954700437,0.15649226857109255,0.15728367855227668,0.1591361462175307,0.15910113211708143,0.1608602778904524,0.16084135090437662,0.16120824145352064,0.16365998681705582,0.15018991063566714,0.1334243395407923,0.11075426535085049,0.24821642821695328,0.13718626104115375,0.11022487025955935
stat_109,0.16673925008125687,0.16636796951852456,0.16586317344619206,0.16450300147068697,0.16303037494594,0.16216517672326078,0.16054434005968682,0.15834453020266567,0.1586133661111805,0.15746562465137814,0.15586711470013312,0.15576445169107503,0.15402230533940384,0.1515719371725115,0.14755207340420093,0.14398977564683915,0.13967681236257873,0.13789352929637683,0.13682615005480986,0.13258642933693907,0.12831924996420543,0.12315366598517824,0.12351299563436359,0.1230861701743549,0.11902309160479893,0.11547688612856485,0.11780645412251717,0.11773482965229996,0.11593231365429298,0.11404495503706406,0.1430430958434429,0.15690354806769832,0.1578774941304388,0.15724037136382313,0.15704613900469036,0.17038709153794945,0.16704928419055506,0.16018999393113986,0.1748301914901162,,,0.14929199846637298,0.15897973781152583,0.16188148345059325,0.17566442160630125,0.17216073685181732,0.18197424379040678,0.18932501801392346,0.17910238822035487,0.1799175270067559,0.1740317442273755,0.15710225173802667,0.1279690198807224,0.12972277323122214,0.12908610302968296,0.12843279921161094,0.1322010349225119,0.1382775822480603,0.14609867807969576,0.1532691796774133,0.1527458355294002,0.14931873719232153,0.14889244085033715,0.1505081855305182,0.15588146612316153,0.15998332074067292,0.16341815003454155,0.16766364669864056,0.16740239243607674,0.16313485056902002,0.16199672855262204,0.16282337796664284,0.16474520046970562,0.16471689387489666,0.16654812498402236,0.1664813183291411,0.16684813367104392,0.1694442064668643,0.15549339894845937,0.1381347492276905,0.11414715524290897,0.2564323172665861,0.14169350391631746,0.1140303321118994
stat_110,0.3000478624417623,0.2995630568878532,0.29902645431131325,0.2964788938901097,0.29317019135833433,0.2909731884487772,0.2875101776283619,0.28353956949028675,0.28383151861330663,0.2818334882355348,0.2791672365191942,0.27900680257778593,0.27609458060042186,0.2712581598190273,0.26380600378145236,0.25733657131472815,0.24974453102080924,0.24667880044306773,0.24480861812704843,0.2372338558870875,0.22967760732725886,0.22053038355488827,0.21331660681848336,0.21260757640727582,0.20572438571968304,0.19996771990889634,0.19577725183602737,0.19565696787448125,0.1927347372000509,,,,,,,,,,,,,,,,,,,,,,,,,0.2127176122514653,0.21391950246490787,0.2226595142059796,0.22874425068152546,0.23859136462691896,0.26003890026229926,0.27242934543772795,0.2721374319752256,0.26643958338603113,0.26508114714690845,0.2678929987124739,0.2781128019167779,0.2864327256227059,0.29323708905591195,0.3004414589503048,0.30021643329647163,0.29298399529347047,0.29085994047914865,0.2923076397697976,0.2966060498455376,0.2977127079202958,0.3017036010681288,0.3010136779002828,0.30108229747533843,0.3060218415317474,0.278879804673777,0.2472233809741727,0.20068519956567415,0.4584342249052198,0.2243523884140233,0.18918740437566955
stat_111,0.27172184274011246,0.27123108838294757,0.2706201755273909,0.26834553189710186,0.265571736093797,0.2637903553843431,0.26083153548428495,0.2572479964156621,0.2575661304202717,0.25574337932065644,0.2532572042385092,0.253103975099867,0.2503942382527321,0.2461506810856181,0.23947558774005118,0.23363575654983657,0.22669814446514167,0.22386600127258194,0.22215359714464702,0.2152722744375167,0.20834560745035943,0.20000173245504071,0.193434007188513,0.19277996399412498,0.18646354271301616,0.18109417745692194,0.17721106546876245,0.1770967860955949,0.17430701368232338,0.17164772065486938,0.17225317261693487,0.1743727898600413,0.17538393978074915,0.17471262261371526,0.1745213318008846,0.17203539557992653,0.16863877659395585,0.16169738717490625,0.15687545560216523,,,,0.1596851498699703,0.14698188183867078,0.1589946054857318,0.17359398517412028,0.1834603177292717,0.19089411435647285,0.19795555227299785,0.198988151834262,0.19258407817274514,0.18786596624375138,0.18984842469776134,0.1925695110490035,0.1934118465110332,0.20135159617975285,0.20709635144784397,0.21628374538329292,0.2361871436926288,0.24760762632063926,0.24724328976713258,0.2419777321622684,0.2409352339383905,0.24355454827625247,0.2526400366186657,0.2598791637545778,0.2658391483504639,0.2725078909451667,0.2722314968116963,0.26552631885947675,0.26363700017519187,0.2649622023082914,0.26856776909321206,0.2691720075700924,0.27254909969461244,0.2720876658717287,0.272348750604243,0.2767684756193854,0.25287906336183147,0.22434861119450897,0.18190116122587127,0.41514340968341606,0.2093314851219497,0.17466968338516803
stat_112,0.2422489144325029,0.24167853323472388,0.24109450679329475,0.2390979797555685,0.23666915730253,0.2352072302994222,0.23265486618929745,0.2293964330520731,0.22973325427726002,0.22802593993572745,0.2257263014485828,0.22558390246960042,0.22309710266199176,0.21944667322585357,0.21350848475987208,0.20830760880525445,0.2019665702448014,0.19938473485599198,0.19784480155036324,0.1916802759487738,0.1854277385950947,0.17796624117988596,0.1721794543222494,0.17160101038974815,0.18277466229146977,0.17764339720754582,0.17404529273220393,0.17394875873554083,0.17147050099078695,0.16904478148346308,0.1697937077038685,0.17190500789256158,0.195036926444717,0.1941020221726943,,,,,,,,,,,,,,,,0.22030222574840874,0.19044189316044954,0.18620492850923084,0.18812420609895775,0.19056866696593103,0.19076912660703296,0.1981922179653899,0.2036202486843809,0.19326319686974458,0.21146134649791784,0.22160667716284804,0.22096068811434988,0.21603816206384693,0.21522775285471352,0.2174521514188524,0.22544282315049605,0.23168146527131658,0.23682153372863796,0.24286504527943772,0.24251127836149822,0.23638755063482197,0.23477353278015525,0.23600432838845617,0.23911814697255904,0.23953873122475633,0.2425045076519043,0.24192628420656753,0.24216903877924464,0.24637506119504973,0.22537034259616984,0.20001900714729898,0.16132561264744888,0.36812763374202306,0.19357963170941705,0.1598285360016408
stat_113,0.22346017832988982,0.2229074930533067,0.2223339060150028,0.22050332125100397,0.21832256145070195,0.2170390414845747,0.2147384548127721,0.21172842033285133,0.21205863300287947,0.21047105675113784,0.20832321565657194,0.20818931689302278,0.2058708504953562,0.20255042655014863,0.19709258361061008,0.1923009758779499,0.18642081518182452,0.18402186426230774,0.18259569981394067,0.1769017080016692,0.1711217502341021,0.1642251120541013,0.1588473318182946,0.15831138454576232,0.15309981671538478,0.14875335148415328,0.14578797382848382,0.1457122647978282,0.1436585214516899,0.14152231820150402,0.14216279326560236,0.14391552174082384,0.1448468344501747,0.14424840695878924,0.14407331871290402,0.14191597858341068,0.13927654625753458,0.1338293411511583,0.13010186650758987,0.10687113969207931,0.10926295919015981,0.11252323257550255,0.12060718869308694,0.12293180803314914,0.1332344594302845,0.14525969910262654,0.153107152053946,0.15906826713281513,0.16474447347523608,0.16544117742512784,0.15998737032562915,0.15643553587141806,0.15875747525630513,0.16079036252256157,0.16019824378525518,0.1661469586955422,0.17073803153068348,0.17836695680244172,0.19537977398114756,0.20477773787150544,0.2040933418817728,0.19949361525861814,0.19880771075067313,0.20086170668677275,0.20817592800791443,0.21383252268498007,0.21850706537869513,0.22412658248490078,0.22377242733172878,0.21807389666166693,0.21659849637388753,0.21774120521865653,0.22053388325056728,0.22081401380885765,0.22348707071938043,0.2229893446169227,0.2232642227555216,0.22714188905647253,0.20796328398463854,0.18462090276484155,0.1491537084327807,0.3396809581568274,0.18197432891709134,0.14923779933278444
stat_114,0.17933443658389606,0.17890175051484208,0.1783854435771268,0.17692391050743345,0.175282233209525,0.1743296850044922,0.17255835464465133,0.1701648903724652,0.17044578489904277,0.16918535131699572,0.1674468075648213,0.16733681713119553,0.16545914604087966,0.16283035080207417,0.15848768715841935,0.1546517119246018,0.14994876994358264,0.1548063017557115,0.15360346343923947,0.1488210626939715,0.15134314109178987,0.1452338247681792,0.14046360397043056,0.13998450490516443,0.1353517912241534,0.1314413428711034,0.12877033704643354,0.128700938005169,0.1268385123938157,0.12486556198614564,0.12540446867673122,0.12693522436311874,0.1355694578176709,0.13505116369828213,0.13489049734843692,0.132870720974937,0.1304064577895339,0.13388956512708797,0.13013113718239935,,,,,0.1441161461029057,0.1332696976352289,0.14533274737723745,0.14370434262643952,0.14927068970038776,0.15453862025961518,0.1550696712835125,0.14122647579706635,0.13801146484239765,0.14040450522853162,0.1422344997924286,0.14147419942222964,0.1466950148030952,0.15082522431535939,0.15765691282026567,0.17286113921944538,0.1812270590897025,0.17172013935539693,0.1678205253695299,0.15994709090380857,0.16164895837286253,0.1674475308356513,0.1718788756451777,0.1755722601729619,0.1801287285943983,0.1798409486362311,0.17524093283671424,0.17404617625609337,0.17495180184562661,0.17707381719979287,0.1771277426529466,0.17915905464801749,0.17894723239732807,0.17927637343082875,0.1822165958338455,0.16709897559740342,0.14841548311070396,0.12163895087572128,0.27445395753613894,0.15141426273363043,0.12233109251440402
stat_115,0.18793391780736068,0.18747093640072277,0.18693585769643983,0.1854051989981765,0.18367110872941,0.18266865744882765,0.18080569034403687,0.17829097050357748,0.1785990353368998,0.1772717240182338,0.17546202099406133,0.17534674311460766,0.1733773235642674,0.17062444467677168,0.1660691136395128,0.16204863383576779,0.15713758607525272,0.15511175865075452,0.15391058985758221,0.14912237728677372,0.14427041753164607,0.13846449518905565,0.13390818331924342,0.13345261035681855,0.1290642586988853,0.12531090032229206,0.1227237266614177,0.1226540101088124,0.12714637691637673,0.12519812459874474,0.12575528847963663,0.12729917317388312,0.1282790760849393,0.13511613620674284,0.13496078676743117,0.13294424863416288,0.13927654625753458,0.1338293411511583,0.13010186650758987,,0.11669137098310463,0.11252323257550255,0.12060718869308694,0.12293180803314914,0.1332344594302845,0.14525969910262654,0.153107152053946,0.14935034560425703,0.15461681494117466,0.14688013403913577,0.14156451373180193,0.13826293444524165,0.14065679345119053,0.14248205344856868,0.1346899311032793,0.1396983419622648,0.1436727726807971,0.1501887833844938,0.16470094983360312,0.17268375706062197,0.17205093741440436,0.1681451705804136,0.16763847214599517,0.169379063100266,0.17546088879592353,0.18010881722601726,0.18397798112485575,0.18875270816336215,0.18842851826698628,0.18360053668853044,0.18234208452113662,0.18329632494152368,0.18553077647355212,0.18560404100128067,0.1877468751693422,0.1874791436619069,0.18780806273225367,0.19094054461433183,0.17507676023380775,0.15549505587336163,0.12689464577168608,0.28703189830652187,0.15773161145253178,0.1277832045338681
stat_116,0.3007137527721497,0.3002330321543727,0.2996954720705895,0.29714130049144627,0.2938259677990253,0.2916211234637558,0.28814885533434054,0.28417229614512024,0.2844632337065284,0.282464092868107,0.2797946240187829,0.27963398981049054,0.27671747437811184,0.2718662446869297,0.26439792865820955,0.2579140388602404,0.2503109558603175,0.24723625966997978,0.24536239222234246,0.23777195119686834,0.23019481776836345,0.22103354684285315,0.21382370645987253,0.21311257792196822,0.20620948797316652,0.20043836129050907,0.1962390383852561,0.19611749695401598,,,,,,,,,,,,,,,,,,,,,,,,,,,0.21436684908008996,0.22314240518124742,0.2292476674810492,0.23912413481499073,0.26058169962168776,0.272997169898304,0.2727240560263495,0.26702198376456016,0.2656617558944328,0.26848533091657195,0.2787305399088694,0.2870745452549861,0.29389908102231277,0.30111692288947756,0.30089513798910805,0.293651123050212,0.29151975956611126,0.2929687064058989,0.29727773532211804,0.29838739984761725,0.302386357136241,0.3017041465267378,0.3017746872001466,0.3067129718884726,0.2795059578241113,0.24777723175666522,0.2011746823503451,0.4595394566405635,0.22464324663702223,0.18947485532618605
stat_117,0.30065520557547376,0.30017425547458765,0.2996371215993742,0.29708344026729633,0.2937680899137723,0.2915634141849494,0.28809153176248964,0.284115431012076,0.2844063372764845,0.2824072824676134,0.27973823292019007,0.2795776348526201,0.2766616666230256,0.2718114112357433,0.26434431173123,0.25786164847370663,0.25025954711760384,0.2471903712807458,0.24531681845519418,0.2377276471814755,0.23015176633676535,0.22098652408364486,0.213778865715448,0.2130679526731138,0.2061702818569664,0.20039906202280036,0.1961917023341518,0.19607029448139635,0.19316108025054848,0.1905137153180835,0.19133655889182016,0.19378061579592848,0.19465898774425713,0.19371471321551056,0.19353179825111938,0.19073207443919557,0.18698980802774012,0.17910160834159358,0.1737696258286851,,0.13939725848674353,0.14804179720439373,0.15795397167884886,0.16085193892519206,0.17457156739744736,0.19064152395259137,0.20192806611419137,0.21015887949355502,0.21821508387934124,0.2199061107325326,0.21387000534551961,0.20902175367819745,0.21030439445673407,0.2130895993481675,0.21432073648851238,0.22310246428944197,0.2292075568426642,0.23907727829146486,0.26053067098148924,0.2729494409311852,0.27267548122056645,0.26697386442092763,0.26560863110604555,0.26843096417138407,0.27867425422072006,0.28701677700678024,0.2938400405849123,0.30105633471566007,0.3008344281407383,0.2935918289365263,0.29146103879405344,0.2929098523146663,0.2972187638520756,0.2983293591598731,0.3023283330546781,0.30164507420464154,0.3017148011981168,0.30665324463482646,0.27945001861473023,0.24772731770595646,0.20113368245306434,0.45944365272512083,0.22461428734778785,0.18944688798730291
stat_118,0.2660207326638138,0.26546203671983737,0.264884337900696,0.2626680365981469,0.25989653784280337,0.25816322984842727,0.25525883519265513,0.2516988087631427,0.2520280199693431,0.25018818726181064,0.24772107155439463,0.2475699249632883,0.24489364280049222,0.24078969751583545,0.23424636183455974,0.22853156716261402,0.22165378829517504,0.21887464119038158,0.21720918592781702,0.2104720585884809,0.20369157171776991,0.19556395514813504,0.18919527693577515,0.1885634649849765,0.18242724180959027,0.17733092754917024,0.17376433592188983,0.17366793001974523,0.17118434385002915,0.16881912163622173,0.16959927725310361,0.17172788046747317,0.17264202406122864,0.1718771948733223,0.1716863437352513,0.16913653092979472,0.16595098425655083,0.15927732926317192,0.15481356486592585,,0.13891090574608655,0.14752497282375665,0.15746278579457093,0.14484408465637166,0.15700092247796726,0.17117245380981128,0.1808037281422266,0.1879629919743977,0.1949443203548962,0.19610543195232621,0.19024977992215555,0.18600676859513157,0.18789933261207806,0.19028179481385823,0.19046849987429962,0.19784572280432736,0.20323493112758845,0.21211657032012537,0.2317445740095613,0.24278349666124607,0.24220561345683397,0.2369104574339654,0.23587072511188245,0.23832014671969412,0.24719754269187585,0.2542325302204546,0.26001238844076385,0.2665561770195266,0.266234508700698,0.25962196775471186,0.2578118514124189,0.259140706840117,0.26270902945010116,0.26336914070767853,0.26673545747820204,0.2660887768300761,0.2662728154583225,0.27082645195475125,0.24738350655122038,0.21945947301168467,0.17720250740056473,0.4048120262241555,0.20703976819720596,0.1724430161479473
stat_119,0.24177766462357997,0.24120860695039542,0.24062635306299524,0.23863359965790834,0.23620835655554928,0.23474833491262567,0.23220017968042467,0.2289480089404148,0.22928395115697292,0.2275799760567271,0.2252851323411798,0.2251430588353739,0.2226619951462764,0.21902207121416098,0.21310284185363315,0.2079166323658393,0.20159204953950693,0.1990254745692027,0.19749813935073898,0.1913550718184702,0.18513814765745196,0.1777167712153536,0.171925012409844,0.17134784595144853,0.16573708012716656,0.16107673570634348,0.1578746320662607,0.15779144639912385,0.15556881667548922,0.15334236183148567,0.1540585337285426,0.15597183440848536,0.15690145552996107,0.15622934017633688,0.15605141877879455,0.15372335377939317,0.15087599911140956,0.14495211164275718,0.15411941105398955,0.135648663147867,0.138760417333531,0.1321999650174452,0.14142451879192594,0.14408719337932874,0.15629086367633158,0.15672039396304582,0.16528107423995372,0.1717318144167934,0.17795575703177974,0.17882534992839008,0.17316789838656965,0.16932243910971045,0.1715032154814926,0.17367488013276833,0.17334685242967557,0.17987343856255536,0.1847992986259444,0.1929753925209887,0.21115797805870432,0.22125517538792233,0.22058293404771095,0.21565758765440804,0.2148268136542872,0.21704219494943766,0.22501353954284775,0.23123342353333773,0.2363602649081335,0.24239066721426236,0.2420382499293199,0.23592764872735103,0.2343163134490311,0.23554444102730687,0.23865366096081628,0.23907534688085463,0.2420364176711645,0.2414595771174225,0.24170111453978121,0.24589779919824914,0.22493002588441616,0.19962721898565303,0.16103920333304012,0.3674373837320385,0.1932722652213896,0.1595537629992238
stat_120,0.300023303097233,0.299540726510487,0.2990041059914743,0.29645641385046473,0.2931485785973709,0.29095079859469497,0.2874876897107366,0.2835187089356954,0.28380998186859363,0.2818135667634824,0.27914862916294847,0.2789882736011918,0.27607773612485775,0.27124917695873,0.2638146271819255,0.25735400164410727,0.2497733248297293,0.24672693796737988,0.24487625663852086,0.23732155713817488,0.2298044702688014,0.22071052880602696,0.21350603212385155,0.212796632548948,0.20592643351949988,0.20019711427174716,0.19602748372456696,0.19590611435769292,0.19299304028645692,0.19043908794219364,,,,,,,,,,,,,,,,,,,,,,,0.21022612970044074,0.21292563926745556,0.21414506588968307,0.22287896014037614,0.2289387871293656,0.23877670980274815,0.26021125107542853,0.2725482943456832,0.27221916931651896,0.2665012393106703,0.2651013133588485,0.26790695464723446,0.2781189599886458,0.28642307482347923,0.29321931100092974,0.30042151587571747,0.3001982855321835,0.2929684914911029,0.29084332125496015,0.292289904451447,0.2965880151881435,0.2976941314916481,0.30168389969724874,0.3009989537466007,0.3010688424783316,0.30600168444320924,0.27886045191072617,0.24720581919733953,0.20070297685521224,0.4584501006006021,0.22430298360304252,0.18914677790368425
stat_121,0.3000151813032572,0.2995326636901897,0.29899653545946325,0.2964488139680343,0.2931401960624244,0.2909418073955893,0.28747821892651354,0.2835091920509082,0.2838003382453227,0.2818038881873901,0.27913915090910363,0.2789788228579974,0.27606852953932126,0.271239983464048,0.2638057436662461,0.2573454188686578,0.24976514512967557,0.2467187118338959,0.24486936048998115,0.23731612929096613,,,,,,,,,,,,,,,,,,,,,,,,,,,,,,,,,,,,,,,,,0.27221293768787075,0.2664937751901757,0.26509241600729794,0.2678972695224093,0.2781092464566982,0.2864135284265773,0.29320990483932463,0.30041148615482494,0.3001884256123117,0.29295928805421273,0.29083411456648534,0.29228066410296694,0.2965797632490793,0.29768748234178416,0.3016781633595349,0.3009924502593798,0.30106142100670186,0.30599453237913254,0.27885144643042176,0.2471972425951731,0.20069899540679756,0.45843741383786085,0.22429562106663334,0.189140508824548
stat_122,0.3000151813032572,0.2995326636901897,0.29899653545946325,0.2964488139680343,0.2931401960624244,0.2909418073955893,0.28747821892651354,0.2835091920509082,0.2838003382453227,0.2818038881873901,0.27913915090910363,0.2789788228579974,0.27606852953932126,0.271239983464048,0.2638057436662461,0.2573454188686578,0.24976514512967557,0.2467187118338959,0.24486936048998115,0.23731612929096613,0.22980000697930847,0.22070763271683355,0.21351050953807182,0.21280112558452885,0.2059374353080173,0.20020401924576867,0.19603564931186995,0.19591427905222658,0.1929984939925312,,,,,,,,,,,,,,,,,,,,,,,,,0.21293108182670037,0.21415399096918133,0.22288706137564945,0.2289510250302263,0.23878197986538197,0.2602081567773042,0.2725431078477363,0.27221293768787075,0.2664937751901757,0.26509241600729794,0.2678972695224093,0.2781092464566982,0.2864135284265773,0.29320990483932463,0.30041148615482494,0.3001884256123117,0.29295928805421273,0.29083411456648534,0.29228066410296694,0.2965797632490793,0.29768748234178416,0.3016781633595349,0.3009924502593798,0.30106142100670186,0.30599453237913254,0.27885144643042176,0.2471972425951731,0.20069899540679756,0.45843741383786085,0.22429562106663334,0.189140508824548
stat_123,0.2659221446575242,0.26536203762168303,0.2647846136335544,0.26256942864070515,0.2597984885135263,0.25806661682683313,0.255163663672287,0.25160402200197235,0.2519335812916299,0.2500933439673653,0.24762631077089428,0.24747517427012133,0.24479907991789562,0.24069777281840712,0.23415611521165333,0.22844369717837926,0.22156638009674604,0.2187845102497188,0.2171192804489187,0.21038373120185191,0.20360343148953683,0.1954801216956674,0.18911524590509052,0.18848361574502262,0.18234519137552443,0.1772498460923248,0.19603564931186995,0.19591427905222658,0.1929984939925312,0.1904546240953,0.19130608245725073,,,,,,,,,,,,,,,,,,,,,0.2089825776763464,0.21023987637824712,0.21293108182670037,0.21415399096918133,0.19776855457050757,0.20315555667388013,0.21203774619030166,0.23166214878779565,0.24269404380618353,0.24211425464613723,0.2368192593193137,0.23578440704806167,0.23823126087452487,0.24710429383440688,0.2541356003074521,0.2599119348733764,0.26645416238160136,0.2661313900431846,0.25951989888002286,0.2577113594728355,0.2590403711056549,0.26260731105254587,0.2632674718786917,0.266633145377519,0.2659832829690041,0.2661663351257737,0.2707225756772661,0.2472891518127682,0.21937603676118683,0.1771181887806295,0.4046287560510362,0.20701060378916872,0.17241078004000832
stat_124,0.2659221446575242,0.26536203762168303,0.2647846136335544,0.26256942864070515,0.2597984885135263,0.25806661682683313,0.255163663672287,0.25160402200197235,0.2519335812916299,0.2500933439673653,0.24762631077089428,0.24747517427012133,0.24479907991789562,0.24069777281840712,0.23415611521165333,0.22844369717837926,0.22156638009674604,0.2187845102497188,0.2171192804489187,0.21038373120185191,0.20360343148953683,0.1954801216956674,0.18911524590509052,0.18848361574502262,0.18234519137552443,0.1772498460923248,0.17368250769462257,0.17358647723951434,0.17110911848512622,0.1687467590911787,0.16953227575911708,0.17165125608973159,0.17255561372870795,0.17177323821569068,0.19280434687451886,0.18994359582544817,0.18615031200947063,0.17827722105808777,0.17296103915758523,,0.13874649877157563,0.1472997964332855,0.15722869593361602,0.16014371331851654,0.1737927060430737,0.18981200563992817,0.2010818687325015,0.2093447746582389,0.2174314178760284,0.19601551486164034,0.19017908127883598,0.18595516458288633,0.18784553998140444,0.1902233098404772,0.19039574120279568,0.19776855457050757,0.20315555667388013,0.21203774619030166,0.23166214878779565,0.24269404380618353,0.24211425464613723,0.2368192593193137,0.23578440704806167,0.23823126087452487,0.24710429383440688,0.2541356003074521,0.2599119348733764,0.26645416238160136,0.2661313900431846,0.25951989888002286,0.2577113594728355,0.2590403711056549,0.26260731105254587,0.2632674718786917,0.266633145377519,0.2659832829690041,0.2661663351257737,0.2707225756772661,0.2472891518127682,0.21937603676118683,0.1771181887806295,0.4046287560510362,0.20701060378916872,0.17241078004000832
stat_125,0.3000151813032572,0.2995326636901897,0.29899653545946325,0.2964488139680343,0.2931401960624244,0.2909418073955893,0.28747821892651354,0.2835091920509082,0.2838003382453227,0.2818038881873901,0.27913915090910363,0.2789788228579974,0.27606852953932126,0.271239983464048,0.2638057436662461,0.2573454188686578,0.24976514512967557,0.2467187118338959,0.24486936048998115,0.23731612929096613,0.22980000697930847,0.22070763271683355,0.21351050953807182,0.21280112558452885,0.2059374353080173,0.20020401924576867,0.19603564931186995,0.19591427905222658,0.1929984939925312,0.1904546240953,0.19130608245725073,0.19373950655454142,0.19458035768949797,0.1936903462992613,0.1934926283115835,0.19061258125831718,0.18688650043258231,0.1790795505004725,0.17393479831975245,,0.14115725955651962,0.14896696679497698,0.1588151318909478,0.16116742703728576,0.17474985257775308,0.19062550058286584,0.20182894746736993,0.21003539605090385,0.21817213568669014,0.21981848759436437,0.21382060752207604,0.2089825776763464,0.21023987637824712,0.21293108182670037,0.21415399096918133,0.22288706137564945,0.2289510250302263,0.23878197986538197,0.2602081567773042,0.2725431078477363,0.27221293768787075,0.2664937751901757,0.26509241600729794,0.2678972695224093,0.2781092464566982,0.2864135284265773,0.29320990483932463,0.30041148615482494,0.3001884256123117,0.29295928805421273,0.29083411456648534,0.29228066410296694,0.2965797632490793,0.29768748234178416,0.3016781633595349,0.3009924502593798,0.30106142100670186,0.30599453237913254,0.27885144643042176,0.2471972425951731,0.20069899540679756,0.45843741383786085,0.22429562106663334,0.189140508824548
stat_126,0.3000151813032572,0.2995326636901897,0.29899653545946325,0.2964488139680343,0.2931401960624244,0.2909418073955893,0.28747821892651354,0.2835091920509082,0.2838003382453227,0.2818038881873901,0.27913915090910363,0.2789788228579974,0.27606852953932126,0.271239983464048,0.2638057436662461,0.2573454188686578,0.24976514512967557,0.2467187118338959,0.24486936048998115,0.23731612929096613,0.22980000697930847,0.22070763271683355,0.21351050953807182,0.21280112558452885,0.2059374353080173,0.20020401924576867,0.19603564931186995,0.19591427905222658,0.1929984939925312,0.1904546240953,0.19130608245725073,0.19373950655454142,0.19458035768949797,,,,,,,,,,,,,,,,,0.21981848759436437,0.21382060752207604,0.2089825776763464,0.21023987637824712,0.21293108182670037,0.21415399096918133,0.22288706137564945,0.2289510250302263,0.23878197986538197,0.2602081567773042,0.2725431078477363,0.27221293768787075,0.2664937751901757,0.26509241600729794,0.2678972695224093,0.2781092464566982,0.2864135284265773,0.29320990483932463,0.30041148615482494,0.3001884256123117,0.29295928805421273,0.29083411456648534,0.29228066410296694,0.2965797632490793,0.29768748234178416,0.3016781633595349,0.3009924502593798,0.30106142100670186,0.30599453237913254,0.27885144643042176,0.2471972425951731,0.20069899540679756,0.45843741383786085,0.22429562106663334,0.189140508824548
stat_127,0.3097274318577711,0.30938704380439874,0.3088230610627576,0.3061656642884193,0.30280540666101846,0.30047017460662095,0.2968704230857647,0.29286534040169804,0.2931216058077722,0.29116524550069733,0.2884913975293402,0.28832979070493164,0.2853864075025938,0.2802779154630327,0.2726057616119442,0.26592989741222506,0.25827879948349763,0.2551673381947842,0.25324632946569414,0.2454590091155576,0.23774045998986879,0.228301603046922,0.22101955304730775,0.22027293626795932,0.21312196145607454,0.20692579439919992,0.20219456307945285,0.20204001203285527,0.19862572192456443,0.19559445041157486,0.19618622905393931,0.19870243431015688,0.19977640706616176,0.19914174934850756,0.1989909222364697,0.19611110323780104,0.19235720350504587,0.18412280523343444,0.17854855621411245,0.1437323399081949,0.14414701916130013,0.15466495263821783,0.16366937699125736,0.16528381326526673,0.1790080958524252,0.19543561903730386,0.20701069833124908,0.21535688304199366,0.22380154597910318,0.22513573629840847,0.2181661018012151,0.2124132390350613,0.2137148239499633,0.2169766971048775,0.2193748195635995,0.22911575895980033,0.23577641345400058,0.2460867833699549,0.26762869015021273,0.2805688448271943,0.2806184597605723,0.2749810957670433,0.273518965381858,0.27660444355076313,0.2872121194279098,0.2959416073027616,0.30310525404144817,0.31047778909885104,0.31036015794276656,0.30302538110938954,0.30074777610170694,0.30217818651100953,0.3066113791903791,0.30771837037516275,0.31177824646524943,0.3114135473359808,0.3115744365237677,0.3162377041316308,0.28815992265053936,0.2554352254712536,0.20914670053656367,0.47659798658922264,0.22754889313058996,0.19248276827141259
stat_128,0.24645706013336535,0.24593375082159663,0.24532342589052702,0.24328477614972133,0.24085688895302168,0.23936374419100107,0.23677436036574703,0.2334975361426584,0.23382765597182092,0.23213129505020372,0.22981531754069612,0.22967119815229733,0.22715877801755574,0.22341371012675895,0.21738859507897582,0.21210070779598006,0.2057157802342649,0.20310365363223407,0.20153859185114645,0.19527778569504017,0.18893411144841765,0.18133825945600834,0.17550155809774465,0.17490699257575973,0.16915062200968334,0.16427352572560647,0.16083676883694983,0.16073973323639137,0.15829875522066944,0.15583949128497912,0.1564338709510331,0.15836726087619207,0.159423667199226,0.15886541492379824,0.15870653327278875,0.17070647565668265,0.18731409973666213,0.17940805797873896,0.17404007880204939,,,,0.15830976856172535,0.1611191283658371,0.17480760276212612,0.19092712815989182,0.20223370066797686,0.18957331497537214,0.18082236693456952,0.18151561626988708,0.17533868256597437,0.17106596503581403,0.17331851913611215,0.1757691095948142,0.17594454548617267,0.1829092450959575,0.18811997446179213,0.19654756821938996,0.21487101277482368,0.22527218456401427,0.22475601906346254,0.21983704488934544,0.2190057254511571,0.22135043228449242,0.2294864594423353,0.2358594597382461,0.24112243890239288,0.24726021515918473,0.24693706301827129,0.24074038350463153,0.23906977004574592,0.24029903917317746,0.24343571259263652,0.2438091506908766,0.24678012387302256,0.246335130020922,0.246636448867735,0.2507502651189201,0.22942775393088818,0.20363165464697414,0.16473854245784936,0.37568170890546415,0.1953572505694333,0.1615288599402779
stat_129,0.3012819756479587,0.30080543926661074,0.3002687421673832,0.29770842738849806,0.29438448215129304,0.2921701693287398,0.2886876884704602,0.2847057969812279,0.2849952217234682,0.2829952411162391,0.2803240669098912,0.2801633636758421,0.27724441774027136,0.27237885237911097,0.26489598988838253,0.2583997825182319,0.25078815076386024,0.2477103288192396,0.24583340969763467,0.23823036307247317,0.23064205389177092,0.22145934985500557,0.21423998589813326,0.2135277998358584,0.2066159255948693,0.20082532082252172,0.19660266990021116,0.19648020534453248,0.19355338468463956,0.190913230247671,0.1917189934896373,0.19415354698945508,0.195036926444717,0.1941020221726943,0.1939183948850106,0.19109264545428092,0.18731409973666213,,,,,,,,,,0.20223370066797686,0.21051259532862038,0.21861727601440437,0.22030222574840874,0.21423797489500487,0.20936438258299936,0.21064978290856134,0.2134411494949359,0.21472379906343644,0.22354381962048891,0.22967271813399948,0.23956348999706897,0.26103718319062663,0.2734829217053011,0.27322039027911765,0.26751497534767577,0.266147257698138,0.26897960834683105,0.27924818185314704,0.2876161222993552,0.2944604497487172,0.30168757384109035,0.30146934595540953,0.2942176226663247,0.2920795073074231,0.2935293500556082,0.2978514347728905,0.29896932909940654,0.3029784937404707,0.30230127893014874,0.30237067114461175,0.30730786133534466,0.28003601531308486,0.24824382160256098,0.20160419100673002,0.46049439580957024,0.2248682895878728,0.1897048602701379
stat_130,0.30463367037664185,0.3042005429634121,0.30365327142396903,0.30105636064724434,0.29771506530508784,0.2954577332761538,0.2919307003543201,0.28793362062372646,0.2882129067186499,0.28622337094021294,0.28354587293148265,0.28338452400719427,0.2804520149096085,0.27549809578181483,0.2679393595931258,0.26137224863915526,0.2537325634150329,0.2506374331093315,0.2487422743678589,0.2410643661828539,0.2334167463932187,0.22413246955122185,,,,,,,,,,,,,,,,,,,,,,,,,,,,,,,,,,,,,0.26370248835532356,0.27633548664283075,0.27617777299317636,0.2704839007951612,0.26908275806560483,0.2720044397230376,0.28240325659253807,0.2909046155736904,0.2978658085394907,0.30515483748760996,0.304968610137592,0.29767438309233,0.2954868681394984,0.29693339390816065,0.3012987148166481,0.3024129161709821,0.3064452475392832,0.30586807523541526,0.3059684890198801,0.3108275982774995,0.2832425434299604,0.2510837389896338,0.2044274130583128,0.46662789750129824,0.22606959193795503,0.19092208178539102
stat_131,0.27233825281143254,0.2718567220214838,0.27124913053320887,0.2689665435063366,0.2661799969313905,0.2643825385040509,0.26140847403750433,0.2578208115830797,0.2581352547349131,0.2563140131418996,0.25382896454281895,0.2536759236186727,0.25096643153401704,0.24670162188953487,0.24000967678860083,0.23415596572404856,0.22721418211639127,0.22438060889821237,0.22266565102588906,0.2157715710396256,0.20883696754474276,0.20047706127825093,0.19407215959344165,0.19341549136642064,0.18708144891684947,0.18168102327008792,0.1777642431382304,0.1776474067168856,0.1748502194606061,0.17215140083301417,0.17276512888752008,0.1749340869492629,0.17601523211553843,0.1754007670267854,0.17523856528689688,0.1726890038201218,0.16948825575458484,0.16256249631843842,0.15781505905672613,0.1292820556277504,0.13021002731409106,0.137294607008146,0.14587857294142167,0.14762469052167465,0.15986161808855784,0.17441766325086414,0.18426634128395353,0.19151761503562031,0.19868654391435578,0.1996328880886332,0.1930929523757872,0.1882555855084336,0.19021337098039837,0.1929843014004843,0.1939011077162238,0.20191316420999506,0.20769851249094057,0.21691547935564662,0.23665911804188905,0.24810476850323016,0.2477590672420727,0.24249650328281158,0.24144148856764241,0.24407203736744,0.2531876992128453,0.2604618439314636,0.26645102665834336,0.27312529018862763,0.27285720733216423,0.2661503840657462,0.26425087096658906,0.2655751701132897,0.2692012557074537,0.26982236258041653,0.27321408558085986,0.2727642672465941,0.27302189989726666,0.2774296860662206,0.25345331754932066,0.2248499282921671,0.18244356814715368,0.4162861367935982,0.20950334725787317,0.17486276806162956
stat_132,0.3012819756479587,0.30080543926661074,0.3002687421673832,0.29770842738849806,0.29438448215129304,0.2921701693287398,0.2886876884704602,0.2847057969812279,0.2849952217234682,0.2829952411162391,0.2803240669098912,0.2801633636758421,0.27724441774027136,0.27237885237911097,0.26489598988838253,0.2583997825182319,0.25078815076386024,0.2477103288192396,0.24583340969763467,0.23823036307247317,0.23064205389177092,0.22145934985500557,0.21423998589813326,0.2135277998358584,0.2066159255948693,0.20082532082252172,0.19660266990021116,0.19648020534453248,0.19355338468463956,0.190913230247671,,,,,,,,,,,,,,,,,,,,,,,0.21064978290856134,0.2134411494949359,0.21472379906343644,0.22354381962048891,0.22967271813399948,0.23956348999706897,0.26103718319062663,0.2734829217053011,0.27322039027911765,0.26751497534767577,0.266147257698138,0.26897960834683105,0.27924818185314704,0.2876161222993552,0.2944604497487172,0.30168757384109035,0.30146934595540953,0.2942176226663247,0.2920795073074231,0.2935293500556082,0.2978514347728905,0.29896932909940654,0.3029784937404707,0.30230127893014874,0.30237067114461175,0.30730786133534466,0.28003601531308486,0.24824382160256098,0.20160419100673002,0.46049439580957024,0.2248682895878728,0.1897048602701379
stat_133,,,,,,,,,,,,,,,,,,,,,,,,,,,,,,,,,,,,,,,,,,,,,,,,,,,,,,,,,,,,,,,,,,,,,,,,,,,,,,,,,,,,
stat_134,0.31510536779661746,0.3148746229109018,0.31429288687570944,0.3115694484958503,0.308192093891725,0.30576885216254207,0.30208985359842677,0.2980828913593189,0.29831144492872275,0.2963977039697701,0.2937338274379967,0.29357227482530585,0.2906223051306615,0.2853417123339598,0.27755088182208504,0.27076036938527026,0.2631112298131407,0.259987382371936,0.2580398637918449,0.2501397004663821,0.24235559185099861,0.23275452946237304,0.22538695505667256,0.22461620948507574,0.2173083912764863,0.21082344929900632,0.20571592959862514,0.20553712001810057,0.2017161722641292,0.1984193413490151,0.19881578974383057,0.2013296489244904,0.20247963375559513,0.20199951073599856,0.20180602296509872,0.19908545320520085,0.19526363611602035,0.186793760164605,0.1809971398163618,,0.14639763808418083,0.15812016612116686,0.16625496182022498,0.16774826911344584,0.18123244406202818,0.1979040442066738,0.2096523736223318,0.21812125330361604,0.2265882574284989,0.2278102858455523,0.22029245111766024,0.21400417007574282,0.21533396832745735,0.2188954015771663,0.22212226454648495,0.2325192116862945,0.23955723884092792,0.25014682895137874,0.2717228560779624,0.2849960138664117,0.2852851949935855,0.27972403642248234,0.2781923109852197,0.2814627677393651,0.29229540891860567,0.30127696351774463,0.3086653266136533,0.31612064724669997,0.31608400353012805,0.30871707463539344,0.3063377762938844,0.3077463419342773,0.31225249904462576,0.31335165993597863,0.31743757341335616,0.31732319662794717,0.3175535212013153,0.32197662172749025,0.2933704946575695,0.2600443395817555,0.21431437375579043,0.4874051297474833,0.22894722797321382,0.1939973448612303
stat_135,0.31510536779661746,0.3148746229109018,0.31429288687570944,0.3115694484958503,0.308192093891725,0.30576885216254207,0.30208985359842677,0.2980828913593189,0.29831144492872275,0.2963977039697701,0.2937338274379967,0.29357227482530585,0.2906223051306615,0.2853417123339598,0.27755088182208504,0.27076036938527026,0.2631112298131407,0.259987382371936,0.2580398637918449,0.2501397004663821,0.24235559185099861,0.23275452946237304,0.22538695505667256,0.22461620948507574,0.2173083912764863,0.21082344929900632,0.20571592959862514,0.20553712001810057,0.2017161722641292,0.1984193413490151,0.19881578974383057,0.2013296489244904,0.20247963375559513,0.20199951073599856,0.20180602296509872,0.19908545320520085,0.19526363611602035,0.186793760164605,0.1809971398163618,,,,,,0.18123244406202818,0.1979040442066738,0.2096523736223318,0.21812125330361604,0.2265882574284989,0.2278102858455523,0.22029245111766024,0.21400417007574282,0.21533396832745735,0.2188954015771663,0.22212226454648495,0.2325192116862945,0.23955723884092792,0.25014682895137874,0.2717228560779624,0.2849960138664117,0.2852851949935855,0.27972403642248234,0.2781923109852197,0.2814627677393651,0.29229540891860567,0.30127696351774463,0.3086653266136533,0.31612064724669997,0.31608400353012805,0.30871707463539344,0.3063377762938844,0.3077463419342773,0.31225249904462576,0.31335165993597863,0.31743757341335616,0.31732319662794717,0.3175535212013153,0.32197662172749025,0.2933704946575695,0.2600443395817555,0.21431437375579043,0.4874051297474833,0.22894722797321382,0.1939973448612303
stat_136,0.31510536779661746,0.3148746229109018,0.31429288687570944,0.3115694484958503,0.308192093891725,0.30576885216254207,0.30208985359842677,0.2980828913593189,0.29831144492872275,0.2963977039697701,0.2937338274379967,0.29357227482530585,0.2906223051306615,0.2853417123339598,0.27755088182208504,0.27076036938527026,0.2631112298131407,0.259987382371936,0.2580398637918449,0.2501397004663821,0.24235559185099861,0.23275452946237304,0.22538695505667256,0.22461620948507574,0.2173083912764863,0.21082344929900632,0.20571592959862514,0.20553712001810057,0.2017161722641292,0.1984193413490151,0.19881578974383057,0.2013296489244904,0.20247963375559513,0.20199951073599856,0.20180602296509872,0.19908545320520085,0.19526363611602035,0.186793760164605,0.1809971398163618,,,,,0.16774826911344584,0.18123244406202818,0.1979040442066738,0.2096523736223318,0.21812125330361604,0.2265882574284989,0.2278102858455523,0.22029245111766024,0.21400417007574282,0.21533396832745735,0.2188954015771663,0.22212226454648495,0.2325192116862945,0.23955723884092792,0.25014682895137874,0.2717228560779624,0.2849960138664117,0.2852851949935855,0.27972403642248234,0.2781923109852197,0.2814627677393651,0.29229540891860567,0.30127696351774463,0.3086653266136533,0.31612064724669997,0.31608400353012805,0.30871707463539344,0.3063377762938844,0.3077463419342773,0.31225249904462576,0.31335165993597863,0.31743757341335616,0.31732319662794717,0.3175535212013153,0.32197662172749025,0.2933704946575695,0.2600443395817555,0.21431437375579043,0.4874051297474833,0.22894722797321382,0.1939973448612303
stat_137,0.31510536779661746,0.3148746229109018,0.31429288687570944,0.3115694484958503,0.308192093891725,0.30576885216254207,0.30208985359842677,0.2980828913593189,0.29831144492872275,0.2963977039697701,0.2937338274379967,0.29357227482530585,0.2906223051306615,0.2853417123339598,0.27755088182208504,0.27076036938527026,0.2631112298131407,0.259987382371936,0.2580398637918449,0.2501397004663821,0.24235559185099861,0.23275452946237304,0.22538695505667256,0.22461620948507574,0.2173083912764863,0.21082344929900632,0.20571592959862514,0.20553712001810057,0.2017161722641292,0.1984193413490151,0.19881578974383057,0.2013296489244904,0.20247963375559513,0.20199951073599856,0.20180602296509872,0.19908545320520085,0.19526363611602035,0.186793760164605,0.1809971398163618,,,,0.16625496182022498,0.16774826911344584,0.18123244406202818,0.1979040442066738,0.2096523736223318,0.21812125330361604,0.2265882574284989,0.2278102858455523,0.22029245111766024,0.21400417007574282,0.21533396832745735,0.2188954015771663,0.22212226454648495,0.2325192116862945,0.23955723884092792,0.25014682895137874,0.2717228560779624,0.2849960138664117,0.2852851949935855,0.27972403642248234,0.2781923109852197,0.2814627677393651,0.29229540891860567,0.30127696351774463,0.3086653266136533,0.31612064724669997,0.31608400353012805,0.30871707463539344,0.3063377762938844,0.3077463419342773,0.31225249904462576,0.31335165993597863,0.31743757341335616,0.31732319662794717,0.3175535212013153,0.32197662172749025,0.2933704946575695,0.2600443395817555,0.21431437375579043,0.4874051297474833,0.22894722797321382,0.1939973448612303
stat_138,0.308099534815053,0.30773938021138386,0.30717603667769405,0.304537032148202,0.30119389898940424,0.29888534503823655,0.2953126930112554,0.29131742017351714,0.29157945929126294,0.2896198645247748,0.2869482834815849,0.28678679780956445,0.28384820267762195,0.27878502454487597,0.27115228267067837,0.26451099593103206,0.25687537185821835,0.25377162498621764,0.2518590002810223,0.24410750529218506,0.23641557954957346,0.22702328092915475,0.2198160133918996,0.21907356833552372,0.2119577748202051,0.20581700096369338,0.20115467611006702,0.2010042873602804,0.19761849280217722,0.1946323391427427,0.19522440757001744,0.19768380161245488,0.19869057431673695,0.19795230646311676,0.19774406908976208,0.19483197279725906,0.19109122122619776,0.182910957899164,0.1773126849389394,0.14085966321436438,0.14295443014214118,0.15326845067819458,0.16234158707057028,0.16414305347220154,0.1778583659306835,0.19426695447279083,0.2057917745228216,0.21410068468666807,0.22251351474495362,0.22401065345706495,0.2172167647722897,0.2116412034720865,0.21297017205012325,0.21616339804112625,0.21842456004374505,0.2280297456355289,0.23461848604009067,0.2448701430754793,0.2663360073074155,0.2791954067244495,0.2792000070823641,0.27355976007085336,0.2721183429674243,0.2751670994921269,0.28570779956560666,0.2943659930098579,0.30146861659413854,0.3088154400410367,0.3086820287275233,0.3013648284310598,0.29911085479753025,0.30054214308571603,0.3049440044783219,0.3060378295055497,0.31007698819778867,0.3096747178686449,0.30982940754102944,0.3145218404671321,0.2866193559380206,0.25407653018111687,0.2077905655522827,0.47366133898181273,0.22697667005513225,0.19189167698253967
stat_139,0.31510536779661746,0.3148746229109018,0.31429288687570944,0.3115694484958503,0.308192093891725,0.30576885216254207,0.30208985359842677,0.2980828913593189,0.29831144492872275,0.2963977039697701,0.2937338274379967,0.29357227482530585,0.2906223051306615,0.2853417123339598,0.27755088182208504,0.27076036938527026,0.2631112298131407,0.259987382371936,0.2580398637918449,0.2501397004663821,0.24235559185099861,0.23275452946237304,0.22538695505667256,0.22461620948507574,0.2173083912764863,0.21082344929900632,0.20571592959862514,0.20553712001810057,0.2017161722641292,0.1984193413490151,0.19881578974383057,0.2013296489244904,0.20247963375559513,0.20199951073599856,0.20180602296509872,0.19908545320520085,0.19526363611602035,0.186793760164605,0.1809971398163618,,,,,0.16774826911344584,0.18123244406202818,0.1979040442066738,0.2096523736223318,0.21812125330361604,0.2265882574284989,0.2278102858455523,0.22029245111766024,0.21400417007574282,0.21533396832745735,0.2188954015771663,0.22212226454648495,0.2325192116862945,0.23955723884092792,0.25014682895137874,0.2717228560779624,0.2849960138664117,0.2852851949935855,0.27972403642248234,0.2781923109852197,0.2814627677393651,0.29229540891860567,0.30127696351774463,0.3086653266136533,0.31612064724669997,0.31608400353012805,0.30871707463539344,0.3063377762938844,0.3077463419342773,0.31225249904462576,0.31335165993597863,0.31743757341335616,0.31732319662794717,0.3175535212013153,0.32197662172749025,0.2933704946575695,0.2600443395817555,0.21431437375579043,0.4874051297474833,0.22894722797321382,0.1939973448612303
stat_140,,,,,,,,,,,,,,,,,,,,,,,,,,,,,,,,,,,,,,,,,,,,,,,,,,,,,,,,,,,,,,,,,,,,,,,,,,,,,,,,,,,,
stat_141,,,,,,,,,,,,,,,,,,,,,,,,,,,,,,,,,,,,,,,,,,,,,,,,,,,,,,,,,,,,,,,,,,,,,,,,,,,,,,,,,,,,
stat_142,,,,,,,,,,,,,,,,,,,,,,,,,,,,,,,,,,,,,,,,,,,,,,,,,,,,,,,,,,,,,,,,,,,,,,,,,,,,,,,,,,,,
